solid OpenSCAD_Model
  facet normal 0.484779 -0.874637 0
    outer loop
      vertex 17.8399 -33.552 0
      vertex 19 -32.909 119.5
      vertex 17.8399 -33.552 119.5
    endloop
  endfacet
  facet normal 0.484779 -0.874637 0
    outer loop
      vertex 19 -32.909 119.5
      vertex 17.8399 -33.552 0
      vertex 19 -32.909 0
    endloop
  endfacet
  facet normal 0.998626 0.0523978 0
    outer loop
      vertex 37.9769 1.32618 119.5
      vertex 37.9074 2.65075 0
      vertex 37.9074 2.65075 119.5
    endloop
  endfacet
  facet normal 0.998626 0.0523978 0
    outer loop
      vertex 37.9074 2.65075 0
      vertex 37.9769 1.32618 119.5
      vertex 37.9769 1.32618 0
    endloop
  endfacet
  facet normal 0.999848 0.0174158 0
    outer loop
      vertex 38 0 119.5
      vertex 37.9769 1.32618 0
      vertex 37.9769 1.32618 119.5
    endloop
  endfacet
  facet normal 0.999848 0.0174158 0
    outer loop
      vertex 37.9769 1.32618 0
      vertex 38 0 119.5
      vertex 38 0 0
    endloop
  endfacet
  facet normal 0.996195 0.0871547 0
    outer loop
      vertex 37.9074 2.65075 119.5
      vertex 37.7918 3.97208 0
      vertex 37.7918 3.97208 119.5
    endloop
  endfacet
  facet normal 0.996195 0.0871547 0
    outer loop
      vertex 37.7918 3.97208 0
      vertex 37.9074 2.65075 119.5
      vertex 37.9074 2.65075 0
    endloop
  endfacet
  facet normal -0.325531 -0.945531 0
    outer loop
      vertex -12.9968 -35.7083 0
      vertex -11.7426 -36.1401 119.5
      vertex -12.9968 -35.7083 119.5
    endloop
  endfacet
  facet normal -0.325531 -0.945531 -0
    outer loop
      vertex -11.7426 -36.1401 119.5
      vertex -12.9968 -35.7083 0
      vertex -11.7426 -36.1401 0
    endloop
  endfacet
  facet normal -0.573589 0.819143 0
    outer loop
      vertex -21.2493 31.5034 0
      vertex -22.3358 30.7426 119.5
      vertex -21.2493 31.5034 119.5
    endloop
  endfacet
  facet normal -0.573589 0.819143 0
    outer loop
      vertex -22.3358 30.7426 119.5
      vertex -21.2493 31.5034 0
      vertex -22.3358 30.7426 0
    endloop
  endfacet
  facet normal 0.79865 0.601796 0
    outer loop
      vertex 30.7426 22.3358 119.5
      vertex 29.9444 23.3951 0
      vertex 29.9444 23.3951 119.5
    endloop
  endfacet
  facet normal 0.79865 0.601796 0
    outer loop
      vertex 29.9444 23.3951 0
      vertex 30.7426 22.3358 119.5
      vertex 30.7426 22.3358 0
    endloop
  endfacet
  facet normal 0.93359 -0.358342 0
    outer loop
      vertex 35.233 -14.2351 119.5
      vertex 35.7083 -12.9968 0
      vertex 35.7083 -12.9968 119.5
    endloop
  endfacet
  facet normal 0.93359 -0.358342 0
    outer loop
      vertex 35.7083 -12.9968 0
      vertex 35.233 -14.2351 119.5
      vertex 35.233 -14.2351 0
    endloop
  endfacet
  facet normal 0.0870886 -0.996201 0
    outer loop
      vertex 2.65075 -37.9074 113.5
      vertex 2.65075 -37.9074 0
      vertex 3.4 -37.8419 113.5
    endloop
  endfacet
  facet normal 0.0872413 -0.996187 0
    outer loop
      vertex 3.4 -37.8419 113.5
      vertex 3.97208 -37.7918 119.5
      vertex 3.4 -37.8419 119.5
    endloop
  endfacet
  facet normal 0.0871547 -0.996195 -4.39639e-07
    outer loop
      vertex 3.97208 -37.7918 0
      vertex 3.4 -37.8419 113.5
      vertex 2.65075 -37.9074 0
    endloop
  endfacet
  facet normal 0.0872413 -0.996187 0
    outer loop
      vertex 3.4 -37.8419 113.5
      vertex 3.97208 -37.7918 0
      vertex 3.97208 -37.7918 119.5
    endloop
  endfacet
  facet normal -0.707107 -0.707107 0
    outer loop
      vertex -26.397 -27.3349 0
      vertex -27.3349 -26.397 119.5
      vertex -27.3349 -26.397 0
    endloop
  endfacet
  facet normal -0.707107 -0.707107 0
    outer loop
      vertex -27.3349 -26.397 119.5
      vertex -26.397 -27.3349 0
      vertex -26.397 -27.3349 119.5
    endloop
  endfacet
  facet normal 0.99255 -0.121835 0
    outer loop
      vertex 37.6302 -5.28858 119.5
      vertex 37.7918 -3.97208 0
      vertex 37.7918 -3.97208 119.5
    endloop
  endfacet
  facet normal 0.99255 -0.121835 0
    outer loop
      vertex 37.7918 -3.97208 0
      vertex 37.6302 -5.28858 119.5
      vertex 37.6302 -5.28858 0
    endloop
  endfacet
  facet normal -0.998626 -0.0523978 0
    outer loop
      vertex -37.9074 -2.65075 0
      vertex -37.9769 -1.32618 119.5
      vertex -37.9769 -1.32618 0
    endloop
  endfacet
  facet normal -0.998626 -0.0523978 0
    outer loop
      vertex -37.9769 -1.32618 119.5
      vertex -37.9074 -2.65075 0
      vertex -37.9074 -2.65075 119.5
    endloop
  endfacet
  facet normal 0.390769 -0.920489 0
    outer loop
      vertex 14.2351 -35.233 0
      vertex 15.456 -34.7147 119.5
      vertex 14.2351 -35.233 119.5
    endloop
  endfacet
  facet normal 0.390769 -0.920489 0
    outer loop
      vertex 15.456 -34.7147 119.5
      vertex 14.2351 -35.233 0
      vertex 15.456 -34.7147 0
    endloop
  endfacet
  facet normal -0.422588 -0.906322 0
    outer loop
      vertex -16.6581 -34.1542 0
      vertex -15.456 -34.7147 119.5
      vertex -16.6581 -34.1542 119.5
    endloop
  endfacet
  facet normal -0.422588 -0.906322 -0
    outer loop
      vertex -15.456 -34.7147 119.5
      vertex -16.6581 -34.1542 0
      vertex -15.456 -34.7147 0
    endloop
  endfacet
  facet normal -0.156441 -0.987687 0
    outer loop
      vertex -6.59863 -37.4227 0
      vertex -5.28858 -37.6302 119.5
      vertex -6.59863 -37.4227 119.5
    endloop
  endfacet
  facet normal -0.156441 -0.987687 -0
    outer loop
      vertex -5.28858 -37.6302 119.5
      vertex -6.59863 -37.4227 0
      vertex -5.28858 -37.6302 0
    endloop
  endfacet
  facet normal 0.515083 -0.85714 0
    outer loop
      vertex 19 -32.909 0
      vertex 20.1369 -32.2258 119.5
      vertex 19 -32.909 119.5
    endloop
  endfacet
  facet normal 0.515083 -0.85714 0
    outer loop
      vertex 20.1369 -32.2258 119.5
      vertex 19 -32.909 0
      vertex 20.1369 -32.2258 0
    endloop
  endfacet
  facet normal -0.956302 0.292379 0
    outer loop
      vertex -36.5279 10.4742 0
      vertex -36.1401 11.7426 119.5
      vertex -36.1401 11.7426 0
    endloop
  endfacet
  facet normal -0.956302 0.292379 0
    outer loop
      vertex -36.1401 11.7426 119.5
      vertex -36.5279 10.4742 0
      vertex -36.5279 10.4742 119.5
    endloop
  endfacet
  facet normal -0.656041 0.754726 0
    outer loop
      vertex -24.4259 29.1097 0
      vertex -25.427 28.2395 119.5
      vertex -24.4259 29.1097 119.5
    endloop
  endfacet
  facet normal -0.656041 0.754726 0
    outer loop
      vertex -25.427 28.2395 119.5
      vertex -24.4259 29.1097 0
      vertex -25.427 28.2395 0
    endloop
  endfacet
  facet normal 0.996195 -0.0871547 0
    outer loop
      vertex 37.7918 -3.97208 119.5
      vertex 37.9074 -2.65075 0
      vertex 37.9074 -2.65075 119.5
    endloop
  endfacet
  facet normal 0.996195 -0.0871547 0
    outer loop
      vertex 37.9074 -2.65075 0
      vertex 37.7918 -3.97208 119.5
      vertex 37.7918 -3.97208 0
    endloop
  endfacet
  facet normal -0.544639 0.838671 0
    outer loop
      vertex -20.1369 32.2258 0
      vertex -21.2493 31.5034 119.5
      vertex -20.1369 32.2258 119.5
    endloop
  endfacet
  facet normal -0.544639 0.838671 0
    outer loop
      vertex -21.2493 31.5034 119.5
      vertex -20.1369 32.2258 0
      vertex -21.2493 31.5034 0
    endloop
  endfacet
  facet normal -0.987687 -0.156441 0
    outer loop
      vertex -37.4227 -6.59863 0
      vertex -37.6302 -5.28858 119.5
      vertex -37.6302 -5.28858 0
    endloop
  endfacet
  facet normal -0.987687 -0.156441 0
    outer loop
      vertex -37.6302 -5.28858 119.5
      vertex -37.4227 -6.59863 0
      vertex -37.4227 -6.59863 119.5
    endloop
  endfacet
  facet normal 0.819143 0.573589 0
    outer loop
      vertex 31.5034 21.2493 119.5
      vertex 30.7426 22.3358 0
      vertex 30.7426 22.3358 119.5
    endloop
  endfacet
  facet normal 0.819143 0.573589 0
    outer loop
      vertex 30.7426 22.3358 0
      vertex 31.5034 21.2493 119.5
      vertex 31.5034 21.2493 0
    endloop
  endfacet
  facet normal 0.544639 -0.838671 0
    outer loop
      vertex 20.1369 -32.2258 0
      vertex 21.2493 -31.5034 119.5
      vertex 20.1369 -32.2258 119.5
    endloop
  endfacet
  facet normal 0.544639 -0.838671 0
    outer loop
      vertex 21.2493 -31.5034 119.5
      vertex 20.1369 -32.2258 0
      vertex 21.2493 -31.5034 0
    endloop
  endfacet
  facet normal 0.906322 0.422588 0
    outer loop
      vertex 34.7147 15.456 119.5
      vertex 34.1542 16.6581 0
      vertex 34.1542 16.6581 119.5
    endloop
  endfacet
  facet normal 0.906322 0.422588 0
    outer loop
      vertex 34.1542 16.6581 0
      vertex 34.7147 15.456 119.5
      vertex 34.7147 15.456 0
    endloop
  endfacet
  facet normal -0.996195 -0.0871547 0
    outer loop
      vertex -37.7918 -3.97208 0
      vertex -37.9074 -2.65075 119.5
      vertex -37.9074 -2.65075 0
    endloop
  endfacet
  facet normal -0.996195 -0.0871547 0
    outer loop
      vertex -37.9074 -2.65075 119.5
      vertex -37.7918 -3.97208 0
      vertex -37.7918 -3.97208 119.5
    endloop
  endfacet
  facet normal -0.156441 0.987687 0
    outer loop
      vertex -5.28858 37.6302 104.917
      vertex -6.59863 37.4227 119.5
      vertex -5.28858 37.6302 119.5
    endloop
  endfacet
  facet normal -0.156441 0.987687 0
    outer loop
      vertex -6.59863 37.4227 119.5
      vertex -5.28858 37.6302 104.917
      vertex -6.59863 37.4227 103.595
    endloop
  endfacet
  facet normal -0.156441 0.987687 0
    outer loop
      vertex -6.59863 37.4227 0
      vertex -5.28858 37.6302 81.176
      vertex -5.28858 37.6302 0
    endloop
  endfacet
  facet normal -0.156638 0.987656 3.26408e-06
    outer loop
      vertex -5.28858 37.6302 81.176
      vertex -6.59863 37.4227 0
      vertex -5.47963 37.5999 81.2651
    endloop
  endfacet
  facet normal -0.156253 0.987717 -2.16616e-06
    outer loop
      vertex -5.47963 37.5999 81.2651
      vertex -6.59863 37.4227 0
      vertex -5.86839 37.5384 81.4632
    endloop
  endfacet
  facet normal -0.156583 0.987665 8.61254e-07
    outer loop
      vertex -5.86839 37.5384 81.4632
      vertex -6.59863 37.4227 0
      vertex -6.25 37.4779 81.6747
    endloop
  endfacet
  facet normal -0.156386 0.987696 0
    outer loop
      vertex -6.25 37.4779 81.6747
      vertex -6.59863 37.4227 0
      vertex -6.59863 37.4227 81.8842
    endloop
  endfacet
  facet normal 0.731331 -0.682023 0
    outer loop
      vertex 27.3349 -26.397 119.5
      vertex 28.2395 -25.427 0
      vertex 28.2395 -25.427 119.5
    endloop
  endfacet
  facet normal 0.731331 -0.682023 0
    outer loop
      vertex 28.2395 -25.427 0
      vertex 27.3349 -26.397 119.5
      vertex 27.3349 -26.397 0
    endloop
  endfacet
  facet normal 0.965924 -0.258827 0
    outer loop
      vertex 36.5279 -10.4742 119.5
      vertex 36.8712 -9.19303 0
      vertex 36.8712 -9.19303 119.5
    endloop
  endfacet
  facet normal 0.965924 -0.258827 0
    outer loop
      vertex 36.8712 -9.19303 0
      vertex 36.5279 -10.4742 119.5
      vertex 36.5279 -10.4742 0
    endloop
  endfacet
  facet normal 0.920489 0.390769 0
    outer loop
      vertex 35.233 14.2351 119.5
      vertex 34.7147 15.456 0
      vertex 34.7147 15.456 119.5
    endloop
  endfacet
  facet normal 0.920489 0.390769 0
    outer loop
      vertex 34.7147 15.456 0
      vertex 35.233 14.2351 119.5
      vertex 35.233 14.2351 0
    endloop
  endfacet
  facet normal -0.974365 0.224971 0
    outer loop
      vertex -37.1696 7.90064 0
      vertex -36.8712 9.19303 119.5
      vertex -36.8712 9.19303 0
    endloop
  endfacet
  facet normal -0.974365 0.224971 0
    outer loop
      vertex -36.8712 9.19303 119.5
      vertex -37.1696 7.90064 0
      vertex -37.1696 7.90064 119.5
    endloop
  endfacet
  facet normal -0.890993 0.454016 0
    outer loop
      vertex -34.1542 16.6581 0
      vertex -33.552 17.8399 119.5
      vertex -33.552 17.8399 0
    endloop
  endfacet
  facet normal -0.890993 0.454016 0
    outer loop
      vertex -33.552 17.8399 119.5
      vertex -34.1542 16.6581 0
      vertex -34.1542 16.6581 119.5
    endloop
  endfacet
  facet normal 0.890993 0.454016 0
    outer loop
      vertex 34.1542 16.6581 119.5
      vertex 33.552 17.8399 0
      vertex 33.552 17.8399 119.5
    endloop
  endfacet
  facet normal 0.890993 0.454016 0
    outer loop
      vertex 33.552 17.8399 0
      vertex 34.1542 16.6581 119.5
      vertex 34.1542 16.6581 0
    endloop
  endfacet
  facet normal 0.777155 -0.629309 0
    outer loop
      vertex 29.1097 -24.4259 119.5
      vertex 29.9444 -23.3951 0
      vertex 29.9444 -23.3951 119.5
    endloop
  endfacet
  facet normal 0.777155 -0.629309 0
    outer loop
      vertex 29.9444 -23.3951 0
      vertex 29.1097 -24.4259 119.5
      vertex 29.1097 -24.4259 0
    endloop
  endfacet
  facet normal 0.224971 -0.974365 0
    outer loop
      vertex 7.90064 -37.1696 0
      vertex 9.19303 -36.8712 119.5
      vertex 7.90064 -37.1696 119.5
    endloop
  endfacet
  facet normal 0.224971 -0.974365 0
    outer loop
      vertex 9.19303 -36.8712 119.5
      vertex 7.90064 -37.1696 0
      vertex 9.19303 -36.8712 0
    endloop
  endfacet
  facet normal -0.956302 -0.292379 0
    outer loop
      vertex -36.1401 -11.7426 0
      vertex -36.5279 -10.4742 119.5
      vertex -36.5279 -10.4742 0
    endloop
  endfacet
  facet normal -0.956302 -0.292379 0
    outer loop
      vertex -36.5279 -10.4742 119.5
      vertex -36.1401 -11.7426 0
      vertex -36.1401 -11.7426 119.5
    endloop
  endfacet
  facet normal -0.874637 0.484779 0
    outer loop
      vertex -33.552 17.8399 0
      vertex -32.909 19 119.5
      vertex -32.909 19 0
    endloop
  endfacet
  facet normal -0.874637 0.484779 0
    outer loop
      vertex -32.909 19 119.5
      vertex -33.552 17.8399 0
      vertex -33.552 17.8399 119.5
    endloop
  endfacet
  facet normal -0.515083 -0.85714 0
    outer loop
      vertex -20.1369 -32.2258 0
      vertex -19 -32.909 119.5
      vertex -20.1369 -32.2258 119.5
    endloop
  endfacet
  facet normal -0.515083 -0.85714 -0
    outer loop
      vertex -19 -32.909 119.5
      vertex -20.1369 -32.2258 0
      vertex -19 -32.909 0
    endloop
  endfacet
  facet normal -0.121835 -0.99255 0
    outer loop
      vertex -5.28858 -37.6302 0
      vertex -3.97208 -37.7918 119.5
      vertex -5.28858 -37.6302 119.5
    endloop
  endfacet
  facet normal -0.121835 -0.99255 -0
    outer loop
      vertex -3.97208 -37.7918 119.5
      vertex -5.28858 -37.6302 0
      vertex -3.97208 -37.7918 0
    endloop
  endfacet
  facet normal -0.93359 -0.358342 0
    outer loop
      vertex -35.233 -14.2351 0
      vertex -35.7083 -12.9968 119.5
      vertex -35.7083 -12.9968 0
    endloop
  endfacet
  facet normal -0.93359 -0.358342 0
    outer loop
      vertex -35.7083 -12.9968 119.5
      vertex -35.233 -14.2351 0
      vertex -35.233 -14.2351 119.5
    endloop
  endfacet
  facet normal 0.325531 -0.945531 0
    outer loop
      vertex 11.7426 -36.1401 0
      vertex 12.9968 -35.7083 119.5
      vertex 11.7426 -36.1401 119.5
    endloop
  endfacet
  facet normal 0.325531 -0.945531 0
    outer loop
      vertex 12.9968 -35.7083 119.5
      vertex 11.7426 -36.1401 0
      vertex 12.9968 -35.7083 0
    endloop
  endfacet
  facet normal -0.819143 -0.573589 0
    outer loop
      vertex -30.7426 -22.3358 0
      vertex -31.5034 -21.2493 119.5
      vertex -31.5034 -21.2493 0
    endloop
  endfacet
  facet normal -0.819143 -0.573589 0
    outer loop
      vertex -31.5034 -21.2493 119.5
      vertex -30.7426 -22.3358 0
      vertex -30.7426 -22.3358 119.5
    endloop
  endfacet
  facet normal 0.731331 0.682023 0
    outer loop
      vertex 28.2395 25.427 119.5
      vertex 27.3349 26.397 0
      vertex 27.3349 26.397 119.5
    endloop
  endfacet
  facet normal 0.731331 0.682023 0
    outer loop
      vertex 27.3349 26.397 0
      vertex 28.2395 25.427 119.5
      vertex 28.2395 25.427 0
    endloop
  endfacet
  facet normal 0.981625 0.19082 0
    outer loop
      vertex 37.4227 6.59863 119.5
      vertex 37.1696 7.90064 0
      vertex 37.1696 7.90064 119.5
    endloop
  endfacet
  facet normal 0.981625 0.19082 0
    outer loop
      vertex 37.1696 7.90064 0
      vertex 37.4227 6.59863 119.5
      vertex 37.4227 6.59863 0
    endloop
  endfacet
  facet normal -0.629309 0.777155 0
    outer loop
      vertex -23.3951 29.9444 0
      vertex -24.4259 29.1097 119.5
      vertex -23.3951 29.9444 119.5
    endloop
  endfacet
  facet normal -0.629309 0.777155 0
    outer loop
      vertex -24.4259 29.1097 119.5
      vertex -23.3951 29.9444 0
      vertex -24.4259 29.1097 0
    endloop
  endfacet
  facet normal 0.0174158 -0.999848 0
    outer loop
      vertex 0 -38 0
      vertex 1.32618 -37.9769 113.5
      vertex 0 -38 113.5
    endloop
  endfacet
  facet normal 0.0174158 -0.999848 0
    outer loop
      vertex 1.32618 -37.9769 113.5
      vertex 0 -38 0
      vertex 1.32618 -37.9769 0
    endloop
  endfacet
  facet normal -0.974365 -0.224971 0
    outer loop
      vertex -36.8712 -9.19303 0
      vertex -37.1696 -7.90064 119.5
      vertex -37.1696 -7.90064 0
    endloop
  endfacet
  facet normal -0.974365 -0.224971 0
    outer loop
      vertex -37.1696 -7.90064 119.5
      vertex -36.8712 -9.19303 0
      vertex -36.8712 -9.19303 119.5
    endloop
  endfacet
  facet normal 0.0173853 0.999849 0
    outer loop
      vertex 0.871948 37.9848 80.0305
      vertex 0.57289 37.99 78.0123
      vertex 0.57289 37.99 80.0148
    endloop
  endfacet
  facet normal 0.0174843 0.999847 -1.46685e-05
    outer loop
      vertex 1.30659 37.9772 80.0685
      vertex 0.57289 37.99 78.0123
      vertex 0.871948 37.9848 80.0305
    endloop
  endfacet
  facet normal 0.0152147 0.999884 0.000795389
    outer loop
      vertex 1.32618 37.9769 80.0709
      vertex 0.57289 37.99 78.0123
      vertex 1.30659 37.9772 80.0685
    endloop
  endfacet
  facet normal 0.0173878 0.999849 -0
    outer loop
      vertex 1.32618 37.9769 0
      vertex 0.57289 37.99 78.0123
      vertex 1.32618 37.9769 80.0709
    endloop
  endfacet
  facet normal 0.017948 0.999839 5.41142e-06
    outer loop
      vertex 1.32618 37.9769 0
      vertex 0.506042 37.9912 78.0088
      vertex 0.57289 37.99 78.0123
    endloop
  endfacet
  facet normal 0.0173872 0.999849 -4.85863e-07
    outer loop
      vertex 1.32618 37.9769 0
      vertex 0 38 78
      vertex 0.506042 37.9912 78.0088
    endloop
  endfacet
  facet normal 0.0174158 0.999848 0
    outer loop
      vertex 0 38 78
      vertex 1.32618 37.9769 0
      vertex 0 38 0
    endloop
  endfacet
  facet normal 0.0174158 0.999848 0
    outer loop
      vertex 1.32618 37.9769 119.5
      vertex 0 38 113.09
      vertex 0 38 119.5
    endloop
  endfacet
  facet normal 0.0174463 0.999848 -6.31635e-06
    outer loop
      vertex 1.32618 37.9769 119.5
      vertex 0.57289 37.99 112.512
      vertex 0 38 113.09
    endloop
  endfacet
  facet normal 0.0173878 0.999849 -0
    outer loop
      vertex 1.32618 37.9769 108.913
      vertex 0.57289 37.99 112.512
      vertex 1.32618 37.9769 119.5
    endloop
  endfacet
  facet normal 0.0173878 0.999849 0
    outer loop
      vertex 0.57289 37.99 112.512
      vertex 1.32618 37.9769 108.913
      vertex 0.57289 37.99 109.672
    endloop
  endfacet
  facet normal -0.19082 -0.981625 0
    outer loop
      vertex -7.90064 -37.1696 0
      vertex -6.59863 -37.4227 119.5
      vertex -7.90064 -37.1696 119.5
    endloop
  endfacet
  facet normal -0.19082 -0.981625 -0
    outer loop
      vertex -6.59863 -37.4227 119.5
      vertex -7.90064 -37.1696 0
      vertex -6.59863 -37.4227 0
    endloop
  endfacet
  facet normal 0.454016 -0.890993 0
    outer loop
      vertex 16.6581 -34.1542 0
      vertex 17.8399 -33.552 119.5
      vertex 16.6581 -34.1542 119.5
    endloop
  endfacet
  facet normal 0.454016 -0.890993 0
    outer loop
      vertex 17.8399 -33.552 119.5
      vertex 16.6581 -34.1542 0
      vertex 17.8399 -33.552 0
    endloop
  endfacet
  facet normal -0.79865 0.601796 0
    outer loop
      vertex -30.7426 22.3358 0
      vertex -29.9444 23.3951 119.5
      vertex -29.9444 23.3951 0
    endloop
  endfacet
  facet normal -0.79865 0.601796 0
    outer loop
      vertex -29.9444 23.3951 119.5
      vertex -30.7426 22.3358 0
      vertex -30.7426 22.3358 119.5
    endloop
  endfacet
  facet normal 0.0523978 -0.998626 0
    outer loop
      vertex 1.32618 -37.9769 0
      vertex 2.65075 -37.9074 113.5
      vertex 1.32618 -37.9769 113.5
    endloop
  endfacet
  facet normal 0.0523978 -0.998626 0
    outer loop
      vertex 2.65075 -37.9074 113.5
      vertex 1.32618 -37.9769 0
      vertex 2.65075 -37.9074 0
    endloop
  endfacet
  facet normal -0.981625 -0.19082 0
    outer loop
      vertex -37.1696 -7.90064 0
      vertex -37.4227 -6.59863 119.5
      vertex -37.4227 -6.59863 0
    endloop
  endfacet
  facet normal -0.981625 -0.19082 0
    outer loop
      vertex -37.4227 -6.59863 119.5
      vertex -37.1696 -7.90064 0
      vertex -37.1696 -7.90064 119.5
    endloop
  endfacet
  facet normal 0.874637 0.484779 0
    outer loop
      vertex 33.552 17.8399 119.5
      vertex 32.909 19 0
      vertex 32.909 19 119.5
    endloop
  endfacet
  facet normal 0.874637 0.484779 0
    outer loop
      vertex 32.909 19 0
      vertex 33.552 17.8399 119.5
      vertex 33.552 17.8399 0
    endloop
  endfacet
  facet normal -0.454016 -0.890993 0
    outer loop
      vertex -17.8399 -33.552 0
      vertex -16.6581 -34.1542 119.5
      vertex -17.8399 -33.552 119.5
    endloop
  endfacet
  facet normal -0.454016 -0.890993 -0
    outer loop
      vertex -16.6581 -34.1542 119.5
      vertex -17.8399 -33.552 0
      vertex -16.6581 -34.1542 0
    endloop
  endfacet
  facet normal -0.906322 -0.422588 0
    outer loop
      vertex -34.1542 -16.6581 0
      vertex -34.7147 -15.456 119.5
      vertex -34.7147 -15.456 0
    endloop
  endfacet
  facet normal -0.906322 -0.422588 0
    outer loop
      vertex -34.7147 -15.456 119.5
      vertex -34.1542 -16.6581 0
      vertex -34.1542 -16.6581 119.5
    endloop
  endfacet
  facet normal -0.0174158 0.999848 0
    outer loop
      vertex 0 38 113.09
      vertex -1.32618 37.9769 119.5
      vertex 0 38 119.5
    endloop
  endfacet
  facet normal -0.0174463 0.999848 -6.31635e-06
    outer loop
      vertex -0.57289 37.99 112.512
      vertex -1.32618 37.9769 119.5
      vertex 0 38 113.09
    endloop
  endfacet
  facet normal -0.0173878 0.999849 0
    outer loop
      vertex -1.32618 37.9769 108.913
      vertex -0.57289 37.99 112.512
      vertex -0.57289 37.99 109.672
    endloop
  endfacet
  facet normal -0.0173878 0.999849 0
    outer loop
      vertex -0.57289 37.99 112.512
      vertex -1.32618 37.9769 108.913
      vertex -1.32618 37.9769 119.5
    endloop
  endfacet
  facet normal -0.0173853 0.999849 0
    outer loop
      vertex -0.57289 37.99 78.0123
      vertex -0.871948 37.9848 80.0305
      vertex -0.57289 37.99 80.0148
    endloop
  endfacet
  facet normal -0.0174843 0.999847 -1.46685e-05
    outer loop
      vertex -0.57289 37.99 78.0123
      vertex -1.30659 37.9772 80.0685
      vertex -0.871948 37.9848 80.0305
    endloop
  endfacet
  facet normal -0.0152147 0.999884 0.000795389
    outer loop
      vertex -0.57289 37.99 78.0123
      vertex -1.32618 37.9769 80.0709
      vertex -1.30659 37.9772 80.0685
    endloop
  endfacet
  facet normal -0.0173872 0.999849 0
    outer loop
      vertex 0 38 0
      vertex -0.506042 37.9912 78.0088
      vertex 0 38 78
    endloop
  endfacet
  facet normal -0.0174158 0.999848 -1.85429e-07
    outer loop
      vertex -1.32618 37.9769 0
      vertex -0.506042 37.9912 78.0088
      vertex 0 38 0
    endloop
  endfacet
  facet normal -0.017948 0.999839 5.41142e-06
    outer loop
      vertex -0.506042 37.9912 78.0088
      vertex -1.32618 37.9769 0
      vertex -0.57289 37.99 78.0123
    endloop
  endfacet
  facet normal -0.0173878 0.999849 0
    outer loop
      vertex -0.57289 37.99 78.0123
      vertex -1.32618 37.9769 0
      vertex -1.32618 37.9769 80.0709
    endloop
  endfacet
  facet normal 0.390769 0.920489 -0
    outer loop
      vertex 15.456 34.7147 0
      vertex 14.2351 35.233 119.5
      vertex 15.456 34.7147 119.5
    endloop
  endfacet
  facet normal 0.390769 0.920489 0
    outer loop
      vertex 14.2351 35.233 119.5
      vertex 15.456 34.7147 0
      vertex 14.2351 35.233 0
    endloop
  endfacet
  facet normal 0.920489 -0.390769 0
    outer loop
      vertex 34.7147 -15.456 119.5
      vertex 35.233 -14.2351 0
      vertex 35.233 -14.2351 119.5
    endloop
  endfacet
  facet normal 0.920489 -0.390769 0
    outer loop
      vertex 35.233 -14.2351 0
      vertex 34.7147 -15.456 119.5
      vertex 34.7147 -15.456 0
    endloop
  endfacet
  facet normal -0.838671 -0.544639 0
    outer loop
      vertex -31.5034 -21.2493 0
      vertex -32.2258 -20.1369 119.5
      vertex -32.2258 -20.1369 0
    endloop
  endfacet
  facet normal -0.838671 -0.544639 0
    outer loop
      vertex -32.2258 -20.1369 119.5
      vertex -31.5034 -21.2493 0
      vertex -31.5034 -21.2493 119.5
    endloop
  endfacet
  facet normal -0.85714 0.515083 0
    outer loop
      vertex -32.909 19 0
      vertex -32.2258 20.1369 119.5
      vertex -32.2258 20.1369 0
    endloop
  endfacet
  facet normal -0.85714 0.515083 0
    outer loop
      vertex -32.2258 20.1369 119.5
      vertex -32.909 19 0
      vertex -32.909 19 119.5
    endloop
  endfacet
  facet normal -0.390769 0.920489 0
    outer loop
      vertex -14.2351 35.233 0
      vertex -15.456 34.7147 119.5
      vertex -14.2351 35.233 119.5
    endloop
  endfacet
  facet normal -0.390769 0.920489 0
    outer loop
      vertex -15.456 34.7147 119.5
      vertex -14.2351 35.233 0
      vertex -15.456 34.7147 0
    endloop
  endfacet
  facet normal 0.454016 0.890993 -0
    outer loop
      vertex 17.8399 33.552 0
      vertex 16.6581 34.1542 119.5
      vertex 17.8399 33.552 119.5
    endloop
  endfacet
  facet normal 0.454016 0.890993 0
    outer loop
      vertex 16.6581 34.1542 119.5
      vertex 17.8399 33.552 0
      vertex 16.6581 34.1542 0
    endloop
  endfacet
  facet normal -0.682023 -0.731331 0
    outer loop
      vertex -26.397 -27.3349 0
      vertex -25.427 -28.2395 119.5
      vertex -26.397 -27.3349 119.5
    endloop
  endfacet
  facet normal -0.682023 -0.731331 -0
    outer loop
      vertex -25.427 -28.2395 119.5
      vertex -26.397 -27.3349 0
      vertex -25.427 -28.2395 0
    endloop
  endfacet
  facet normal 0.79865 -0.601796 0
    outer loop
      vertex 29.9444 -23.3951 119.5
      vertex 30.7426 -22.3358 0
      vertex 30.7426 -22.3358 119.5
    endloop
  endfacet
  facet normal 0.79865 -0.601796 0
    outer loop
      vertex 30.7426 -22.3358 0
      vertex 29.9444 -23.3951 119.5
      vertex 29.9444 -23.3951 0
    endloop
  endfacet
  facet normal 0.19082 0.981625 0
    outer loop
      vertex 7.90064 37.1696 119.5
      vertex 6.59863 37.4227 103.595
      vertex 6.59863 37.4227 119.5
    endloop
  endfacet
  facet normal 0.19082 0.981625 0
    outer loop
      vertex 6.59863 37.4227 103.595
      vertex 7.90064 37.1696 119.5
      vertex 7.90064 37.1696 102.282
    endloop
  endfacet
  facet normal 0.190695 0.981649 -0
    outer loop
      vertex 7.90064 37.1696 0
      vertex 7.69576 37.2094 82.6499
      vertex 7.90064 37.1696 82.8158
    endloop
  endfacet
  facet normal 0.190994 0.981591 7.67292e-07
    outer loop
      vertex 7.90064 37.1696 0
      vertex 7.34731 37.2772 82.3873
      vertex 7.69576 37.2094 82.6499
    endloop
  endfacet
  facet normal 0.190616 0.981665 -1.86527e-06
    outer loop
      vertex 7.90064 37.1696 0
      vertex 6.9899 37.3466 82.137
      vertex 7.34731 37.2772 82.3873
    endloop
  endfacet
  facet normal 0.190994 0.981591 2.49185e-06
    outer loop
      vertex 7.90064 37.1696 0
      vertex 6.62398 37.4178 81.8994
      vertex 6.9899 37.3466 82.137
    endloop
  endfacet
  facet normal 0.189791 0.981825 -1.69776e-05
    outer loop
      vertex 7.90064 37.1696 0
      vertex 6.59863 37.4227 81.8842
      vertex 6.62398 37.4178 81.8994
    endloop
  endfacet
  facet normal 0.19082 0.981625 0
    outer loop
      vertex 6.59863 37.4227 81.8842
      vertex 7.90064 37.1696 0
      vertex 6.59863 37.4227 0
    endloop
  endfacet
  facet normal 0.656041 0.754726 -0
    outer loop
      vertex 25.427 28.2395 0
      vertex 24.4259 29.1097 119.5
      vertex 25.427 28.2395 119.5
    endloop
  endfacet
  facet normal 0.656041 0.754726 0
    outer loop
      vertex 24.4259 29.1097 119.5
      vertex 25.427 28.2395 0
      vertex 24.4259 29.1097 0
    endloop
  endfacet
  facet normal -0.999848 0.0174158 0
    outer loop
      vertex -38 0 0
      vertex -37.9769 1.32618 119.5
      vertex -37.9769 1.32618 0
    endloop
  endfacet
  facet normal -0.999848 0.0174158 0
    outer loop
      vertex -37.9769 1.32618 119.5
      vertex -38 0 0
      vertex -38 0 119.5
    endloop
  endfacet
  facet normal -0.224971 -0.974365 0
    outer loop
      vertex -9.19303 -36.8712 0
      vertex -7.90064 -37.1696 119.5
      vertex -9.19303 -36.8712 119.5
    endloop
  endfacet
  facet normal -0.224971 -0.974365 -0
    outer loop
      vertex -7.90064 -37.1696 119.5
      vertex -9.19303 -36.8712 0
      vertex -7.90064 -37.1696 0
    endloop
  endfacet
  facet normal 0.777155 0.629309 0
    outer loop
      vertex 29.9444 23.3951 119.5
      vertex 29.1097 24.4259 0
      vertex 29.1097 24.4259 119.5
    endloop
  endfacet
  facet normal 0.777155 0.629309 0
    outer loop
      vertex 29.1097 24.4259 0
      vertex 29.9444 23.3951 119.5
      vertex 29.9444 23.3951 0
    endloop
  endfacet
  facet normal -0.93359 0.358342 0
    outer loop
      vertex -35.7083 12.9968 0
      vertex -35.233 14.2351 119.5
      vertex -35.233 14.2351 0
    endloop
  endfacet
  facet normal -0.93359 0.358342 0
    outer loop
      vertex -35.233 14.2351 119.5
      vertex -35.7083 12.9968 0
      vertex -35.7083 12.9968 119.5
    endloop
  endfacet
  facet normal -0.731331 -0.682023 0
    outer loop
      vertex -27.3349 -26.397 0
      vertex -28.2395 -25.427 119.5
      vertex -28.2395 -25.427 0
    endloop
  endfacet
  facet normal -0.731331 -0.682023 0
    outer loop
      vertex -28.2395 -25.427 119.5
      vertex -27.3349 -26.397 0
      vertex -27.3349 -26.397 119.5
    endloop
  endfacet
  facet normal 0.838671 0.544639 0
    outer loop
      vertex 32.2258 20.1369 119.5
      vertex 31.5034 21.2493 0
      vertex 31.5034 21.2493 119.5
    endloop
  endfacet
  facet normal 0.838671 0.544639 0
    outer loop
      vertex 31.5034 21.2493 0
      vertex 32.2258 20.1369 119.5
      vertex 32.2258 20.1369 0
    endloop
  endfacet
  facet normal 0.156441 0.987687 0
    outer loop
      vertex 6.59863 37.4227 119.5
      vertex 5.28858 37.6302 104.917
      vertex 5.28858 37.6302 119.5
    endloop
  endfacet
  facet normal 0.156441 0.987687 0
    outer loop
      vertex 5.28858 37.6302 104.917
      vertex 6.59863 37.4227 119.5
      vertex 6.59863 37.4227 103.595
    endloop
  endfacet
  facet normal 0.156386 0.987696 -0
    outer loop
      vertex 6.59863 37.4227 0
      vertex 6.25 37.4779 81.6747
      vertex 6.59863 37.4227 81.8842
    endloop
  endfacet
  facet normal 0.156583 0.987665 8.61254e-07
    outer loop
      vertex 6.59863 37.4227 0
      vertex 5.86839 37.5384 81.4632
      vertex 6.25 37.4779 81.6747
    endloop
  endfacet
  facet normal 0.156253 0.987717 -2.16616e-06
    outer loop
      vertex 6.59863 37.4227 0
      vertex 5.47963 37.5999 81.2651
      vertex 5.86839 37.5384 81.4632
    endloop
  endfacet
  facet normal 0.156638 0.987656 3.26408e-06
    outer loop
      vertex 6.59863 37.4227 0
      vertex 5.28858 37.6302 81.176
      vertex 5.47963 37.5999 81.2651
    endloop
  endfacet
  facet normal 0.156441 0.987687 0
    outer loop
      vertex 5.28858 37.6302 81.176
      vertex 6.59863 37.4227 0
      vertex 5.28858 37.6302 0
    endloop
  endfacet
  facet normal 0.422588 0.906322 -0
    outer loop
      vertex 16.6581 34.1542 0
      vertex 15.456 34.7147 119.5
      vertex 16.6581 34.1542 119.5
    endloop
  endfacet
  facet normal 0.422588 0.906322 0
    outer loop
      vertex 15.456 34.7147 119.5
      vertex 16.6581 34.1542 0
      vertex 15.456 34.7147 0
    endloop
  endfacet
  facet normal 0.981625 -0.19082 0
    outer loop
      vertex 37.1696 -7.90064 119.5
      vertex 37.4227 -6.59863 0
      vertex 37.4227 -6.59863 119.5
    endloop
  endfacet
  facet normal 0.981625 -0.19082 0
    outer loop
      vertex 37.4227 -6.59863 0
      vertex 37.1696 -7.90064 119.5
      vertex 37.1696 -7.90064 0
    endloop
  endfacet
  facet normal -0.0872413 -0.996187 0
    outer loop
      vertex -3.97208 -37.7918 119.5
      vertex -3.4 -37.8419 113.5
      vertex -3.4 -37.8419 119.5
    endloop
  endfacet
  facet normal -0.0872413 -0.996187 0
    outer loop
      vertex -3.97208 -37.7918 0
      vertex -3.4 -37.8419 113.5
      vertex -3.97208 -37.7918 119.5
    endloop
  endfacet
  facet normal -0.0870886 -0.996201 -7.75325e-07
    outer loop
      vertex -3.97208 -37.7918 0
      vertex -2.65075 -37.9074 113.5
      vertex -3.4 -37.8419 113.5
    endloop
  endfacet
  facet normal -0.0871547 -0.996195 -0
    outer loop
      vertex -2.65075 -37.9074 113.5
      vertex -3.97208 -37.7918 0
      vertex -2.65075 -37.9074 0
    endloop
  endfacet
  facet normal 0.85714 0.515083 0
    outer loop
      vertex 32.909 19 119.5
      vertex 32.2258 20.1369 0
      vertex 32.2258 20.1369 119.5
    endloop
  endfacet
  facet normal 0.85714 0.515083 0
    outer loop
      vertex 32.2258 20.1369 0
      vertex 32.909 19 119.5
      vertex 32.909 19 0
    endloop
  endfacet
  facet normal -0.121835 0.99255 0
    outer loop
      vertex -3.97208 37.7918 106.244
      vertex -5.28858 37.6302 119.5
      vertex -3.97208 37.7918 119.5
    endloop
  endfacet
  facet normal -0.121835 0.99255 0
    outer loop
      vertex -5.28858 37.6302 119.5
      vertex -3.97208 37.7918 106.244
      vertex -5.28858 37.6302 104.917
    endloop
  endfacet
  facet normal -0.121835 0.99255 0
    outer loop
      vertex -5.28858 37.6302 0
      vertex -3.97208 37.7918 80.6495
      vertex -3.97208 37.7918 0
    endloop
  endfacet
  facet normal -0.121794 0.992555 -6.80461e-07
    outer loop
      vertex -3.97208 37.7918 80.6495
      vertex -5.28858 37.6302 0
      vertex -4.27524 37.7546 80.7538
    endloop
  endfacet
  facet normal -0.121836 0.99255 -1.45706e-07
    outer loop
      vertex -4.27524 37.7546 80.7538
      vertex -5.28858 37.6302 0
      vertex -4.68257 37.7046 80.9102
    endloop
  endfacet
  facet normal -0.121835 0.99255 -1.51596e-07
    outer loop
      vertex -4.68257 37.7046 80.9102
      vertex -5.28858 37.6302 0
      vertex -5.0842 37.6553 81.0807
    endloop
  endfacet
  facet normal -0.121895 0.992543 0
    outer loop
      vertex -5.0842 37.6553 81.0807
      vertex -5.28858 37.6302 0
      vertex -5.28858 37.6302 81.176
    endloop
  endfacet
  facet normal -0.292379 0.956302 0
    outer loop
      vertex -10.4742 36.5279 99.3186
      vertex -11.7426 36.1401 119.5
      vertex -10.4742 36.5279 119.5
    endloop
  endfacet
  facet normal -0.292093 0.95639 1.97174e-05
    outer loop
      vertex -10.6006 36.4893 99.124
      vertex -11.7426 36.1401 119.5
      vertex -10.4742 36.5279 99.3186
    endloop
  endfacet
  facet normal -0.292384 0.956301 1.8799e-06
    outer loop
      vertex -10.8253 36.4206 98.75
      vertex -11.7426 36.1401 119.5
      vertex -10.6006 36.4893 99.124
    endloop
  endfacet
  facet normal -0.292521 0.956259 -4.75439e-06
    outer loop
      vertex -11.0368 36.3559 98.3684
      vertex -11.7426 36.1401 119.5
      vertex -10.8253 36.4206 98.75
    endloop
  endfacet
  facet normal -0.292103 0.956387 1.05232e-05
    outer loop
      vertex -11.2349 36.2954 97.9796
      vertex -11.7426 36.1401 119.5
      vertex -11.0368 36.3559 98.3684
    endloop
  endfacet
  facet normal -0.292483 0.956271 6.97287e-07
    outer loop
      vertex -11.4193 36.239 97.5842
      vertex -11.7426 36.1401 119.5
      vertex -11.2349 36.2954 97.9796
    endloop
  endfacet
  facet normal -0.292243 0.956344 4.58078e-06
    outer loop
      vertex -11.5898 36.1869 97.1826
      vertex -11.7426 36.1401 119.5
      vertex -11.4193 36.239 97.5842
    endloop
  endfacet
  facet normal -0.292854 0.956157 0
    outer loop
      vertex -11.7426 36.1401 119.5
      vertex -11.5898 36.1869 97.1826
      vertex -11.7426 36.1401 96.7844
    endloop
  endfacet
  facet normal -0.292379 0.956302 0
    outer loop
      vertex -11.7426 36.1401 0
      vertex -10.4742 36.5279 85.6814
      vertex -10.4742 36.5279 0
    endloop
  endfacet
  facet normal -0.292072 0.956396 -4.98015e-06
    outer loop
      vertex -10.4742 36.5279 85.6814
      vertex -11.7426 36.1401 0
      vertex -10.6006 36.4893 85.876
    endloop
  endfacet
  facet normal -0.292381 0.956302 -4.77098e-07
    outer loop
      vertex -10.6006 36.4893 85.876
      vertex -11.7426 36.1401 0
      vertex -10.8253 36.4206 86.25
    endloop
  endfacet
  facet normal -0.292527 0.956257 1.21179e-06
    outer loop
      vertex -10.8253 36.4206 86.25
      vertex -11.7426 36.1401 0
      vertex -11.0368 36.3559 86.6316
    endloop
  endfacet
  facet normal -0.292088 0.956391 -2.69209e-06
    outer loop
      vertex -11.0368 36.3559 86.6316
      vertex -11.7426 36.1401 0
      vertex -11.2349 36.2954 87.0204
    endloop
  endfacet
  facet normal -0.292482 0.956271 -1.78926e-07
    outer loop
      vertex -11.2349 36.2954 87.0204
      vertex -11.7426 36.1401 0
      vertex -11.4193 36.239 87.4158
    endloop
  endfacet
  facet normal -0.292235 0.956346 -1.17808e-06
    outer loop
      vertex -11.4193 36.239 87.4158
      vertex -11.7426 36.1401 0
      vertex -11.5898 36.1869 87.8174
    endloop
  endfacet
  facet normal -0.292854 0.956157 0
    outer loop
      vertex -11.5898 36.1869 87.8174
      vertex -11.7426 36.1401 0
      vertex -11.7426 36.1401 88.2156
    endloop
  endfacet
  facet normal 0.601796 0.79865 -0
    outer loop
      vertex 23.3951 29.9444 0
      vertex 22.3358 30.7426 119.5
      vertex 23.3951 29.9444 119.5
    endloop
  endfacet
  facet normal 0.601796 0.79865 0
    outer loop
      vertex 22.3358 30.7426 119.5
      vertex 23.3951 29.9444 0
      vertex 22.3358 30.7426 0
    endloop
  endfacet
  facet normal 0.121835 0.99255 0
    outer loop
      vertex 5.28858 37.6302 119.5
      vertex 3.97208 37.7918 106.244
      vertex 3.97208 37.7918 119.5
    endloop
  endfacet
  facet normal 0.121835 0.99255 0
    outer loop
      vertex 3.97208 37.7918 106.244
      vertex 5.28858 37.6302 119.5
      vertex 5.28858 37.6302 104.917
    endloop
  endfacet
  facet normal 0.121895 0.992543 -0
    outer loop
      vertex 5.28858 37.6302 0
      vertex 5.0842 37.6553 81.0807
      vertex 5.28858 37.6302 81.176
    endloop
  endfacet
  facet normal 0.121835 0.99255 -1.51596e-07
    outer loop
      vertex 5.28858 37.6302 0
      vertex 4.68257 37.7046 80.9102
      vertex 5.0842 37.6553 81.0807
    endloop
  endfacet
  facet normal 0.121836 0.99255 -1.45706e-07
    outer loop
      vertex 5.28858 37.6302 0
      vertex 4.27524 37.7546 80.7538
      vertex 4.68257 37.7046 80.9102
    endloop
  endfacet
  facet normal 0.121794 0.992555 -6.80461e-07
    outer loop
      vertex 5.28858 37.6302 0
      vertex 3.97208 37.7918 80.6495
      vertex 4.27524 37.7546 80.7538
    endloop
  endfacet
  facet normal 0.121835 0.99255 0
    outer loop
      vertex 3.97208 37.7918 80.6495
      vertex 5.28858 37.6302 0
      vertex 3.97208 37.7918 0
    endloop
  endfacet
  facet normal -0.777155 0.629309 0
    outer loop
      vertex -29.9444 23.3951 0
      vertex -29.1097 24.4259 119.5
      vertex -29.1097 24.4259 0
    endloop
  endfacet
  facet normal -0.777155 0.629309 0
    outer loop
      vertex -29.1097 24.4259 119.5
      vertex -29.9444 23.3951 0
      vertex -29.9444 23.3951 119.5
    endloop
  endfacet
  facet normal 0.99255 0.121835 0
    outer loop
      vertex 37.7918 3.97208 119.5
      vertex 37.6302 5.28858 0
      vertex 37.6302 5.28858 119.5
    endloop
  endfacet
  facet normal 0.99255 0.121835 0
    outer loop
      vertex 37.6302 5.28858 0
      vertex 37.7918 3.97208 119.5
      vertex 37.7918 3.97208 0
    endloop
  endfacet
  facet normal 0.987687 0.156441 0
    outer loop
      vertex 37.6302 5.28858 119.5
      vertex 37.4227 6.59863 0
      vertex 37.4227 6.59863 119.5
    endloop
  endfacet
  facet normal 0.987687 0.156441 0
    outer loop
      vertex 37.4227 6.59863 0
      vertex 37.6302 5.28858 119.5
      vertex 37.6302 5.28858 0
    endloop
  endfacet
  facet normal -0.998626 0.0523978 0
    outer loop
      vertex -37.9769 1.32618 0
      vertex -37.9074 2.65075 119.5
      vertex -37.9074 2.65075 0
    endloop
  endfacet
  facet normal -0.998626 0.0523978 0
    outer loop
      vertex -37.9074 2.65075 119.5
      vertex -37.9769 1.32618 0
      vertex -37.9769 1.32618 119.5
    endloop
  endfacet
  facet normal -0.682023 0.731331 0
    outer loop
      vertex -25.427 28.2395 0
      vertex -26.397 27.3349 119.5
      vertex -25.427 28.2395 119.5
    endloop
  endfacet
  facet normal -0.682023 0.731331 0
    outer loop
      vertex -26.397 27.3349 119.5
      vertex -25.427 28.2395 0
      vertex -26.397 27.3349 0
    endloop
  endfacet
  facet normal 0.754726 -0.656041 0
    outer loop
      vertex 28.2395 -25.427 119.5
      vertex 29.1097 -24.4259 0
      vertex 29.1097 -24.4259 119.5
    endloop
  endfacet
  facet normal 0.754726 -0.656041 0
    outer loop
      vertex 29.1097 -24.4259 0
      vertex 28.2395 -25.427 119.5
      vertex 28.2395 -25.427 0
    endloop
  endfacet
  facet normal 0.956302 -0.292379 0
    outer loop
      vertex 36.1401 -11.7426 119.5
      vertex 36.5279 -10.4742 0
      vertex 36.5279 -10.4742 119.5
    endloop
  endfacet
  facet normal 0.956302 -0.292379 0
    outer loop
      vertex 36.5279 -10.4742 0
      vertex 36.1401 -11.7426 119.5
      vertex 36.1401 -11.7426 0
    endloop
  endfacet
  facet normal 0.19082 -0.981625 0
    outer loop
      vertex 6.59863 -37.4227 0
      vertex 7.90064 -37.1696 119.5
      vertex 6.59863 -37.4227 119.5
    endloop
  endfacet
  facet normal 0.19082 -0.981625 0
    outer loop
      vertex 7.90064 -37.1696 119.5
      vertex 6.59863 -37.4227 0
      vertex 7.90064 -37.1696 0
    endloop
  endfacet
  facet normal 0.682023 0.731331 -0
    outer loop
      vertex 26.397 27.3349 0
      vertex 25.427 28.2395 119.5
      vertex 26.397 27.3349 119.5
    endloop
  endfacet
  facet normal 0.682023 0.731331 0
    outer loop
      vertex 25.427 28.2395 119.5
      vertex 26.397 27.3349 0
      vertex 25.427 28.2395 0
    endloop
  endfacet
  facet normal 0.573589 0.819143 -0
    outer loop
      vertex 22.3358 30.7426 0
      vertex 21.2493 31.5034 119.5
      vertex 22.3358 30.7426 119.5
    endloop
  endfacet
  facet normal 0.573589 0.819143 0
    outer loop
      vertex 21.2493 31.5034 119.5
      vertex 22.3358 30.7426 0
      vertex 21.2493 31.5034 0
    endloop
  endfacet
  facet normal 0.945531 -0.325531 0
    outer loop
      vertex 35.7083 -12.9968 119.5
      vertex 36.1401 -11.7426 0
      vertex 36.1401 -11.7426 119.5
    endloop
  endfacet
  facet normal 0.945531 -0.325531 0
    outer loop
      vertex 36.1401 -11.7426 0
      vertex 35.7083 -12.9968 119.5
      vertex 35.7083 -12.9968 0
    endloop
  endfacet
  facet normal -0.0174158 -0.999848 0
    outer loop
      vertex -1.32618 -37.9769 0
      vertex 0 -38 113.5
      vertex -1.32618 -37.9769 113.5
    endloop
  endfacet
  facet normal -0.0174158 -0.999848 -0
    outer loop
      vertex 0 -38 113.5
      vertex -1.32618 -37.9769 0
      vertex 0 -38 0
    endloop
  endfacet
  facet normal 0.945531 0.325531 0
    outer loop
      vertex 36.1401 11.7426 119.5
      vertex 35.7083 12.9968 0
      vertex 35.7083 12.9968 119.5
    endloop
  endfacet
  facet normal 0.945531 0.325531 0
    outer loop
      vertex 35.7083 12.9968 0
      vertex 36.1401 11.7426 119.5
      vertex 36.1401 11.7426 0
    endloop
  endfacet
  facet normal 0.965924 0.258827 0
    outer loop
      vertex 36.8712 9.19303 119.5
      vertex 36.5279 10.4742 0
      vertex 36.5279 10.4742 119.5
    endloop
  endfacet
  facet normal 0.965924 0.258827 0
    outer loop
      vertex 36.5279 10.4742 0
      vertex 36.8712 9.19303 119.5
      vertex 36.8712 9.19303 0
    endloop
  endfacet
  facet normal -0.945531 -0.325531 0
    outer loop
      vertex -35.7083 -12.9968 0
      vertex -36.1401 -11.7426 119.5
      vertex -36.1401 -11.7426 0
    endloop
  endfacet
  facet normal -0.945531 -0.325531 0
    outer loop
      vertex -36.1401 -11.7426 119.5
      vertex -35.7083 -12.9968 0
      vertex -35.7083 -12.9968 119.5
    endloop
  endfacet
  facet normal 0.974365 0.224971 0
    outer loop
      vertex 37.1696 7.90064 119.5
      vertex 36.8712 9.19303 0
      vertex 36.8712 9.19303 119.5
    endloop
  endfacet
  facet normal 0.974365 0.224971 0
    outer loop
      vertex 36.8712 9.19303 0
      vertex 37.1696 7.90064 119.5
      vertex 37.1696 7.90064 0
    endloop
  endfacet
  facet normal 0.0871547 0.996195 0
    outer loop
      vertex 3.97208 37.7918 119.5
      vertex 2.65075 37.9074 107.577
      vertex 2.65075 37.9074 119.5
    endloop
  endfacet
  facet normal 0.0871547 0.996195 0
    outer loop
      vertex 2.65075 37.9074 107.577
      vertex 3.97208 37.7918 119.5
      vertex 3.97208 37.7918 106.244
    endloop
  endfacet
  facet normal 0.0874313 0.996171 -0
    outer loop
      vertex 3.97208 37.7918 0
      vertex 3.8627 37.8014 80.6118
      vertex 3.97208 37.7918 80.6495
    endloop
  endfacet
  facet normal 0.087149 0.996195 -3.86012e-07
    outer loop
      vertex 3.97208 37.7918 0
      vertex 3.44547 37.8379 80.4842
      vertex 3.8627 37.8014 80.6118
    endloop
  endfacet
  facet normal 0.0872212 0.996189 8.98283e-08
    outer loop
      vertex 3.97208 37.7918 0
      vertex 3.02402 37.8748 80.3713
      vertex 3.44547 37.8379 80.4842
    endloop
  endfacet
  facet normal 0.0870056 0.996208 -2.47228e-06
    outer loop
      vertex 3.97208 37.7918 0
      vertex 2.65075 37.9074 80.2851
      vertex 3.02402 37.8748 80.3713
    endloop
  endfacet
  facet normal 0.0871547 0.996195 0
    outer loop
      vertex 2.65075 37.9074 80.2851
      vertex 3.97208 37.7918 0
      vertex 2.65075 37.9074 0
    endloop
  endfacet
  facet normal 0.874637 -0.484779 0
    outer loop
      vertex 32.909 -19 119.5
      vertex 33.552 -17.8399 0
      vertex 33.552 -17.8399 119.5
    endloop
  endfacet
  facet normal 0.874637 -0.484779 0
    outer loop
      vertex 33.552 -17.8399 0
      vertex 32.909 -19 119.5
      vertex 32.909 -19 0
    endloop
  endfacet
  facet normal -0.99255 -0.121835 0
    outer loop
      vertex -37.6302 -5.28858 0
      vertex -37.7918 -3.97208 119.5
      vertex -37.7918 -3.97208 0
    endloop
  endfacet
  facet normal -0.99255 -0.121835 0
    outer loop
      vertex -37.7918 -3.97208 119.5
      vertex -37.6302 -5.28858 0
      vertex -37.6302 -5.28858 119.5
    endloop
  endfacet
  facet normal -0.0871547 0.996195 0
    outer loop
      vertex -2.65075 37.9074 107.577
      vertex -3.97208 37.7918 119.5
      vertex -2.65075 37.9074 119.5
    endloop
  endfacet
  facet normal -0.0871547 0.996195 0
    outer loop
      vertex -3.97208 37.7918 119.5
      vertex -2.65075 37.9074 107.577
      vertex -3.97208 37.7918 106.244
    endloop
  endfacet
  facet normal -0.0871547 0.996195 0
    outer loop
      vertex -3.97208 37.7918 0
      vertex -2.65075 37.9074 80.2851
      vertex -2.65075 37.9074 0
    endloop
  endfacet
  facet normal -0.0870056 0.996208 -2.47228e-06
    outer loop
      vertex -2.65075 37.9074 80.2851
      vertex -3.97208 37.7918 0
      vertex -3.02402 37.8748 80.3713
    endloop
  endfacet
  facet normal -0.0872212 0.996189 8.98283e-08
    outer loop
      vertex -3.02402 37.8748 80.3713
      vertex -3.97208 37.7918 0
      vertex -3.44547 37.8379 80.4842
    endloop
  endfacet
  facet normal -0.087149 0.996195 -3.86012e-07
    outer loop
      vertex -3.44547 37.8379 80.4842
      vertex -3.97208 37.7918 0
      vertex -3.8627 37.8014 80.6118
    endloop
  endfacet
  facet normal -0.0874313 0.996171 0
    outer loop
      vertex -3.8627 37.8014 80.6118
      vertex -3.97208 37.7918 0
      vertex -3.97208 37.7918 80.6495
    endloop
  endfacet
  facet normal 0.629309 0.777155 -0
    outer loop
      vertex 24.4259 29.1097 0
      vertex 23.3951 29.9444 119.5
      vertex 24.4259 29.1097 119.5
    endloop
  endfacet
  facet normal 0.629309 0.777155 0
    outer loop
      vertex 23.3951 29.9444 119.5
      vertex 24.4259 29.1097 0
      vertex 23.3951 29.9444 0
    endloop
  endfacet
  facet normal -0.544639 -0.838671 0
    outer loop
      vertex -21.2493 -31.5034 0
      vertex -20.1369 -32.2258 119.5
      vertex -21.2493 -31.5034 119.5
    endloop
  endfacet
  facet normal -0.544639 -0.838671 -0
    outer loop
      vertex -20.1369 -32.2258 119.5
      vertex -21.2493 -31.5034 0
      vertex -20.1369 -32.2258 0
    endloop
  endfacet
  facet normal 0.682023 -0.731331 0
    outer loop
      vertex 25.427 -28.2395 0
      vertex 26.397 -27.3349 119.5
      vertex 25.427 -28.2395 119.5
    endloop
  endfacet
  facet normal 0.682023 -0.731331 0
    outer loop
      vertex 26.397 -27.3349 119.5
      vertex 25.427 -28.2395 0
      vertex 26.397 -27.3349 0
    endloop
  endfacet
  facet normal 0.999848 -0.0174158 0
    outer loop
      vertex 37.9769 -1.32618 119.5
      vertex 38 0 0
      vertex 38 0 119.5
    endloop
  endfacet
  facet normal 0.999848 -0.0174158 0
    outer loop
      vertex 38 0 0
      vertex 37.9769 -1.32618 119.5
      vertex 37.9769 -1.32618 0
    endloop
  endfacet
  facet normal -0.258827 0.965924 0
    outer loop
      vertex -9.19303 36.8712 100.967
      vertex -10.4742 36.5279 119.5
      vertex -9.19303 36.8712 119.5
    endloop
  endfacet
  facet normal -0.258836 0.965921 -6.36112e-07
    outer loop
      vertex -9.28931 36.8454 100.864
      vertex -10.4742 36.5279 119.5
      vertex -9.19303 36.8712 100.967
    endloop
  endfacet
  facet normal -0.258826 0.965924 2.31179e-08
    outer loop
      vertex -9.57555 36.7687 100.535
      vertex -10.4742 36.5279 119.5
      vertex -9.28931 36.8454 100.864
    endloop
  endfacet
  facet normal -0.258592 0.965987 1.19326e-05
    outer loop
      vertex -9.85013 36.6952 100.196
      vertex -10.4742 36.5279 119.5
      vertex -9.57555 36.7687 100.535
    endloop
  endfacet
  facet normal -0.258971 0.965885 -1.1999e-06
    outer loop
      vertex -10.1127 36.6248 99.8473
      vertex -10.4742 36.5279 119.5
      vertex -9.85013 36.6952 100.196
    endloop
  endfacet
  facet normal -0.258584 0.965989 6.42363e-06
    outer loop
      vertex -10.363 36.5578 99.4899
      vertex -10.4742 36.5279 119.5
      vertex -10.1127 36.6248 99.8473
    endloop
  endfacet
  facet normal -0.259662 0.9657 0
    outer loop
      vertex -10.4742 36.5279 119.5
      vertex -10.363 36.5578 99.4899
      vertex -10.4742 36.5279 99.3186
    endloop
  endfacet
  facet normal -0.258827 0.965924 0
    outer loop
      vertex -10.4742 36.5279 0
      vertex -9.19303 36.8712 84.0326
      vertex -9.19303 36.8712 0
    endloop
  endfacet
  facet normal -0.258836 0.965921 1.48242e-07
    outer loop
      vertex -9.19303 36.8712 84.0326
      vertex -10.4742 36.5279 0
      vertex -9.28931 36.8454 84.1359
    endloop
  endfacet
  facet normal -0.258826 0.965924 -5.40719e-09
    outer loop
      vertex -9.28931 36.8454 84.1359
      vertex -10.4742 36.5279 0
      vertex -9.57555 36.7687 84.4652
    endloop
  endfacet
  facet normal -0.258581 0.96599 -2.79921e-06
    outer loop
      vertex -9.57555 36.7687 84.4652
      vertex -10.4742 36.5279 0
      vertex -9.85013 36.6952 84.8042
    endloop
  endfacet
  facet normal -0.258972 0.965885 2.82104e-07
    outer loop
      vertex -9.85013 36.6952 84.8042
      vertex -10.4742 36.5279 0
      vertex -10.1127 36.6248 85.1527
    endloop
  endfacet
  facet normal -0.258577 0.965991 -1.51231e-06
    outer loop
      vertex -10.1127 36.6248 85.1527
      vertex -10.4742 36.5279 0
      vertex -10.363 36.5578 85.5101
    endloop
  endfacet
  facet normal -0.259662 0.9657 0
    outer loop
      vertex -10.363 36.5578 85.5101
      vertex -10.4742 36.5279 0
      vertex -10.4742 36.5279 85.6814
    endloop
  endfacet
  facet normal -0.99255 0.121835 0
    outer loop
      vertex -37.7918 3.97208 0
      vertex -37.6302 5.28858 119.5
      vertex -37.6302 5.28858 0
    endloop
  endfacet
  facet normal -0.99255 0.121835 0
    outer loop
      vertex -37.6302 5.28858 119.5
      vertex -37.7918 3.97208 0
      vertex -37.7918 3.97208 119.5
    endloop
  endfacet
  facet normal -0.965924 -0.258827 0
    outer loop
      vertex -36.5279 -10.4742 0
      vertex -36.8712 -9.19303 119.5
      vertex -36.8712 -9.19303 0
    endloop
  endfacet
  facet normal -0.965924 -0.258827 0
    outer loop
      vertex -36.8712 -9.19303 119.5
      vertex -36.5279 -10.4742 0
      vertex -36.5279 -10.4742 119.5
    endloop
  endfacet
  facet normal 0.707107 -0.707107 0
    outer loop
      vertex 26.397 -27.3349 119.5
      vertex 27.3349 -26.397 0
      vertex 27.3349 -26.397 119.5
    endloop
  endfacet
  facet normal 0.707107 -0.707107 0
    outer loop
      vertex 27.3349 -26.397 0
      vertex 26.397 -27.3349 119.5
      vertex 26.397 -27.3349 0
    endloop
  endfacet
  facet normal -0.754726 -0.656041 0
    outer loop
      vertex -28.2395 -25.427 0
      vertex -29.1097 -24.4259 119.5
      vertex -29.1097 -24.4259 0
    endloop
  endfacet
  facet normal -0.754726 -0.656041 0
    outer loop
      vertex -29.1097 -24.4259 119.5
      vertex -28.2395 -25.427 0
      vertex -28.2395 -25.427 119.5
    endloop
  endfacet
  facet normal 0.292379 -0.956302 0
    outer loop
      vertex 10.4742 -36.5279 0
      vertex 11.7426 -36.1401 119.5
      vertex 10.4742 -36.5279 119.5
    endloop
  endfacet
  facet normal 0.292379 -0.956302 0
    outer loop
      vertex 11.7426 -36.1401 119.5
      vertex 10.4742 -36.5279 0
      vertex 11.7426 -36.1401 0
    endloop
  endfacet
  facet normal 0.258827 -0.965924 0
    outer loop
      vertex 9.19303 -36.8712 0
      vertex 10.4742 -36.5279 119.5
      vertex 9.19303 -36.8712 119.5
    endloop
  endfacet
  facet normal 0.258827 -0.965924 0
    outer loop
      vertex 10.4742 -36.5279 119.5
      vertex 9.19303 -36.8712 0
      vertex 10.4742 -36.5279 0
    endloop
  endfacet
  facet normal -0.629309 -0.777155 0
    outer loop
      vertex -24.4259 -29.1097 0
      vertex -23.3951 -29.9444 119.5
      vertex -24.4259 -29.1097 119.5
    endloop
  endfacet
  facet normal -0.629309 -0.777155 -0
    outer loop
      vertex -23.3951 -29.9444 119.5
      vertex -24.4259 -29.1097 0
      vertex -23.3951 -29.9444 0
    endloop
  endfacet
  facet normal -0.79865 -0.601796 0
    outer loop
      vertex -29.9444 -23.3951 0
      vertex -30.7426 -22.3358 119.5
      vertex -30.7426 -22.3358 0
    endloop
  endfacet
  facet normal -0.79865 -0.601796 0
    outer loop
      vertex -30.7426 -22.3358 119.5
      vertex -29.9444 -23.3951 0
      vertex -29.9444 -23.3951 119.5
    endloop
  endfacet
  facet normal 0.974365 -0.224971 0
    outer loop
      vertex 36.8712 -9.19303 119.5
      vertex 37.1696 -7.90064 0
      vertex 37.1696 -7.90064 119.5
    endloop
  endfacet
  facet normal 0.974365 -0.224971 0
    outer loop
      vertex 37.1696 -7.90064 0
      vertex 36.8712 -9.19303 119.5
      vertex 36.8712 -9.19303 0
    endloop
  endfacet
  facet normal 0.121835 -0.99255 0
    outer loop
      vertex 3.97208 -37.7918 0
      vertex 5.28858 -37.6302 119.5
      vertex 3.97208 -37.7918 119.5
    endloop
  endfacet
  facet normal 0.121835 -0.99255 0
    outer loop
      vertex 5.28858 -37.6302 119.5
      vertex 3.97208 -37.7918 0
      vertex 5.28858 -37.6302 0
    endloop
  endfacet
  facet normal 0.156441 -0.987687 0
    outer loop
      vertex 5.28858 -37.6302 0
      vertex 6.59863 -37.4227 119.5
      vertex 5.28858 -37.6302 119.5
    endloop
  endfacet
  facet normal 0.156441 -0.987687 0
    outer loop
      vertex 6.59863 -37.4227 119.5
      vertex 5.28858 -37.6302 0
      vertex 6.59863 -37.4227 0
    endloop
  endfacet
  facet normal -0.358342 0.93359 0
    outer loop
      vertex -12.9968 35.7083 0
      vertex -14.2351 35.233 119.5
      vertex -12.9968 35.7083 119.5
    endloop
  endfacet
  facet normal -0.358342 0.93359 0
    outer loop
      vertex -14.2351 35.233 119.5
      vertex -12.9968 35.7083 0
      vertex -14.2351 35.233 0
    endloop
  endfacet
  facet normal 0.956302 0.292379 0
    outer loop
      vertex 36.5279 10.4742 119.5
      vertex 36.1401 11.7426 0
      vertex 36.1401 11.7426 119.5
    endloop
  endfacet
  facet normal 0.956302 0.292379 0
    outer loop
      vertex 36.1401 11.7426 0
      vertex 36.5279 10.4742 119.5
      vertex 36.5279 10.4742 0
    endloop
  endfacet
  facet normal -0.945531 0.325531 0
    outer loop
      vertex -36.1401 11.7426 0
      vertex -35.7083 12.9968 119.5
      vertex -35.7083 12.9968 0
    endloop
  endfacet
  facet normal -0.945531 0.325531 0
    outer loop
      vertex -35.7083 12.9968 119.5
      vertex -36.1401 11.7426 0
      vertex -36.1401 11.7426 119.5
    endloop
  endfacet
  facet normal 0.629309 -0.777155 0
    outer loop
      vertex 23.3951 -29.9444 0
      vertex 24.4259 -29.1097 119.5
      vertex 23.3951 -29.9444 119.5
    endloop
  endfacet
  facet normal 0.629309 -0.777155 0
    outer loop
      vertex 24.4259 -29.1097 119.5
      vertex 23.3951 -29.9444 0
      vertex 24.4259 -29.1097 0
    endloop
  endfacet
  facet normal 0.544639 0.838671 -0
    outer loop
      vertex 21.2493 31.5034 0
      vertex 20.1369 32.2258 119.5
      vertex 21.2493 31.5034 119.5
    endloop
  endfacet
  facet normal 0.544639 0.838671 0
    outer loop
      vertex 20.1369 32.2258 119.5
      vertex 21.2493 31.5034 0
      vertex 20.1369 32.2258 0
    endloop
  endfacet
  facet normal -0.999848 -0.0174158 0
    outer loop
      vertex -37.9769 -1.32618 0
      vertex -38 0 119.5
      vertex -38 0 0
    endloop
  endfacet
  facet normal -0.999848 -0.0174158 0
    outer loop
      vertex -38 0 119.5
      vertex -37.9769 -1.32618 0
      vertex -37.9769 -1.32618 119.5
    endloop
  endfacet
  facet normal 0.707107 0.707107 0
    outer loop
      vertex 27.3349 26.397 119.5
      vertex 26.397 27.3349 0
      vertex 26.397 27.3349 119.5
    endloop
  endfacet
  facet normal 0.707107 0.707107 0
    outer loop
      vertex 26.397 27.3349 0
      vertex 27.3349 26.397 119.5
      vertex 27.3349 26.397 0
    endloop
  endfacet
  facet normal -0.965924 0.258827 0
    outer loop
      vertex -36.8712 9.19303 0
      vertex -36.5279 10.4742 119.5
      vertex -36.5279 10.4742 0
    endloop
  endfacet
  facet normal -0.965924 0.258827 0
    outer loop
      vertex -36.5279 10.4742 119.5
      vertex -36.8712 9.19303 0
      vertex -36.8712 9.19303 119.5
    endloop
  endfacet
  facet normal 0.987687 -0.156441 0
    outer loop
      vertex 37.4227 -6.59863 119.5
      vertex 37.6302 -5.28858 0
      vertex 37.6302 -5.28858 119.5
    endloop
  endfacet
  facet normal 0.987687 -0.156441 0
    outer loop
      vertex 37.6302 -5.28858 0
      vertex 37.4227 -6.59863 119.5
      vertex 37.4227 -6.59863 0
    endloop
  endfacet
  facet normal -0.454016 0.890993 0
    outer loop
      vertex -16.6581 34.1542 0
      vertex -17.8399 33.552 119.5
      vertex -16.6581 34.1542 119.5
    endloop
  endfacet
  facet normal -0.454016 0.890993 0
    outer loop
      vertex -17.8399 33.552 119.5
      vertex -16.6581 34.1542 0
      vertex -17.8399 33.552 0
    endloop
  endfacet
  facet normal 0.484779 0.874637 -0
    outer loop
      vertex 19 32.909 0
      vertex 17.8399 33.552 119.5
      vertex 19 32.909 119.5
    endloop
  endfacet
  facet normal 0.484779 0.874637 0
    outer loop
      vertex 17.8399 33.552 119.5
      vertex 19 32.909 0
      vertex 17.8399 33.552 0
    endloop
  endfacet
  facet normal 0.224971 0.974365 0
    outer loop
      vertex 9.19303 36.8712 119.5
      vertex 7.90064 37.1696 102.282
      vertex 7.90064 37.1696 119.5
    endloop
  endfacet
  facet normal 0.224965 0.974367 5.10941e-07
    outer loop
      vertex 9.19303 36.8712 119.5
      vertex 8.83748 36.9533 101.337
      vertex 7.90064 37.1696 102.282
    endloop
  endfacet
  facet normal 0.224871 0.974389 2.44435e-06
    outer loop
      vertex 9.19303 36.8712 119.5
      vertex 8.99174 36.9177 101.183
      vertex 8.83748 36.9533 101.337
    endloop
  endfacet
  facet normal 0.225082 0.97434 0
    outer loop
      vertex 8.99174 36.9177 101.183
      vertex 9.19303 36.8712 119.5
      vertex 9.19303 36.8712 100.967
    endloop
  endfacet
  facet normal 0.225082 0.97434 -0
    outer loop
      vertex 9.19303 36.8712 0
      vertex 8.99174 36.9177 83.8168
      vertex 9.19303 36.8712 84.0326
    endloop
  endfacet
  facet normal 0.224876 0.974387 -5.21281e-07
    outer loop
      vertex 9.19303 36.8712 0
      vertex 8.68323 36.9889 83.5083
      vertex 8.99174 36.9177 83.8168
    endloop
  endfacet
  facet normal 0.225031 0.974352 4.73105e-07
    outer loop
      vertex 9.19303 36.8712 0
      vertex 8.36412 37.0626 83.2107
      vertex 8.68323 36.9889 83.5083
    endloop
  endfacet
  facet normal 0.224895 0.974383 -9.53058e-07
    outer loop
      vertex 9.19303 36.8712 0
      vertex 8.03484 37.1386 82.9245
      vertex 8.36412 37.0626 83.2107
    endloop
  endfacet
  facet normal 0.22507 0.974343 1.62847e-06
    outer loop
      vertex 9.19303 36.8712 0
      vertex 7.90064 37.1696 82.8158
      vertex 8.03484 37.1386 82.9245
    endloop
  endfacet
  facet normal 0.224971 0.974365 0
    outer loop
      vertex 7.90064 37.1696 82.8158
      vertex 9.19303 36.8712 0
      vertex 7.90064 37.1696 0
    endloop
  endfacet
  facet normal 0.0523978 0.998626 0
    outer loop
      vertex 2.65075 37.9074 119.5
      vertex 1.32618 37.9769 108.913
      vertex 1.32618 37.9769 119.5
    endloop
  endfacet
  facet normal 0.0523978 0.998626 0
    outer loop
      vertex 1.32618 37.9769 108.913
      vertex 2.65075 37.9074 119.5
      vertex 2.65075 37.9074 107.577
    endloop
  endfacet
  facet normal 0.053913 0.998546 -0
    outer loop
      vertex 2.65075 37.9074 0
      vertex 2.59889 37.9102 80.2732
      vertex 2.65075 37.9074 80.2851
    endloop
  endfacet
  facet normal 0.0522286 0.998635 -1.0913e-06
    outer loop
      vertex 2.65075 37.9074 0
      vertex 2.17059 37.9326 80.1899
      vertex 2.59889 37.9102 80.2732
    endloop
  endfacet
  facet normal 0.0523716 0.998628 -2.33043e-07
    outer loop
      vertex 2.65075 37.9074 0
      vertex 1.73965 37.9552 80.1217
      vertex 2.17059 37.9326 80.1899
    endloop
  endfacet
  facet normal 0.0524105 0.998626 2.10838e-07
    outer loop
      vertex 2.65075 37.9074 0
      vertex 1.32618 37.9769 80.0709
      vertex 1.73965 37.9552 80.1217
    endloop
  endfacet
  facet normal 0.0523978 0.998626 0
    outer loop
      vertex 1.32618 37.9769 80.0709
      vertex 2.65075 37.9074 0
      vertex 1.32618 37.9769 0
    endloop
  endfacet
  facet normal -0.0523978 0.998626 0
    outer loop
      vertex -1.32618 37.9769 108.913
      vertex -2.65075 37.9074 119.5
      vertex -1.32618 37.9769 119.5
    endloop
  endfacet
  facet normal -0.0523978 0.998626 0
    outer loop
      vertex -2.65075 37.9074 119.5
      vertex -1.32618 37.9769 108.913
      vertex -2.65075 37.9074 107.577
    endloop
  endfacet
  facet normal -0.0523978 0.998626 0
    outer loop
      vertex -2.65075 37.9074 0
      vertex -1.32618 37.9769 80.0709
      vertex -1.32618 37.9769 0
    endloop
  endfacet
  facet normal -0.0524105 0.998626 2.10838e-07
    outer loop
      vertex -1.32618 37.9769 80.0709
      vertex -2.65075 37.9074 0
      vertex -1.73965 37.9552 80.1217
    endloop
  endfacet
  facet normal -0.0523716 0.998628 -2.33043e-07
    outer loop
      vertex -1.73965 37.9552 80.1217
      vertex -2.65075 37.9074 0
      vertex -2.17059 37.9326 80.1899
    endloop
  endfacet
  facet normal -0.0522286 0.998635 -1.0913e-06
    outer loop
      vertex -2.17059 37.9326 80.1899
      vertex -2.65075 37.9074 0
      vertex -2.59889 37.9102 80.2732
    endloop
  endfacet
  facet normal -0.053913 0.998546 0
    outer loop
      vertex -2.59889 37.9102 80.2732
      vertex -2.65075 37.9074 0
      vertex -2.65075 37.9074 80.2851
    endloop
  endfacet
  facet normal 0.906322 -0.422588 0
    outer loop
      vertex 34.1542 -16.6581 119.5
      vertex 34.7147 -15.456 0
      vertex 34.7147 -15.456 119.5
    endloop
  endfacet
  facet normal 0.906322 -0.422588 0
    outer loop
      vertex 34.7147 -15.456 0
      vertex 34.1542 -16.6581 119.5
      vertex 34.1542 -16.6581 0
    endloop
  endfacet
  facet normal 0.292379 0.956302 0
    outer loop
      vertex 11.7426 36.1401 119.5
      vertex 10.4742 36.5279 99.3186
      vertex 10.4742 36.5279 119.5
    endloop
  endfacet
  facet normal 0.292093 0.95639 1.97174e-05
    outer loop
      vertex 11.7426 36.1401 119.5
      vertex 10.6006 36.4893 99.124
      vertex 10.4742 36.5279 99.3186
    endloop
  endfacet
  facet normal 0.292384 0.956301 1.8799e-06
    outer loop
      vertex 11.7426 36.1401 119.5
      vertex 10.8253 36.4206 98.75
      vertex 10.6006 36.4893 99.124
    endloop
  endfacet
  facet normal 0.292521 0.956259 -4.75439e-06
    outer loop
      vertex 11.7426 36.1401 119.5
      vertex 11.0368 36.3559 98.3684
      vertex 10.8253 36.4206 98.75
    endloop
  endfacet
  facet normal 0.292103 0.956387 1.05232e-05
    outer loop
      vertex 11.7426 36.1401 119.5
      vertex 11.2349 36.2954 97.9796
      vertex 11.0368 36.3559 98.3684
    endloop
  endfacet
  facet normal 0.292483 0.956271 6.97287e-07
    outer loop
      vertex 11.7426 36.1401 119.5
      vertex 11.4193 36.239 97.5842
      vertex 11.2349 36.2954 97.9796
    endloop
  endfacet
  facet normal 0.292243 0.956344 4.58078e-06
    outer loop
      vertex 11.7426 36.1401 119.5
      vertex 11.5898 36.1869 97.1826
      vertex 11.4193 36.239 97.5842
    endloop
  endfacet
  facet normal 0.292854 0.956157 0
    outer loop
      vertex 11.5898 36.1869 97.1826
      vertex 11.7426 36.1401 119.5
      vertex 11.7426 36.1401 96.7844
    endloop
  endfacet
  facet normal 0.292854 0.956157 -0
    outer loop
      vertex 11.7426 36.1401 0
      vertex 11.5898 36.1869 87.8174
      vertex 11.7426 36.1401 88.2156
    endloop
  endfacet
  facet normal 0.292235 0.956346 -1.17808e-06
    outer loop
      vertex 11.7426 36.1401 0
      vertex 11.4193 36.239 87.4158
      vertex 11.5898 36.1869 87.8174
    endloop
  endfacet
  facet normal 0.292482 0.956271 -1.78926e-07
    outer loop
      vertex 11.7426 36.1401 0
      vertex 11.2349 36.2954 87.0204
      vertex 11.4193 36.239 87.4158
    endloop
  endfacet
  facet normal 0.292088 0.956391 -2.69209e-06
    outer loop
      vertex 11.7426 36.1401 0
      vertex 11.0368 36.3559 86.6316
      vertex 11.2349 36.2954 87.0204
    endloop
  endfacet
  facet normal 0.292527 0.956257 1.21179e-06
    outer loop
      vertex 11.7426 36.1401 0
      vertex 10.8253 36.4206 86.25
      vertex 11.0368 36.3559 86.6316
    endloop
  endfacet
  facet normal 0.292381 0.956302 -4.77098e-07
    outer loop
      vertex 11.7426 36.1401 0
      vertex 10.6006 36.4893 85.876
      vertex 10.8253 36.4206 86.25
    endloop
  endfacet
  facet normal 0.292072 0.956396 -4.98015e-06
    outer loop
      vertex 11.7426 36.1401 0
      vertex 10.4742 36.5279 85.6814
      vertex 10.6006 36.4893 85.876
    endloop
  endfacet
  facet normal 0.292379 0.956302 0
    outer loop
      vertex 10.4742 36.5279 85.6814
      vertex 11.7426 36.1401 0
      vertex 10.4742 36.5279 0
    endloop
  endfacet
  facet normal -0.754726 0.656041 0
    outer loop
      vertex -29.1097 24.4259 0
      vertex -28.2395 25.427 119.5
      vertex -28.2395 25.427 0
    endloop
  endfacet
  facet normal -0.754726 0.656041 0
    outer loop
      vertex -28.2395 25.427 119.5
      vertex -29.1097 24.4259 0
      vertex -29.1097 24.4259 119.5
    endloop
  endfacet
  facet normal -0.819143 0.573589 0
    outer loop
      vertex -31.5034 21.2493 0
      vertex -30.7426 22.3358 119.5
      vertex -30.7426 22.3358 0
    endloop
  endfacet
  facet normal -0.819143 0.573589 0
    outer loop
      vertex -30.7426 22.3358 119.5
      vertex -31.5034 21.2493 0
      vertex -31.5034 21.2493 119.5
    endloop
  endfacet
  facet normal 0.515083 0.85714 -0
    outer loop
      vertex 20.1369 32.2258 0
      vertex 19 32.909 119.5
      vertex 20.1369 32.2258 119.5
    endloop
  endfacet
  facet normal 0.515083 0.85714 0
    outer loop
      vertex 19 32.909 119.5
      vertex 20.1369 32.2258 0
      vertex 19 32.909 0
    endloop
  endfacet
  facet normal -0.292379 -0.956302 0
    outer loop
      vertex -11.7426 -36.1401 0
      vertex -10.4742 -36.5279 119.5
      vertex -11.7426 -36.1401 119.5
    endloop
  endfacet
  facet normal -0.292379 -0.956302 -0
    outer loop
      vertex -10.4742 -36.5279 119.5
      vertex -11.7426 -36.1401 0
      vertex -10.4742 -36.5279 0
    endloop
  endfacet
  facet normal 0.358342 0.93359 -0
    outer loop
      vertex 14.2351 35.233 0
      vertex 12.9968 35.7083 119.5
      vertex 14.2351 35.233 119.5
    endloop
  endfacet
  facet normal 0.358342 0.93359 0
    outer loop
      vertex 12.9968 35.7083 119.5
      vertex 14.2351 35.233 0
      vertex 12.9968 35.7083 0
    endloop
  endfacet
  facet normal -0.484779 0.874637 0
    outer loop
      vertex -17.8399 33.552 0
      vertex -19 32.909 119.5
      vertex -17.8399 33.552 119.5
    endloop
  endfacet
  facet normal -0.484779 0.874637 0
    outer loop
      vertex -19 32.909 119.5
      vertex -17.8399 33.552 0
      vertex -19 32.909 0
    endloop
  endfacet
  facet normal -0.19082 0.981625 0
    outer loop
      vertex -6.59863 37.4227 103.595
      vertex -7.90064 37.1696 119.5
      vertex -6.59863 37.4227 119.5
    endloop
  endfacet
  facet normal -0.19082 0.981625 0
    outer loop
      vertex -7.90064 37.1696 119.5
      vertex -6.59863 37.4227 103.595
      vertex -7.90064 37.1696 102.282
    endloop
  endfacet
  facet normal -0.19082 0.981625 0
    outer loop
      vertex -7.90064 37.1696 0
      vertex -6.59863 37.4227 81.8842
      vertex -6.59863 37.4227 0
    endloop
  endfacet
  facet normal -0.189791 0.981825 -1.69776e-05
    outer loop
      vertex -6.59863 37.4227 81.8842
      vertex -7.90064 37.1696 0
      vertex -6.62398 37.4178 81.8994
    endloop
  endfacet
  facet normal -0.190994 0.981591 2.49185e-06
    outer loop
      vertex -6.62398 37.4178 81.8994
      vertex -7.90064 37.1696 0
      vertex -6.9899 37.3466 82.137
    endloop
  endfacet
  facet normal -0.190616 0.981665 -1.86527e-06
    outer loop
      vertex -6.9899 37.3466 82.137
      vertex -7.90064 37.1696 0
      vertex -7.34731 37.2772 82.3873
    endloop
  endfacet
  facet normal -0.190994 0.981591 7.67292e-07
    outer loop
      vertex -7.34731 37.2772 82.3873
      vertex -7.90064 37.1696 0
      vertex -7.69576 37.2094 82.6499
    endloop
  endfacet
  facet normal -0.190695 0.981649 0
    outer loop
      vertex -7.69576 37.2094 82.6499
      vertex -7.90064 37.1696 0
      vertex -7.90064 37.1696 82.8158
    endloop
  endfacet
  facet normal -0.325531 0.945531 0
    outer loop
      vertex -11.7426 36.1401 96.7844
      vertex -12.9968 35.7083 119.5
      vertex -11.7426 36.1401 119.5
    endloop
  endfacet
  facet normal -0.317383 0.948297 0.000502426
    outer loop
      vertex -11.7462 36.1389 96.7752
      vertex -12.9968 35.7083 119.5
      vertex -11.7426 36.1401 96.7844
    endloop
  endfacet
  facet normal -0.325595 0.945509 -2.30896e-06
    outer loop
      vertex -11.8882 36.09 96.3627
      vertex -12.9968 35.7083 119.5
      vertex -11.7462 36.1389 96.7752
    endloop
  endfacet
  facet normal -0.325359 0.945591 1.03508e-05
    outer loop
      vertex -12.0158 36.0461 95.9455
      vertex -12.9968 35.7083 119.5
      vertex -11.8882 36.09 96.3627
    endloop
  endfacet
  facet normal -0.325734 0.945461 -7.16297e-06
    outer loop
      vertex -12.1287 36.0072 95.524
      vertex -12.9968 35.7083 119.5
      vertex -12.0158 36.0461 95.9455
    endloop
  endfacet
  facet normal -0.325727 0.945464 -6.84148e-06
    outer loop
      vertex -12.2268 35.9734 95.0989
      vertex -12.9968 35.7083 119.5
      vertex -12.1287 36.0072 95.524
    endloop
  endfacet
  facet normal -0.324843 0.945768 2.43528e-05
    outer loop
      vertex -12.3101 35.9448 94.6706
      vertex -12.9968 35.7083 119.5
      vertex -12.2268 35.9734 95.0989
    endloop
  endfacet
  facet normal -0.325755 0.945454 -3.87352e-06
    outer loop
      vertex -12.3783 35.9213 94.2397
      vertex -12.9968 35.7083 119.5
      vertex -12.3101 35.9448 94.6706
    endloop
  endfacet
  facet normal -0.325334 0.945599 7.65646e-06
    outer loop
      vertex -12.4315 35.903 93.8066
      vertex -12.9968 35.7083 119.5
      vertex -12.3783 35.9213 94.2397
    endloop
  endfacet
  facet normal -0.32586 0.945418 -5.28376e-06
    outer loop
      vertex -12.4695 35.8899 93.3719
      vertex -12.9968 35.7083 119.5
      vertex -12.4315 35.903 93.8066
    endloop
  endfacet
  facet normal -0.325981 0.945376 -8.02581e-06
    outer loop
      vertex -12.4924 35.882 92.9362
      vertex -12.9968 35.7083 119.5
      vertex -12.4695 35.8899 93.3719
    endloop
  endfacet
  facet normal -0.324687 0.945821 1.94588e-05
    outer loop
      vertex -12.5 35.8794 92.5
      vertex -12.9968 35.7083 119.5
      vertex -12.4924 35.882 92.9362
    endloop
  endfacet
  facet normal -0.359625 0.933097 -0.00070403
    outer loop
      vertex -12.4924 35.882 92.0638
      vertex -12.9968 35.7083 119.5
      vertex -12.5 35.8794 92.5
    endloop
  endfacet
  facet normal -0.325531 0.945531 0
    outer loop
      vertex -12.9968 35.7083 0
      vertex -11.7426 36.1401 88.2156
      vertex -11.7426 36.1401 0
    endloop
  endfacet
  facet normal -0.316555 0.948574 -0.000142496
    outer loop
      vertex -11.7426 36.1401 88.2156
      vertex -12.9968 35.7083 0
      vertex -11.7462 36.1389 88.2248
    endloop
  endfacet
  facet normal -0.325599 0.945508 6.62533e-07
    outer loop
      vertex -11.7462 36.1389 88.2248
      vertex -12.9968 35.7083 0
      vertex -11.8882 36.09 88.6373
    endloop
  endfacet
  facet normal -0.325337 0.945598 -3.00243e-06
    outer loop
      vertex -11.8882 36.09 88.6373
      vertex -12.9968 35.7083 0
      vertex -12.0158 36.0461 89.0545
    endloop
  endfacet
  facet normal -0.325751 0.945455 2.10267e-06
    outer loop
      vertex -12.0158 36.0461 89.0545
      vertex -12.9968 35.7083 0
      vertex -12.1287 36.0072 89.476
    endloop
  endfacet
  facet normal -0.325745 0.945458 2.03529e-06
    outer loop
      vertex -12.1287 36.0072 89.476
      vertex -12.9968 35.7083 0
      vertex -12.2268 35.9734 89.9011
    endloop
  endfacet
  facet normal -0.324765 0.945795 -7.35849e-06
    outer loop
      vertex -12.2268 35.9734 89.9011
      vertex -12.9968 35.7083 0
      vertex -12.3101 35.9448 90.3294
    endloop
  endfacet
  facet normal -0.32577 0.945449 1.19346e-06
    outer loop
      vertex -12.3101 35.9448 90.3294
      vertex -12.9968 35.7083 0
      vertex -12.3783 35.9213 90.7603
    endloop
  endfacet
  facet normal -0.325296 0.945612 -2.4214e-06
    outer loop
      vertex -12.3783 35.9213 90.7603
      vertex -12.9968 35.7083 0
      vertex -12.4315 35.903 91.1934
    endloop
  endfacet
  facet normal -0.325896 0.945406 1.73995e-06
    outer loop
      vertex -12.4315 35.903 91.1934
      vertex -12.9968 35.7083 0
      vertex -12.4695 35.8899 91.6281
    endloop
  endfacet
  facet normal -0.326069 0.945346 2.85468e-06
    outer loop
      vertex -12.4695 35.8899 91.6281
      vertex -12.9968 35.7083 0
      vertex -12.4924 35.882 92.0638
    endloop
  endfacet
  facet normal -0.325604 0.945506 0
    outer loop
      vertex -12.4924 35.882 92.0638
      vertex -12.9968 35.7083 0
      vertex -12.9968 35.7083 119.5
    endloop
  endfacet
  facet normal 0.325531 0.945531 0
    outer loop
      vertex 12.9968 35.7083 119.5
      vertex 11.7426 36.1401 96.7844
      vertex 11.7426 36.1401 119.5
    endloop
  endfacet
  facet normal 0.317383 0.948297 0.000502426
    outer loop
      vertex 12.9968 35.7083 119.5
      vertex 11.7462 36.1389 96.7752
      vertex 11.7426 36.1401 96.7844
    endloop
  endfacet
  facet normal 0.325595 0.945509 -2.30896e-06
    outer loop
      vertex 12.9968 35.7083 119.5
      vertex 11.8882 36.09 96.3627
      vertex 11.7462 36.1389 96.7752
    endloop
  endfacet
  facet normal 0.325359 0.945591 1.03508e-05
    outer loop
      vertex 12.9968 35.7083 119.5
      vertex 12.0158 36.0461 95.9455
      vertex 11.8882 36.09 96.3627
    endloop
  endfacet
  facet normal 0.325734 0.945461 -7.16297e-06
    outer loop
      vertex 12.9968 35.7083 119.5
      vertex 12.1287 36.0072 95.524
      vertex 12.0158 36.0461 95.9455
    endloop
  endfacet
  facet normal 0.325727 0.945464 -6.84148e-06
    outer loop
      vertex 12.9968 35.7083 119.5
      vertex 12.2268 35.9734 95.0989
      vertex 12.1287 36.0072 95.524
    endloop
  endfacet
  facet normal 0.324843 0.945768 2.43528e-05
    outer loop
      vertex 12.9968 35.7083 119.5
      vertex 12.3101 35.9448 94.6706
      vertex 12.2268 35.9734 95.0989
    endloop
  endfacet
  facet normal 0.325755 0.945454 -3.87352e-06
    outer loop
      vertex 12.9968 35.7083 119.5
      vertex 12.3783 35.9213 94.2397
      vertex 12.3101 35.9448 94.6706
    endloop
  endfacet
  facet normal 0.325334 0.945599 7.65646e-06
    outer loop
      vertex 12.9968 35.7083 119.5
      vertex 12.4315 35.903 93.8066
      vertex 12.3783 35.9213 94.2397
    endloop
  endfacet
  facet normal 0.32586 0.945418 -5.28376e-06
    outer loop
      vertex 12.9968 35.7083 119.5
      vertex 12.4695 35.8899 93.3719
      vertex 12.4315 35.903 93.8066
    endloop
  endfacet
  facet normal 0.325981 0.945376 -8.02581e-06
    outer loop
      vertex 12.9968 35.7083 119.5
      vertex 12.4924 35.882 92.9362
      vertex 12.4695 35.8899 93.3719
    endloop
  endfacet
  facet normal 0.324687 0.945821 1.94588e-05
    outer loop
      vertex 12.9968 35.7083 119.5
      vertex 12.5 35.8794 92.5
      vertex 12.4924 35.882 92.9362
    endloop
  endfacet
  facet normal 0.359625 0.933097 -0.00070403
    outer loop
      vertex 12.9968 35.7083 119.5
      vertex 12.4924 35.882 92.0638
      vertex 12.5 35.8794 92.5
    endloop
  endfacet
  facet normal 0.325604 0.945506 -0
    outer loop
      vertex 12.9968 35.7083 0
      vertex 12.4924 35.882 92.0638
      vertex 12.9968 35.7083 119.5
    endloop
  endfacet
  facet normal 0.326069 0.945346 2.85468e-06
    outer loop
      vertex 12.9968 35.7083 0
      vertex 12.4695 35.8899 91.6281
      vertex 12.4924 35.882 92.0638
    endloop
  endfacet
  facet normal 0.325896 0.945406 1.73995e-06
    outer loop
      vertex 12.9968 35.7083 0
      vertex 12.4315 35.903 91.1934
      vertex 12.4695 35.8899 91.6281
    endloop
  endfacet
  facet normal 0.325296 0.945612 -2.4214e-06
    outer loop
      vertex 12.9968 35.7083 0
      vertex 12.3783 35.9213 90.7603
      vertex 12.4315 35.903 91.1934
    endloop
  endfacet
  facet normal 0.32577 0.945449 1.19346e-06
    outer loop
      vertex 12.9968 35.7083 0
      vertex 12.3101 35.9448 90.3294
      vertex 12.3783 35.9213 90.7603
    endloop
  endfacet
  facet normal 0.324765 0.945795 -7.35849e-06
    outer loop
      vertex 12.9968 35.7083 0
      vertex 12.2268 35.9734 89.9011
      vertex 12.3101 35.9448 90.3294
    endloop
  endfacet
  facet normal 0.325745 0.945458 2.03529e-06
    outer loop
      vertex 12.9968 35.7083 0
      vertex 12.1287 36.0072 89.476
      vertex 12.2268 35.9734 89.9011
    endloop
  endfacet
  facet normal 0.325751 0.945455 2.10267e-06
    outer loop
      vertex 12.9968 35.7083 0
      vertex 12.0158 36.0461 89.0545
      vertex 12.1287 36.0072 89.476
    endloop
  endfacet
  facet normal 0.325337 0.945598 -3.00243e-06
    outer loop
      vertex 12.9968 35.7083 0
      vertex 11.8882 36.09 88.6373
      vertex 12.0158 36.0461 89.0545
    endloop
  endfacet
  facet normal 0.325599 0.945508 6.62533e-07
    outer loop
      vertex 12.9968 35.7083 0
      vertex 11.7462 36.1389 88.2248
      vertex 11.8882 36.09 88.6373
    endloop
  endfacet
  facet normal 0.316555 0.948574 -0.000142496
    outer loop
      vertex 12.9968 35.7083 0
      vertex 11.7426 36.1401 88.2156
      vertex 11.7462 36.1389 88.2248
    endloop
  endfacet
  facet normal 0.325531 0.945531 0
    outer loop
      vertex 11.7426 36.1401 88.2156
      vertex 12.9968 35.7083 0
      vertex 11.7426 36.1401 0
    endloop
  endfacet
  facet normal 0.85714 -0.515083 0
    outer loop
      vertex 32.2258 -20.1369 119.5
      vertex 32.909 -19 0
      vertex 32.909 -19 119.5
    endloop
  endfacet
  facet normal 0.85714 -0.515083 0
    outer loop
      vertex 32.909 -19 0
      vertex 32.2258 -20.1369 119.5
      vertex 32.2258 -20.1369 0
    endloop
  endfacet
  facet normal 0.838671 -0.544639 0
    outer loop
      vertex 31.5034 -21.2493 119.5
      vertex 32.2258 -20.1369 0
      vertex 32.2258 -20.1369 119.5
    endloop
  endfacet
  facet normal 0.838671 -0.544639 0
    outer loop
      vertex 32.2258 -20.1369 0
      vertex 31.5034 -21.2493 119.5
      vertex 31.5034 -21.2493 0
    endloop
  endfacet
  facet normal -0.996195 0.0871547 0
    outer loop
      vertex -37.9074 2.65075 0
      vertex -37.7918 3.97208 119.5
      vertex -37.7918 3.97208 0
    endloop
  endfacet
  facet normal -0.996195 0.0871547 0
    outer loop
      vertex -37.7918 3.97208 119.5
      vertex -37.9074 2.65075 0
      vertex -37.9074 2.65075 119.5
    endloop
  endfacet
  facet normal -0.987687 0.156441 0
    outer loop
      vertex -37.6302 5.28858 0
      vertex -37.4227 6.59863 119.5
      vertex -37.4227 6.59863 0
    endloop
  endfacet
  facet normal -0.987687 0.156441 0
    outer loop
      vertex -37.4227 6.59863 119.5
      vertex -37.6302 5.28858 0
      vertex -37.6302 5.28858 119.5
    endloop
  endfacet
  facet normal 0.358342 -0.93359 0
    outer loop
      vertex 12.9968 -35.7083 0
      vertex 14.2351 -35.233 119.5
      vertex 12.9968 -35.7083 119.5
    endloop
  endfacet
  facet normal 0.358342 -0.93359 0
    outer loop
      vertex 14.2351 -35.233 119.5
      vertex 12.9968 -35.7083 0
      vertex 14.2351 -35.233 0
    endloop
  endfacet
  facet normal 0.754726 0.656041 0
    outer loop
      vertex 29.1097 24.4259 119.5
      vertex 28.2395 25.427 0
      vertex 28.2395 25.427 119.5
    endloop
  endfacet
  facet normal 0.754726 0.656041 0
    outer loop
      vertex 28.2395 25.427 0
      vertex 29.1097 24.4259 119.5
      vertex 29.1097 24.4259 0
    endloop
  endfacet
  facet normal -0.890993 -0.454016 0
    outer loop
      vertex -33.552 -17.8399 0
      vertex -34.1542 -16.6581 119.5
      vertex -34.1542 -16.6581 0
    endloop
  endfacet
  facet normal -0.890993 -0.454016 0
    outer loop
      vertex -34.1542 -16.6581 119.5
      vertex -33.552 -17.8399 0
      vertex -33.552 -17.8399 119.5
    endloop
  endfacet
  facet normal -0.601796 0.79865 0
    outer loop
      vertex -22.3358 30.7426 0
      vertex -23.3951 29.9444 119.5
      vertex -22.3358 30.7426 119.5
    endloop
  endfacet
  facet normal -0.601796 0.79865 0
    outer loop
      vertex -23.3951 29.9444 119.5
      vertex -22.3358 30.7426 0
      vertex -23.3951 29.9444 0
    endloop
  endfacet
  facet normal -0.777155 -0.629309 0
    outer loop
      vertex -29.1097 -24.4259 0
      vertex -29.9444 -23.3951 119.5
      vertex -29.9444 -23.3951 0
    endloop
  endfacet
  facet normal -0.777155 -0.629309 0
    outer loop
      vertex -29.9444 -23.3951 119.5
      vertex -29.1097 -24.4259 0
      vertex -29.1097 -24.4259 119.5
    endloop
  endfacet
  facet normal -0.515083 0.85714 0
    outer loop
      vertex -19 32.909 0
      vertex -20.1369 32.2258 119.5
      vertex -19 32.909 119.5
    endloop
  endfacet
  facet normal -0.515083 0.85714 0
    outer loop
      vertex -20.1369 32.2258 119.5
      vertex -19 32.909 0
      vertex -20.1369 32.2258 0
    endloop
  endfacet
  facet normal -0.258827 -0.965924 0
    outer loop
      vertex -10.4742 -36.5279 0
      vertex -9.19303 -36.8712 119.5
      vertex -10.4742 -36.5279 119.5
    endloop
  endfacet
  facet normal -0.258827 -0.965924 -0
    outer loop
      vertex -9.19303 -36.8712 119.5
      vertex -10.4742 -36.5279 0
      vertex -9.19303 -36.8712 0
    endloop
  endfacet
  facet normal -0.731331 0.682023 0
    outer loop
      vertex -28.2395 25.427 0
      vertex -27.3349 26.397 119.5
      vertex -27.3349 26.397 0
    endloop
  endfacet
  facet normal -0.731331 0.682023 0
    outer loop
      vertex -27.3349 26.397 119.5
      vertex -28.2395 25.427 0
      vertex -28.2395 25.427 119.5
    endloop
  endfacet
  facet normal -0.874637 -0.484779 0
    outer loop
      vertex -32.909 -19 0
      vertex -33.552 -17.8399 119.5
      vertex -33.552 -17.8399 0
    endloop
  endfacet
  facet normal -0.874637 -0.484779 0
    outer loop
      vertex -33.552 -17.8399 119.5
      vertex -32.909 -19 0
      vertex -32.909 -19 119.5
    endloop
  endfacet
  facet normal 0.422588 -0.906322 0
    outer loop
      vertex 15.456 -34.7147 0
      vertex 16.6581 -34.1542 119.5
      vertex 15.456 -34.7147 119.5
    endloop
  endfacet
  facet normal 0.422588 -0.906322 0
    outer loop
      vertex 16.6581 -34.1542 119.5
      vertex 15.456 -34.7147 0
      vertex 16.6581 -34.1542 0
    endloop
  endfacet
  facet normal 0.998626 -0.0523978 0
    outer loop
      vertex 37.9074 -2.65075 119.5
      vertex 37.9769 -1.32618 0
      vertex 37.9769 -1.32618 119.5
    endloop
  endfacet
  facet normal 0.998626 -0.0523978 0
    outer loop
      vertex 37.9769 -1.32618 0
      vertex 37.9074 -2.65075 119.5
      vertex 37.9074 -2.65075 0
    endloop
  endfacet
  facet normal 0.890993 -0.454016 0
    outer loop
      vertex 33.552 -17.8399 119.5
      vertex 34.1542 -16.6581 0
      vertex 34.1542 -16.6581 119.5
    endloop
  endfacet
  facet normal 0.890993 -0.454016 0
    outer loop
      vertex 34.1542 -16.6581 0
      vertex 33.552 -17.8399 119.5
      vertex 33.552 -17.8399 0
    endloop
  endfacet
  facet normal 0.601796 -0.79865 0
    outer loop
      vertex 22.3358 -30.7426 0
      vertex 23.3951 -29.9444 119.5
      vertex 22.3358 -30.7426 119.5
    endloop
  endfacet
  facet normal 0.601796 -0.79865 0
    outer loop
      vertex 23.3951 -29.9444 119.5
      vertex 22.3358 -30.7426 0
      vertex 23.3951 -29.9444 0
    endloop
  endfacet
  facet normal -0.0523978 -0.998626 0
    outer loop
      vertex -2.65075 -37.9074 0
      vertex -1.32618 -37.9769 113.5
      vertex -2.65075 -37.9074 113.5
    endloop
  endfacet
  facet normal -0.0523978 -0.998626 -0
    outer loop
      vertex -1.32618 -37.9769 113.5
      vertex -2.65075 -37.9074 0
      vertex -1.32618 -37.9769 0
    endloop
  endfacet
  facet normal 0.93359 0.358342 0
    outer loop
      vertex 35.7083 12.9968 119.5
      vertex 35.233 14.2351 0
      vertex 35.233 14.2351 119.5
    endloop
  endfacet
  facet normal 0.93359 0.358342 0
    outer loop
      vertex 35.233 14.2351 0
      vertex 35.7083 12.9968 119.5
      vertex 35.7083 12.9968 0
    endloop
  endfacet
  facet normal -0.573589 -0.819143 0
    outer loop
      vertex -22.3358 -30.7426 0
      vertex -21.2493 -31.5034 119.5
      vertex -22.3358 -30.7426 119.5
    endloop
  endfacet
  facet normal -0.573589 -0.819143 -0
    outer loop
      vertex -21.2493 -31.5034 119.5
      vertex -22.3358 -30.7426 0
      vertex -21.2493 -31.5034 0
    endloop
  endfacet
  facet normal -0.422588 0.906322 0
    outer loop
      vertex -15.456 34.7147 0
      vertex -16.6581 34.1542 119.5
      vertex -15.456 34.7147 119.5
    endloop
  endfacet
  facet normal -0.422588 0.906322 0
    outer loop
      vertex -16.6581 34.1542 119.5
      vertex -15.456 34.7147 0
      vertex -16.6581 34.1542 0
    endloop
  endfacet
  facet normal 0.573589 -0.819143 0
    outer loop
      vertex 21.2493 -31.5034 0
      vertex 22.3358 -30.7426 119.5
      vertex 21.2493 -31.5034 119.5
    endloop
  endfacet
  facet normal 0.573589 -0.819143 0
    outer loop
      vertex 22.3358 -30.7426 119.5
      vertex 21.2493 -31.5034 0
      vertex 22.3358 -30.7426 0
    endloop
  endfacet
  facet normal -0.707107 0.707107 0
    outer loop
      vertex -27.3349 26.397 0
      vertex -26.397 27.3349 119.5
      vertex -26.397 27.3349 0
    endloop
  endfacet
  facet normal -0.707107 0.707107 0
    outer loop
      vertex -26.397 27.3349 119.5
      vertex -27.3349 26.397 0
      vertex -27.3349 26.397 119.5
    endloop
  endfacet
  facet normal -0.358342 -0.93359 0
    outer loop
      vertex -14.2351 -35.233 0
      vertex -12.9968 -35.7083 119.5
      vertex -14.2351 -35.233 119.5
    endloop
  endfacet
  facet normal -0.358342 -0.93359 -0
    outer loop
      vertex -12.9968 -35.7083 119.5
      vertex -14.2351 -35.233 0
      vertex -12.9968 -35.7083 0
    endloop
  endfacet
  facet normal -0.656041 -0.754726 0
    outer loop
      vertex -25.427 -28.2395 0
      vertex -24.4259 -29.1097 119.5
      vertex -25.427 -28.2395 119.5
    endloop
  endfacet
  facet normal -0.656041 -0.754726 -0
    outer loop
      vertex -24.4259 -29.1097 119.5
      vertex -25.427 -28.2395 0
      vertex -24.4259 -29.1097 0
    endloop
  endfacet
  facet normal -0.390769 -0.920489 0
    outer loop
      vertex -15.456 -34.7147 0
      vertex -14.2351 -35.233 119.5
      vertex -15.456 -34.7147 119.5
    endloop
  endfacet
  facet normal -0.390769 -0.920489 -0
    outer loop
      vertex -14.2351 -35.233 119.5
      vertex -15.456 -34.7147 0
      vertex -14.2351 -35.233 0
    endloop
  endfacet
  facet normal -0.920489 -0.390769 0
    outer loop
      vertex -34.7147 -15.456 0
      vertex -35.233 -14.2351 119.5
      vertex -35.233 -14.2351 0
    endloop
  endfacet
  facet normal -0.920489 -0.390769 0
    outer loop
      vertex -35.233 -14.2351 119.5
      vertex -34.7147 -15.456 0
      vertex -34.7147 -15.456 119.5
    endloop
  endfacet
  facet normal -0 0 1
    outer loop
      vertex 2.51123 -35.9123 119.5
      vertex 3.4 -35.99 119.5
      vertex 3.76302 -35.8028 119.5
    endloop
  endfacet
  facet normal -0 0 1
    outer loop
      vertex 1.25638 -35.9781 119.5
      vertex 3.4 -35.99 119.5
      vertex 2.51123 -35.9123 119.5
    endloop
  endfacet
  facet normal 0 0 1
    outer loop
      vertex 3.4 -35.99 119.5
      vertex 1.25638 -35.9781 119.5
      vertex 0.5729 -35.99 119.5
    endloop
  endfacet
  facet normal 0 0 1
    outer loop
      vertex 36 0 119.5
      vertex 38 0 119.5
      vertex 37.9769 1.32618 119.5
    endloop
  endfacet
  facet normal 0 0 1
    outer loop
      vertex 35.9781 1.25638 119.5
      vertex 37.9769 1.32618 119.5
      vertex 37.9074 2.65075 119.5
    endloop
  endfacet
  facet normal 0 0 1
    outer loop
      vertex 38 0 119.5
      vertex 36 0 119.5
      vertex 37.9769 -1.32618 119.5
    endloop
  endfacet
  facet normal 0 0 1
    outer loop
      vertex 35.9123 2.51123 119.5
      vertex 37.9074 2.65075 119.5
      vertex 37.7918 3.97208 119.5
    endloop
  endfacet
  facet normal -0 0 1
    outer loop
      vertex 35.9781 -1.25638 119.5
      vertex 37.9769 -1.32618 119.5
      vertex 36 0 119.5
    endloop
  endfacet
  facet normal 0 0 1
    outer loop
      vertex 35.8028 3.76302 119.5
      vertex 37.7918 3.97208 119.5
      vertex 37.6302 5.28858 119.5
    endloop
  endfacet
  facet normal 0 0 1
    outer loop
      vertex 37.9769 -1.32618 119.5
      vertex 35.9781 -1.25638 119.5
      vertex 37.9074 -2.65075 119.5
    endloop
  endfacet
  facet normal 0 0 1
    outer loop
      vertex 35.6497 5.01023 119.5
      vertex 37.6302 5.28858 119.5
      vertex 37.4227 6.59863 119.5
    endloop
  endfacet
  facet normal -0 0 1
    outer loop
      vertex 35.9123 -2.51123 119.5
      vertex 37.9074 -2.65075 119.5
      vertex 35.9781 -1.25638 119.5
    endloop
  endfacet
  facet normal 0 0 1
    outer loop
      vertex 35.4531 6.25133 119.5
      vertex 37.4227 6.59863 119.5
      vertex 37.1696 7.90064 119.5
    endloop
  endfacet
  facet normal 0 0 1
    outer loop
      vertex 37.9074 -2.65075 119.5
      vertex 35.9123 -2.51123 119.5
      vertex 37.7918 -3.97208 119.5
    endloop
  endfacet
  facet normal 0 0 1
    outer loop
      vertex 35.2133 7.48482 119.5
      vertex 37.1696 7.90064 119.5
      vertex 36.8712 9.19303 119.5
    endloop
  endfacet
  facet normal -0 0 1
    outer loop
      vertex 35.8028 -3.76302 119.5
      vertex 37.7918 -3.97208 119.5
      vertex 35.9123 -2.51123 119.5
    endloop
  endfacet
  facet normal 0 0 1
    outer loop
      vertex 34.9306 8.70919 119.5
      vertex 36.8712 9.19303 119.5
      vertex 36.5279 10.4742 119.5
    endloop
  endfacet
  facet normal 0 0 1
    outer loop
      vertex 37.7918 -3.97208 119.5
      vertex 35.8028 -3.76302 119.5
      vertex 37.6302 -5.28858 119.5
    endloop
  endfacet
  facet normal 0 0 1
    outer loop
      vertex 34.6054 9.92294 119.5
      vertex 36.5279 10.4742 119.5
      vertex 36.1401 11.7426 119.5
    endloop
  endfacet
  facet normal -0 0 1
    outer loop
      vertex 35.6497 -5.01023 119.5
      vertex 37.6302 -5.28858 119.5
      vertex 35.8028 -3.76302 119.5
    endloop
  endfacet
  facet normal 0 0 1
    outer loop
      vertex 37.6302 -5.28858 119.5
      vertex 35.6497 -5.01023 119.5
      vertex 37.4227 -6.59863 119.5
    endloop
  endfacet
  facet normal 0 0 1
    outer loop
      vertex 37.9769 1.32618 119.5
      vertex 35.9781 1.25638 119.5
      vertex 36 0 119.5
    endloop
  endfacet
  facet normal 0 0 1
    outer loop
      vertex 37.9074 2.65075 119.5
      vertex 35.9123 2.51123 119.5
      vertex 35.9781 1.25638 119.5
    endloop
  endfacet
  facet normal 0 0 1
    outer loop
      vertex 37.7918 3.97208 119.5
      vertex 35.8028 3.76302 119.5
      vertex 35.9123 2.51123 119.5
    endloop
  endfacet
  facet normal 0 0 1
    outer loop
      vertex 34.238 11.1246 119.5
      vertex 36.1401 11.7426 119.5
      vertex 35.7083 12.9968 119.5
    endloop
  endfacet
  facet normal 0 0 1
    outer loop
      vertex 37.6302 5.28858 119.5
      vertex 35.6497 5.01023 119.5
      vertex 35.8028 3.76302 119.5
    endloop
  endfacet
  facet normal 0 0 1
    outer loop
      vertex 37.4227 6.59863 119.5
      vertex 35.4531 6.25133 119.5
      vertex 35.6497 5.01023 119.5
    endloop
  endfacet
  facet normal 0 0 1
    outer loop
      vertex 33.8289 12.3127 119.5
      vertex 35.7083 12.9968 119.5
      vertex 35.233 14.2351 119.5
    endloop
  endfacet
  facet normal 0 0 1
    outer loop
      vertex 37.1696 7.90064 119.5
      vertex 35.2133 7.48482 119.5
      vertex 35.4531 6.25133 119.5
    endloop
  endfacet
  facet normal 0 0 1
    outer loop
      vertex 36.8712 9.19303 119.5
      vertex 34.9306 8.70919 119.5
      vertex 35.2133 7.48482 119.5
    endloop
  endfacet
  facet normal 0 0 1
    outer loop
      vertex 33.3786 13.4858 119.5
      vertex 35.233 14.2351 119.5
      vertex 34.7147 15.456 119.5
    endloop
  endfacet
  facet normal 0 0 1
    outer loop
      vertex 36.5279 10.4742 119.5
      vertex 34.6054 9.92294 119.5
      vertex 34.9306 8.70919 119.5
    endloop
  endfacet
  facet normal 0 0 1
    outer loop
      vertex 36.1401 11.7426 119.5
      vertex 34.238 11.1246 119.5
      vertex 34.6054 9.92294 119.5
    endloop
  endfacet
  facet normal 0 0 1
    outer loop
      vertex 32.8876 14.6425 119.5
      vertex 34.7147 15.456 119.5
      vertex 34.1542 16.6581 119.5
    endloop
  endfacet
  facet normal 0 0 1
    outer loop
      vertex 35.7083 12.9968 119.5
      vertex 33.8289 12.3127 119.5
      vertex 34.238 11.1246 119.5
    endloop
  endfacet
  facet normal 0 0 1
    outer loop
      vertex 32.3566 15.7814 119.5
      vertex 34.1542 16.6581 119.5
      vertex 33.552 17.8399 119.5
    endloop
  endfacet
  facet normal 0 0 1
    outer loop
      vertex 35.233 14.2351 119.5
      vertex 33.3786 13.4858 119.5
      vertex 33.8289 12.3127 119.5
    endloop
  endfacet
  facet normal 0 0 1
    outer loop
      vertex 31.7861 16.901 119.5
      vertex 33.552 17.8399 119.5
      vertex 32.909 19 119.5
    endloop
  endfacet
  facet normal 0 0 1
    outer loop
      vertex 34.7147 15.456 119.5
      vertex 32.8876 14.6425 119.5
      vertex 33.3786 13.4858 119.5
    endloop
  endfacet
  facet normal 0 0 1
    outer loop
      vertex 34.1542 16.6581 119.5
      vertex 32.3566 15.7814 119.5
      vertex 32.8876 14.6425 119.5
    endloop
  endfacet
  facet normal 0 0 1
    outer loop
      vertex 31.1769 18 119.5
      vertex 32.909 19 119.5
      vertex 32.2258 20.1369 119.5
    endloop
  endfacet
  facet normal 0 0 1
    outer loop
      vertex 33.552 17.8399 119.5
      vertex 31.7861 16.901 119.5
      vertex 32.3566 15.7814 119.5
    endloop
  endfacet
  facet normal 0 0 1
    outer loop
      vertex 30.5297 19.0771 119.5
      vertex 32.2258 20.1369 119.5
      vertex 31.5034 21.2493 119.5
    endloop
  endfacet
  facet normal 0 0 1
    outer loop
      vertex 32.909 19 119.5
      vertex 31.1769 18 119.5
      vertex 31.7861 16.901 119.5
    endloop
  endfacet
  facet normal 0 0 1
    outer loop
      vertex 29.8454 20.1309 119.5
      vertex 31.5034 21.2493 119.5
      vertex 30.7426 22.3358 119.5
    endloop
  endfacet
  facet normal 0 0 1
    outer loop
      vertex 32.2258 20.1369 119.5
      vertex 30.5297 19.0771 119.5
      vertex 31.1769 18 119.5
    endloop
  endfacet
  facet normal 0 0 1
    outer loop
      vertex 29.1246 21.1603 119.5
      vertex 30.7426 22.3358 119.5
      vertex 29.9444 23.3951 119.5
    endloop
  endfacet
  facet normal 0 0 1
    outer loop
      vertex 31.5034 21.2493 119.5
      vertex 29.8454 20.1309 119.5
      vertex 30.5297 19.0771 119.5
    endloop
  endfacet
  facet normal 0 0 1
    outer loop
      vertex 30.7426 22.3358 119.5
      vertex 29.1246 21.1603 119.5
      vertex 29.8454 20.1309 119.5
    endloop
  endfacet
  facet normal 0 0 1
    outer loop
      vertex 28.3684 22.1638 119.5
      vertex 29.9444 23.3951 119.5
      vertex 29.1097 24.4259 119.5
    endloop
  endfacet
  facet normal 0 0 1
    outer loop
      vertex 29.9444 23.3951 119.5
      vertex 28.3684 22.1638 119.5
      vertex 29.1246 21.1603 119.5
    endloop
  endfacet
  facet normal 0 0 1
    outer loop
      vertex 27.5776 23.1404 119.5
      vertex 29.1097 24.4259 119.5
      vertex 28.2395 25.427 119.5
    endloop
  endfacet
  facet normal 0 0 1
    outer loop
      vertex 29.1097 24.4259 119.5
      vertex 27.5776 23.1404 119.5
      vertex 28.3684 22.1638 119.5
    endloop
  endfacet
  facet normal 0 0 1
    outer loop
      vertex 26.7532 24.0887 119.5
      vertex 28.2395 25.427 119.5
      vertex 27.3349 26.397 119.5
    endloop
  endfacet
  facet normal 0 0 1
    outer loop
      vertex 28.2395 25.427 119.5
      vertex 26.7532 24.0887 119.5
      vertex 27.5776 23.1404 119.5
    endloop
  endfacet
  facet normal 0 0 1
    outer loop
      vertex 25.8962 25.0077 119.5
      vertex 27.3349 26.397 119.5
      vertex 26.397 27.3349 119.5
    endloop
  endfacet
  facet normal 0 0 1
    outer loop
      vertex 27.3349 26.397 119.5
      vertex 25.8962 25.0077 119.5
      vertex 26.7532 24.0887 119.5
    endloop
  endfacet
  facet normal 0 0 1
    outer loop
      vertex 25.0077 25.8962 119.5
      vertex 26.397 27.3349 119.5
      vertex 25.427 28.2395 119.5
    endloop
  endfacet
  facet normal 0 0 1
    outer loop
      vertex 26.397 27.3349 119.5
      vertex 25.0077 25.8962 119.5
      vertex 25.8962 25.0077 119.5
    endloop
  endfacet
  facet normal 0 0 1
    outer loop
      vertex 24.0887 26.7532 119.5
      vertex 25.427 28.2395 119.5
      vertex 24.4259 29.1097 119.5
    endloop
  endfacet
  facet normal 0 0 1
    outer loop
      vertex 25.427 28.2395 119.5
      vertex 24.0887 26.7532 119.5
      vertex 25.0077 25.8962 119.5
    endloop
  endfacet
  facet normal 0 0 1
    outer loop
      vertex 23.1404 27.5776 119.5
      vertex 24.4259 29.1097 119.5
      vertex 23.3951 29.9444 119.5
    endloop
  endfacet
  facet normal 0 0 1
    outer loop
      vertex 24.4259 29.1097 119.5
      vertex 23.1404 27.5776 119.5
      vertex 24.0887 26.7532 119.5
    endloop
  endfacet
  facet normal 0 0 1
    outer loop
      vertex 22.1638 28.3684 119.5
      vertex 23.3951 29.9444 119.5
      vertex 22.3358 30.7426 119.5
    endloop
  endfacet
  facet normal 0 0 1
    outer loop
      vertex 23.3951 29.9444 119.5
      vertex 22.1638 28.3684 119.5
      vertex 23.1404 27.5776 119.5
    endloop
  endfacet
  facet normal 0 0 1
    outer loop
      vertex 21.1603 29.1246 119.5
      vertex 22.3358 30.7426 119.5
      vertex 21.2493 31.5034 119.5
    endloop
  endfacet
  facet normal 0 0 1
    outer loop
      vertex 22.3358 30.7426 119.5
      vertex 21.1603 29.1246 119.5
      vertex 22.1638 28.3684 119.5
    endloop
  endfacet
  facet normal 0 0 1
    outer loop
      vertex 20.1309 29.8454 119.5
      vertex 21.2493 31.5034 119.5
      vertex 20.1369 32.2258 119.5
    endloop
  endfacet
  facet normal 0 0 1
    outer loop
      vertex 21.2493 31.5034 119.5
      vertex 20.1309 29.8454 119.5
      vertex 21.1603 29.1246 119.5
    endloop
  endfacet
  facet normal 0 0 1
    outer loop
      vertex 20.1369 32.2258 119.5
      vertex 19.0771 30.5297 119.5
      vertex 20.1309 29.8454 119.5
    endloop
  endfacet
  facet normal 0 0 1
    outer loop
      vertex 19 32.909 119.5
      vertex 19.0771 30.5297 119.5
      vertex 20.1369 32.2258 119.5
    endloop
  endfacet
  facet normal 0 0 1
    outer loop
      vertex 19 32.909 119.5
      vertex 18 31.1769 119.5
      vertex 19.0771 30.5297 119.5
    endloop
  endfacet
  facet normal 0 0 1
    outer loop
      vertex 17.8399 33.552 119.5
      vertex 18 31.1769 119.5
      vertex 19 32.909 119.5
    endloop
  endfacet
  facet normal 0 0 1
    outer loop
      vertex 17.8399 33.552 119.5
      vertex 16.901 31.7861 119.5
      vertex 18 31.1769 119.5
    endloop
  endfacet
  facet normal 0 0 1
    outer loop
      vertex 16.6581 34.1542 119.5
      vertex 16.901 31.7861 119.5
      vertex 17.8399 33.552 119.5
    endloop
  endfacet
  facet normal 0 0 1
    outer loop
      vertex 16.6581 34.1542 119.5
      vertex 15.7814 32.3566 119.5
      vertex 16.901 31.7861 119.5
    endloop
  endfacet
  facet normal 0 0 1
    outer loop
      vertex 15.456 34.7147 119.5
      vertex 15.7814 32.3566 119.5
      vertex 16.6581 34.1542 119.5
    endloop
  endfacet
  facet normal 0 0 1
    outer loop
      vertex 15.456 34.7147 119.5
      vertex 14.6425 32.8876 119.5
      vertex 15.7814 32.3566 119.5
    endloop
  endfacet
  facet normal 0 0 1
    outer loop
      vertex 14.2351 35.233 119.5
      vertex 14.6425 32.8876 119.5
      vertex 15.456 34.7147 119.5
    endloop
  endfacet
  facet normal 0 0 1
    outer loop
      vertex 14.2351 35.233 119.5
      vertex 13.4858 33.3786 119.5
      vertex 14.6425 32.8876 119.5
    endloop
  endfacet
  facet normal 0 0 1
    outer loop
      vertex 12.9968 35.7083 119.5
      vertex 13.4858 33.3786 119.5
      vertex 14.2351 35.233 119.5
    endloop
  endfacet
  facet normal 0 0 1
    outer loop
      vertex 12.9968 35.7083 119.5
      vertex 12.3127 33.8289 119.5
      vertex 13.4858 33.3786 119.5
    endloop
  endfacet
  facet normal 0 0 1
    outer loop
      vertex 11.7426 36.1401 119.5
      vertex 12.3127 33.8289 119.5
      vertex 12.9968 35.7083 119.5
    endloop
  endfacet
  facet normal 0 0 1
    outer loop
      vertex 11.7426 36.1401 119.5
      vertex 11.1246 34.238 119.5
      vertex 12.3127 33.8289 119.5
    endloop
  endfacet
  facet normal 0 0 1
    outer loop
      vertex 10.4742 36.5279 119.5
      vertex 11.1246 34.238 119.5
      vertex 11.7426 36.1401 119.5
    endloop
  endfacet
  facet normal 0 0 1
    outer loop
      vertex 10.4742 36.5279 119.5
      vertex 9.92294 34.6054 119.5
      vertex 11.1246 34.238 119.5
    endloop
  endfacet
  facet normal 0 0 1
    outer loop
      vertex 9.19303 36.8712 119.5
      vertex 9.92294 34.6054 119.5
      vertex 10.4742 36.5279 119.5
    endloop
  endfacet
  facet normal 0 0 1
    outer loop
      vertex 9.19303 36.8712 119.5
      vertex 8.70919 34.9306 119.5
      vertex 9.92294 34.6054 119.5
    endloop
  endfacet
  facet normal 0 0 1
    outer loop
      vertex 7.90064 37.1696 119.5
      vertex 8.70919 34.9306 119.5
      vertex 9.19303 36.8712 119.5
    endloop
  endfacet
  facet normal 0 0 1
    outer loop
      vertex 7.90064 37.1696 119.5
      vertex 7.48482 35.2133 119.5
      vertex 8.70919 34.9306 119.5
    endloop
  endfacet
  facet normal 0 0 1
    outer loop
      vertex 6.59863 37.4227 119.5
      vertex 7.48482 35.2133 119.5
      vertex 7.90064 37.1696 119.5
    endloop
  endfacet
  facet normal 0 0 1
    outer loop
      vertex 6.59863 37.4227 119.5
      vertex 6.25133 35.4531 119.5
      vertex 7.48482 35.2133 119.5
    endloop
  endfacet
  facet normal 0 0 1
    outer loop
      vertex 5.28858 37.6302 119.5
      vertex 6.25133 35.4531 119.5
      vertex 6.59863 37.4227 119.5
    endloop
  endfacet
  facet normal 0 0 1
    outer loop
      vertex 5.28858 37.6302 119.5
      vertex 5.01023 35.6497 119.5
      vertex 6.25133 35.4531 119.5
    endloop
  endfacet
  facet normal 0 0 1
    outer loop
      vertex 3.97208 37.7918 119.5
      vertex 5.01023 35.6497 119.5
      vertex 5.28858 37.6302 119.5
    endloop
  endfacet
  facet normal 0 0 1
    outer loop
      vertex 3.97208 37.7918 119.5
      vertex 3.76302 35.8028 119.5
      vertex 5.01023 35.6497 119.5
    endloop
  endfacet
  facet normal 0 0 1
    outer loop
      vertex 2.65075 37.9074 119.5
      vertex 3.76302 35.8028 119.5
      vertex 3.97208 37.7918 119.5
    endloop
  endfacet
  facet normal 0 0 1
    outer loop
      vertex 2.65075 37.9074 119.5
      vertex 2.51123 35.9123 119.5
      vertex 3.76302 35.8028 119.5
    endloop
  endfacet
  facet normal 0 0 1
    outer loop
      vertex 1.32618 37.9769 119.5
      vertex 2.51123 35.9123 119.5
      vertex 2.65075 37.9074 119.5
    endloop
  endfacet
  facet normal 0 0 1
    outer loop
      vertex 1.32618 37.9769 119.5
      vertex 1.25638 35.9781 119.5
      vertex 2.51123 35.9123 119.5
    endloop
  endfacet
  facet normal 0 0 1
    outer loop
      vertex 0 38 119.5
      vertex 1.25638 35.9781 119.5
      vertex 1.32618 37.9769 119.5
    endloop
  endfacet
  facet normal 0 0 1
    outer loop
      vertex 0 38 119.5
      vertex 0 36 119.5
      vertex 1.25638 35.9781 119.5
    endloop
  endfacet
  facet normal 0 0 1
    outer loop
      vertex 0 38 119.5
      vertex -1.25638 35.9781 119.5
      vertex 0 36 119.5
    endloop
  endfacet
  facet normal -0 0 1
    outer loop
      vertex -1.32618 37.9769 119.5
      vertex -1.25638 35.9781 119.5
      vertex 0 38 119.5
    endloop
  endfacet
  facet normal 0 0 1
    outer loop
      vertex -1.32618 37.9769 119.5
      vertex -2.51123 35.9123 119.5
      vertex -1.25638 35.9781 119.5
    endloop
  endfacet
  facet normal -0 0 1
    outer loop
      vertex -2.65075 37.9074 119.5
      vertex -2.51123 35.9123 119.5
      vertex -1.32618 37.9769 119.5
    endloop
  endfacet
  facet normal 0 0 1
    outer loop
      vertex -2.65075 37.9074 119.5
      vertex -3.76302 35.8028 119.5
      vertex -2.51123 35.9123 119.5
    endloop
  endfacet
  facet normal -0 0 1
    outer loop
      vertex -3.97208 37.7918 119.5
      vertex -3.76302 35.8028 119.5
      vertex -2.65075 37.9074 119.5
    endloop
  endfacet
  facet normal 0 0 1
    outer loop
      vertex -3.97208 37.7918 119.5
      vertex -5.01023 35.6497 119.5
      vertex -3.76302 35.8028 119.5
    endloop
  endfacet
  facet normal -0 0 1
    outer loop
      vertex -5.28858 37.6302 119.5
      vertex -5.01023 35.6497 119.5
      vertex -3.97208 37.7918 119.5
    endloop
  endfacet
  facet normal 0 0 1
    outer loop
      vertex -5.28858 37.6302 119.5
      vertex -6.25133 35.4531 119.5
      vertex -5.01023 35.6497 119.5
    endloop
  endfacet
  facet normal -0 0 1
    outer loop
      vertex -6.59863 37.4227 119.5
      vertex -6.25133 35.4531 119.5
      vertex -5.28858 37.6302 119.5
    endloop
  endfacet
  facet normal 0 0 1
    outer loop
      vertex -6.59863 37.4227 119.5
      vertex -7.48482 35.2133 119.5
      vertex -6.25133 35.4531 119.5
    endloop
  endfacet
  facet normal -0 0 1
    outer loop
      vertex -7.90064 37.1696 119.5
      vertex -7.48482 35.2133 119.5
      vertex -6.59863 37.4227 119.5
    endloop
  endfacet
  facet normal 0 0 1
    outer loop
      vertex -7.90064 37.1696 119.5
      vertex -8.70919 34.9306 119.5
      vertex -7.48482 35.2133 119.5
    endloop
  endfacet
  facet normal -0 0 1
    outer loop
      vertex -9.19303 36.8712 119.5
      vertex -8.70919 34.9306 119.5
      vertex -7.90064 37.1696 119.5
    endloop
  endfacet
  facet normal 0 0 1
    outer loop
      vertex -9.19303 36.8712 119.5
      vertex -9.92294 34.6054 119.5
      vertex -8.70919 34.9306 119.5
    endloop
  endfacet
  facet normal -0 0 1
    outer loop
      vertex -10.4742 36.5279 119.5
      vertex -9.92294 34.6054 119.5
      vertex -9.19303 36.8712 119.5
    endloop
  endfacet
  facet normal 0 0 1
    outer loop
      vertex -10.4742 36.5279 119.5
      vertex -11.1246 34.238 119.5
      vertex -9.92294 34.6054 119.5
    endloop
  endfacet
  facet normal -0 0 1
    outer loop
      vertex -11.7426 36.1401 119.5
      vertex -11.1246 34.238 119.5
      vertex -10.4742 36.5279 119.5
    endloop
  endfacet
  facet normal 0 0 1
    outer loop
      vertex -11.7426 36.1401 119.5
      vertex -12.3127 33.8289 119.5
      vertex -11.1246 34.238 119.5
    endloop
  endfacet
  facet normal -0 0 1
    outer loop
      vertex -12.9968 35.7083 119.5
      vertex -12.3127 33.8289 119.5
      vertex -11.7426 36.1401 119.5
    endloop
  endfacet
  facet normal 0 0 1
    outer loop
      vertex -12.9968 35.7083 119.5
      vertex -13.4858 33.3786 119.5
      vertex -12.3127 33.8289 119.5
    endloop
  endfacet
  facet normal -0 0 1
    outer loop
      vertex -14.2351 35.233 119.5
      vertex -13.4858 33.3786 119.5
      vertex -12.9968 35.7083 119.5
    endloop
  endfacet
  facet normal 0 0 1
    outer loop
      vertex -14.2351 35.233 119.5
      vertex -14.6425 32.8876 119.5
      vertex -13.4858 33.3786 119.5
    endloop
  endfacet
  facet normal -0 0 1
    outer loop
      vertex -15.456 34.7147 119.5
      vertex -14.6425 32.8876 119.5
      vertex -14.2351 35.233 119.5
    endloop
  endfacet
  facet normal 0 0 1
    outer loop
      vertex -15.456 34.7147 119.5
      vertex -15.7814 32.3566 119.5
      vertex -14.6425 32.8876 119.5
    endloop
  endfacet
  facet normal -0 0 1
    outer loop
      vertex -16.6581 34.1542 119.5
      vertex -15.7814 32.3566 119.5
      vertex -15.456 34.7147 119.5
    endloop
  endfacet
  facet normal 0 0 1
    outer loop
      vertex -16.6581 34.1542 119.5
      vertex -16.901 31.7861 119.5
      vertex -15.7814 32.3566 119.5
    endloop
  endfacet
  facet normal -0 0 1
    outer loop
      vertex -17.8399 33.552 119.5
      vertex -16.901 31.7861 119.5
      vertex -16.6581 34.1542 119.5
    endloop
  endfacet
  facet normal 0 0 1
    outer loop
      vertex -17.8399 33.552 119.5
      vertex -18 31.1769 119.5
      vertex -16.901 31.7861 119.5
    endloop
  endfacet
  facet normal -0 0 1
    outer loop
      vertex -19 32.909 119.5
      vertex -18 31.1769 119.5
      vertex -17.8399 33.552 119.5
    endloop
  endfacet
  facet normal 0 0 1
    outer loop
      vertex -19 32.909 119.5
      vertex -19.0771 30.5297 119.5
      vertex -18 31.1769 119.5
    endloop
  endfacet
  facet normal -0 0 1
    outer loop
      vertex -20.1369 32.2258 119.5
      vertex -19.0771 30.5297 119.5
      vertex -19 32.909 119.5
    endloop
  endfacet
  facet normal 0 0 1
    outer loop
      vertex -19.0771 30.5297 119.5
      vertex -20.1369 32.2258 119.5
      vertex -20.1309 29.8454 119.5
    endloop
  endfacet
  facet normal -0 0 1
    outer loop
      vertex -21.2493 31.5034 119.5
      vertex -20.1309 29.8454 119.5
      vertex -20.1369 32.2258 119.5
    endloop
  endfacet
  facet normal 0 0 1
    outer loop
      vertex -20.1309 29.8454 119.5
      vertex -21.2493 31.5034 119.5
      vertex -21.1603 29.1246 119.5
    endloop
  endfacet
  facet normal -0 0 1
    outer loop
      vertex -22.3358 30.7426 119.5
      vertex -21.1603 29.1246 119.5
      vertex -21.2493 31.5034 119.5
    endloop
  endfacet
  facet normal 0 0 1
    outer loop
      vertex -21.1603 29.1246 119.5
      vertex -22.3358 30.7426 119.5
      vertex -22.1638 28.3684 119.5
    endloop
  endfacet
  facet normal -0 0 1
    outer loop
      vertex -23.3951 29.9444 119.5
      vertex -22.1638 28.3684 119.5
      vertex -22.3358 30.7426 119.5
    endloop
  endfacet
  facet normal 0 0 1
    outer loop
      vertex -22.1638 28.3684 119.5
      vertex -23.3951 29.9444 119.5
      vertex -23.1404 27.5776 119.5
    endloop
  endfacet
  facet normal -0 0 1
    outer loop
      vertex -24.4259 29.1097 119.5
      vertex -23.1404 27.5776 119.5
      vertex -23.3951 29.9444 119.5
    endloop
  endfacet
  facet normal 0 0 1
    outer loop
      vertex -23.1404 27.5776 119.5
      vertex -24.4259 29.1097 119.5
      vertex -24.0887 26.7532 119.5
    endloop
  endfacet
  facet normal -0 0 1
    outer loop
      vertex -25.427 28.2395 119.5
      vertex -24.0887 26.7532 119.5
      vertex -24.4259 29.1097 119.5
    endloop
  endfacet
  facet normal 0 0 1
    outer loop
      vertex -24.0887 26.7532 119.5
      vertex -25.427 28.2395 119.5
      vertex -25.0077 25.8962 119.5
    endloop
  endfacet
  facet normal -0 0 1
    outer loop
      vertex -26.397 27.3349 119.5
      vertex -25.0077 25.8962 119.5
      vertex -25.427 28.2395 119.5
    endloop
  endfacet
  facet normal 0 0 1
    outer loop
      vertex -25.0077 25.8962 119.5
      vertex -26.397 27.3349 119.5
      vertex -25.8962 25.0077 119.5
    endloop
  endfacet
  facet normal -0 0 1
    outer loop
      vertex -27.3349 26.397 119.5
      vertex -25.8962 25.0077 119.5
      vertex -26.397 27.3349 119.5
    endloop
  endfacet
  facet normal 0 0 1
    outer loop
      vertex -25.8962 25.0077 119.5
      vertex -27.3349 26.397 119.5
      vertex -26.7532 24.0887 119.5
    endloop
  endfacet
  facet normal -0 0 1
    outer loop
      vertex -28.2395 25.427 119.5
      vertex -26.7532 24.0887 119.5
      vertex -27.3349 26.397 119.5
    endloop
  endfacet
  facet normal 0 0 1
    outer loop
      vertex -26.7532 24.0887 119.5
      vertex -28.2395 25.427 119.5
      vertex -27.5776 23.1404 119.5
    endloop
  endfacet
  facet normal -0 0 1
    outer loop
      vertex -29.1097 24.4259 119.5
      vertex -27.5776 23.1404 119.5
      vertex -28.2395 25.427 119.5
    endloop
  endfacet
  facet normal 0 0 1
    outer loop
      vertex -27.5776 23.1404 119.5
      vertex -29.1097 24.4259 119.5
      vertex -28.3684 22.1638 119.5
    endloop
  endfacet
  facet normal -0 0 1
    outer loop
      vertex -29.9444 23.3951 119.5
      vertex -28.3684 22.1638 119.5
      vertex -29.1097 24.4259 119.5
    endloop
  endfacet
  facet normal 0 0 1
    outer loop
      vertex -28.3684 22.1638 119.5
      vertex -29.9444 23.3951 119.5
      vertex -29.1246 21.1603 119.5
    endloop
  endfacet
  facet normal -0 0 1
    outer loop
      vertex -30.7426 22.3358 119.5
      vertex -29.1246 21.1603 119.5
      vertex -29.9444 23.3951 119.5
    endloop
  endfacet
  facet normal 0 0 1
    outer loop
      vertex -29.1246 21.1603 119.5
      vertex -30.7426 22.3358 119.5
      vertex -29.8454 20.1309 119.5
    endloop
  endfacet
  facet normal -0 0 1
    outer loop
      vertex -31.5034 21.2493 119.5
      vertex -29.8454 20.1309 119.5
      vertex -30.7426 22.3358 119.5
    endloop
  endfacet
  facet normal 0 0 1
    outer loop
      vertex -29.8454 20.1309 119.5
      vertex -31.5034 21.2493 119.5
      vertex -30.5297 19.0771 119.5
    endloop
  endfacet
  facet normal -0 0 1
    outer loop
      vertex -32.2258 20.1369 119.5
      vertex -30.5297 19.0771 119.5
      vertex -31.5034 21.2493 119.5
    endloop
  endfacet
  facet normal 0 0 1
    outer loop
      vertex -30.5297 19.0771 119.5
      vertex -32.2258 20.1369 119.5
      vertex -31.1769 18 119.5
    endloop
  endfacet
  facet normal -0 0 1
    outer loop
      vertex -32.909 19 119.5
      vertex -31.1769 18 119.5
      vertex -32.2258 20.1369 119.5
    endloop
  endfacet
  facet normal 0 0 1
    outer loop
      vertex -31.1769 18 119.5
      vertex -32.909 19 119.5
      vertex -31.7861 16.901 119.5
    endloop
  endfacet
  facet normal -0 0 1
    outer loop
      vertex -33.552 17.8399 119.5
      vertex -31.7861 16.901 119.5
      vertex -32.909 19 119.5
    endloop
  endfacet
  facet normal 0 0 1
    outer loop
      vertex -31.7861 16.901 119.5
      vertex -33.552 17.8399 119.5
      vertex -32.3566 15.7814 119.5
    endloop
  endfacet
  facet normal -0 0 1
    outer loop
      vertex -34.1542 16.6581 119.5
      vertex -32.3566 15.7814 119.5
      vertex -33.552 17.8399 119.5
    endloop
  endfacet
  facet normal 0 0 1
    outer loop
      vertex -32.3566 15.7814 119.5
      vertex -34.1542 16.6581 119.5
      vertex -32.8876 14.6425 119.5
    endloop
  endfacet
  facet normal -0 0 1
    outer loop
      vertex -34.7147 15.456 119.5
      vertex -32.8876 14.6425 119.5
      vertex -34.1542 16.6581 119.5
    endloop
  endfacet
  facet normal 0 0 1
    outer loop
      vertex -32.8876 14.6425 119.5
      vertex -34.7147 15.456 119.5
      vertex -33.3786 13.4858 119.5
    endloop
  endfacet
  facet normal -0 0 1
    outer loop
      vertex -35.233 14.2351 119.5
      vertex -33.3786 13.4858 119.5
      vertex -34.7147 15.456 119.5
    endloop
  endfacet
  facet normal 0 0 1
    outer loop
      vertex -33.3786 13.4858 119.5
      vertex -35.233 14.2351 119.5
      vertex -33.8289 12.3127 119.5
    endloop
  endfacet
  facet normal -0 0 1
    outer loop
      vertex -35.7083 12.9968 119.5
      vertex -33.8289 12.3127 119.5
      vertex -35.233 14.2351 119.5
    endloop
  endfacet
  facet normal 0 0 1
    outer loop
      vertex -33.8289 12.3127 119.5
      vertex -35.7083 12.9968 119.5
      vertex -34.238 11.1246 119.5
    endloop
  endfacet
  facet normal -0 0 1
    outer loop
      vertex -36.1401 11.7426 119.5
      vertex -34.238 11.1246 119.5
      vertex -35.7083 12.9968 119.5
    endloop
  endfacet
  facet normal 0 0 1
    outer loop
      vertex -34.238 11.1246 119.5
      vertex -36.1401 11.7426 119.5
      vertex -34.6054 9.92294 119.5
    endloop
  endfacet
  facet normal -0 0 1
    outer loop
      vertex -36.5279 10.4742 119.5
      vertex -34.6054 9.92294 119.5
      vertex -36.1401 11.7426 119.5
    endloop
  endfacet
  facet normal 0 0 1
    outer loop
      vertex -34.6054 9.92294 119.5
      vertex -36.5279 10.4742 119.5
      vertex -34.9306 8.70919 119.5
    endloop
  endfacet
  facet normal -0 0 1
    outer loop
      vertex -36.8712 9.19303 119.5
      vertex -34.9306 8.70919 119.5
      vertex -36.5279 10.4742 119.5
    endloop
  endfacet
  facet normal 0 0 1
    outer loop
      vertex -34.9306 8.70919 119.5
      vertex -36.8712 9.19303 119.5
      vertex -35.2133 7.48482 119.5
    endloop
  endfacet
  facet normal -0 0 1
    outer loop
      vertex -37.1696 7.90064 119.5
      vertex -35.2133 7.48482 119.5
      vertex -36.8712 9.19303 119.5
    endloop
  endfacet
  facet normal 0 0 1
    outer loop
      vertex -35.2133 7.48482 119.5
      vertex -37.1696 7.90064 119.5
      vertex -35.4531 6.25133 119.5
    endloop
  endfacet
  facet normal 0 0 1
    outer loop
      vertex -35.4531 6.25133 119.5
      vertex -37.4227 6.59863 119.5
      vertex -35.6497 5.01023 119.5
    endloop
  endfacet
  facet normal -0 0 1
    outer loop
      vertex -37.4227 6.59863 119.5
      vertex -35.4531 6.25133 119.5
      vertex -37.1696 7.90064 119.5
    endloop
  endfacet
  facet normal -0 0 1
    outer loop
      vertex 35.4531 -6.25133 119.5
      vertex 37.4227 -6.59863 119.5
      vertex 35.6497 -5.01023 119.5
    endloop
  endfacet
  facet normal 0 0 1
    outer loop
      vertex 37.4227 -6.59863 119.5
      vertex 35.4531 -6.25133 119.5
      vertex 37.1696 -7.90064 119.5
    endloop
  endfacet
  facet normal -0 0 1
    outer loop
      vertex 35.2133 -7.48482 119.5
      vertex 37.1696 -7.90064 119.5
      vertex 35.4531 -6.25133 119.5
    endloop
  endfacet
  facet normal 0 0 1
    outer loop
      vertex 37.1696 -7.90064 119.5
      vertex 35.2133 -7.48482 119.5
      vertex 36.8712 -9.19303 119.5
    endloop
  endfacet
  facet normal -0 0 1
    outer loop
      vertex 34.9306 -8.70919 119.5
      vertex 36.8712 -9.19303 119.5
      vertex 35.2133 -7.48482 119.5
    endloop
  endfacet
  facet normal 0 0 1
    outer loop
      vertex 36.8712 -9.19303 119.5
      vertex 34.9306 -8.70919 119.5
      vertex 36.5279 -10.4742 119.5
    endloop
  endfacet
  facet normal -0 0 1
    outer loop
      vertex 34.6054 -9.92294 119.5
      vertex 36.5279 -10.4742 119.5
      vertex 34.9306 -8.70919 119.5
    endloop
  endfacet
  facet normal 0 0 1
    outer loop
      vertex 36.5279 -10.4742 119.5
      vertex 34.6054 -9.92294 119.5
      vertex 36.1401 -11.7426 119.5
    endloop
  endfacet
  facet normal -0 0 1
    outer loop
      vertex 34.238 -11.1246 119.5
      vertex 36.1401 -11.7426 119.5
      vertex 34.6054 -9.92294 119.5
    endloop
  endfacet
  facet normal 0 0 1
    outer loop
      vertex 36.1401 -11.7426 119.5
      vertex 34.238 -11.1246 119.5
      vertex 35.7083 -12.9968 119.5
    endloop
  endfacet
  facet normal -0 0 1
    outer loop
      vertex 33.8289 -12.3127 119.5
      vertex 35.7083 -12.9968 119.5
      vertex 34.238 -11.1246 119.5
    endloop
  endfacet
  facet normal 0 0 1
    outer loop
      vertex 35.7083 -12.9968 119.5
      vertex 33.8289 -12.3127 119.5
      vertex 35.233 -14.2351 119.5
    endloop
  endfacet
  facet normal -0 0 1
    outer loop
      vertex 33.3786 -13.4858 119.5
      vertex 35.233 -14.2351 119.5
      vertex 33.8289 -12.3127 119.5
    endloop
  endfacet
  facet normal 0 0 1
    outer loop
      vertex 35.233 -14.2351 119.5
      vertex 33.3786 -13.4858 119.5
      vertex 34.7147 -15.456 119.5
    endloop
  endfacet
  facet normal -0 0 1
    outer loop
      vertex 32.8876 -14.6425 119.5
      vertex 34.7147 -15.456 119.5
      vertex 33.3786 -13.4858 119.5
    endloop
  endfacet
  facet normal 0 0 1
    outer loop
      vertex 34.7147 -15.456 119.5
      vertex 32.8876 -14.6425 119.5
      vertex 34.1542 -16.6581 119.5
    endloop
  endfacet
  facet normal -0 0 1
    outer loop
      vertex 32.3566 -15.7814 119.5
      vertex 34.1542 -16.6581 119.5
      vertex 32.8876 -14.6425 119.5
    endloop
  endfacet
  facet normal 0 0 1
    outer loop
      vertex 34.1542 -16.6581 119.5
      vertex 32.3566 -15.7814 119.5
      vertex 33.552 -17.8399 119.5
    endloop
  endfacet
  facet normal -0 0 1
    outer loop
      vertex 31.7861 -16.901 119.5
      vertex 33.552 -17.8399 119.5
      vertex 32.3566 -15.7814 119.5
    endloop
  endfacet
  facet normal 0 0 1
    outer loop
      vertex 33.552 -17.8399 119.5
      vertex 31.7861 -16.901 119.5
      vertex 32.909 -19 119.5
    endloop
  endfacet
  facet normal -0 0 1
    outer loop
      vertex 31.1769 -18 119.5
      vertex 32.909 -19 119.5
      vertex 31.7861 -16.901 119.5
    endloop
  endfacet
  facet normal 0 0 1
    outer loop
      vertex 32.909 -19 119.5
      vertex 31.1769 -18 119.5
      vertex 32.2258 -20.1369 119.5
    endloop
  endfacet
  facet normal -0 0 1
    outer loop
      vertex 30.5297 -19.0771 119.5
      vertex 32.2258 -20.1369 119.5
      vertex 31.1769 -18 119.5
    endloop
  endfacet
  facet normal 0 0 1
    outer loop
      vertex 32.2258 -20.1369 119.5
      vertex 30.5297 -19.0771 119.5
      vertex 31.5034 -21.2493 119.5
    endloop
  endfacet
  facet normal -0 0 1
    outer loop
      vertex 29.8454 -20.1309 119.5
      vertex 31.5034 -21.2493 119.5
      vertex 30.5297 -19.0771 119.5
    endloop
  endfacet
  facet normal 0 0 1
    outer loop
      vertex 31.5034 -21.2493 119.5
      vertex 29.8454 -20.1309 119.5
      vertex 30.7426 -22.3358 119.5
    endloop
  endfacet
  facet normal -0 0 1
    outer loop
      vertex 29.1246 -21.1603 119.5
      vertex 30.7426 -22.3358 119.5
      vertex 29.8454 -20.1309 119.5
    endloop
  endfacet
  facet normal 0 0 1
    outer loop
      vertex 30.7426 -22.3358 119.5
      vertex 29.1246 -21.1603 119.5
      vertex 29.9444 -23.3951 119.5
    endloop
  endfacet
  facet normal -0 0 1
    outer loop
      vertex 28.3684 -22.1638 119.5
      vertex 29.9444 -23.3951 119.5
      vertex 29.1246 -21.1603 119.5
    endloop
  endfacet
  facet normal 0 0 1
    outer loop
      vertex 29.9444 -23.3951 119.5
      vertex 28.3684 -22.1638 119.5
      vertex 29.1097 -24.4259 119.5
    endloop
  endfacet
  facet normal -0 0 1
    outer loop
      vertex 27.5776 -23.1404 119.5
      vertex 29.1097 -24.4259 119.5
      vertex 28.3684 -22.1638 119.5
    endloop
  endfacet
  facet normal 0 0 1
    outer loop
      vertex 29.1097 -24.4259 119.5
      vertex 27.5776 -23.1404 119.5
      vertex 28.2395 -25.427 119.5
    endloop
  endfacet
  facet normal -0 0 1
    outer loop
      vertex 26.7532 -24.0887 119.5
      vertex 28.2395 -25.427 119.5
      vertex 27.5776 -23.1404 119.5
    endloop
  endfacet
  facet normal 0 0 1
    outer loop
      vertex 28.2395 -25.427 119.5
      vertex 26.7532 -24.0887 119.5
      vertex 27.3349 -26.397 119.5
    endloop
  endfacet
  facet normal -0 0 1
    outer loop
      vertex 25.8962 -25.0077 119.5
      vertex 27.3349 -26.397 119.5
      vertex 26.7532 -24.0887 119.5
    endloop
  endfacet
  facet normal 0 0 1
    outer loop
      vertex 27.3349 -26.397 119.5
      vertex 25.8962 -25.0077 119.5
      vertex 26.397 -27.3349 119.5
    endloop
  endfacet
  facet normal -0 0 1
    outer loop
      vertex 25.0077 -25.8962 119.5
      vertex 26.397 -27.3349 119.5
      vertex 25.8962 -25.0077 119.5
    endloop
  endfacet
  facet normal 0 0 1
    outer loop
      vertex 26.397 -27.3349 119.5
      vertex 25.0077 -25.8962 119.5
      vertex 25.427 -28.2395 119.5
    endloop
  endfacet
  facet normal -0 0 1
    outer loop
      vertex 24.0887 -26.7532 119.5
      vertex 25.427 -28.2395 119.5
      vertex 25.0077 -25.8962 119.5
    endloop
  endfacet
  facet normal 0 0 1
    outer loop
      vertex 25.427 -28.2395 119.5
      vertex 24.0887 -26.7532 119.5
      vertex 24.4259 -29.1097 119.5
    endloop
  endfacet
  facet normal -0 0 1
    outer loop
      vertex 23.1404 -27.5776 119.5
      vertex 24.4259 -29.1097 119.5
      vertex 24.0887 -26.7532 119.5
    endloop
  endfacet
  facet normal 0 0 1
    outer loop
      vertex 24.4259 -29.1097 119.5
      vertex 23.1404 -27.5776 119.5
      vertex 23.3951 -29.9444 119.5
    endloop
  endfacet
  facet normal -0 0 1
    outer loop
      vertex 22.1638 -28.3684 119.5
      vertex 23.3951 -29.9444 119.5
      vertex 23.1404 -27.5776 119.5
    endloop
  endfacet
  facet normal 0 0 1
    outer loop
      vertex 23.3951 -29.9444 119.5
      vertex 22.1638 -28.3684 119.5
      vertex 22.3358 -30.7426 119.5
    endloop
  endfacet
  facet normal -0 0 1
    outer loop
      vertex 21.1603 -29.1246 119.5
      vertex 22.3358 -30.7426 119.5
      vertex 22.1638 -28.3684 119.5
    endloop
  endfacet
  facet normal 0 0 1
    outer loop
      vertex 22.3358 -30.7426 119.5
      vertex 21.1603 -29.1246 119.5
      vertex 21.2493 -31.5034 119.5
    endloop
  endfacet
  facet normal -0 0 1
    outer loop
      vertex 20.1309 -29.8454 119.5
      vertex 21.2493 -31.5034 119.5
      vertex 21.1603 -29.1246 119.5
    endloop
  endfacet
  facet normal 0 0 1
    outer loop
      vertex 21.2493 -31.5034 119.5
      vertex 20.1309 -29.8454 119.5
      vertex 20.1369 -32.2258 119.5
    endloop
  endfacet
  facet normal -0 0 1
    outer loop
      vertex 19.0771 -30.5297 119.5
      vertex 20.1369 -32.2258 119.5
      vertex 20.1309 -29.8454 119.5
    endloop
  endfacet
  facet normal 0 0 1
    outer loop
      vertex 19.0771 -30.5297 119.5
      vertex 19 -32.909 119.5
      vertex 20.1369 -32.2258 119.5
    endloop
  endfacet
  facet normal -0 0 1
    outer loop
      vertex 18 -31.1769 119.5
      vertex 19 -32.909 119.5
      vertex 19.0771 -30.5297 119.5
    endloop
  endfacet
  facet normal 0 0 1
    outer loop
      vertex 18 -31.1769 119.5
      vertex 17.8399 -33.552 119.5
      vertex 19 -32.909 119.5
    endloop
  endfacet
  facet normal -0 0 1
    outer loop
      vertex 16.901 -31.7861 119.5
      vertex 17.8399 -33.552 119.5
      vertex 18 -31.1769 119.5
    endloop
  endfacet
  facet normal 0 0 1
    outer loop
      vertex 16.901 -31.7861 119.5
      vertex 16.6581 -34.1542 119.5
      vertex 17.8399 -33.552 119.5
    endloop
  endfacet
  facet normal -0 0 1
    outer loop
      vertex 15.7814 -32.3566 119.5
      vertex 16.6581 -34.1542 119.5
      vertex 16.901 -31.7861 119.5
    endloop
  endfacet
  facet normal 0 0 1
    outer loop
      vertex 15.7814 -32.3566 119.5
      vertex 15.456 -34.7147 119.5
      vertex 16.6581 -34.1542 119.5
    endloop
  endfacet
  facet normal -0 0 1
    outer loop
      vertex 14.6425 -32.8876 119.5
      vertex 15.456 -34.7147 119.5
      vertex 15.7814 -32.3566 119.5
    endloop
  endfacet
  facet normal 0 0 1
    outer loop
      vertex 14.6425 -32.8876 119.5
      vertex 14.2351 -35.233 119.5
      vertex 15.456 -34.7147 119.5
    endloop
  endfacet
  facet normal -0 0 1
    outer loop
      vertex 13.4858 -33.3786 119.5
      vertex 14.2351 -35.233 119.5
      vertex 14.6425 -32.8876 119.5
    endloop
  endfacet
  facet normal 0 0 1
    outer loop
      vertex 13.4858 -33.3786 119.5
      vertex 12.9968 -35.7083 119.5
      vertex 14.2351 -35.233 119.5
    endloop
  endfacet
  facet normal -0 0 1
    outer loop
      vertex 12.3127 -33.8289 119.5
      vertex 12.9968 -35.7083 119.5
      vertex 13.4858 -33.3786 119.5
    endloop
  endfacet
  facet normal 0 0 1
    outer loop
      vertex 12.3127 -33.8289 119.5
      vertex 11.7426 -36.1401 119.5
      vertex 12.9968 -35.7083 119.5
    endloop
  endfacet
  facet normal -0 0 1
    outer loop
      vertex 11.1246 -34.238 119.5
      vertex 11.7426 -36.1401 119.5
      vertex 12.3127 -33.8289 119.5
    endloop
  endfacet
  facet normal 0 0 1
    outer loop
      vertex 11.1246 -34.238 119.5
      vertex 10.4742 -36.5279 119.5
      vertex 11.7426 -36.1401 119.5
    endloop
  endfacet
  facet normal -0 0 1
    outer loop
      vertex 9.92294 -34.6054 119.5
      vertex 10.4742 -36.5279 119.5
      vertex 11.1246 -34.238 119.5
    endloop
  endfacet
  facet normal 0 0 1
    outer loop
      vertex 9.92294 -34.6054 119.5
      vertex 9.19303 -36.8712 119.5
      vertex 10.4742 -36.5279 119.5
    endloop
  endfacet
  facet normal -0 0 1
    outer loop
      vertex 8.70919 -34.9306 119.5
      vertex 9.19303 -36.8712 119.5
      vertex 9.92294 -34.6054 119.5
    endloop
  endfacet
  facet normal 0 0 1
    outer loop
      vertex 8.70919 -34.9306 119.5
      vertex 7.90064 -37.1696 119.5
      vertex 9.19303 -36.8712 119.5
    endloop
  endfacet
  facet normal -0 0 1
    outer loop
      vertex 7.48482 -35.2133 119.5
      vertex 7.90064 -37.1696 119.5
      vertex 8.70919 -34.9306 119.5
    endloop
  endfacet
  facet normal 0 0 1
    outer loop
      vertex 7.48482 -35.2133 119.5
      vertex 6.59863 -37.4227 119.5
      vertex 7.90064 -37.1696 119.5
    endloop
  endfacet
  facet normal -0 0 1
    outer loop
      vertex 6.25133 -35.4531 119.5
      vertex 6.59863 -37.4227 119.5
      vertex 7.48482 -35.2133 119.5
    endloop
  endfacet
  facet normal 0 0 1
    outer loop
      vertex 6.25133 -35.4531 119.5
      vertex 5.28858 -37.6302 119.5
      vertex 6.59863 -37.4227 119.5
    endloop
  endfacet
  facet normal -0 0 1
    outer loop
      vertex 5.01023 -35.6497 119.5
      vertex 5.28858 -37.6302 119.5
      vertex 6.25133 -35.4531 119.5
    endloop
  endfacet
  facet normal 0 0 1
    outer loop
      vertex 5.01023 -35.6497 119.5
      vertex 3.97208 -37.7918 119.5
      vertex 5.28858 -37.6302 119.5
    endloop
  endfacet
  facet normal -0 0 1
    outer loop
      vertex 3.76302 -35.8028 119.5
      vertex 3.97208 -37.7918 119.5
      vertex 5.01023 -35.6497 119.5
    endloop
  endfacet
  facet normal -0 0 1
    outer loop
      vertex 3.4 -35.99 119.5
      vertex 3.97208 -37.7918 119.5
      vertex 3.76302 -35.8028 119.5
    endloop
  endfacet
  facet normal 0 0 1
    outer loop
      vertex 3.97208 -37.7918 119.5
      vertex 3.4 -35.99 119.5
      vertex 3.4 -37.8419 119.5
    endloop
  endfacet
  facet normal 0 0 1
    outer loop
      vertex -1.25638 -35.9781 119.5
      vertex -3.4 -35.99 119.5
      vertex -0.5729 -35.99 119.5
    endloop
  endfacet
  facet normal 0 0 1
    outer loop
      vertex -2.51123 -35.9123 119.5
      vertex -3.4 -35.99 119.5
      vertex -1.25638 -35.9781 119.5
    endloop
  endfacet
  facet normal 0 0 1
    outer loop
      vertex -3.76302 -35.8028 119.5
      vertex -3.4 -35.99 119.5
      vertex -2.51123 -35.9123 119.5
    endloop
  endfacet
  facet normal 0 0 1
    outer loop
      vertex -3.97208 -37.7918 119.5
      vertex -3.4 -35.99 119.5
      vertex -3.76302 -35.8028 119.5
    endloop
  endfacet
  facet normal 0 0 1
    outer loop
      vertex -3.4 -35.99 119.5
      vertex -3.97208 -37.7918 119.5
      vertex -3.4 -37.8419 119.5
    endloop
  endfacet
  facet normal 0 0 1
    outer loop
      vertex -5.01023 -35.6497 119.5
      vertex -3.97208 -37.7918 119.5
      vertex -3.76302 -35.8028 119.5
    endloop
  endfacet
  facet normal 0 0 1
    outer loop
      vertex -5.01023 -35.6497 119.5
      vertex -5.28858 -37.6302 119.5
      vertex -3.97208 -37.7918 119.5
    endloop
  endfacet
  facet normal 0 0 1
    outer loop
      vertex -6.25133 -35.4531 119.5
      vertex -5.28858 -37.6302 119.5
      vertex -5.01023 -35.6497 119.5
    endloop
  endfacet
  facet normal 0 0 1
    outer loop
      vertex -6.25133 -35.4531 119.5
      vertex -6.59863 -37.4227 119.5
      vertex -5.28858 -37.6302 119.5
    endloop
  endfacet
  facet normal 0 0 1
    outer loop
      vertex -7.48482 -35.2133 119.5
      vertex -6.59863 -37.4227 119.5
      vertex -6.25133 -35.4531 119.5
    endloop
  endfacet
  facet normal 0 0 1
    outer loop
      vertex -7.48482 -35.2133 119.5
      vertex -7.90064 -37.1696 119.5
      vertex -6.59863 -37.4227 119.5
    endloop
  endfacet
  facet normal 0 0 1
    outer loop
      vertex -8.70919 -34.9306 119.5
      vertex -7.90064 -37.1696 119.5
      vertex -7.48482 -35.2133 119.5
    endloop
  endfacet
  facet normal 0 0 1
    outer loop
      vertex -8.70919 -34.9306 119.5
      vertex -9.19303 -36.8712 119.5
      vertex -7.90064 -37.1696 119.5
    endloop
  endfacet
  facet normal 0 0 1
    outer loop
      vertex -9.92294 -34.6054 119.5
      vertex -9.19303 -36.8712 119.5
      vertex -8.70919 -34.9306 119.5
    endloop
  endfacet
  facet normal 0 0 1
    outer loop
      vertex -9.92294 -34.6054 119.5
      vertex -10.4742 -36.5279 119.5
      vertex -9.19303 -36.8712 119.5
    endloop
  endfacet
  facet normal 0 0 1
    outer loop
      vertex -11.1246 -34.238 119.5
      vertex -10.4742 -36.5279 119.5
      vertex -9.92294 -34.6054 119.5
    endloop
  endfacet
  facet normal 0 0 1
    outer loop
      vertex -11.1246 -34.238 119.5
      vertex -11.7426 -36.1401 119.5
      vertex -10.4742 -36.5279 119.5
    endloop
  endfacet
  facet normal 0 0 1
    outer loop
      vertex -12.3127 -33.8289 119.5
      vertex -11.7426 -36.1401 119.5
      vertex -11.1246 -34.238 119.5
    endloop
  endfacet
  facet normal 0 0 1
    outer loop
      vertex -12.3127 -33.8289 119.5
      vertex -12.9968 -35.7083 119.5
      vertex -11.7426 -36.1401 119.5
    endloop
  endfacet
  facet normal 0 0 1
    outer loop
      vertex -13.4858 -33.3786 119.5
      vertex -12.9968 -35.7083 119.5
      vertex -12.3127 -33.8289 119.5
    endloop
  endfacet
  facet normal 0 0 1
    outer loop
      vertex -13.4858 -33.3786 119.5
      vertex -14.2351 -35.233 119.5
      vertex -12.9968 -35.7083 119.5
    endloop
  endfacet
  facet normal 0 0 1
    outer loop
      vertex -14.6425 -32.8876 119.5
      vertex -14.2351 -35.233 119.5
      vertex -13.4858 -33.3786 119.5
    endloop
  endfacet
  facet normal 0 0 1
    outer loop
      vertex -14.6425 -32.8876 119.5
      vertex -15.456 -34.7147 119.5
      vertex -14.2351 -35.233 119.5
    endloop
  endfacet
  facet normal 0 0 1
    outer loop
      vertex -15.7814 -32.3566 119.5
      vertex -15.456 -34.7147 119.5
      vertex -14.6425 -32.8876 119.5
    endloop
  endfacet
  facet normal 0 0 1
    outer loop
      vertex -15.7814 -32.3566 119.5
      vertex -16.6581 -34.1542 119.5
      vertex -15.456 -34.7147 119.5
    endloop
  endfacet
  facet normal 0 0 1
    outer loop
      vertex -16.901 -31.7861 119.5
      vertex -16.6581 -34.1542 119.5
      vertex -15.7814 -32.3566 119.5
    endloop
  endfacet
  facet normal 0 0 1
    outer loop
      vertex -16.901 -31.7861 119.5
      vertex -17.8399 -33.552 119.5
      vertex -16.6581 -34.1542 119.5
    endloop
  endfacet
  facet normal 0 0 1
    outer loop
      vertex -18 -31.1769 119.5
      vertex -17.8399 -33.552 119.5
      vertex -16.901 -31.7861 119.5
    endloop
  endfacet
  facet normal 0 0 1
    outer loop
      vertex -18 -31.1769 119.5
      vertex -19 -32.909 119.5
      vertex -17.8399 -33.552 119.5
    endloop
  endfacet
  facet normal 0 0 1
    outer loop
      vertex -19.0771 -30.5297 119.5
      vertex -19 -32.909 119.5
      vertex -18 -31.1769 119.5
    endloop
  endfacet
  facet normal 0 0 1
    outer loop
      vertex -20.1369 -32.2258 119.5
      vertex -19.0771 -30.5297 119.5
      vertex -20.1309 -29.8454 119.5
    endloop
  endfacet
  facet normal 0 0 1
    outer loop
      vertex -19.0771 -30.5297 119.5
      vertex -20.1369 -32.2258 119.5
      vertex -19 -32.909 119.5
    endloop
  endfacet
  facet normal 0 0 1
    outer loop
      vertex -21.2493 -31.5034 119.5
      vertex -20.1309 -29.8454 119.5
      vertex -21.1603 -29.1246 119.5
    endloop
  endfacet
  facet normal 0 0 1
    outer loop
      vertex -20.1309 -29.8454 119.5
      vertex -21.2493 -31.5034 119.5
      vertex -20.1369 -32.2258 119.5
    endloop
  endfacet
  facet normal 0 0 1
    outer loop
      vertex -22.3358 -30.7426 119.5
      vertex -21.1603 -29.1246 119.5
      vertex -22.1638 -28.3684 119.5
    endloop
  endfacet
  facet normal 0 0 1
    outer loop
      vertex -21.1603 -29.1246 119.5
      vertex -22.3358 -30.7426 119.5
      vertex -21.2493 -31.5034 119.5
    endloop
  endfacet
  facet normal 0 0 1
    outer loop
      vertex -23.3951 -29.9444 119.5
      vertex -22.1638 -28.3684 119.5
      vertex -23.1404 -27.5776 119.5
    endloop
  endfacet
  facet normal 0 0 1
    outer loop
      vertex -22.1638 -28.3684 119.5
      vertex -23.3951 -29.9444 119.5
      vertex -22.3358 -30.7426 119.5
    endloop
  endfacet
  facet normal 0 0 1
    outer loop
      vertex -24.4259 -29.1097 119.5
      vertex -23.1404 -27.5776 119.5
      vertex -24.0887 -26.7532 119.5
    endloop
  endfacet
  facet normal 0 0 1
    outer loop
      vertex -23.1404 -27.5776 119.5
      vertex -24.4259 -29.1097 119.5
      vertex -23.3951 -29.9444 119.5
    endloop
  endfacet
  facet normal 0 0 1
    outer loop
      vertex -25.427 -28.2395 119.5
      vertex -24.0887 -26.7532 119.5
      vertex -25.0077 -25.8962 119.5
    endloop
  endfacet
  facet normal 0 0 1
    outer loop
      vertex -24.0887 -26.7532 119.5
      vertex -25.427 -28.2395 119.5
      vertex -24.4259 -29.1097 119.5
    endloop
  endfacet
  facet normal 0 0 1
    outer loop
      vertex -26.397 -27.3349 119.5
      vertex -25.0077 -25.8962 119.5
      vertex -25.8962 -25.0077 119.5
    endloop
  endfacet
  facet normal 0 0 1
    outer loop
      vertex -25.0077 -25.8962 119.5
      vertex -26.397 -27.3349 119.5
      vertex -25.427 -28.2395 119.5
    endloop
  endfacet
  facet normal 0 0 1
    outer loop
      vertex -27.3349 -26.397 119.5
      vertex -25.8962 -25.0077 119.5
      vertex -26.7532 -24.0887 119.5
    endloop
  endfacet
  facet normal 0 0 1
    outer loop
      vertex -25.8962 -25.0077 119.5
      vertex -27.3349 -26.397 119.5
      vertex -26.397 -27.3349 119.5
    endloop
  endfacet
  facet normal 0 0 1
    outer loop
      vertex -28.2395 -25.427 119.5
      vertex -26.7532 -24.0887 119.5
      vertex -27.5776 -23.1404 119.5
    endloop
  endfacet
  facet normal 0 0 1
    outer loop
      vertex -26.7532 -24.0887 119.5
      vertex -28.2395 -25.427 119.5
      vertex -27.3349 -26.397 119.5
    endloop
  endfacet
  facet normal 0 0 1
    outer loop
      vertex -29.1097 -24.4259 119.5
      vertex -27.5776 -23.1404 119.5
      vertex -28.3684 -22.1638 119.5
    endloop
  endfacet
  facet normal 0 0 1
    outer loop
      vertex -27.5776 -23.1404 119.5
      vertex -29.1097 -24.4259 119.5
      vertex -28.2395 -25.427 119.5
    endloop
  endfacet
  facet normal 0 0 1
    outer loop
      vertex -29.9444 -23.3951 119.5
      vertex -28.3684 -22.1638 119.5
      vertex -29.1246 -21.1603 119.5
    endloop
  endfacet
  facet normal 0 0 1
    outer loop
      vertex -30.7426 -22.3358 119.5
      vertex -29.1246 -21.1603 119.5
      vertex -29.8454 -20.1309 119.5
    endloop
  endfacet
  facet normal 0 0 1
    outer loop
      vertex -28.3684 -22.1638 119.5
      vertex -29.9444 -23.3951 119.5
      vertex -29.1097 -24.4259 119.5
    endloop
  endfacet
  facet normal 0 0 1
    outer loop
      vertex -31.5034 -21.2493 119.5
      vertex -29.8454 -20.1309 119.5
      vertex -30.5297 -19.0771 119.5
    endloop
  endfacet
  facet normal 0 0 1
    outer loop
      vertex -29.1246 -21.1603 119.5
      vertex -30.7426 -22.3358 119.5
      vertex -29.9444 -23.3951 119.5
    endloop
  endfacet
  facet normal 0 0 1
    outer loop
      vertex -32.2258 -20.1369 119.5
      vertex -30.5297 -19.0771 119.5
      vertex -31.1769 -18 119.5
    endloop
  endfacet
  facet normal 0 0 1
    outer loop
      vertex -29.8454 -20.1309 119.5
      vertex -31.5034 -21.2493 119.5
      vertex -30.7426 -22.3358 119.5
    endloop
  endfacet
  facet normal 0 0 1
    outer loop
      vertex -32.909 -19 119.5
      vertex -31.1769 -18 119.5
      vertex -31.7861 -16.901 119.5
    endloop
  endfacet
  facet normal 0 0 1
    outer loop
      vertex -30.5297 -19.0771 119.5
      vertex -32.2258 -20.1369 119.5
      vertex -31.5034 -21.2493 119.5
    endloop
  endfacet
  facet normal 0 0 1
    outer loop
      vertex -33.552 -17.8399 119.5
      vertex -31.7861 -16.901 119.5
      vertex -32.3566 -15.7814 119.5
    endloop
  endfacet
  facet normal 0 0 1
    outer loop
      vertex -34.1542 -16.6581 119.5
      vertex -32.3566 -15.7814 119.5
      vertex -32.8876 -14.6425 119.5
    endloop
  endfacet
  facet normal 0 0 1
    outer loop
      vertex -31.1769 -18 119.5
      vertex -32.909 -19 119.5
      vertex -32.2258 -20.1369 119.5
    endloop
  endfacet
  facet normal 0 0 1
    outer loop
      vertex -34.7147 -15.456 119.5
      vertex -32.8876 -14.6425 119.5
      vertex -33.3786 -13.4858 119.5
    endloop
  endfacet
  facet normal 0 0 1
    outer loop
      vertex -31.7861 -16.901 119.5
      vertex -33.552 -17.8399 119.5
      vertex -32.909 -19 119.5
    endloop
  endfacet
  facet normal 0 0 1
    outer loop
      vertex -35.233 -14.2351 119.5
      vertex -33.3786 -13.4858 119.5
      vertex -33.8289 -12.3127 119.5
    endloop
  endfacet
  facet normal 0 0 1
    outer loop
      vertex -32.3566 -15.7814 119.5
      vertex -34.1542 -16.6581 119.5
      vertex -33.552 -17.8399 119.5
    endloop
  endfacet
  facet normal 0 0 1
    outer loop
      vertex -35.7083 -12.9968 119.5
      vertex -33.8289 -12.3127 119.5
      vertex -34.238 -11.1246 119.5
    endloop
  endfacet
  facet normal 0 0 1
    outer loop
      vertex -36.1401 -11.7426 119.5
      vertex -34.238 -11.1246 119.5
      vertex -34.6054 -9.92294 119.5
    endloop
  endfacet
  facet normal 0 0 1
    outer loop
      vertex -32.8876 -14.6425 119.5
      vertex -34.7147 -15.456 119.5
      vertex -34.1542 -16.6581 119.5
    endloop
  endfacet
  facet normal 0 0 1
    outer loop
      vertex -36.5279 -10.4742 119.5
      vertex -34.6054 -9.92294 119.5
      vertex -34.9306 -8.70919 119.5
    endloop
  endfacet
  facet normal 0 0 1
    outer loop
      vertex -36.8712 -9.19303 119.5
      vertex -34.9306 -8.70919 119.5
      vertex -35.2133 -7.48482 119.5
    endloop
  endfacet
  facet normal 0 0 1
    outer loop
      vertex -33.3786 -13.4858 119.5
      vertex -35.233 -14.2351 119.5
      vertex -34.7147 -15.456 119.5
    endloop
  endfacet
  facet normal 0 0 1
    outer loop
      vertex -37.1696 -7.90064 119.5
      vertex -35.2133 -7.48482 119.5
      vertex -35.4531 -6.25133 119.5
    endloop
  endfacet
  facet normal 0 0 1
    outer loop
      vertex -37.4227 -6.59863 119.5
      vertex -35.4531 -6.25133 119.5
      vertex -35.6497 -5.01023 119.5
    endloop
  endfacet
  facet normal 0 0 1
    outer loop
      vertex -33.8289 -12.3127 119.5
      vertex -35.7083 -12.9968 119.5
      vertex -35.233 -14.2351 119.5
    endloop
  endfacet
  facet normal 0 0 1
    outer loop
      vertex -37.6302 -5.28858 119.5
      vertex -35.6497 -5.01023 119.5
      vertex -35.8028 -3.76302 119.5
    endloop
  endfacet
  facet normal 0 0 1
    outer loop
      vertex -37.7918 -3.97208 119.5
      vertex -35.8028 -3.76302 119.5
      vertex -35.9123 -2.51123 119.5
    endloop
  endfacet
  facet normal 0 0 1
    outer loop
      vertex -37.9074 -2.65075 119.5
      vertex -35.9123 -2.51123 119.5
      vertex -35.9781 -1.25638 119.5
    endloop
  endfacet
  facet normal 0 0 1
    outer loop
      vertex -34.238 -11.1246 119.5
      vertex -36.1401 -11.7426 119.5
      vertex -35.7083 -12.9968 119.5
    endloop
  endfacet
  facet normal 0 0 1
    outer loop
      vertex -37.9769 -1.32618 119.5
      vertex -35.9781 -1.25638 119.5
      vertex -36 0 119.5
    endloop
  endfacet
  facet normal -0 0 1
    outer loop
      vertex -37.6302 5.28858 119.5
      vertex -35.6497 5.01023 119.5
      vertex -37.4227 6.59863 119.5
    endloop
  endfacet
  facet normal 0 0 1
    outer loop
      vertex -35.6497 5.01023 119.5
      vertex -37.6302 5.28858 119.5
      vertex -35.8028 3.76302 119.5
    endloop
  endfacet
  facet normal 0 0 1
    outer loop
      vertex -34.6054 -9.92294 119.5
      vertex -36.5279 -10.4742 119.5
      vertex -36.1401 -11.7426 119.5
    endloop
  endfacet
  facet normal -0 0 1
    outer loop
      vertex -37.7918 3.97208 119.5
      vertex -35.8028 3.76302 119.5
      vertex -37.6302 5.28858 119.5
    endloop
  endfacet
  facet normal 0 0 1
    outer loop
      vertex -34.9306 -8.70919 119.5
      vertex -36.8712 -9.19303 119.5
      vertex -36.5279 -10.4742 119.5
    endloop
  endfacet
  facet normal 0 0 1
    outer loop
      vertex -35.8028 3.76302 119.5
      vertex -37.7918 3.97208 119.5
      vertex -35.9123 2.51123 119.5
    endloop
  endfacet
  facet normal 0 0 1
    outer loop
      vertex -35.2133 -7.48482 119.5
      vertex -37.1696 -7.90064 119.5
      vertex -36.8712 -9.19303 119.5
    endloop
  endfacet
  facet normal -0 0 1
    outer loop
      vertex -37.9074 2.65075 119.5
      vertex -35.9123 2.51123 119.5
      vertex -37.7918 3.97208 119.5
    endloop
  endfacet
  facet normal 0 0 1
    outer loop
      vertex -35.4531 -6.25133 119.5
      vertex -37.4227 -6.59863 119.5
      vertex -37.1696 -7.90064 119.5
    endloop
  endfacet
  facet normal 0 0 1
    outer loop
      vertex -35.9123 2.51123 119.5
      vertex -37.9074 2.65075 119.5
      vertex -35.9781 1.25638 119.5
    endloop
  endfacet
  facet normal 0 0 1
    outer loop
      vertex -35.6497 -5.01023 119.5
      vertex -37.6302 -5.28858 119.5
      vertex -37.4227 -6.59863 119.5
    endloop
  endfacet
  facet normal -0 0 1
    outer loop
      vertex -37.9769 1.32618 119.5
      vertex -35.9781 1.25638 119.5
      vertex -37.9074 2.65075 119.5
    endloop
  endfacet
  facet normal 0 0 1
    outer loop
      vertex -35.8028 -3.76302 119.5
      vertex -37.7918 -3.97208 119.5
      vertex -37.6302 -5.28858 119.5
    endloop
  endfacet
  facet normal 0 0 1
    outer loop
      vertex -35.9781 1.25638 119.5
      vertex -37.9769 1.32618 119.5
      vertex -36 0 119.5
    endloop
  endfacet
  facet normal 0 0 1
    outer loop
      vertex -35.9123 -2.51123 119.5
      vertex -37.9074 -2.65075 119.5
      vertex -37.7918 -3.97208 119.5
    endloop
  endfacet
  facet normal 0 0 1
    outer loop
      vertex -38 0 119.5
      vertex -36 0 119.5
      vertex -37.9769 1.32618 119.5
    endloop
  endfacet
  facet normal 0 0 1
    outer loop
      vertex -35.9781 -1.25638 119.5
      vertex -37.9769 -1.32618 119.5
      vertex -37.9074 -2.65075 119.5
    endloop
  endfacet
  facet normal 0 0 1
    outer loop
      vertex -36 0 119.5
      vertex -38 0 119.5
      vertex -37.9769 -1.32618 119.5
    endloop
  endfacet
  facet normal 0.258827 0.965924 0
    outer loop
      vertex 10.4742 36.5279 119.5
      vertex 9.19303 36.8712 100.967
      vertex 9.19303 36.8712 119.5
    endloop
  endfacet
  facet normal 0.258836 0.965921 -6.36112e-07
    outer loop
      vertex 10.4742 36.5279 119.5
      vertex 9.28931 36.8454 100.864
      vertex 9.19303 36.8712 100.967
    endloop
  endfacet
  facet normal 0.258826 0.965924 2.31179e-08
    outer loop
      vertex 10.4742 36.5279 119.5
      vertex 9.57555 36.7687 100.535
      vertex 9.28931 36.8454 100.864
    endloop
  endfacet
  facet normal 0.258592 0.965987 1.19326e-05
    outer loop
      vertex 10.4742 36.5279 119.5
      vertex 9.85013 36.6952 100.196
      vertex 9.57555 36.7687 100.535
    endloop
  endfacet
  facet normal 0.258971 0.965885 -1.1999e-06
    outer loop
      vertex 10.4742 36.5279 119.5
      vertex 10.1127 36.6248 99.8473
      vertex 9.85013 36.6952 100.196
    endloop
  endfacet
  facet normal 0.258584 0.965989 6.42363e-06
    outer loop
      vertex 10.4742 36.5279 119.5
      vertex 10.363 36.5578 99.4899
      vertex 10.1127 36.6248 99.8473
    endloop
  endfacet
  facet normal 0.259662 0.9657 0
    outer loop
      vertex 10.363 36.5578 99.4899
      vertex 10.4742 36.5279 119.5
      vertex 10.4742 36.5279 99.3186
    endloop
  endfacet
  facet normal 0.259662 0.9657 -0
    outer loop
      vertex 10.4742 36.5279 0
      vertex 10.363 36.5578 85.5101
      vertex 10.4742 36.5279 85.6814
    endloop
  endfacet
  facet normal 0.258577 0.965991 -1.51231e-06
    outer loop
      vertex 10.4742 36.5279 0
      vertex 10.1127 36.6248 85.1527
      vertex 10.363 36.5578 85.5101
    endloop
  endfacet
  facet normal 0.258972 0.965885 2.82104e-07
    outer loop
      vertex 10.4742 36.5279 0
      vertex 9.85013 36.6952 84.8042
      vertex 10.1127 36.6248 85.1527
    endloop
  endfacet
  facet normal 0.258581 0.96599 -2.79921e-06
    outer loop
      vertex 10.4742 36.5279 0
      vertex 9.57555 36.7687 84.4652
      vertex 9.85013 36.6952 84.8042
    endloop
  endfacet
  facet normal 0.258826 0.965924 -5.40719e-09
    outer loop
      vertex 10.4742 36.5279 0
      vertex 9.28931 36.8454 84.1359
      vertex 9.57555 36.7687 84.4652
    endloop
  endfacet
  facet normal 0.258836 0.965921 1.48242e-07
    outer loop
      vertex 10.4742 36.5279 0
      vertex 9.19303 36.8712 84.0326
      vertex 9.28931 36.8454 84.1359
    endloop
  endfacet
  facet normal 0.258827 0.965924 0
    outer loop
      vertex 9.19303 36.8712 84.0326
      vertex 10.4742 36.5279 0
      vertex 9.19303 36.8712 0
    endloop
  endfacet
  facet normal -0.920489 0.390769 0
    outer loop
      vertex -35.233 14.2351 0
      vertex -34.7147 15.456 119.5
      vertex -34.7147 15.456 0
    endloop
  endfacet
  facet normal -0.920489 0.390769 0
    outer loop
      vertex -34.7147 15.456 119.5
      vertex -35.233 14.2351 0
      vertex -35.233 14.2351 119.5
    endloop
  endfacet
  facet normal -0.906322 0.422588 0
    outer loop
      vertex -34.7147 15.456 0
      vertex -34.1542 16.6581 119.5
      vertex -34.1542 16.6581 0
    endloop
  endfacet
  facet normal -0.906322 0.422588 0
    outer loop
      vertex -34.1542 16.6581 119.5
      vertex -34.7147 15.456 0
      vertex -34.7147 15.456 119.5
    endloop
  endfacet
  facet normal -0.85714 -0.515083 0
    outer loop
      vertex -32.2258 -20.1369 0
      vertex -32.909 -19 119.5
      vertex -32.909 -19 0
    endloop
  endfacet
  facet normal -0.85714 -0.515083 0
    outer loop
      vertex -32.909 -19 119.5
      vertex -32.2258 -20.1369 0
      vertex -32.2258 -20.1369 119.5
    endloop
  endfacet
  facet normal 0 0 -1
    outer loop
      vertex 23 0 0
      vertex 38 0 0
      vertex 37.9769 -1.32618 0
    endloop
  endfacet
  facet normal 0 0 -1
    outer loop
      vertex 22.986 -0.802688 0
      vertex 37.9769 -1.32618 0
      vertex 37.9074 -2.65075 0
    endloop
  endfacet
  facet normal 0 0 -1
    outer loop
      vertex 38 0 0
      vertex 23 0 0
      vertex 37.9769 1.32618 0
    endloop
  endfacet
  facet normal 0 0 -1
    outer loop
      vertex 22.944 -1.6044 0
      vertex 37.9074 -2.65075 0
      vertex 37.7918 -3.97208 0
    endloop
  endfacet
  facet normal 0 0 -1
    outer loop
      vertex 22.986 0.802688 0
      vertex 37.9769 1.32618 0
      vertex 23 0 0
    endloop
  endfacet
  facet normal 0 0 -1
    outer loop
      vertex 22.874 -2.40415 0
      vertex 37.7918 -3.97208 0
      vertex 37.6302 -5.28858 0
    endloop
  endfacet
  facet normal -0 0 -1
    outer loop
      vertex 37.9769 1.32618 0
      vertex 22.986 0.802688 0
      vertex 37.9074 2.65075 0
    endloop
  endfacet
  facet normal 0 0 -1
    outer loop
      vertex 22.7762 -3.20098 0
      vertex 37.6302 -5.28858 0
      vertex 37.4227 -6.59863 0
    endloop
  endfacet
  facet normal 0 0 -1
    outer loop
      vertex 22.944 1.6044 0
      vertex 37.9074 2.65075 0
      vertex 22.986 0.802688 0
    endloop
  endfacet
  facet normal 0 0 -1
    outer loop
      vertex 22.6506 -3.99391 0
      vertex 37.4227 -6.59863 0
      vertex 37.1696 -7.90064 0
    endloop
  endfacet
  facet normal -0 0 -1
    outer loop
      vertex 37.9074 2.65075 0
      vertex 22.944 1.6044 0
      vertex 37.7918 3.97208 0
    endloop
  endfacet
  facet normal 0 0 -1
    outer loop
      vertex 22.4974 -4.78197 0
      vertex 37.1696 -7.90064 0
      vertex 36.8712 -9.19303 0
    endloop
  endfacet
  facet normal 0 0 -1
    outer loop
      vertex 22.874 2.40415 0
      vertex 37.7918 3.97208 0
      vertex 22.944 1.6044 0
    endloop
  endfacet
  facet normal 0 0 -1
    outer loop
      vertex 22.3168 -5.5642 0
      vertex 36.8712 -9.19303 0
      vertex 36.5279 -10.4742 0
    endloop
  endfacet
  facet normal -0 0 -1
    outer loop
      vertex 37.7918 3.97208 0
      vertex 22.874 2.40415 0
      vertex 37.6302 5.28858 0
    endloop
  endfacet
  facet normal 0 0 -1
    outer loop
      vertex 22.109 -6.33966 0
      vertex 36.5279 -10.4742 0
      vertex 36.1401 -11.7426 0
    endloop
  endfacet
  facet normal 0 0 -1
    outer loop
      vertex 22.7762 3.20098 0
      vertex 37.6302 5.28858 0
      vertex 22.874 2.40415 0
    endloop
  endfacet
  facet normal 0 0 -1
    outer loop
      vertex 21.8743 -7.10739 0
      vertex 36.1401 -11.7426 0
      vertex 35.7083 -12.9968 0
    endloop
  endfacet
  facet normal -0 0 -1
    outer loop
      vertex 37.6302 5.28858 0
      vertex 22.7762 3.20098 0
      vertex 37.4227 6.59863 0
    endloop
  endfacet
  facet normal 0 0 -1
    outer loop
      vertex 21.6129 -7.86646 0
      vertex 35.7083 -12.9968 0
      vertex 35.233 -14.2351 0
    endloop
  endfacet
  facet normal 0 0 -1
    outer loop
      vertex 22.6506 3.99391 0
      vertex 37.4227 6.59863 0
      vertex 22.7762 3.20098 0
    endloop
  endfacet
  facet normal 0 0 -1
    outer loop
      vertex 21.3252 -8.61595 0
      vertex 35.233 -14.2351 0
      vertex 34.7147 -15.456 0
    endloop
  endfacet
  facet normal -0 0 -1
    outer loop
      vertex 37.4227 6.59863 0
      vertex 22.6506 3.99391 0
      vertex 37.1696 7.90064 0
    endloop
  endfacet
  facet normal 0 0 -1
    outer loop
      vertex 21.0115 -9.35494 0
      vertex 34.7147 -15.456 0
      vertex 34.1542 -16.6581 0
    endloop
  endfacet
  facet normal 0 0 -1
    outer loop
      vertex 22.4974 4.78197 0
      vertex 37.1696 7.90064 0
      vertex 22.6506 3.99391 0
    endloop
  endfacet
  facet normal 0 0 -1
    outer loop
      vertex 20.6723 -10.0825 0
      vertex 34.1542 -16.6581 0
      vertex 33.552 -17.8399 0
    endloop
  endfacet
  facet normal -0 0 -1
    outer loop
      vertex 37.1696 7.90064 0
      vertex 22.4974 4.78197 0
      vertex 36.8712 9.19303 0
    endloop
  endfacet
  facet normal 0 0 -1
    outer loop
      vertex 20.3078 -10.7978 0
      vertex 33.552 -17.8399 0
      vertex 32.909 -19 0
    endloop
  endfacet
  facet normal 0 0 -1
    outer loop
      vertex 22.3168 5.5642 0
      vertex 36.8712 9.19303 0
      vertex 22.4974 4.78197 0
    endloop
  endfacet
  facet normal 0 0 -1
    outer loop
      vertex 19.9186 -11.5 0
      vertex 32.909 -19 0
      vertex 32.2258 -20.1369 0
    endloop
  endfacet
  facet normal -0 0 -1
    outer loop
      vertex 36.8712 9.19303 0
      vertex 22.3168 5.5642 0
      vertex 36.5279 10.4742 0
    endloop
  endfacet
  facet normal 0 0 -1
    outer loop
      vertex 19.5051 -12.1881 0
      vertex 32.2258 -20.1369 0
      vertex 31.5034 -21.2493 0
    endloop
  endfacet
  facet normal 0 0 -1
    outer loop
      vertex 22.109 6.33966 0
      vertex 36.5279 10.4742 0
      vertex 22.3168 5.5642 0
    endloop
  endfacet
  facet normal 0 0 -1
    outer loop
      vertex 19.0679 -12.8614 0
      vertex 31.5034 -21.2493 0
      vertex 30.7426 -22.3358 0
    endloop
  endfacet
  facet normal -0 0 -1
    outer loop
      vertex 36.5279 10.4742 0
      vertex 22.109 6.33966 0
      vertex 36.1401 11.7426 0
    endloop
  endfacet
  facet normal 0 0 -1
    outer loop
      vertex 18.6074 -13.5191 0
      vertex 30.7426 -22.3358 0
      vertex 29.9444 -23.3951 0
    endloop
  endfacet
  facet normal 0 0 -1
    outer loop
      vertex 21.8743 7.10739 0
      vertex 36.1401 11.7426 0
      vertex 22.109 6.33966 0
    endloop
  endfacet
  facet normal 0 0 -1
    outer loop
      vertex 18.1242 -14.1602 0
      vertex 29.9444 -23.3951 0
      vertex 29.1097 -24.4259 0
    endloop
  endfacet
  facet normal -0 0 -1
    outer loop
      vertex 36.1401 11.7426 0
      vertex 21.8743 7.10739 0
      vertex 35.7083 12.9968 0
    endloop
  endfacet
  facet normal 0 0 -1
    outer loop
      vertex 17.619 -14.7841 0
      vertex 29.1097 -24.4259 0
      vertex 28.2395 -25.427 0
    endloop
  endfacet
  facet normal 0 0 -1
    outer loop
      vertex 21.6129 7.86646 0
      vertex 35.7083 12.9968 0
      vertex 21.8743 7.10739 0
    endloop
  endfacet
  facet normal 0 0 -1
    outer loop
      vertex 17.0923 -15.39 0
      vertex 28.2395 -25.427 0
      vertex 27.3349 -26.397 0
    endloop
  endfacet
  facet normal -0 0 -1
    outer loop
      vertex 35.7083 12.9968 0
      vertex 21.6129 7.86646 0
      vertex 35.233 14.2351 0
    endloop
  endfacet
  facet normal 0 0 -1
    outer loop
      vertex 16.5448 -15.9771 0
      vertex 27.3349 -26.397 0
      vertex 26.397 -27.3349 0
    endloop
  endfacet
  facet normal 0 0 -1
    outer loop
      vertex 21.3252 8.61595 0
      vertex 35.233 14.2351 0
      vertex 21.6129 7.86646 0
    endloop
  endfacet
  facet normal 0 0 -1
    outer loop
      vertex 15.9771 -16.5448 0
      vertex 26.397 -27.3349 0
      vertex 25.427 -28.2395 0
    endloop
  endfacet
  facet normal -0 0 -1
    outer loop
      vertex 35.233 14.2351 0
      vertex 21.3252 8.61595 0
      vertex 34.7147 15.456 0
    endloop
  endfacet
  facet normal 0 0 -1
    outer loop
      vertex 15.39 -17.0923 0
      vertex 25.427 -28.2395 0
      vertex 24.4259 -29.1097 0
    endloop
  endfacet
  facet normal 0 0 -1
    outer loop
      vertex 21.0115 9.35494 0
      vertex 34.7147 15.456 0
      vertex 21.3252 8.61595 0
    endloop
  endfacet
  facet normal 0 0 -1
    outer loop
      vertex 14.7841 -17.619 0
      vertex 24.4259 -29.1097 0
      vertex 23.3951 -29.9444 0
    endloop
  endfacet
  facet normal -0 0 -1
    outer loop
      vertex 34.7147 15.456 0
      vertex 21.0115 9.35494 0
      vertex 34.1542 16.6581 0
    endloop
  endfacet
  facet normal 0 0 -1
    outer loop
      vertex 20.6723 10.0825 0
      vertex 34.1542 16.6581 0
      vertex 21.0115 9.35494 0
    endloop
  endfacet
  facet normal 0 0 -1
    outer loop
      vertex 37.9769 -1.32618 0
      vertex 22.986 -0.802688 0
      vertex 23 0 0
    endloop
  endfacet
  facet normal 0 0 -1
    outer loop
      vertex 37.9074 -2.65075 0
      vertex 22.944 -1.6044 0
      vertex 22.986 -0.802688 0
    endloop
  endfacet
  facet normal 0 0 -1
    outer loop
      vertex 37.7918 -3.97208 0
      vertex 22.874 -2.40415 0
      vertex 22.944 -1.6044 0
    endloop
  endfacet
  facet normal 0 0 -1
    outer loop
      vertex 37.6302 -5.28858 0
      vertex 22.7762 -3.20098 0
      vertex 22.874 -2.40415 0
    endloop
  endfacet
  facet normal 0 0 -1
    outer loop
      vertex 37.4227 -6.59863 0
      vertex 22.6506 -3.99391 0
      vertex 22.7762 -3.20098 0
    endloop
  endfacet
  facet normal 0 0 -1
    outer loop
      vertex 37.1696 -7.90064 0
      vertex 22.4974 -4.78197 0
      vertex 22.6506 -3.99391 0
    endloop
  endfacet
  facet normal 0 0 -1
    outer loop
      vertex 14.1602 -18.1242 0
      vertex 23.3951 -29.9444 0
      vertex 22.3358 -30.7426 0
    endloop
  endfacet
  facet normal 0 0 -1
    outer loop
      vertex 36.8712 -9.19303 0
      vertex 22.3168 -5.5642 0
      vertex 22.4974 -4.78197 0
    endloop
  endfacet
  facet normal 0 0 -1
    outer loop
      vertex 36.5279 -10.4742 0
      vertex 22.109 -6.33966 0
      vertex 22.3168 -5.5642 0
    endloop
  endfacet
  facet normal 0 0 -1
    outer loop
      vertex 36.1401 -11.7426 0
      vertex 21.8743 -7.10739 0
      vertex 22.109 -6.33966 0
    endloop
  endfacet
  facet normal 0 0 -1
    outer loop
      vertex 35.7083 -12.9968 0
      vertex 21.6129 -7.86646 0
      vertex 21.8743 -7.10739 0
    endloop
  endfacet
  facet normal 0 0 -1
    outer loop
      vertex 35.233 -14.2351 0
      vertex 21.3252 -8.61595 0
      vertex 21.6129 -7.86646 0
    endloop
  endfacet
  facet normal 0 0 -1
    outer loop
      vertex 13.5191 -18.6074 0
      vertex 22.3358 -30.7426 0
      vertex 21.2493 -31.5034 0
    endloop
  endfacet
  facet normal 0 0 -1
    outer loop
      vertex 34.7147 -15.456 0
      vertex 21.0115 -9.35494 0
      vertex 21.3252 -8.61595 0
    endloop
  endfacet
  facet normal 0 0 -1
    outer loop
      vertex 34.1542 -16.6581 0
      vertex 20.6723 -10.0825 0
      vertex 21.0115 -9.35494 0
    endloop
  endfacet
  facet normal 0 0 -1
    outer loop
      vertex 33.552 -17.8399 0
      vertex 20.3078 -10.7978 0
      vertex 20.6723 -10.0825 0
    endloop
  endfacet
  facet normal 0 0 -1
    outer loop
      vertex 12.8614 -19.0679 0
      vertex 21.2493 -31.5034 0
      vertex 20.1369 -32.2258 0
    endloop
  endfacet
  facet normal 0 0 -1
    outer loop
      vertex 32.909 -19 0
      vertex 19.9186 -11.5 0
      vertex 20.3078 -10.7978 0
    endloop
  endfacet
  facet normal 0 0 -1
    outer loop
      vertex 32.2258 -20.1369 0
      vertex 19.5051 -12.1881 0
      vertex 19.9186 -11.5 0
    endloop
  endfacet
  facet normal 0 0 -1
    outer loop
      vertex 31.5034 -21.2493 0
      vertex 19.0679 -12.8614 0
      vertex 19.5051 -12.1881 0
    endloop
  endfacet
  facet normal 0 0 -1
    outer loop
      vertex 12.1881 -19.5051 0
      vertex 20.1369 -32.2258 0
      vertex 19 -32.909 0
    endloop
  endfacet
  facet normal 0 0 -1
    outer loop
      vertex 30.7426 -22.3358 0
      vertex 18.6074 -13.5191 0
      vertex 19.0679 -12.8614 0
    endloop
  endfacet
  facet normal 0 0 -1
    outer loop
      vertex 29.9444 -23.3951 0
      vertex 18.1242 -14.1602 0
      vertex 18.6074 -13.5191 0
    endloop
  endfacet
  facet normal 0 0 -1
    outer loop
      vertex 11.5 -19.9186 0
      vertex 19 -32.909 0
      vertex 17.8399 -33.552 0
    endloop
  endfacet
  facet normal 0 0 -1
    outer loop
      vertex 29.1097 -24.4259 0
      vertex 17.619 -14.7841 0
      vertex 18.1242 -14.1602 0
    endloop
  endfacet
  facet normal 0 0 -1
    outer loop
      vertex 28.2395 -25.427 0
      vertex 17.0923 -15.39 0
      vertex 17.619 -14.7841 0
    endloop
  endfacet
  facet normal 0 0 -1
    outer loop
      vertex 10.7978 -20.3078 0
      vertex 17.8399 -33.552 0
      vertex 16.6581 -34.1542 0
    endloop
  endfacet
  facet normal 0 0 -1
    outer loop
      vertex 27.3349 -26.397 0
      vertex 16.5448 -15.9771 0
      vertex 17.0923 -15.39 0
    endloop
  endfacet
  facet normal 0 0 -1
    outer loop
      vertex 26.397 -27.3349 0
      vertex 15.9771 -16.5448 0
      vertex 16.5448 -15.9771 0
    endloop
  endfacet
  facet normal 0 0 -1
    outer loop
      vertex 10.0825 -20.6723 0
      vertex 16.6581 -34.1542 0
      vertex 15.456 -34.7147 0
    endloop
  endfacet
  facet normal 0 0 -1
    outer loop
      vertex 25.427 -28.2395 0
      vertex 15.39 -17.0923 0
      vertex 15.9771 -16.5448 0
    endloop
  endfacet
  facet normal 0 0 -1
    outer loop
      vertex 24.4259 -29.1097 0
      vertex 14.7841 -17.619 0
      vertex 15.39 -17.0923 0
    endloop
  endfacet
  facet normal 0 0 -1
    outer loop
      vertex 9.35494 -21.0115 0
      vertex 15.456 -34.7147 0
      vertex 14.2351 -35.233 0
    endloop
  endfacet
  facet normal 0 0 -1
    outer loop
      vertex 23.3951 -29.9444 0
      vertex 14.1602 -18.1242 0
      vertex 14.7841 -17.619 0
    endloop
  endfacet
  facet normal 0 0 -1
    outer loop
      vertex 22.3358 -30.7426 0
      vertex 13.5191 -18.6074 0
      vertex 14.1602 -18.1242 0
    endloop
  endfacet
  facet normal 0 0 -1
    outer loop
      vertex 8.61595 -21.3252 0
      vertex 14.2351 -35.233 0
      vertex 12.9968 -35.7083 0
    endloop
  endfacet
  facet normal 0 0 -1
    outer loop
      vertex 21.2493 -31.5034 0
      vertex 12.8614 -19.0679 0
      vertex 13.5191 -18.6074 0
    endloop
  endfacet
  facet normal 0 0 -1
    outer loop
      vertex 20.1369 -32.2258 0
      vertex 12.1881 -19.5051 0
      vertex 12.8614 -19.0679 0
    endloop
  endfacet
  facet normal 0 0 -1
    outer loop
      vertex 7.86646 -21.6129 0
      vertex 12.9968 -35.7083 0
      vertex 11.7426 -36.1401 0
    endloop
  endfacet
  facet normal 0 0 -1
    outer loop
      vertex 19 -32.909 0
      vertex 11.5 -19.9186 0
      vertex 12.1881 -19.5051 0
    endloop
  endfacet
  facet normal 0 0 -1
    outer loop
      vertex 17.8399 -33.552 0
      vertex 10.7978 -20.3078 0
      vertex 11.5 -19.9186 0
    endloop
  endfacet
  facet normal 0 0 -1
    outer loop
      vertex 7.10739 -21.8743 0
      vertex 11.7426 -36.1401 0
      vertex 10.4742 -36.5279 0
    endloop
  endfacet
  facet normal 0 0 -1
    outer loop
      vertex 16.6581 -34.1542 0
      vertex 10.0825 -20.6723 0
      vertex 10.7978 -20.3078 0
    endloop
  endfacet
  facet normal 0 0 -1
    outer loop
      vertex 15.456 -34.7147 0
      vertex 9.35494 -21.0115 0
      vertex 10.0825 -20.6723 0
    endloop
  endfacet
  facet normal 0 0 -1
    outer loop
      vertex 6.33966 -22.109 0
      vertex 10.4742 -36.5279 0
      vertex 9.19303 -36.8712 0
    endloop
  endfacet
  facet normal 0 0 -1
    outer loop
      vertex 14.2351 -35.233 0
      vertex 8.61595 -21.3252 0
      vertex 9.35494 -21.0115 0
    endloop
  endfacet
  facet normal 0 0 -1
    outer loop
      vertex 5.5642 -22.3168 0
      vertex 9.19303 -36.8712 0
      vertex 7.90064 -37.1696 0
    endloop
  endfacet
  facet normal 0 0 -1
    outer loop
      vertex 12.9968 -35.7083 0
      vertex 7.86646 -21.6129 0
      vertex 8.61595 -21.3252 0
    endloop
  endfacet
  facet normal 0 0 -1
    outer loop
      vertex 11.7426 -36.1401 0
      vertex 7.10739 -21.8743 0
      vertex 7.86646 -21.6129 0
    endloop
  endfacet
  facet normal 0 0 -1
    outer loop
      vertex 4.78197 -22.4974 0
      vertex 7.90064 -37.1696 0
      vertex 6.59863 -37.4227 0
    endloop
  endfacet
  facet normal 0 0 -1
    outer loop
      vertex 10.4742 -36.5279 0
      vertex 6.33966 -22.109 0
      vertex 7.10739 -21.8743 0
    endloop
  endfacet
  facet normal 0 0 -1
    outer loop
      vertex 9.19303 -36.8712 0
      vertex 5.5642 -22.3168 0
      vertex 6.33966 -22.109 0
    endloop
  endfacet
  facet normal 0 0 -1
    outer loop
      vertex 3.99391 -22.6506 0
      vertex 6.59863 -37.4227 0
      vertex 5.28858 -37.6302 0
    endloop
  endfacet
  facet normal 0 0 -1
    outer loop
      vertex 7.90064 -37.1696 0
      vertex 4.78197 -22.4974 0
      vertex 5.5642 -22.3168 0
    endloop
  endfacet
  facet normal 0 0 -1
    outer loop
      vertex 6.59863 -37.4227 0
      vertex 3.99391 -22.6506 0
      vertex 4.78197 -22.4974 0
    endloop
  endfacet
  facet normal 0 0 -1
    outer loop
      vertex 3.20098 -22.7762 0
      vertex 5.28858 -37.6302 0
      vertex 3.97208 -37.7918 0
    endloop
  endfacet
  facet normal 0 0 -1
    outer loop
      vertex 5.28858 -37.6302 0
      vertex 3.20098 -22.7762 0
      vertex 3.99391 -22.6506 0
    endloop
  endfacet
  facet normal 0 0 -1
    outer loop
      vertex 2.40415 -22.874 0
      vertex 3.97208 -37.7918 0
      vertex 2.65075 -37.9074 0
    endloop
  endfacet
  facet normal 0 0 -1
    outer loop
      vertex 3.97208 -37.7918 0
      vertex 2.40415 -22.874 0
      vertex 3.20098 -22.7762 0
    endloop
  endfacet
  facet normal 0 0 -1
    outer loop
      vertex 2.65075 -37.9074 0
      vertex 1.6044 -22.944 0
      vertex 2.40415 -22.874 0
    endloop
  endfacet
  facet normal 0 0 -1
    outer loop
      vertex 1.32618 -37.9769 0
      vertex 1.6044 -22.944 0
      vertex 2.65075 -37.9074 0
    endloop
  endfacet
  facet normal 0 0 -1
    outer loop
      vertex 1.32618 -37.9769 0
      vertex 0.802688 -22.986 0
      vertex 1.6044 -22.944 0
    endloop
  endfacet
  facet normal 0 0 -1
    outer loop
      vertex 0 -38 0
      vertex 0.802688 -22.986 0
      vertex 1.32618 -37.9769 0
    endloop
  endfacet
  facet normal 0 0 -1
    outer loop
      vertex 0 -38 0
      vertex 0 -23 0
      vertex 0.802688 -22.986 0
    endloop
  endfacet
  facet normal 0 0 -1
    outer loop
      vertex 0 -38 0
      vertex -0.802688 -22.986 0
      vertex 0 -23 0
    endloop
  endfacet
  facet normal 0 0 -1
    outer loop
      vertex -1.32618 -37.9769 0
      vertex -0.802688 -22.986 0
      vertex 0 -38 0
    endloop
  endfacet
  facet normal 0 0 -1
    outer loop
      vertex -1.32618 -37.9769 0
      vertex -1.6044 -22.944 0
      vertex -0.802688 -22.986 0
    endloop
  endfacet
  facet normal 0 0 -1
    outer loop
      vertex -2.65075 -37.9074 0
      vertex -1.6044 -22.944 0
      vertex -1.32618 -37.9769 0
    endloop
  endfacet
  facet normal -0 0 -1
    outer loop
      vertex -1.6044 -22.944 0
      vertex -2.65075 -37.9074 0
      vertex -2.40415 -22.874 0
    endloop
  endfacet
  facet normal 0 0 -1
    outer loop
      vertex -3.97208 -37.7918 0
      vertex -2.40415 -22.874 0
      vertex -2.65075 -37.9074 0
    endloop
  endfacet
  facet normal -0 0 -1
    outer loop
      vertex -2.40415 -22.874 0
      vertex -3.97208 -37.7918 0
      vertex -3.20098 -22.7762 0
    endloop
  endfacet
  facet normal 0 0 -1
    outer loop
      vertex -5.28858 -37.6302 0
      vertex -3.20098 -22.7762 0
      vertex -3.97208 -37.7918 0
    endloop
  endfacet
  facet normal -0 0 -1
    outer loop
      vertex -3.20098 -22.7762 0
      vertex -5.28858 -37.6302 0
      vertex -3.99391 -22.6506 0
    endloop
  endfacet
  facet normal 0 0 -1
    outer loop
      vertex -6.59863 -37.4227 0
      vertex -3.99391 -22.6506 0
      vertex -5.28858 -37.6302 0
    endloop
  endfacet
  facet normal -0 0 -1
    outer loop
      vertex -3.99391 -22.6506 0
      vertex -6.59863 -37.4227 0
      vertex -4.78197 -22.4974 0
    endloop
  endfacet
  facet normal 0 0 -1
    outer loop
      vertex -7.90064 -37.1696 0
      vertex -4.78197 -22.4974 0
      vertex -6.59863 -37.4227 0
    endloop
  endfacet
  facet normal -0 0 -1
    outer loop
      vertex -4.78197 -22.4974 0
      vertex -7.90064 -37.1696 0
      vertex -5.5642 -22.3168 0
    endloop
  endfacet
  facet normal 0 0 -1
    outer loop
      vertex -9.19303 -36.8712 0
      vertex -5.5642 -22.3168 0
      vertex -7.90064 -37.1696 0
    endloop
  endfacet
  facet normal -0 0 -1
    outer loop
      vertex -5.5642 -22.3168 0
      vertex -9.19303 -36.8712 0
      vertex -6.33966 -22.109 0
    endloop
  endfacet
  facet normal 0 0 -1
    outer loop
      vertex -10.4742 -36.5279 0
      vertex -6.33966 -22.109 0
      vertex -9.19303 -36.8712 0
    endloop
  endfacet
  facet normal -0 0 -1
    outer loop
      vertex -6.33966 -22.109 0
      vertex -10.4742 -36.5279 0
      vertex -7.10739 -21.8743 0
    endloop
  endfacet
  facet normal 0 0 -1
    outer loop
      vertex -11.7426 -36.1401 0
      vertex -7.10739 -21.8743 0
      vertex -10.4742 -36.5279 0
    endloop
  endfacet
  facet normal -0 0 -1
    outer loop
      vertex -7.10739 -21.8743 0
      vertex -11.7426 -36.1401 0
      vertex -7.86646 -21.6129 0
    endloop
  endfacet
  facet normal 0 0 -1
    outer loop
      vertex -12.9968 -35.7083 0
      vertex -7.86646 -21.6129 0
      vertex -11.7426 -36.1401 0
    endloop
  endfacet
  facet normal -0 0 -1
    outer loop
      vertex -7.86646 -21.6129 0
      vertex -12.9968 -35.7083 0
      vertex -8.61595 -21.3252 0
    endloop
  endfacet
  facet normal 0 0 -1
    outer loop
      vertex -14.2351 -35.233 0
      vertex -8.61595 -21.3252 0
      vertex -12.9968 -35.7083 0
    endloop
  endfacet
  facet normal -0 0 -1
    outer loop
      vertex -8.61595 -21.3252 0
      vertex -14.2351 -35.233 0
      vertex -9.35494 -21.0115 0
    endloop
  endfacet
  facet normal 0 0 -1
    outer loop
      vertex -15.456 -34.7147 0
      vertex -9.35494 -21.0115 0
      vertex -14.2351 -35.233 0
    endloop
  endfacet
  facet normal -0 0 -1
    outer loop
      vertex -9.35494 -21.0115 0
      vertex -15.456 -34.7147 0
      vertex -10.0825 -20.6723 0
    endloop
  endfacet
  facet normal 0 0 -1
    outer loop
      vertex -16.6581 -34.1542 0
      vertex -10.0825 -20.6723 0
      vertex -15.456 -34.7147 0
    endloop
  endfacet
  facet normal -0 0 -1
    outer loop
      vertex -10.0825 -20.6723 0
      vertex -16.6581 -34.1542 0
      vertex -10.7978 -20.3078 0
    endloop
  endfacet
  facet normal 0 0 -1
    outer loop
      vertex -17.8399 -33.552 0
      vertex -10.7978 -20.3078 0
      vertex -16.6581 -34.1542 0
    endloop
  endfacet
  facet normal -0 0 -1
    outer loop
      vertex -10.7978 -20.3078 0
      vertex -17.8399 -33.552 0
      vertex -11.5 -19.9186 0
    endloop
  endfacet
  facet normal 0 0 -1
    outer loop
      vertex -19 -32.909 0
      vertex -11.5 -19.9186 0
      vertex -17.8399 -33.552 0
    endloop
  endfacet
  facet normal -0 0 -1
    outer loop
      vertex -11.5 -19.9186 0
      vertex -19 -32.909 0
      vertex -12.1881 -19.5051 0
    endloop
  endfacet
  facet normal 0 0 -1
    outer loop
      vertex -20.1369 -32.2258 0
      vertex -12.1881 -19.5051 0
      vertex -19 -32.909 0
    endloop
  endfacet
  facet normal -0 0 -1
    outer loop
      vertex -12.1881 -19.5051 0
      vertex -20.1369 -32.2258 0
      vertex -12.8614 -19.0679 0
    endloop
  endfacet
  facet normal 0 0 -1
    outer loop
      vertex -21.2493 -31.5034 0
      vertex -12.8614 -19.0679 0
      vertex -20.1369 -32.2258 0
    endloop
  endfacet
  facet normal -0 0 -1
    outer loop
      vertex -12.8614 -19.0679 0
      vertex -21.2493 -31.5034 0
      vertex -13.5191 -18.6074 0
    endloop
  endfacet
  facet normal 0 0 -1
    outer loop
      vertex -22.3358 -30.7426 0
      vertex -13.5191 -18.6074 0
      vertex -21.2493 -31.5034 0
    endloop
  endfacet
  facet normal -0 0 -1
    outer loop
      vertex -13.5191 -18.6074 0
      vertex -22.3358 -30.7426 0
      vertex -14.1602 -18.1242 0
    endloop
  endfacet
  facet normal 0 0 -1
    outer loop
      vertex -23.3951 -29.9444 0
      vertex -14.1602 -18.1242 0
      vertex -22.3358 -30.7426 0
    endloop
  endfacet
  facet normal -0 0 -1
    outer loop
      vertex -14.1602 -18.1242 0
      vertex -23.3951 -29.9444 0
      vertex -14.7841 -17.619 0
    endloop
  endfacet
  facet normal 0 0 -1
    outer loop
      vertex -24.4259 -29.1097 0
      vertex -14.7841 -17.619 0
      vertex -23.3951 -29.9444 0
    endloop
  endfacet
  facet normal -0 0 -1
    outer loop
      vertex -14.7841 -17.619 0
      vertex -24.4259 -29.1097 0
      vertex -15.39 -17.0923 0
    endloop
  endfacet
  facet normal 0 0 -1
    outer loop
      vertex -25.427 -28.2395 0
      vertex -15.39 -17.0923 0
      vertex -24.4259 -29.1097 0
    endloop
  endfacet
  facet normal -0 0 -1
    outer loop
      vertex -15.39 -17.0923 0
      vertex -25.427 -28.2395 0
      vertex -15.9771 -16.5448 0
    endloop
  endfacet
  facet normal 0 0 -1
    outer loop
      vertex -26.397 -27.3349 0
      vertex -15.9771 -16.5448 0
      vertex -25.427 -28.2395 0
    endloop
  endfacet
  facet normal -0 0 -1
    outer loop
      vertex -15.9771 -16.5448 0
      vertex -26.397 -27.3349 0
      vertex -16.5448 -15.9771 0
    endloop
  endfacet
  facet normal 0 0 -1
    outer loop
      vertex -27.3349 -26.397 0
      vertex -16.5448 -15.9771 0
      vertex -26.397 -27.3349 0
    endloop
  endfacet
  facet normal -0 0 -1
    outer loop
      vertex -16.5448 -15.9771 0
      vertex -27.3349 -26.397 0
      vertex -17.0923 -15.39 0
    endloop
  endfacet
  facet normal 0 0 -1
    outer loop
      vertex -28.2395 -25.427 0
      vertex -17.0923 -15.39 0
      vertex -27.3349 -26.397 0
    endloop
  endfacet
  facet normal -0 0 -1
    outer loop
      vertex -17.0923 -15.39 0
      vertex -28.2395 -25.427 0
      vertex -17.619 -14.7841 0
    endloop
  endfacet
  facet normal 0 0 -1
    outer loop
      vertex -29.1097 -24.4259 0
      vertex -17.619 -14.7841 0
      vertex -28.2395 -25.427 0
    endloop
  endfacet
  facet normal -0 0 -1
    outer loop
      vertex -17.619 -14.7841 0
      vertex -29.1097 -24.4259 0
      vertex -18.1242 -14.1602 0
    endloop
  endfacet
  facet normal 0 0 -1
    outer loop
      vertex -29.9444 -23.3951 0
      vertex -18.1242 -14.1602 0
      vertex -29.1097 -24.4259 0
    endloop
  endfacet
  facet normal -0 0 -1
    outer loop
      vertex -18.1242 -14.1602 0
      vertex -29.9444 -23.3951 0
      vertex -18.6074 -13.5191 0
    endloop
  endfacet
  facet normal 0 0 -1
    outer loop
      vertex -30.7426 -22.3358 0
      vertex -18.6074 -13.5191 0
      vertex -29.9444 -23.3951 0
    endloop
  endfacet
  facet normal -0 0 -1
    outer loop
      vertex -18.6074 -13.5191 0
      vertex -30.7426 -22.3358 0
      vertex -19.0679 -12.8614 0
    endloop
  endfacet
  facet normal 0 0 -1
    outer loop
      vertex -31.5034 -21.2493 0
      vertex -19.0679 -12.8614 0
      vertex -30.7426 -22.3358 0
    endloop
  endfacet
  facet normal -0 0 -1
    outer loop
      vertex -19.0679 -12.8614 0
      vertex -31.5034 -21.2493 0
      vertex -19.5051 -12.1881 0
    endloop
  endfacet
  facet normal 0 0 -1
    outer loop
      vertex -32.2258 -20.1369 0
      vertex -19.5051 -12.1881 0
      vertex -31.5034 -21.2493 0
    endloop
  endfacet
  facet normal -0 0 -1
    outer loop
      vertex -19.5051 -12.1881 0
      vertex -32.2258 -20.1369 0
      vertex -19.9186 -11.5 0
    endloop
  endfacet
  facet normal 0 0 -1
    outer loop
      vertex -32.909 -19 0
      vertex -19.9186 -11.5 0
      vertex -32.2258 -20.1369 0
    endloop
  endfacet
  facet normal -0 0 -1
    outer loop
      vertex -19.9186 -11.5 0
      vertex -32.909 -19 0
      vertex -20.3078 -10.7978 0
    endloop
  endfacet
  facet normal 0 0 -1
    outer loop
      vertex -33.552 -17.8399 0
      vertex -20.3078 -10.7978 0
      vertex -32.909 -19 0
    endloop
  endfacet
  facet normal 0 0 -1
    outer loop
      vertex -34.1542 -16.6581 0
      vertex -20.6723 -10.0825 0
      vertex -33.552 -17.8399 0
    endloop
  endfacet
  facet normal -0 0 -1
    outer loop
      vertex -20.3078 -10.7978 0
      vertex -33.552 -17.8399 0
      vertex -20.6723 -10.0825 0
    endloop
  endfacet
  facet normal -0 0 -1
    outer loop
      vertex 34.1542 16.6581 0
      vertex 20.6723 10.0825 0
      vertex 33.552 17.8399 0
    endloop
  endfacet
  facet normal 0 0 -1
    outer loop
      vertex 20.3078 10.7978 0
      vertex 33.552 17.8399 0
      vertex 20.6723 10.0825 0
    endloop
  endfacet
  facet normal -0 0 -1
    outer loop
      vertex 33.552 17.8399 0
      vertex 20.3078 10.7978 0
      vertex 32.909 19 0
    endloop
  endfacet
  facet normal 0 0 -1
    outer loop
      vertex 19.9186 11.5 0
      vertex 32.909 19 0
      vertex 20.3078 10.7978 0
    endloop
  endfacet
  facet normal -0 0 -1
    outer loop
      vertex 32.909 19 0
      vertex 19.9186 11.5 0
      vertex 32.2258 20.1369 0
    endloop
  endfacet
  facet normal 0 0 -1
    outer loop
      vertex 19.5051 12.1881 0
      vertex 32.2258 20.1369 0
      vertex 19.9186 11.5 0
    endloop
  endfacet
  facet normal -0 0 -1
    outer loop
      vertex 32.2258 20.1369 0
      vertex 19.5051 12.1881 0
      vertex 31.5034 21.2493 0
    endloop
  endfacet
  facet normal 0 0 -1
    outer loop
      vertex 19.0679 12.8614 0
      vertex 31.5034 21.2493 0
      vertex 19.5051 12.1881 0
    endloop
  endfacet
  facet normal -0 0 -1
    outer loop
      vertex 31.5034 21.2493 0
      vertex 19.0679 12.8614 0
      vertex 30.7426 22.3358 0
    endloop
  endfacet
  facet normal 0 0 -1
    outer loop
      vertex 18.6074 13.5191 0
      vertex 30.7426 22.3358 0
      vertex 19.0679 12.8614 0
    endloop
  endfacet
  facet normal -0 0 -1
    outer loop
      vertex 30.7426 22.3358 0
      vertex 18.6074 13.5191 0
      vertex 29.9444 23.3951 0
    endloop
  endfacet
  facet normal 0 0 -1
    outer loop
      vertex 18.1242 14.1602 0
      vertex 29.9444 23.3951 0
      vertex 18.6074 13.5191 0
    endloop
  endfacet
  facet normal -0 0 -1
    outer loop
      vertex 29.9444 23.3951 0
      vertex 18.1242 14.1602 0
      vertex 29.1097 24.4259 0
    endloop
  endfacet
  facet normal 0 0 -1
    outer loop
      vertex 17.619 14.7841 0
      vertex 29.1097 24.4259 0
      vertex 18.1242 14.1602 0
    endloop
  endfacet
  facet normal -0 0 -1
    outer loop
      vertex 29.1097 24.4259 0
      vertex 17.619 14.7841 0
      vertex 28.2395 25.427 0
    endloop
  endfacet
  facet normal 0 0 -1
    outer loop
      vertex 17.0923 15.39 0
      vertex 28.2395 25.427 0
      vertex 17.619 14.7841 0
    endloop
  endfacet
  facet normal -0 0 -1
    outer loop
      vertex 28.2395 25.427 0
      vertex 17.0923 15.39 0
      vertex 27.3349 26.397 0
    endloop
  endfacet
  facet normal 0 0 -1
    outer loop
      vertex 16.5448 15.9771 0
      vertex 27.3349 26.397 0
      vertex 17.0923 15.39 0
    endloop
  endfacet
  facet normal -0 0 -1
    outer loop
      vertex 27.3349 26.397 0
      vertex 16.5448 15.9771 0
      vertex 26.397 27.3349 0
    endloop
  endfacet
  facet normal 0 0 -1
    outer loop
      vertex 15.9771 16.5448 0
      vertex 26.397 27.3349 0
      vertex 16.5448 15.9771 0
    endloop
  endfacet
  facet normal -0 0 -1
    outer loop
      vertex 26.397 27.3349 0
      vertex 15.9771 16.5448 0
      vertex 25.427 28.2395 0
    endloop
  endfacet
  facet normal 0 0 -1
    outer loop
      vertex 15.39 17.0923 0
      vertex 25.427 28.2395 0
      vertex 15.9771 16.5448 0
    endloop
  endfacet
  facet normal -0 0 -1
    outer loop
      vertex 25.427 28.2395 0
      vertex 15.39 17.0923 0
      vertex 24.4259 29.1097 0
    endloop
  endfacet
  facet normal 0 0 -1
    outer loop
      vertex 14.7841 17.619 0
      vertex 24.4259 29.1097 0
      vertex 15.39 17.0923 0
    endloop
  endfacet
  facet normal -0 0 -1
    outer loop
      vertex 24.4259 29.1097 0
      vertex 14.7841 17.619 0
      vertex 23.3951 29.9444 0
    endloop
  endfacet
  facet normal 0 0 -1
    outer loop
      vertex 14.1602 18.1242 0
      vertex 23.3951 29.9444 0
      vertex 14.7841 17.619 0
    endloop
  endfacet
  facet normal -0 0 -1
    outer loop
      vertex 23.3951 29.9444 0
      vertex 14.1602 18.1242 0
      vertex 22.3358 30.7426 0
    endloop
  endfacet
  facet normal 0 0 -1
    outer loop
      vertex 13.5191 18.6074 0
      vertex 22.3358 30.7426 0
      vertex 14.1602 18.1242 0
    endloop
  endfacet
  facet normal -0 0 -1
    outer loop
      vertex 22.3358 30.7426 0
      vertex 13.5191 18.6074 0
      vertex 21.2493 31.5034 0
    endloop
  endfacet
  facet normal 0 0 -1
    outer loop
      vertex 12.8614 19.0679 0
      vertex 21.2493 31.5034 0
      vertex 13.5191 18.6074 0
    endloop
  endfacet
  facet normal -0 0 -1
    outer loop
      vertex 21.2493 31.5034 0
      vertex 12.8614 19.0679 0
      vertex 20.1369 32.2258 0
    endloop
  endfacet
  facet normal 0 0 -1
    outer loop
      vertex 12.1881 19.5051 0
      vertex 20.1369 32.2258 0
      vertex 12.8614 19.0679 0
    endloop
  endfacet
  facet normal -0 0 -1
    outer loop
      vertex 20.1369 32.2258 0
      vertex 12.1881 19.5051 0
      vertex 19 32.909 0
    endloop
  endfacet
  facet normal 0 0 -1
    outer loop
      vertex 11.5 19.9186 0
      vertex 19 32.909 0
      vertex 12.1881 19.5051 0
    endloop
  endfacet
  facet normal -0 0 -1
    outer loop
      vertex 19 32.909 0
      vertex 11.5 19.9186 0
      vertex 17.8399 33.552 0
    endloop
  endfacet
  facet normal 0 0 -1
    outer loop
      vertex 10.7978 20.3078 0
      vertex 17.8399 33.552 0
      vertex 11.5 19.9186 0
    endloop
  endfacet
  facet normal -0 0 -1
    outer loop
      vertex 17.8399 33.552 0
      vertex 10.7978 20.3078 0
      vertex 16.6581 34.1542 0
    endloop
  endfacet
  facet normal 0 0 -1
    outer loop
      vertex 10.0825 20.6723 0
      vertex 16.6581 34.1542 0
      vertex 10.7978 20.3078 0
    endloop
  endfacet
  facet normal -0 0 -1
    outer loop
      vertex 16.6581 34.1542 0
      vertex 10.0825 20.6723 0
      vertex 15.456 34.7147 0
    endloop
  endfacet
  facet normal 0 0 -1
    outer loop
      vertex 9.35494 21.0115 0
      vertex 15.456 34.7147 0
      vertex 10.0825 20.6723 0
    endloop
  endfacet
  facet normal -0 0 -1
    outer loop
      vertex 15.456 34.7147 0
      vertex 9.35494 21.0115 0
      vertex 14.2351 35.233 0
    endloop
  endfacet
  facet normal 0 0 -1
    outer loop
      vertex 8.61595 21.3252 0
      vertex 14.2351 35.233 0
      vertex 9.35494 21.0115 0
    endloop
  endfacet
  facet normal -0 0 -1
    outer loop
      vertex 14.2351 35.233 0
      vertex 8.61595 21.3252 0
      vertex 12.9968 35.7083 0
    endloop
  endfacet
  facet normal 0 0 -1
    outer loop
      vertex 7.86646 21.6129 0
      vertex 12.9968 35.7083 0
      vertex 8.61595 21.3252 0
    endloop
  endfacet
  facet normal -0 0 -1
    outer loop
      vertex 12.9968 35.7083 0
      vertex 7.86646 21.6129 0
      vertex 11.7426 36.1401 0
    endloop
  endfacet
  facet normal 0 0 -1
    outer loop
      vertex 7.10739 21.8743 0
      vertex 11.7426 36.1401 0
      vertex 7.86646 21.6129 0
    endloop
  endfacet
  facet normal -0 0 -1
    outer loop
      vertex 11.7426 36.1401 0
      vertex 7.10739 21.8743 0
      vertex 10.4742 36.5279 0
    endloop
  endfacet
  facet normal 0 0 -1
    outer loop
      vertex 6.33966 22.109 0
      vertex 10.4742 36.5279 0
      vertex 7.10739 21.8743 0
    endloop
  endfacet
  facet normal -0 0 -1
    outer loop
      vertex 10.4742 36.5279 0
      vertex 6.33966 22.109 0
      vertex 9.19303 36.8712 0
    endloop
  endfacet
  facet normal 0 0 -1
    outer loop
      vertex 5.5642 22.3168 0
      vertex 9.19303 36.8712 0
      vertex 6.33966 22.109 0
    endloop
  endfacet
  facet normal -0 0 -1
    outer loop
      vertex 9.19303 36.8712 0
      vertex 5.5642 22.3168 0
      vertex 7.90064 37.1696 0
    endloop
  endfacet
  facet normal 0 0 -1
    outer loop
      vertex 4.78197 22.4974 0
      vertex 7.90064 37.1696 0
      vertex 5.5642 22.3168 0
    endloop
  endfacet
  facet normal -0 0 -1
    outer loop
      vertex 7.90064 37.1696 0
      vertex 4.78197 22.4974 0
      vertex 6.59863 37.4227 0
    endloop
  endfacet
  facet normal 0 0 -1
    outer loop
      vertex 3.99391 22.6506 0
      vertex 6.59863 37.4227 0
      vertex 4.78197 22.4974 0
    endloop
  endfacet
  facet normal -0 0 -1
    outer loop
      vertex 6.59863 37.4227 0
      vertex 3.99391 22.6506 0
      vertex 5.28858 37.6302 0
    endloop
  endfacet
  facet normal 0 0 -1
    outer loop
      vertex 3.20098 22.7762 0
      vertex 5.28858 37.6302 0
      vertex 3.99391 22.6506 0
    endloop
  endfacet
  facet normal -0 0 -1
    outer loop
      vertex 5.28858 37.6302 0
      vertex 3.20098 22.7762 0
      vertex 3.97208 37.7918 0
    endloop
  endfacet
  facet normal 0 0 -1
    outer loop
      vertex 2.40415 22.874 0
      vertex 3.97208 37.7918 0
      vertex 3.20098 22.7762 0
    endloop
  endfacet
  facet normal -0 0 -1
    outer loop
      vertex 3.97208 37.7918 0
      vertex 2.40415 22.874 0
      vertex 2.65075 37.9074 0
    endloop
  endfacet
  facet normal 0 0 -1
    outer loop
      vertex 1.6044 22.944 0
      vertex 2.65075 37.9074 0
      vertex 2.40415 22.874 0
    endloop
  endfacet
  facet normal 0 0 -1
    outer loop
      vertex 1.6044 22.944 0
      vertex 1.32618 37.9769 0
      vertex 2.65075 37.9074 0
    endloop
  endfacet
  facet normal 0 0 -1
    outer loop
      vertex 0.802688 22.986 0
      vertex 1.32618 37.9769 0
      vertex 1.6044 22.944 0
    endloop
  endfacet
  facet normal 0 0 -1
    outer loop
      vertex 0 23 0
      vertex 1.32618 37.9769 0
      vertex 0.802688 22.986 0
    endloop
  endfacet
  facet normal 0 0 -1
    outer loop
      vertex 0 23 0
      vertex 0 38 0
      vertex 1.32618 37.9769 0
    endloop
  endfacet
  facet normal 0 0 -1
    outer loop
      vertex -0.802688 22.986 0
      vertex 0 38 0
      vertex 0 23 0
    endloop
  endfacet
  facet normal 0 0 -1
    outer loop
      vertex -0.802688 22.986 0
      vertex -1.32618 37.9769 0
      vertex 0 38 0
    endloop
  endfacet
  facet normal 0 0 -1
    outer loop
      vertex -1.6044 22.944 0
      vertex -1.32618 37.9769 0
      vertex -0.802688 22.986 0
    endloop
  endfacet
  facet normal 0 0 -1
    outer loop
      vertex -2.65075 37.9074 0
      vertex -1.6044 22.944 0
      vertex -2.40415 22.874 0
    endloop
  endfacet
  facet normal 0 0 -1
    outer loop
      vertex -1.6044 22.944 0
      vertex -2.65075 37.9074 0
      vertex -1.32618 37.9769 0
    endloop
  endfacet
  facet normal 0 0 -1
    outer loop
      vertex -3.97208 37.7918 0
      vertex -2.40415 22.874 0
      vertex -3.20098 22.7762 0
    endloop
  endfacet
  facet normal 0 0 -1
    outer loop
      vertex -2.40415 22.874 0
      vertex -3.97208 37.7918 0
      vertex -2.65075 37.9074 0
    endloop
  endfacet
  facet normal 0 0 -1
    outer loop
      vertex -5.28858 37.6302 0
      vertex -3.20098 22.7762 0
      vertex -3.99391 22.6506 0
    endloop
  endfacet
  facet normal 0 0 -1
    outer loop
      vertex -6.59863 37.4227 0
      vertex -3.99391 22.6506 0
      vertex -4.78197 22.4974 0
    endloop
  endfacet
  facet normal 0 0 -1
    outer loop
      vertex -3.20098 22.7762 0
      vertex -5.28858 37.6302 0
      vertex -3.97208 37.7918 0
    endloop
  endfacet
  facet normal 0 0 -1
    outer loop
      vertex -7.90064 37.1696 0
      vertex -4.78197 22.4974 0
      vertex -5.5642 22.3168 0
    endloop
  endfacet
  facet normal 0 0 -1
    outer loop
      vertex -9.19303 36.8712 0
      vertex -5.5642 22.3168 0
      vertex -6.33966 22.109 0
    endloop
  endfacet
  facet normal 0 0 -1
    outer loop
      vertex -3.99391 22.6506 0
      vertex -6.59863 37.4227 0
      vertex -5.28858 37.6302 0
    endloop
  endfacet
  facet normal 0 0 -1
    outer loop
      vertex -10.4742 36.5279 0
      vertex -6.33966 22.109 0
      vertex -7.10739 21.8743 0
    endloop
  endfacet
  facet normal 0 0 -1
    outer loop
      vertex -11.7426 36.1401 0
      vertex -7.10739 21.8743 0
      vertex -7.86646 21.6129 0
    endloop
  endfacet
  facet normal 0 0 -1
    outer loop
      vertex -4.78197 22.4974 0
      vertex -7.90064 37.1696 0
      vertex -6.59863 37.4227 0
    endloop
  endfacet
  facet normal 0 0 -1
    outer loop
      vertex -12.9968 35.7083 0
      vertex -7.86646 21.6129 0
      vertex -8.61595 21.3252 0
    endloop
  endfacet
  facet normal 0 0 -1
    outer loop
      vertex -5.5642 22.3168 0
      vertex -9.19303 36.8712 0
      vertex -7.90064 37.1696 0
    endloop
  endfacet
  facet normal 0 0 -1
    outer loop
      vertex -14.2351 35.233 0
      vertex -8.61595 21.3252 0
      vertex -9.35494 21.0115 0
    endloop
  endfacet
  facet normal 0 0 -1
    outer loop
      vertex -15.456 34.7147 0
      vertex -9.35494 21.0115 0
      vertex -10.0825 20.6723 0
    endloop
  endfacet
  facet normal 0 0 -1
    outer loop
      vertex -6.33966 22.109 0
      vertex -10.4742 36.5279 0
      vertex -9.19303 36.8712 0
    endloop
  endfacet
  facet normal 0 0 -1
    outer loop
      vertex -16.6581 34.1542 0
      vertex -10.0825 20.6723 0
      vertex -10.7978 20.3078 0
    endloop
  endfacet
  facet normal 0 0 -1
    outer loop
      vertex -17.8399 33.552 0
      vertex -10.7978 20.3078 0
      vertex -11.5 19.9186 0
    endloop
  endfacet
  facet normal 0 0 -1
    outer loop
      vertex -7.10739 21.8743 0
      vertex -11.7426 36.1401 0
      vertex -10.4742 36.5279 0
    endloop
  endfacet
  facet normal 0 0 -1
    outer loop
      vertex -19 32.909 0
      vertex -11.5 19.9186 0
      vertex -12.1881 19.5051 0
    endloop
  endfacet
  facet normal 0 0 -1
    outer loop
      vertex -20.1369 32.2258 0
      vertex -12.1881 19.5051 0
      vertex -12.8614 19.0679 0
    endloop
  endfacet
  facet normal 0 0 -1
    outer loop
      vertex -7.86646 21.6129 0
      vertex -12.9968 35.7083 0
      vertex -11.7426 36.1401 0
    endloop
  endfacet
  facet normal 0 0 -1
    outer loop
      vertex -21.2493 31.5034 0
      vertex -12.8614 19.0679 0
      vertex -13.5191 18.6074 0
    endloop
  endfacet
  facet normal 0 0 -1
    outer loop
      vertex -22.3358 30.7426 0
      vertex -13.5191 18.6074 0
      vertex -14.1602 18.1242 0
    endloop
  endfacet
  facet normal 0 0 -1
    outer loop
      vertex -8.61595 21.3252 0
      vertex -14.2351 35.233 0
      vertex -12.9968 35.7083 0
    endloop
  endfacet
  facet normal 0 0 -1
    outer loop
      vertex -23.3951 29.9444 0
      vertex -14.1602 18.1242 0
      vertex -14.7841 17.619 0
    endloop
  endfacet
  facet normal 0 0 -1
    outer loop
      vertex -24.4259 29.1097 0
      vertex -14.7841 17.619 0
      vertex -15.39 17.0923 0
    endloop
  endfacet
  facet normal 0 0 -1
    outer loop
      vertex -9.35494 21.0115 0
      vertex -15.456 34.7147 0
      vertex -14.2351 35.233 0
    endloop
  endfacet
  facet normal 0 0 -1
    outer loop
      vertex -25.427 28.2395 0
      vertex -15.39 17.0923 0
      vertex -15.9771 16.5448 0
    endloop
  endfacet
  facet normal 0 0 -1
    outer loop
      vertex -26.397 27.3349 0
      vertex -15.9771 16.5448 0
      vertex -16.5448 15.9771 0
    endloop
  endfacet
  facet normal 0 0 -1
    outer loop
      vertex -10.0825 20.6723 0
      vertex -16.6581 34.1542 0
      vertex -15.456 34.7147 0
    endloop
  endfacet
  facet normal 0 0 -1
    outer loop
      vertex -27.3349 26.397 0
      vertex -16.5448 15.9771 0
      vertex -17.0923 15.39 0
    endloop
  endfacet
  facet normal 0 0 -1
    outer loop
      vertex -28.2395 25.427 0
      vertex -17.0923 15.39 0
      vertex -17.619 14.7841 0
    endloop
  endfacet
  facet normal 0 0 -1
    outer loop
      vertex -10.7978 20.3078 0
      vertex -17.8399 33.552 0
      vertex -16.6581 34.1542 0
    endloop
  endfacet
  facet normal 0 0 -1
    outer loop
      vertex -29.1097 24.4259 0
      vertex -17.619 14.7841 0
      vertex -18.1242 14.1602 0
    endloop
  endfacet
  facet normal 0 0 -1
    outer loop
      vertex -29.9444 23.3951 0
      vertex -18.1242 14.1602 0
      vertex -18.6074 13.5191 0
    endloop
  endfacet
  facet normal 0 0 -1
    outer loop
      vertex -11.5 19.9186 0
      vertex -19 32.909 0
      vertex -17.8399 33.552 0
    endloop
  endfacet
  facet normal 0 0 -1
    outer loop
      vertex -30.7426 22.3358 0
      vertex -18.6074 13.5191 0
      vertex -19.0679 12.8614 0
    endloop
  endfacet
  facet normal 0 0 -1
    outer loop
      vertex -31.5034 21.2493 0
      vertex -19.0679 12.8614 0
      vertex -19.5051 12.1881 0
    endloop
  endfacet
  facet normal 0 0 -1
    outer loop
      vertex -32.2258 20.1369 0
      vertex -19.5051 12.1881 0
      vertex -19.9186 11.5 0
    endloop
  endfacet
  facet normal 0 0 -1
    outer loop
      vertex -12.1881 19.5051 0
      vertex -20.1369 32.2258 0
      vertex -19 32.909 0
    endloop
  endfacet
  facet normal 0 0 -1
    outer loop
      vertex -32.909 19 0
      vertex -19.9186 11.5 0
      vertex -20.3078 10.7978 0
    endloop
  endfacet
  facet normal 0 0 -1
    outer loop
      vertex -33.552 17.8399 0
      vertex -20.3078 10.7978 0
      vertex -20.6723 10.0825 0
    endloop
  endfacet
  facet normal 0 0 -1
    outer loop
      vertex -34.1542 16.6581 0
      vertex -20.6723 10.0825 0
      vertex -21.0115 9.35494 0
    endloop
  endfacet
  facet normal 0 0 -1
    outer loop
      vertex -12.8614 19.0679 0
      vertex -21.2493 31.5034 0
      vertex -20.1369 32.2258 0
    endloop
  endfacet
  facet normal 0 0 -1
    outer loop
      vertex -34.7147 15.456 0
      vertex -21.0115 9.35494 0
      vertex -21.3252 8.61595 0
    endloop
  endfacet
  facet normal 0 0 -1
    outer loop
      vertex -35.233 14.2351 0
      vertex -21.3252 8.61595 0
      vertex -21.6129 7.86646 0
    endloop
  endfacet
  facet normal 0 0 -1
    outer loop
      vertex -35.7083 12.9968 0
      vertex -21.6129 7.86646 0
      vertex -21.8743 7.10739 0
    endloop
  endfacet
  facet normal 0 0 -1
    outer loop
      vertex -36.1401 11.7426 0
      vertex -21.8743 7.10739 0
      vertex -22.109 6.33966 0
    endloop
  endfacet
  facet normal 0 0 -1
    outer loop
      vertex -36.5279 10.4742 0
      vertex -22.109 6.33966 0
      vertex -22.3168 5.5642 0
    endloop
  endfacet
  facet normal 0 0 -1
    outer loop
      vertex -13.5191 18.6074 0
      vertex -22.3358 30.7426 0
      vertex -21.2493 31.5034 0
    endloop
  endfacet
  facet normal 0 0 -1
    outer loop
      vertex -36.8712 9.19303 0
      vertex -22.3168 5.5642 0
      vertex -22.4974 4.78197 0
    endloop
  endfacet
  facet normal 0 0 -1
    outer loop
      vertex -37.1696 7.90064 0
      vertex -22.4974 4.78197 0
      vertex -22.6506 3.99391 0
    endloop
  endfacet
  facet normal 0 0 -1
    outer loop
      vertex -37.4227 6.59863 0
      vertex -22.6506 3.99391 0
      vertex -22.7762 3.20098 0
    endloop
  endfacet
  facet normal 0 0 -1
    outer loop
      vertex -37.6302 5.28858 0
      vertex -22.7762 3.20098 0
      vertex -22.874 2.40415 0
    endloop
  endfacet
  facet normal 0 0 -1
    outer loop
      vertex -37.7918 3.97208 0
      vertex -22.874 2.40415 0
      vertex -22.944 1.6044 0
    endloop
  endfacet
  facet normal 0 0 -1
    outer loop
      vertex -37.9074 2.65075 0
      vertex -22.944 1.6044 0
      vertex -22.986 0.802688 0
    endloop
  endfacet
  facet normal 0 0 -1
    outer loop
      vertex -14.1602 18.1242 0
      vertex -23.3951 29.9444 0
      vertex -22.3358 30.7426 0
    endloop
  endfacet
  facet normal 0 0 -1
    outer loop
      vertex -37.9769 1.32618 0
      vertex -22.986 0.802688 0
      vertex -23 0 0
    endloop
  endfacet
  facet normal -0 0 -1
    outer loop
      vertex -20.6723 -10.0825 0
      vertex -34.1542 -16.6581 0
      vertex -21.0115 -9.35494 0
    endloop
  endfacet
  facet normal 0 0 -1
    outer loop
      vertex -34.7147 -15.456 0
      vertex -21.0115 -9.35494 0
      vertex -34.1542 -16.6581 0
    endloop
  endfacet
  facet normal 0 0 -1
    outer loop
      vertex -14.7841 17.619 0
      vertex -24.4259 29.1097 0
      vertex -23.3951 29.9444 0
    endloop
  endfacet
  facet normal -0 0 -1
    outer loop
      vertex -21.0115 -9.35494 0
      vertex -34.7147 -15.456 0
      vertex -21.3252 -8.61595 0
    endloop
  endfacet
  facet normal 0 0 -1
    outer loop
      vertex -15.39 17.0923 0
      vertex -25.427 28.2395 0
      vertex -24.4259 29.1097 0
    endloop
  endfacet
  facet normal 0 0 -1
    outer loop
      vertex -35.233 -14.2351 0
      vertex -21.3252 -8.61595 0
      vertex -34.7147 -15.456 0
    endloop
  endfacet
  facet normal 0 0 -1
    outer loop
      vertex -15.9771 16.5448 0
      vertex -26.397 27.3349 0
      vertex -25.427 28.2395 0
    endloop
  endfacet
  facet normal -0 0 -1
    outer loop
      vertex -21.3252 -8.61595 0
      vertex -35.233 -14.2351 0
      vertex -21.6129 -7.86646 0
    endloop
  endfacet
  facet normal 0 0 -1
    outer loop
      vertex -16.5448 15.9771 0
      vertex -27.3349 26.397 0
      vertex -26.397 27.3349 0
    endloop
  endfacet
  facet normal 0 0 -1
    outer loop
      vertex -35.7083 -12.9968 0
      vertex -21.6129 -7.86646 0
      vertex -35.233 -14.2351 0
    endloop
  endfacet
  facet normal 0 0 -1
    outer loop
      vertex -17.0923 15.39 0
      vertex -28.2395 25.427 0
      vertex -27.3349 26.397 0
    endloop
  endfacet
  facet normal -0 0 -1
    outer loop
      vertex -21.6129 -7.86646 0
      vertex -35.7083 -12.9968 0
      vertex -21.8743 -7.10739 0
    endloop
  endfacet
  facet normal 0 0 -1
    outer loop
      vertex -17.619 14.7841 0
      vertex -29.1097 24.4259 0
      vertex -28.2395 25.427 0
    endloop
  endfacet
  facet normal 0 0 -1
    outer loop
      vertex -36.1401 -11.7426 0
      vertex -21.8743 -7.10739 0
      vertex -35.7083 -12.9968 0
    endloop
  endfacet
  facet normal 0 0 -1
    outer loop
      vertex -18.1242 14.1602 0
      vertex -29.9444 23.3951 0
      vertex -29.1097 24.4259 0
    endloop
  endfacet
  facet normal -0 0 -1
    outer loop
      vertex -21.8743 -7.10739 0
      vertex -36.1401 -11.7426 0
      vertex -22.109 -6.33966 0
    endloop
  endfacet
  facet normal 0 0 -1
    outer loop
      vertex -18.6074 13.5191 0
      vertex -30.7426 22.3358 0
      vertex -29.9444 23.3951 0
    endloop
  endfacet
  facet normal 0 0 -1
    outer loop
      vertex -36.5279 -10.4742 0
      vertex -22.109 -6.33966 0
      vertex -36.1401 -11.7426 0
    endloop
  endfacet
  facet normal 0 0 -1
    outer loop
      vertex -19.0679 12.8614 0
      vertex -31.5034 21.2493 0
      vertex -30.7426 22.3358 0
    endloop
  endfacet
  facet normal -0 0 -1
    outer loop
      vertex -22.109 -6.33966 0
      vertex -36.5279 -10.4742 0
      vertex -22.3168 -5.5642 0
    endloop
  endfacet
  facet normal 0 0 -1
    outer loop
      vertex -19.5051 12.1881 0
      vertex -32.2258 20.1369 0
      vertex -31.5034 21.2493 0
    endloop
  endfacet
  facet normal 0 0 -1
    outer loop
      vertex -36.8712 -9.19303 0
      vertex -22.3168 -5.5642 0
      vertex -36.5279 -10.4742 0
    endloop
  endfacet
  facet normal 0 0 -1
    outer loop
      vertex -19.9186 11.5 0
      vertex -32.909 19 0
      vertex -32.2258 20.1369 0
    endloop
  endfacet
  facet normal -0 0 -1
    outer loop
      vertex -22.3168 -5.5642 0
      vertex -36.8712 -9.19303 0
      vertex -22.4974 -4.78197 0
    endloop
  endfacet
  facet normal 0 0 -1
    outer loop
      vertex -20.3078 10.7978 0
      vertex -33.552 17.8399 0
      vertex -32.909 19 0
    endloop
  endfacet
  facet normal 0 0 -1
    outer loop
      vertex -37.1696 -7.90064 0
      vertex -22.4974 -4.78197 0
      vertex -36.8712 -9.19303 0
    endloop
  endfacet
  facet normal 0 0 -1
    outer loop
      vertex -20.6723 10.0825 0
      vertex -34.1542 16.6581 0
      vertex -33.552 17.8399 0
    endloop
  endfacet
  facet normal -0 0 -1
    outer loop
      vertex -22.4974 -4.78197 0
      vertex -37.1696 -7.90064 0
      vertex -22.6506 -3.99391 0
    endloop
  endfacet
  facet normal 0 0 -1
    outer loop
      vertex -21.0115 9.35494 0
      vertex -34.7147 15.456 0
      vertex -34.1542 16.6581 0
    endloop
  endfacet
  facet normal 0 0 -1
    outer loop
      vertex -37.4227 -6.59863 0
      vertex -22.6506 -3.99391 0
      vertex -37.1696 -7.90064 0
    endloop
  endfacet
  facet normal 0 0 -1
    outer loop
      vertex -21.3252 8.61595 0
      vertex -35.233 14.2351 0
      vertex -34.7147 15.456 0
    endloop
  endfacet
  facet normal -0 0 -1
    outer loop
      vertex -22.6506 -3.99391 0
      vertex -37.4227 -6.59863 0
      vertex -22.7762 -3.20098 0
    endloop
  endfacet
  facet normal 0 0 -1
    outer loop
      vertex -21.6129 7.86646 0
      vertex -35.7083 12.9968 0
      vertex -35.233 14.2351 0
    endloop
  endfacet
  facet normal 0 0 -1
    outer loop
      vertex -37.6302 -5.28858 0
      vertex -22.7762 -3.20098 0
      vertex -37.4227 -6.59863 0
    endloop
  endfacet
  facet normal 0 0 -1
    outer loop
      vertex -21.8743 7.10739 0
      vertex -36.1401 11.7426 0
      vertex -35.7083 12.9968 0
    endloop
  endfacet
  facet normal -0 0 -1
    outer loop
      vertex -22.7762 -3.20098 0
      vertex -37.6302 -5.28858 0
      vertex -22.874 -2.40415 0
    endloop
  endfacet
  facet normal 0 0 -1
    outer loop
      vertex -22.109 6.33966 0
      vertex -36.5279 10.4742 0
      vertex -36.1401 11.7426 0
    endloop
  endfacet
  facet normal 0 0 -1
    outer loop
      vertex -37.7918 -3.97208 0
      vertex -22.874 -2.40415 0
      vertex -37.6302 -5.28858 0
    endloop
  endfacet
  facet normal 0 0 -1
    outer loop
      vertex -22.3168 5.5642 0
      vertex -36.8712 9.19303 0
      vertex -36.5279 10.4742 0
    endloop
  endfacet
  facet normal -0 0 -1
    outer loop
      vertex -22.874 -2.40415 0
      vertex -37.7918 -3.97208 0
      vertex -22.944 -1.6044 0
    endloop
  endfacet
  facet normal 0 0 -1
    outer loop
      vertex -22.4974 4.78197 0
      vertex -37.1696 7.90064 0
      vertex -36.8712 9.19303 0
    endloop
  endfacet
  facet normal 0 0 -1
    outer loop
      vertex -37.9074 -2.65075 0
      vertex -22.944 -1.6044 0
      vertex -37.7918 -3.97208 0
    endloop
  endfacet
  facet normal 0 0 -1
    outer loop
      vertex -22.6506 3.99391 0
      vertex -37.4227 6.59863 0
      vertex -37.1696 7.90064 0
    endloop
  endfacet
  facet normal -0 0 -1
    outer loop
      vertex -22.944 -1.6044 0
      vertex -37.9074 -2.65075 0
      vertex -22.986 -0.802688 0
    endloop
  endfacet
  facet normal 0 0 -1
    outer loop
      vertex -22.7762 3.20098 0
      vertex -37.6302 5.28858 0
      vertex -37.4227 6.59863 0
    endloop
  endfacet
  facet normal 0 0 -1
    outer loop
      vertex -37.9769 -1.32618 0
      vertex -22.986 -0.802688 0
      vertex -37.9074 -2.65075 0
    endloop
  endfacet
  facet normal 0 0 -1
    outer loop
      vertex -22.874 2.40415 0
      vertex -37.7918 3.97208 0
      vertex -37.6302 5.28858 0
    endloop
  endfacet
  facet normal -0 0 -1
    outer loop
      vertex -22.986 -0.802688 0
      vertex -37.9769 -1.32618 0
      vertex -23 0 0
    endloop
  endfacet
  facet normal 0 0 -1
    outer loop
      vertex -22.944 1.6044 0
      vertex -37.9074 2.65075 0
      vertex -37.7918 3.97208 0
    endloop
  endfacet
  facet normal 0 0 -1
    outer loop
      vertex -38 0 0
      vertex -23 0 0
      vertex -37.9769 -1.32618 0
    endloop
  endfacet
  facet normal 0 0 -1
    outer loop
      vertex -22.986 0.802688 0
      vertex -37.9769 1.32618 0
      vertex -37.9074 2.65075 0
    endloop
  endfacet
  facet normal 0 0 -1
    outer loop
      vertex -23 0 0
      vertex -38 0 0
      vertex -37.9769 1.32618 0
    endloop
  endfacet
  facet normal 0.656041 -0.754726 0
    outer loop
      vertex 24.4259 -29.1097 0
      vertex 25.427 -28.2395 119.5
      vertex 24.4259 -29.1097 119.5
    endloop
  endfacet
  facet normal 0.656041 -0.754726 0
    outer loop
      vertex 25.427 -28.2395 119.5
      vertex 24.4259 -29.1097 0
      vertex 25.427 -28.2395 0
    endloop
  endfacet
  facet normal 0.819143 -0.573589 0
    outer loop
      vertex 30.7426 -22.3358 119.5
      vertex 31.5034 -21.2493 0
      vertex 31.5034 -21.2493 119.5
    endloop
  endfacet
  facet normal 0.819143 -0.573589 0
    outer loop
      vertex 31.5034 -21.2493 0
      vertex 30.7426 -22.3358 119.5
      vertex 30.7426 -22.3358 0
    endloop
  endfacet
  facet normal -0.838671 0.544639 0
    outer loop
      vertex -32.2258 20.1369 0
      vertex -31.5034 21.2493 119.5
      vertex -31.5034 21.2493 0
    endloop
  endfacet
  facet normal -0.838671 0.544639 0
    outer loop
      vertex -31.5034 21.2493 119.5
      vertex -32.2258 20.1369 0
      vertex -32.2258 20.1369 119.5
    endloop
  endfacet
  facet normal -0.601796 -0.79865 0
    outer loop
      vertex -23.3951 -29.9444 0
      vertex -22.3358 -30.7426 119.5
      vertex -23.3951 -29.9444 119.5
    endloop
  endfacet
  facet normal -0.601796 -0.79865 -0
    outer loop
      vertex -22.3358 -30.7426 119.5
      vertex -23.3951 -29.9444 0
      vertex -22.3358 -30.7426 0
    endloop
  endfacet
  facet normal -0.224971 0.974365 0
    outer loop
      vertex -7.90064 37.1696 102.282
      vertex -9.19303 36.8712 119.5
      vertex -7.90064 37.1696 119.5
    endloop
  endfacet
  facet normal -0.224963 0.974367 6.78497e-07
    outer loop
      vertex -8.83749 36.9533 101.337
      vertex -9.19303 36.8712 119.5
      vertex -7.90064 37.1696 102.282
    endloop
  endfacet
  facet normal -0.224885 0.974385 2.28587e-06
    outer loop
      vertex -8.99174 36.9177 101.183
      vertex -9.19303 36.8712 119.5
      vertex -8.83749 36.9533 101.337
    endloop
  endfacet
  facet normal -0.225082 0.97434 0
    outer loop
      vertex -9.19303 36.8712 119.5
      vertex -8.99174 36.9177 101.183
      vertex -9.19303 36.8712 100.967
    endloop
  endfacet
  facet normal -0.224971 0.974365 0
    outer loop
      vertex -9.19303 36.8712 0
      vertex -7.90064 37.1696 82.8158
      vertex -7.90064 37.1696 0
    endloop
  endfacet
  facet normal -0.22507 0.974343 1.62847e-06
    outer loop
      vertex -7.90064 37.1696 82.8158
      vertex -9.19303 36.8712 0
      vertex -8.03484 37.1386 82.9245
    endloop
  endfacet
  facet normal -0.224895 0.974383 -9.53058e-07
    outer loop
      vertex -8.03484 37.1386 82.9245
      vertex -9.19303 36.8712 0
      vertex -8.36412 37.0626 83.2107
    endloop
  endfacet
  facet normal -0.225031 0.974352 4.73105e-07
    outer loop
      vertex -8.36412 37.0626 83.2107
      vertex -9.19303 36.8712 0
      vertex -8.68323 36.9889 83.5083
    endloop
  endfacet
  facet normal -0.224876 0.974387 -5.21281e-07
    outer loop
      vertex -8.68323 36.9889 83.5083
      vertex -9.19303 36.8712 0
      vertex -8.99174 36.9177 83.8168
    endloop
  endfacet
  facet normal -0.225082 0.97434 0
    outer loop
      vertex -8.99174 36.9177 83.8168
      vertex -9.19303 36.8712 0
      vertex -9.19303 36.8712 84.0326
    endloop
  endfacet
  facet normal -0.484779 -0.874637 0
    outer loop
      vertex -19 -32.909 0
      vertex -17.8399 -33.552 119.5
      vertex -19 -32.909 119.5
    endloop
  endfacet
  facet normal -0.484779 -0.874637 -0
    outer loop
      vertex -17.8399 -33.552 119.5
      vertex -19 -32.909 0
      vertex -17.8399 -33.552 0
    endloop
  endfacet
  facet normal -0.981625 0.19082 0
    outer loop
      vertex -37.4227 6.59863 0
      vertex -37.1696 7.90064 119.5
      vertex -37.1696 7.90064 0
    endloop
  endfacet
  facet normal -0.981625 0.19082 0
    outer loop
      vertex -37.1696 7.90064 119.5
      vertex -37.4227 6.59863 0
      vertex -37.4227 6.59863 119.5
    endloop
  endfacet
  facet normal 0 -1 0
    outer loop
      vertex 0.57289 37.99 109.672
      vertex 10.2515 37.99 102.751
      vertex 0.57289 37.99 112.512
    endloop
  endfacet
  facet normal 0 -1 0
    outer loop
      vertex 8.83748 37.99 101.337
      vertex 10.2515 37.99 102.751
      vertex 0.57289 37.99 109.672
    endloop
  endfacet
  facet normal 0 -1 0
    outer loop
      vertex 8.99174 37.99 101.183
      vertex 10.2515 37.99 102.751
      vertex 8.83748 37.99 101.337
    endloop
  endfacet
  facet normal 0 -1 -0
    outer loop
      vertex 10.2515 37.99 102.751
      vertex 8.99174 37.99 101.183
      vertex 10.4304 37.99 102.573
    endloop
  endfacet
  facet normal 0 -1 -0
    outer loop
      vertex 10.4304 37.99 102.573
      vertex 8.99174 37.99 101.183
      vertex 10.7756 37.99 102.202
    endloop
  endfacet
  facet normal 0 -1 0
    outer loop
      vertex 9.28931 37.99 100.864
      vertex 10.7756 37.99 102.202
      vertex 8.99174 37.99 101.183
    endloop
  endfacet
  facet normal 0 -1 -0
    outer loop
      vertex 10.7756 37.99 102.202
      vertex 9.28931 37.99 100.864
      vertex 11.1076 37.99 101.82
    endloop
  endfacet
  facet normal 0 -1 0
    outer loop
      vertex 9.57555 37.99 100.535
      vertex 11.1076 37.99 101.82
      vertex 9.28931 37.99 100.864
    endloop
  endfacet
  facet normal 0 -1 -0
    outer loop
      vertex 11.1076 37.99 101.82
      vertex 9.57555 37.99 100.535
      vertex 11.4261 37.99 101.427
    endloop
  endfacet
  facet normal 0 -1 0
    outer loop
      vertex 9.85013 37.99 100.196
      vertex 11.4261 37.99 101.427
      vertex 9.57555 37.99 100.535
    endloop
  endfacet
  facet normal 0 -1 -0
    outer loop
      vertex 11.4261 37.99 101.427
      vertex 9.85013 37.99 100.196
      vertex 11.7307 37.99 101.023
    endloop
  endfacet
  facet normal 0 -1 0
    outer loop
      vertex 10.1127 37.99 99.8473
      vertex 11.7307 37.99 101.023
      vertex 9.85013 37.99 100.196
    endloop
  endfacet
  facet normal 0 -1 -0
    outer loop
      vertex 11.7307 37.99 101.023
      vertex 10.1127 37.99 99.8473
      vertex 12.021 37.99 100.608
    endloop
  endfacet
  facet normal 0 -1 0
    outer loop
      vertex 10.363 37.99 99.4899
      vertex 12.021 37.99 100.608
      vertex 10.1127 37.99 99.8473
    endloop
  endfacet
  facet normal 0 -1 -0
    outer loop
      vertex 12.021 37.99 100.608
      vertex 10.363 37.99 99.4899
      vertex 12.2967 37.99 100.184
    endloop
  endfacet
  facet normal 0 -1 0
    outer loop
      vertex 10.6006 37.99 99.124
      vertex 12.2967 37.99 100.184
      vertex 10.363 37.99 99.4899
    endloop
  endfacet
  facet normal 0 -1 -0
    outer loop
      vertex 12.2967 37.99 100.184
      vertex 10.6006 37.99 99.124
      vertex 12.5574 37.99 99.75
    endloop
  endfacet
  facet normal 0 -1 0
    outer loop
      vertex 10.8253 37.99 98.75
      vertex 12.5574 37.99 99.75
      vertex 10.6006 37.99 99.124
    endloop
  endfacet
  facet normal 0 -1 -0
    outer loop
      vertex 12.5574 37.99 99.75
      vertex 10.8253 37.99 98.75
      vertex 12.8027 37.99 99.3073
    endloop
  endfacet
  facet normal 0 -1 0
    outer loop
      vertex 11.0368 37.99 98.3684
      vertex 12.8027 37.99 99.3073
      vertex 10.8253 37.99 98.75
    endloop
  endfacet
  facet normal 0 -1 -0
    outer loop
      vertex 12.8027 37.99 99.3073
      vertex 11.0368 37.99 98.3684
      vertex 13.0325 37.99 98.8564
    endloop
  endfacet
  facet normal 0 -1 0
    outer loop
      vertex 11.2349 37.99 97.9796
      vertex 13.0325 37.99 98.8564
      vertex 11.0368 37.99 98.3684
    endloop
  endfacet
  facet normal 0 -1 -0
    outer loop
      vertex 13.0325 37.99 98.8564
      vertex 11.2349 37.99 97.9796
      vertex 13.2464 37.99 98.3977
    endloop
  endfacet
  facet normal 0 -1 0
    outer loop
      vertex 11.4193 37.99 97.5842
      vertex 13.2464 37.99 98.3977
      vertex 11.2349 37.99 97.9796
    endloop
  endfacet
  facet normal 0 -1 -0
    outer loop
      vertex 13.2464 37.99 98.3977
      vertex 11.4193 37.99 97.5842
      vertex 13.4442 37.99 97.9318
    endloop
  endfacet
  facet normal 0 -1 0
    outer loop
      vertex 11.5898 37.99 97.1826
      vertex 13.4442 37.99 97.9318
      vertex 11.4193 37.99 97.5842
    endloop
  endfacet
  facet normal 0 -1 -0
    outer loop
      vertex 13.4442 37.99 97.9318
      vertex 11.5898 37.99 97.1826
      vertex 13.6255 37.99 97.4593
    endloop
  endfacet
  facet normal 0 -1 0
    outer loop
      vertex 11.7462 37.99 96.7752
      vertex 13.6255 37.99 97.4593
      vertex 11.5898 37.99 97.1826
    endloop
  endfacet
  facet normal 0 -1 -0
    outer loop
      vertex 13.6255 37.99 97.4593
      vertex 11.7462 37.99 96.7752
      vertex 13.7903 37.99 96.9807
    endloop
  endfacet
  facet normal 0 -1 0
    outer loop
      vertex 11.8882 37.99 96.3627
      vertex 13.7903 37.99 96.9807
      vertex 11.7462 37.99 96.7752
    endloop
  endfacet
  facet normal 0 -1 -0
    outer loop
      vertex 13.7903 37.99 96.9807
      vertex 11.8882 37.99 96.3627
      vertex 13.9383 37.99 96.4967
    endloop
  endfacet
  facet normal 0 -1 0
    outer loop
      vertex 12.0158 37.99 95.9455
      vertex 13.9383 37.99 96.4967
      vertex 11.8882 37.99 96.3627
    endloop
  endfacet
  facet normal 0 -1 -0
    outer loop
      vertex 13.9383 37.99 96.4967
      vertex 12.0158 37.99 95.9455
      vertex 14.0693 37.99 96.0079
    endloop
  endfacet
  facet normal 0 -1 0
    outer loop
      vertex 12.1287 37.99 95.524
      vertex 14.0693 37.99 96.0079
      vertex 12.0158 37.99 95.9455
    endloop
  endfacet
  facet normal 0 -1 0
    outer loop
      vertex 12.1287 37.99 95.524
      vertex 14.1831 37.99 95.5147
      vertex 14.0693 37.99 96.0079
    endloop
  endfacet
  facet normal 0 -1 0
    outer loop
      vertex 12.2268 37.99 95.0989
      vertex 14.1831 37.99 95.5147
      vertex 12.1287 37.99 95.524
    endloop
  endfacet
  facet normal 0 -1 0
    outer loop
      vertex 12.2268 37.99 95.0989
      vertex 14.2797 37.99 95.0179
      vertex 14.1831 37.99 95.5147
    endloop
  endfacet
  facet normal 0 -1 0
    outer loop
      vertex 12.3101 37.99 94.6706
      vertex 14.2797 37.99 95.0179
      vertex 12.2268 37.99 95.0989
    endloop
  endfacet
  facet normal 0 -1 0
    outer loop
      vertex 12.3101 37.99 94.6706
      vertex 14.3589 37.99 94.518
      vertex 14.2797 37.99 95.0179
    endloop
  endfacet
  facet normal 0 -1 0
    outer loop
      vertex 12.3783 37.99 94.2397
      vertex 14.3589 37.99 94.518
      vertex 12.3101 37.99 94.6706
    endloop
  endfacet
  facet normal 0 -1 0
    outer loop
      vertex 12.3783 37.99 94.2397
      vertex 14.4206 37.99 94.0157
      vertex 14.3589 37.99 94.518
    endloop
  endfacet
  facet normal 0 -1 0
    outer loop
      vertex 12.4315 37.99 93.8066
      vertex 14.4206 37.99 94.0157
      vertex 12.3783 37.99 94.2397
    endloop
  endfacet
  facet normal 0 -1 0
    outer loop
      vertex 12.4315 37.99 93.8066
      vertex 14.4647 37.99 93.5115
      vertex 14.4206 37.99 94.0157
    endloop
  endfacet
  facet normal 0 -1 0
    outer loop
      vertex 12.4695 37.99 93.3719
      vertex 14.4647 37.99 93.5115
      vertex 12.4315 37.99 93.8066
    endloop
  endfacet
  facet normal 0 -1 0
    outer loop
      vertex 12.4695 37.99 93.3719
      vertex 14.4912 37.99 93.006
      vertex 14.4647 37.99 93.5115
    endloop
  endfacet
  facet normal 0 -1 0
    outer loop
      vertex 12.4924 37.99 92.9362
      vertex 14.4912 37.99 93.006
      vertex 12.4695 37.99 93.3719
    endloop
  endfacet
  facet normal 0 -1 0
    outer loop
      vertex 12.5 37.99 92.5
      vertex 14.4912 37.99 93.006
      vertex 12.4924 37.99 92.9362
    endloop
  endfacet
  facet normal 0 -1 0
    outer loop
      vertex 12.5 37.99 92.5
      vertex 14.5 37.99 92.5
      vertex 14.4912 37.99 93.006
    endloop
  endfacet
  facet normal 0 -1 0
    outer loop
      vertex 12.4924 37.99 92.0638
      vertex 14.5 37.99 92.5
      vertex 12.5 37.99 92.5
    endloop
  endfacet
  facet normal 0 -1 0
    outer loop
      vertex 12.4924 37.99 92.0638
      vertex 14.4912 37.99 91.994
      vertex 14.5 37.99 92.5
    endloop
  endfacet
  facet normal 0 -1 0
    outer loop
      vertex 12.4695 37.99 91.6281
      vertex 14.4912 37.99 91.994
      vertex 12.4924 37.99 92.0638
    endloop
  endfacet
  facet normal 0 -1 0
    outer loop
      vertex 12.4695 37.99 91.6281
      vertex 14.4647 37.99 91.4885
      vertex 14.4912 37.99 91.994
    endloop
  endfacet
  facet normal 0 -1 0
    outer loop
      vertex 12.4315 37.99 91.1934
      vertex 14.4647 37.99 91.4885
      vertex 12.4695 37.99 91.6281
    endloop
  endfacet
  facet normal 0 -1 0
    outer loop
      vertex 12.4315 37.99 91.1934
      vertex 14.4206 37.99 90.9843
      vertex 14.4647 37.99 91.4885
    endloop
  endfacet
  facet normal 0 -1 0
    outer loop
      vertex 12.3783 37.99 90.7603
      vertex 14.4206 37.99 90.9843
      vertex 12.4315 37.99 91.1934
    endloop
  endfacet
  facet normal 0 -1 0
    outer loop
      vertex 12.3783 37.99 90.7603
      vertex 14.3589 37.99 90.482
      vertex 14.4206 37.99 90.9843
    endloop
  endfacet
  facet normal 0 -1 0
    outer loop
      vertex 12.3101 37.99 90.3294
      vertex 14.3589 37.99 90.482
      vertex 12.3783 37.99 90.7603
    endloop
  endfacet
  facet normal 0 -1 0
    outer loop
      vertex 12.3101 37.99 90.3294
      vertex 14.2797 37.99 89.9821
      vertex 14.3589 37.99 90.482
    endloop
  endfacet
  facet normal 0 -1 0
    outer loop
      vertex 12.2268 37.99 89.9011
      vertex 14.2797 37.99 89.9821
      vertex 12.3101 37.99 90.3294
    endloop
  endfacet
  facet normal 0 -1 0
    outer loop
      vertex 12.2268 37.99 89.9011
      vertex 14.1831 37.99 89.4853
      vertex 14.2797 37.99 89.9821
    endloop
  endfacet
  facet normal 0 -1 0
    outer loop
      vertex 12.1287 37.99 89.476
      vertex 14.1831 37.99 89.4853
      vertex 12.2268 37.99 89.9011
    endloop
  endfacet
  facet normal 0 -1 0
    outer loop
      vertex 14.0693 37.99 88.9921
      vertex 12.1287 37.99 89.476
      vertex 12.0158 37.99 89.0545
    endloop
  endfacet
  facet normal 0 -1 0
    outer loop
      vertex 12.1287 37.99 89.476
      vertex 14.0693 37.99 88.9921
      vertex 14.1831 37.99 89.4853
    endloop
  endfacet
  facet normal 0 -1 0
    outer loop
      vertex 13.9383 37.99 88.5033
      vertex 12.0158 37.99 89.0545
      vertex 11.8882 37.99 88.6373
    endloop
  endfacet
  facet normal 0 -1 0
    outer loop
      vertex 12.0158 37.99 89.0545
      vertex 13.9383 37.99 88.5033
      vertex 14.0693 37.99 88.9921
    endloop
  endfacet
  facet normal 0 -1 0
    outer loop
      vertex 13.7903 37.99 88.0193
      vertex 11.8882 37.99 88.6373
      vertex 11.7462 37.99 88.2248
    endloop
  endfacet
  facet normal 0 -1 0
    outer loop
      vertex 11.8882 37.99 88.6373
      vertex 13.7903 37.99 88.0193
      vertex 13.9383 37.99 88.5033
    endloop
  endfacet
  facet normal 0 -1 0
    outer loop
      vertex 13.6255 37.99 87.5407
      vertex 11.7462 37.99 88.2248
      vertex 11.5898 37.99 87.8174
    endloop
  endfacet
  facet normal 0 -1 0
    outer loop
      vertex 11.7462 37.99 88.2248
      vertex 13.6255 37.99 87.5407
      vertex 13.7903 37.99 88.0193
    endloop
  endfacet
  facet normal 0 -1 0
    outer loop
      vertex 13.4442 37.99 87.0682
      vertex 11.5898 37.99 87.8174
      vertex 11.4193 37.99 87.4158
    endloop
  endfacet
  facet normal 0 -1 0
    outer loop
      vertex 11.5898 37.99 87.8174
      vertex 13.4442 37.99 87.0682
      vertex 13.6255 37.99 87.5407
    endloop
  endfacet
  facet normal 0 -1 0
    outer loop
      vertex 13.2464 37.99 86.6023
      vertex 11.4193 37.99 87.4158
      vertex 11.2349 37.99 87.0204
    endloop
  endfacet
  facet normal 0 -1 0
    outer loop
      vertex 13.0325 37.99 86.1436
      vertex 11.2349 37.99 87.0204
      vertex 11.0368 37.99 86.6316
    endloop
  endfacet
  facet normal 0 -1 0
    outer loop
      vertex 11.4193 37.99 87.4158
      vertex 13.2464 37.99 86.6023
      vertex 13.4442 37.99 87.0682
    endloop
  endfacet
  facet normal 0 -1 0
    outer loop
      vertex 12.8027 37.99 85.6927
      vertex 11.0368 37.99 86.6316
      vertex 10.8253 37.99 86.25
    endloop
  endfacet
  facet normal 0 -1 0
    outer loop
      vertex 11.2349 37.99 87.0204
      vertex 13.0325 37.99 86.1436
      vertex 13.2464 37.99 86.6023
    endloop
  endfacet
  facet normal 0 -1 0
    outer loop
      vertex 12.5574 37.99 85.25
      vertex 10.8253 37.99 86.25
      vertex 10.6006 37.99 85.876
    endloop
  endfacet
  facet normal 0 -1 0
    outer loop
      vertex 11.0368 37.99 86.6316
      vertex 12.8027 37.99 85.6927
      vertex 13.0325 37.99 86.1436
    endloop
  endfacet
  facet normal 0 -1 0
    outer loop
      vertex 12.2967 37.99 84.8162
      vertex 10.6006 37.99 85.876
      vertex 10.363 37.99 85.5101
    endloop
  endfacet
  facet normal 0 -1 0
    outer loop
      vertex 10.8253 37.99 86.25
      vertex 12.5574 37.99 85.25
      vertex 12.8027 37.99 85.6927
    endloop
  endfacet
  facet normal 0 -1 0
    outer loop
      vertex 12.021 37.99 84.3917
      vertex 10.363 37.99 85.5101
      vertex 10.1127 37.99 85.1527
    endloop
  endfacet
  facet normal 0 -1 0
    outer loop
      vertex 10.6006 37.99 85.876
      vertex 12.2967 37.99 84.8162
      vertex 12.5574 37.99 85.25
    endloop
  endfacet
  facet normal 0 -1 0
    outer loop
      vertex 11.7307 37.99 83.9771
      vertex 10.1127 37.99 85.1527
      vertex 9.85013 37.99 84.8042
    endloop
  endfacet
  facet normal 0 -1 0
    outer loop
      vertex 11.4261 37.99 83.5729
      vertex 9.85013 37.99 84.8042
      vertex 9.57555 37.99 84.4652
    endloop
  endfacet
  facet normal 0 -1 0
    outer loop
      vertex 10.363 37.99 85.5101
      vertex 12.021 37.99 84.3917
      vertex 12.2967 37.99 84.8162
    endloop
  endfacet
  facet normal 0 -1 0
    outer loop
      vertex 11.1076 37.99 83.1796
      vertex 9.57555 37.99 84.4652
      vertex 9.28931 37.99 84.1359
    endloop
  endfacet
  facet normal 0 -1 0
    outer loop
      vertex 10.1127 37.99 85.1527
      vertex 11.7307 37.99 83.9771
      vertex 12.021 37.99 84.3917
    endloop
  endfacet
  facet normal 0 -1 0
    outer loop
      vertex 10.7756 37.99 82.7976
      vertex 9.28931 37.99 84.1359
      vertex 8.99174 37.99 83.8168
    endloop
  endfacet
  facet normal 0 -1 0
    outer loop
      vertex 9.85013 37.99 84.8042
      vertex 11.4261 37.99 83.5729
      vertex 11.7307 37.99 83.9771
    endloop
  endfacet
  facet normal 0 -1 0
    outer loop
      vertex 10.4304 37.99 82.4275
      vertex 8.99174 37.99 83.8168
      vertex 8.68323 37.99 83.5083
    endloop
  endfacet
  facet normal 0 -1 0
    outer loop
      vertex 10.0725 37.99 82.0696
      vertex 8.68323 37.99 83.5083
      vertex 8.36412 37.99 83.2107
    endloop
  endfacet
  facet normal 0 -1 0
    outer loop
      vertex 9.57555 37.99 84.4652
      vertex 11.1076 37.99 83.1796
      vertex 11.4261 37.99 83.5729
    endloop
  endfacet
  facet normal 0 -1 0
    outer loop
      vertex 9.70239 37.99 81.7244
      vertex 8.36412 37.99 83.2107
      vertex 8.03484 37.99 82.9245
    endloop
  endfacet
  facet normal 0 -1 0
    outer loop
      vertex 9.28931 37.99 84.1359
      vertex 10.7756 37.99 82.7976
      vertex 11.1076 37.99 83.1796
    endloop
  endfacet
  facet normal 0 -1 0
    outer loop
      vertex 9.32042 37.99 81.3924
      vertex 8.03484 37.99 82.9245
      vertex 7.69576 37.99 82.6499
    endloop
  endfacet
  facet normal 0 -1 0
    outer loop
      vertex 8.99174 37.99 83.8168
      vertex 10.4304 37.99 82.4275
      vertex 10.7756 37.99 82.7976
    endloop
  endfacet
  facet normal 0 -1 0
    outer loop
      vertex 8.92708 37.99 81.0739
      vertex 7.69576 37.99 82.6499
      vertex 7.34731 37.99 82.3873
    endloop
  endfacet
  facet normal 0 -1 0
    outer loop
      vertex 8.52287 37.99 80.7693
      vertex 7.34731 37.99 82.3873
      vertex 6.9899 37.99 82.137
    endloop
  endfacet
  facet normal 0 -1 0
    outer loop
      vertex 8.68323 37.99 83.5083
      vertex 10.0725 37.99 82.0696
      vertex 10.4304 37.99 82.4275
    endloop
  endfacet
  facet normal 0 -1 0
    outer loop
      vertex 8.10829 37.99 80.479
      vertex 6.9899 37.99 82.137
      vertex 6.62398 37.99 81.8994
    endloop
  endfacet
  facet normal 0 -1 0
    outer loop
      vertex 8.36412 37.99 83.2107
      vertex 9.70239 37.99 81.7244
      vertex 10.0725 37.99 82.0696
    endloop
  endfacet
  facet normal 0 -1 0
    outer loop
      vertex 7.68382 37.99 80.2033
      vertex 6.62398 37.99 81.8994
      vertex 6.25 37.99 81.6747
    endloop
  endfacet
  facet normal 0 -1 0
    outer loop
      vertex 7.25 37.99 79.9426
      vertex 6.25 37.99 81.6747
      vertex 5.86839 37.99 81.4632
    endloop
  endfacet
  facet normal 0 -1 0
    outer loop
      vertex 8.03484 37.99 82.9245
      vertex 9.32042 37.99 81.3924
      vertex 9.70239 37.99 81.7244
    endloop
  endfacet
  facet normal 0 -1 0
    outer loop
      vertex 6.80733 37.99 79.6973
      vertex 5.86839 37.99 81.4632
      vertex 5.47963 37.99 81.2651
    endloop
  endfacet
  facet normal 0 -1 0
    outer loop
      vertex 6.35637 37.99 79.4675
      vertex 5.47963 37.99 81.2651
      vertex 5.0842 37.99 81.0807
    endloop
  endfacet
  facet normal 0 -1 0
    outer loop
      vertex 7.69576 37.99 82.6499
      vertex 8.92708 37.99 81.0739
      vertex 9.32042 37.99 81.3924
    endloop
  endfacet
  facet normal 0 -1 0
    outer loop
      vertex 5.89767 37.99 79.2536
      vertex 5.0842 37.99 81.0807
      vertex 4.68257 37.99 80.9102
    endloop
  endfacet
  facet normal 0 -1 0
    outer loop
      vertex 7.34731 37.99 82.3873
      vertex 8.52287 37.99 80.7693
      vertex 8.92708 37.99 81.0739
    endloop
  endfacet
  facet normal 0 -1 0
    outer loop
      vertex 5.43179 37.99 79.0558
      vertex 4.68257 37.99 80.9102
      vertex 4.27524 37.99 80.7538
    endloop
  endfacet
  facet normal 0 -1 0
    outer loop
      vertex 4.95929 37.99 78.8745
      vertex 4.27524 37.99 80.7538
      vertex 3.8627 37.99 80.6118
    endloop
  endfacet
  facet normal 0 -1 0
    outer loop
      vertex 4.48074 37.99 78.7097
      vertex 3.8627 37.99 80.6118
      vertex 3.44547 37.99 80.4842
    endloop
  endfacet
  facet normal 0 -1 0
    outer loop
      vertex 6.9899 37.99 82.137
      vertex 8.10829 37.99 80.479
      vertex 8.52287 37.99 80.7693
    endloop
  endfacet
  facet normal 0 -1 0
    outer loop
      vertex 3.99673 37.99 78.5617
      vertex 3.44547 37.99 80.4842
      vertex 3.02402 37.99 80.3713
    endloop
  endfacet
  facet normal 0 -1 0
    outer loop
      vertex 3.50786 37.99 78.4307
      vertex 3.02402 37.99 80.3713
      vertex 2.59889 37.99 80.2732
    endloop
  endfacet
  facet normal 0 -1 0
    outer loop
      vertex 6.62398 37.99 81.8994
      vertex 7.68382 37.99 80.2033
      vertex 8.10829 37.99 80.479
    endloop
  endfacet
  facet normal 0 -1 0
    outer loop
      vertex 3.01471 37.99 78.3169
      vertex 2.59889 37.99 80.2732
      vertex 2.17059 37.99 80.1899
    endloop
  endfacet
  facet normal 0 -1 0
    outer loop
      vertex 2.5179 37.99 78.2203
      vertex 2.17059 37.99 80.1899
      vertex 1.73965 37.99 80.1217
    endloop
  endfacet
  facet normal 0 -1 0
    outer loop
      vertex 2.01801 37.99 78.1411
      vertex 1.73965 37.99 80.1217
      vertex 1.30659 37.99 80.0685
    endloop
  endfacet
  facet normal 0 -1 0
    outer loop
      vertex 1.51566 37.99 78.0794
      vertex 1.30659 37.99 80.0685
      vertex 0.871948 37.99 80.0305
    endloop
  endfacet
  facet normal 0 -1 0
    outer loop
      vertex 1.01146 37.99 78.0353
      vertex 0.871948 37.99 80.0305
      vertex 0.57289 37.99 80.0148
    endloop
  endfacet
  facet normal 0 -1 0
    outer loop
      vertex 6.25 37.99 81.6747
      vertex 7.25 37.99 79.9426
      vertex 7.68382 37.99 80.2033
    endloop
  endfacet
  facet normal 0 -1 0
    outer loop
      vertex 5.86839 37.99 81.4632
      vertex 6.80733 37.99 79.6973
      vertex 7.25 37.99 79.9426
    endloop
  endfacet
  facet normal 0 -1 0
    outer loop
      vertex 5.47963 37.99 81.2651
      vertex 6.35637 37.99 79.4675
      vertex 6.80733 37.99 79.6973
    endloop
  endfacet
  facet normal 0 -1 0
    outer loop
      vertex 5.0842 37.99 81.0807
      vertex 5.89767 37.99 79.2536
      vertex 6.35637 37.99 79.4675
    endloop
  endfacet
  facet normal 0 -1 0
    outer loop
      vertex 4.68257 37.99 80.9102
      vertex 5.43179 37.99 79.0558
      vertex 5.89767 37.99 79.2536
    endloop
  endfacet
  facet normal 0 -1 0
    outer loop
      vertex 4.27524 37.99 80.7538
      vertex 4.95929 37.99 78.8745
      vertex 5.43179 37.99 79.0558
    endloop
  endfacet
  facet normal 0 -1 0
    outer loop
      vertex 3.8627 37.99 80.6118
      vertex 4.48074 37.99 78.7097
      vertex 4.95929 37.99 78.8745
    endloop
  endfacet
  facet normal 0 -1 0
    outer loop
      vertex 3.44547 37.99 80.4842
      vertex 3.99673 37.99 78.5617
      vertex 4.48074 37.99 78.7097
    endloop
  endfacet
  facet normal 0 -1 0
    outer loop
      vertex 3.02402 37.99 80.3713
      vertex 3.50786 37.99 78.4307
      vertex 3.99673 37.99 78.5617
    endloop
  endfacet
  facet normal 0 -1 0
    outer loop
      vertex 2.59889 37.99 80.2732
      vertex 3.01471 37.99 78.3169
      vertex 3.50786 37.99 78.4307
    endloop
  endfacet
  facet normal 0 -1 0
    outer loop
      vertex 2.17059 37.99 80.1899
      vertex 2.5179 37.99 78.2203
      vertex 3.01471 37.99 78.3169
    endloop
  endfacet
  facet normal 0 -1 0
    outer loop
      vertex 1.73965 37.99 80.1217
      vertex 2.01801 37.99 78.1411
      vertex 2.5179 37.99 78.2203
    endloop
  endfacet
  facet normal 0 -1 0
    outer loop
      vertex 1.30659 37.99 80.0685
      vertex 1.51566 37.99 78.0794
      vertex 2.01801 37.99 78.1411
    endloop
  endfacet
  facet normal 0 -1 0
    outer loop
      vertex 0.871948 37.99 80.0305
      vertex 1.01146 37.99 78.0353
      vertex 1.51566 37.99 78.0794
    endloop
  endfacet
  facet normal -0 -1 0
    outer loop
      vertex 1.01146 37.99 78.0353
      vertex 0.57289 37.99 80.0148
      vertex 0.57289 37.99 78.0123
    endloop
  endfacet
  facet normal 0 -1 0
    outer loop
      vertex -10.2515 37.99 102.751
      vertex -0.57289 37.99 109.672
      vertex -0.57289 37.99 112.512
    endloop
  endfacet
  facet normal 0 -1 0
    outer loop
      vertex -8.99174 37.99 101.183
      vertex -10.2515 37.99 102.751
      vertex -10.4304 37.99 102.573
    endloop
  endfacet
  facet normal 0 -1 0
    outer loop
      vertex -8.99174 37.99 101.183
      vertex -10.4304 37.99 102.573
      vertex -10.7756 37.99 102.202
    endloop
  endfacet
  facet normal 0 -1 0
    outer loop
      vertex -9.28931 37.99 100.864
      vertex -10.7756 37.99 102.202
      vertex -11.1076 37.99 101.82
    endloop
  endfacet
  facet normal 0 -1 0
    outer loop
      vertex -9.57555 37.99 100.535
      vertex -11.1076 37.99 101.82
      vertex -11.4261 37.99 101.427
    endloop
  endfacet
  facet normal 0 -1 0
    outer loop
      vertex -10.2515 37.99 102.751
      vertex -8.83749 37.99 101.337
      vertex -0.57289 37.99 109.672
    endloop
  endfacet
  facet normal 0 -1 0
    outer loop
      vertex -10.2515 37.99 102.751
      vertex -8.99174 37.99 101.183
      vertex -8.83749 37.99 101.337
    endloop
  endfacet
  facet normal 0 -1 0
    outer loop
      vertex -9.85013 37.99 100.196
      vertex -11.4261 37.99 101.427
      vertex -11.7307 37.99 101.023
    endloop
  endfacet
  facet normal 0 -1 0
    outer loop
      vertex -10.7756 37.99 102.202
      vertex -9.28931 37.99 100.864
      vertex -8.99174 37.99 101.183
    endloop
  endfacet
  facet normal 0 -1 0
    outer loop
      vertex -10.1127 37.99 99.8473
      vertex -11.7307 37.99 101.023
      vertex -12.021 37.99 100.608
    endloop
  endfacet
  facet normal 0 -1 0
    outer loop
      vertex -11.1076 37.99 101.82
      vertex -9.57555 37.99 100.535
      vertex -9.28931 37.99 100.864
    endloop
  endfacet
  facet normal 0 -1 0
    outer loop
      vertex -11.4261 37.99 101.427
      vertex -9.85013 37.99 100.196
      vertex -9.57555 37.99 100.535
    endloop
  endfacet
  facet normal 0 -1 0
    outer loop
      vertex -10.363 37.99 99.4899
      vertex -12.021 37.99 100.608
      vertex -12.2967 37.99 100.184
    endloop
  endfacet
  facet normal 0 -1 0
    outer loop
      vertex -11.7307 37.99 101.023
      vertex -10.1127 37.99 99.8473
      vertex -9.85013 37.99 100.196
    endloop
  endfacet
  facet normal 0 -1 0
    outer loop
      vertex -10.6006 37.99 99.124
      vertex -12.2967 37.99 100.184
      vertex -12.5574 37.99 99.75
    endloop
  endfacet
  facet normal 0 -1 0
    outer loop
      vertex -12.021 37.99 100.608
      vertex -10.363 37.99 99.4899
      vertex -10.1127 37.99 99.8473
    endloop
  endfacet
  facet normal 0 -1 0
    outer loop
      vertex -10.8253 37.99 98.75
      vertex -12.5574 37.99 99.75
      vertex -12.8027 37.99 99.3073
    endloop
  endfacet
  facet normal 0 -1 0
    outer loop
      vertex -12.2967 37.99 100.184
      vertex -10.6006 37.99 99.124
      vertex -10.363 37.99 99.4899
    endloop
  endfacet
  facet normal 0 -1 0
    outer loop
      vertex -11.0368 37.99 98.3684
      vertex -12.8027 37.99 99.3073
      vertex -13.0325 37.99 98.8564
    endloop
  endfacet
  facet normal 0 -1 0
    outer loop
      vertex -12.5574 37.99 99.75
      vertex -10.8253 37.99 98.75
      vertex -10.6006 37.99 99.124
    endloop
  endfacet
  facet normal 0 -1 0
    outer loop
      vertex -11.2349 37.99 97.9796
      vertex -13.0325 37.99 98.8564
      vertex -13.2464 37.99 98.3977
    endloop
  endfacet
  facet normal 0 -1 0
    outer loop
      vertex -12.8027 37.99 99.3073
      vertex -11.0368 37.99 98.3684
      vertex -10.8253 37.99 98.75
    endloop
  endfacet
  facet normal 0 -1 0
    outer loop
      vertex -13.0325 37.99 98.8564
      vertex -11.2349 37.99 97.9796
      vertex -11.0368 37.99 98.3684
    endloop
  endfacet
  facet normal 0 -1 0
    outer loop
      vertex -11.4193 37.99 97.5842
      vertex -13.2464 37.99 98.3977
      vertex -13.4442 37.99 97.9318
    endloop
  endfacet
  facet normal 0 -1 0
    outer loop
      vertex -13.2464 37.99 98.3977
      vertex -11.4193 37.99 97.5842
      vertex -11.2349 37.99 97.9796
    endloop
  endfacet
  facet normal 0 -1 0
    outer loop
      vertex -11.5898 37.99 97.1826
      vertex -13.4442 37.99 97.9318
      vertex -13.6255 37.99 97.4593
    endloop
  endfacet
  facet normal 0 -1 0
    outer loop
      vertex -13.4442 37.99 97.9318
      vertex -11.5898 37.99 97.1826
      vertex -11.4193 37.99 97.5842
    endloop
  endfacet
  facet normal 0 -1 0
    outer loop
      vertex -11.7462 37.99 96.7752
      vertex -13.6255 37.99 97.4593
      vertex -13.7903 37.99 96.9807
    endloop
  endfacet
  facet normal 0 -1 0
    outer loop
      vertex -13.6255 37.99 97.4593
      vertex -11.7462 37.99 96.7752
      vertex -11.5898 37.99 97.1826
    endloop
  endfacet
  facet normal 0 -1 0
    outer loop
      vertex -11.8882 37.99 96.3627
      vertex -13.7903 37.99 96.9807
      vertex -13.9383 37.99 96.4967
    endloop
  endfacet
  facet normal 0 -1 0
    outer loop
      vertex -13.7903 37.99 96.9807
      vertex -11.8882 37.99 96.3627
      vertex -11.7462 37.99 96.7752
    endloop
  endfacet
  facet normal 0 -1 0
    outer loop
      vertex -12.0158 37.99 95.9455
      vertex -13.9383 37.99 96.4967
      vertex -14.0693 37.99 96.0079
    endloop
  endfacet
  facet normal 0 -1 0
    outer loop
      vertex -13.9383 37.99 96.4967
      vertex -12.0158 37.99 95.9455
      vertex -11.8882 37.99 96.3627
    endloop
  endfacet
  facet normal 0 -1 0
    outer loop
      vertex -14.0693 37.99 96.0079
      vertex -12.1287 37.99 95.524
      vertex -12.0158 37.99 95.9455
    endloop
  endfacet
  facet normal 0 -1 0
    outer loop
      vertex -14.1831 37.99 95.5147
      vertex -12.1287 37.99 95.524
      vertex -14.0693 37.99 96.0079
    endloop
  endfacet
  facet normal 0 -1 0
    outer loop
      vertex -14.1831 37.99 95.5147
      vertex -12.2268 37.99 95.0989
      vertex -12.1287 37.99 95.524
    endloop
  endfacet
  facet normal 0 -1 0
    outer loop
      vertex -14.2797 37.99 95.0179
      vertex -12.2268 37.99 95.0989
      vertex -14.1831 37.99 95.5147
    endloop
  endfacet
  facet normal 0 -1 0
    outer loop
      vertex -14.2797 37.99 95.0179
      vertex -12.3101 37.99 94.6706
      vertex -12.2268 37.99 95.0989
    endloop
  endfacet
  facet normal 0 -1 0
    outer loop
      vertex -14.3589 37.99 94.518
      vertex -12.3101 37.99 94.6706
      vertex -14.2797 37.99 95.0179
    endloop
  endfacet
  facet normal 0 -1 0
    outer loop
      vertex -14.3589 37.99 94.518
      vertex -12.3783 37.99 94.2397
      vertex -12.3101 37.99 94.6706
    endloop
  endfacet
  facet normal 0 -1 0
    outer loop
      vertex -14.4206 37.99 94.0157
      vertex -12.3783 37.99 94.2397
      vertex -14.3589 37.99 94.518
    endloop
  endfacet
  facet normal 0 -1 0
    outer loop
      vertex -14.4206 37.99 94.0157
      vertex -12.4315 37.99 93.8066
      vertex -12.3783 37.99 94.2397
    endloop
  endfacet
  facet normal 0 -1 0
    outer loop
      vertex -14.4647 37.99 93.5115
      vertex -12.4315 37.99 93.8066
      vertex -14.4206 37.99 94.0157
    endloop
  endfacet
  facet normal 0 -1 0
    outer loop
      vertex -14.4647 37.99 93.5115
      vertex -12.4695 37.99 93.3719
      vertex -12.4315 37.99 93.8066
    endloop
  endfacet
  facet normal 0 -1 0
    outer loop
      vertex -14.4912 37.99 93.006
      vertex -12.4695 37.99 93.3719
      vertex -14.4647 37.99 93.5115
    endloop
  endfacet
  facet normal 0 -1 0
    outer loop
      vertex -14.4912 37.99 93.006
      vertex -12.4924 37.99 92.9362
      vertex -12.4695 37.99 93.3719
    endloop
  endfacet
  facet normal 0 -1 0
    outer loop
      vertex -14.5 37.99 92.5
      vertex -12.4924 37.99 92.9362
      vertex -14.4912 37.99 93.006
    endloop
  endfacet
  facet normal 0 -1 0
    outer loop
      vertex -14.5 37.99 92.5
      vertex -12.5 37.99 92.5
      vertex -12.4924 37.99 92.9362
    endloop
  endfacet
  facet normal 0 -1 0
    outer loop
      vertex -14.5 37.99 92.5
      vertex -12.4924 37.99 92.0638
      vertex -12.5 37.99 92.5
    endloop
  endfacet
  facet normal 0 -1 0
    outer loop
      vertex -14.4912 37.99 91.994
      vertex -12.4924 37.99 92.0638
      vertex -14.5 37.99 92.5
    endloop
  endfacet
  facet normal 0 -1 0
    outer loop
      vertex -14.4912 37.99 91.994
      vertex -12.4695 37.99 91.6281
      vertex -12.4924 37.99 92.0638
    endloop
  endfacet
  facet normal 0 -1 0
    outer loop
      vertex -14.4647 37.99 91.4885
      vertex -12.4695 37.99 91.6281
      vertex -14.4912 37.99 91.994
    endloop
  endfacet
  facet normal 0 -1 0
    outer loop
      vertex -14.4647 37.99 91.4885
      vertex -12.4315 37.99 91.1934
      vertex -12.4695 37.99 91.6281
    endloop
  endfacet
  facet normal 0 -1 0
    outer loop
      vertex -14.4206 37.99 90.9843
      vertex -12.4315 37.99 91.1934
      vertex -14.4647 37.99 91.4885
    endloop
  endfacet
  facet normal 0 -1 0
    outer loop
      vertex -14.4206 37.99 90.9843
      vertex -12.3783 37.99 90.7603
      vertex -12.4315 37.99 91.1934
    endloop
  endfacet
  facet normal 0 -1 0
    outer loop
      vertex -14.3589 37.99 90.482
      vertex -12.3783 37.99 90.7603
      vertex -14.4206 37.99 90.9843
    endloop
  endfacet
  facet normal 0 -1 0
    outer loop
      vertex -14.3589 37.99 90.482
      vertex -12.3101 37.99 90.3294
      vertex -12.3783 37.99 90.7603
    endloop
  endfacet
  facet normal 0 -1 0
    outer loop
      vertex -14.2797 37.99 89.9821
      vertex -12.3101 37.99 90.3294
      vertex -14.3589 37.99 90.482
    endloop
  endfacet
  facet normal 0 -1 0
    outer loop
      vertex -14.2797 37.99 89.9821
      vertex -12.2268 37.99 89.9011
      vertex -12.3101 37.99 90.3294
    endloop
  endfacet
  facet normal 0 -1 0
    outer loop
      vertex -14.1831 37.99 89.4853
      vertex -12.2268 37.99 89.9011
      vertex -14.2797 37.99 89.9821
    endloop
  endfacet
  facet normal 0 -1 0
    outer loop
      vertex -14.1831 37.99 89.4853
      vertex -12.1287 37.99 89.476
      vertex -12.2268 37.99 89.9011
    endloop
  endfacet
  facet normal 0 -1 0
    outer loop
      vertex -14.0693 37.99 88.9921
      vertex -12.1287 37.99 89.476
      vertex -14.1831 37.99 89.4853
    endloop
  endfacet
  facet normal 0 -1 -0
    outer loop
      vertex -12.1287 37.99 89.476
      vertex -14.0693 37.99 88.9921
      vertex -12.0158 37.99 89.0545
    endloop
  endfacet
  facet normal 0 -1 0
    outer loop
      vertex -13.9383 37.99 88.5033
      vertex -12.0158 37.99 89.0545
      vertex -14.0693 37.99 88.9921
    endloop
  endfacet
  facet normal 0 -1 -0
    outer loop
      vertex -12.0158 37.99 89.0545
      vertex -13.9383 37.99 88.5033
      vertex -11.8882 37.99 88.6373
    endloop
  endfacet
  facet normal 0 -1 0
    outer loop
      vertex -13.7903 37.99 88.0193
      vertex -11.8882 37.99 88.6373
      vertex -13.9383 37.99 88.5033
    endloop
  endfacet
  facet normal 0 -1 -0
    outer loop
      vertex -11.8882 37.99 88.6373
      vertex -13.7903 37.99 88.0193
      vertex -11.7462 37.99 88.2248
    endloop
  endfacet
  facet normal 0 -1 0
    outer loop
      vertex -13.6255 37.99 87.5407
      vertex -11.7462 37.99 88.2248
      vertex -13.7903 37.99 88.0193
    endloop
  endfacet
  facet normal 0 -1 -0
    outer loop
      vertex -11.7462 37.99 88.2248
      vertex -13.6255 37.99 87.5407
      vertex -11.5898 37.99 87.8174
    endloop
  endfacet
  facet normal 0 -1 0
    outer loop
      vertex -13.4442 37.99 87.0682
      vertex -11.5898 37.99 87.8174
      vertex -13.6255 37.99 87.5407
    endloop
  endfacet
  facet normal 0 -1 -0
    outer loop
      vertex -11.5898 37.99 87.8174
      vertex -13.4442 37.99 87.0682
      vertex -11.4193 37.99 87.4158
    endloop
  endfacet
  facet normal 0 -1 0
    outer loop
      vertex -13.2464 37.99 86.6023
      vertex -11.4193 37.99 87.4158
      vertex -13.4442 37.99 87.0682
    endloop
  endfacet
  facet normal 0 -1 -0
    outer loop
      vertex -11.4193 37.99 87.4158
      vertex -13.2464 37.99 86.6023
      vertex -11.2349 37.99 87.0204
    endloop
  endfacet
  facet normal 0 -1 0
    outer loop
      vertex -13.0325 37.99 86.1436
      vertex -11.2349 37.99 87.0204
      vertex -13.2464 37.99 86.6023
    endloop
  endfacet
  facet normal 0 -1 -0
    outer loop
      vertex -11.2349 37.99 87.0204
      vertex -13.0325 37.99 86.1436
      vertex -11.0368 37.99 86.6316
    endloop
  endfacet
  facet normal 0 -1 0
    outer loop
      vertex -12.8027 37.99 85.6927
      vertex -11.0368 37.99 86.6316
      vertex -13.0325 37.99 86.1436
    endloop
  endfacet
  facet normal 0 -1 -0
    outer loop
      vertex -11.0368 37.99 86.6316
      vertex -12.8027 37.99 85.6927
      vertex -10.8253 37.99 86.25
    endloop
  endfacet
  facet normal 0 -1 0
    outer loop
      vertex -12.5574 37.99 85.25
      vertex -10.8253 37.99 86.25
      vertex -12.8027 37.99 85.6927
    endloop
  endfacet
  facet normal 0 -1 -0
    outer loop
      vertex -10.8253 37.99 86.25
      vertex -12.5574 37.99 85.25
      vertex -10.6006 37.99 85.876
    endloop
  endfacet
  facet normal 0 -1 0
    outer loop
      vertex -12.2967 37.99 84.8162
      vertex -10.6006 37.99 85.876
      vertex -12.5574 37.99 85.25
    endloop
  endfacet
  facet normal 0 -1 -0
    outer loop
      vertex -10.6006 37.99 85.876
      vertex -12.2967 37.99 84.8162
      vertex -10.363 37.99 85.5101
    endloop
  endfacet
  facet normal 0 -1 0
    outer loop
      vertex -12.021 37.99 84.3917
      vertex -10.363 37.99 85.5101
      vertex -12.2967 37.99 84.8162
    endloop
  endfacet
  facet normal 0 -1 -0
    outer loop
      vertex -10.363 37.99 85.5101
      vertex -12.021 37.99 84.3917
      vertex -10.1127 37.99 85.1527
    endloop
  endfacet
  facet normal 0 -1 0
    outer loop
      vertex -11.7307 37.99 83.9771
      vertex -10.1127 37.99 85.1527
      vertex -12.021 37.99 84.3917
    endloop
  endfacet
  facet normal 0 -1 -0
    outer loop
      vertex -10.1127 37.99 85.1527
      vertex -11.7307 37.99 83.9771
      vertex -9.85013 37.99 84.8042
    endloop
  endfacet
  facet normal 0 -1 0
    outer loop
      vertex -11.4261 37.99 83.5729
      vertex -9.85013 37.99 84.8042
      vertex -11.7307 37.99 83.9771
    endloop
  endfacet
  facet normal 0 -1 -0
    outer loop
      vertex -9.85013 37.99 84.8042
      vertex -11.4261 37.99 83.5729
      vertex -9.57555 37.99 84.4652
    endloop
  endfacet
  facet normal 0 -1 0
    outer loop
      vertex -11.1076 37.99 83.1796
      vertex -9.57555 37.99 84.4652
      vertex -11.4261 37.99 83.5729
    endloop
  endfacet
  facet normal 0 -1 -0
    outer loop
      vertex -9.57555 37.99 84.4652
      vertex -11.1076 37.99 83.1796
      vertex -9.28931 37.99 84.1359
    endloop
  endfacet
  facet normal 0 -1 0
    outer loop
      vertex -10.7756 37.99 82.7976
      vertex -9.28931 37.99 84.1359
      vertex -11.1076 37.99 83.1796
    endloop
  endfacet
  facet normal 0 -1 -0
    outer loop
      vertex -9.28931 37.99 84.1359
      vertex -10.7756 37.99 82.7976
      vertex -8.99174 37.99 83.8168
    endloop
  endfacet
  facet normal 0 -1 0
    outer loop
      vertex -10.4304 37.99 82.4275
      vertex -8.99174 37.99 83.8168
      vertex -10.7756 37.99 82.7976
    endloop
  endfacet
  facet normal 0 -1 -0
    outer loop
      vertex -8.99174 37.99 83.8168
      vertex -10.4304 37.99 82.4275
      vertex -8.68323 37.99 83.5083
    endloop
  endfacet
  facet normal 0 -1 0
    outer loop
      vertex -10.0725 37.99 82.0696
      vertex -8.68323 37.99 83.5083
      vertex -10.4304 37.99 82.4275
    endloop
  endfacet
  facet normal 0 -1 -0
    outer loop
      vertex -8.68323 37.99 83.5083
      vertex -10.0725 37.99 82.0696
      vertex -8.36412 37.99 83.2107
    endloop
  endfacet
  facet normal 0 -1 0
    outer loop
      vertex -9.70239 37.99 81.7244
      vertex -8.36412 37.99 83.2107
      vertex -10.0725 37.99 82.0696
    endloop
  endfacet
  facet normal 0 -1 -0
    outer loop
      vertex -8.36412 37.99 83.2107
      vertex -9.70239 37.99 81.7244
      vertex -8.03484 37.99 82.9245
    endloop
  endfacet
  facet normal 0 -1 0
    outer loop
      vertex -9.32042 37.99 81.3924
      vertex -8.03484 37.99 82.9245
      vertex -9.70239 37.99 81.7244
    endloop
  endfacet
  facet normal 0 -1 -0
    outer loop
      vertex -8.03484 37.99 82.9245
      vertex -9.32042 37.99 81.3924
      vertex -7.69576 37.99 82.6499
    endloop
  endfacet
  facet normal 0 -1 0
    outer loop
      vertex -8.92708 37.99 81.0739
      vertex -7.69576 37.99 82.6499
      vertex -9.32042 37.99 81.3924
    endloop
  endfacet
  facet normal 0 -1 -0
    outer loop
      vertex -7.69576 37.99 82.6499
      vertex -8.92708 37.99 81.0739
      vertex -7.34731 37.99 82.3873
    endloop
  endfacet
  facet normal 0 -1 0
    outer loop
      vertex -8.52287 37.99 80.7693
      vertex -7.34731 37.99 82.3873
      vertex -8.92708 37.99 81.0739
    endloop
  endfacet
  facet normal 0 -1 -0
    outer loop
      vertex -7.34731 37.99 82.3873
      vertex -8.52287 37.99 80.7693
      vertex -6.9899 37.99 82.137
    endloop
  endfacet
  facet normal 0 -1 0
    outer loop
      vertex -8.10829 37.99 80.479
      vertex -6.9899 37.99 82.137
      vertex -8.52287 37.99 80.7693
    endloop
  endfacet
  facet normal 0 -1 -0
    outer loop
      vertex -6.9899 37.99 82.137
      vertex -8.10829 37.99 80.479
      vertex -6.62398 37.99 81.8994
    endloop
  endfacet
  facet normal 0 -1 0
    outer loop
      vertex -7.68382 37.99 80.2033
      vertex -6.62398 37.99 81.8994
      vertex -8.10829 37.99 80.479
    endloop
  endfacet
  facet normal 0 -1 -0
    outer loop
      vertex -6.62398 37.99 81.8994
      vertex -7.68382 37.99 80.2033
      vertex -6.25 37.99 81.6747
    endloop
  endfacet
  facet normal 0 -1 0
    outer loop
      vertex -7.25 37.99 79.9426
      vertex -6.25 37.99 81.6747
      vertex -7.68382 37.99 80.2033
    endloop
  endfacet
  facet normal 0 -1 -0
    outer loop
      vertex -6.25 37.99 81.6747
      vertex -7.25 37.99 79.9426
      vertex -5.86839 37.99 81.4632
    endloop
  endfacet
  facet normal 0 -1 0
    outer loop
      vertex -6.80733 37.99 79.6973
      vertex -5.86839 37.99 81.4632
      vertex -7.25 37.99 79.9426
    endloop
  endfacet
  facet normal 0 -1 -0
    outer loop
      vertex -5.86839 37.99 81.4632
      vertex -6.80733 37.99 79.6973
      vertex -5.47963 37.99 81.2651
    endloop
  endfacet
  facet normal 0 -1 0
    outer loop
      vertex -6.35637 37.99 79.4675
      vertex -5.47963 37.99 81.2651
      vertex -6.80733 37.99 79.6973
    endloop
  endfacet
  facet normal 0 -1 -0
    outer loop
      vertex -5.47963 37.99 81.2651
      vertex -6.35637 37.99 79.4675
      vertex -5.0842 37.99 81.0807
    endloop
  endfacet
  facet normal 0 -1 0
    outer loop
      vertex -5.89767 37.99 79.2536
      vertex -5.0842 37.99 81.0807
      vertex -6.35637 37.99 79.4675
    endloop
  endfacet
  facet normal 0 -1 -0
    outer loop
      vertex -5.0842 37.99 81.0807
      vertex -5.89767 37.99 79.2536
      vertex -4.68257 37.99 80.9102
    endloop
  endfacet
  facet normal 0 -1 0
    outer loop
      vertex -5.43179 37.99 79.0558
      vertex -4.68257 37.99 80.9102
      vertex -5.89767 37.99 79.2536
    endloop
  endfacet
  facet normal 0 -1 -0
    outer loop
      vertex -4.68257 37.99 80.9102
      vertex -5.43179 37.99 79.0558
      vertex -4.27524 37.99 80.7538
    endloop
  endfacet
  facet normal 0 -1 0
    outer loop
      vertex -4.95929 37.99 78.8745
      vertex -4.27524 37.99 80.7538
      vertex -5.43179 37.99 79.0558
    endloop
  endfacet
  facet normal 0 -1 -0
    outer loop
      vertex -4.27524 37.99 80.7538
      vertex -4.95929 37.99 78.8745
      vertex -3.8627 37.99 80.6118
    endloop
  endfacet
  facet normal 0 -1 0
    outer loop
      vertex -4.48074 37.99 78.7097
      vertex -3.8627 37.99 80.6118
      vertex -4.95929 37.99 78.8745
    endloop
  endfacet
  facet normal 0 -1 -0
    outer loop
      vertex -3.8627 37.99 80.6118
      vertex -4.48074 37.99 78.7097
      vertex -3.44547 37.99 80.4842
    endloop
  endfacet
  facet normal 0 -1 0
    outer loop
      vertex -3.99673 37.99 78.5617
      vertex -3.44547 37.99 80.4842
      vertex -4.48074 37.99 78.7097
    endloop
  endfacet
  facet normal 0 -1 -0
    outer loop
      vertex -3.44547 37.99 80.4842
      vertex -3.99673 37.99 78.5617
      vertex -3.02402 37.99 80.3713
    endloop
  endfacet
  facet normal 0 -1 0
    outer loop
      vertex -3.50786 37.99 78.4307
      vertex -3.02402 37.99 80.3713
      vertex -3.99673 37.99 78.5617
    endloop
  endfacet
  facet normal 0 -1 -0
    outer loop
      vertex -3.02402 37.99 80.3713
      vertex -3.50786 37.99 78.4307
      vertex -2.59889 37.99 80.2732
    endloop
  endfacet
  facet normal 0 -1 0
    outer loop
      vertex -3.01471 37.99 78.3169
      vertex -2.59889 37.99 80.2732
      vertex -3.50786 37.99 78.4307
    endloop
  endfacet
  facet normal 0 -1 -0
    outer loop
      vertex -2.59889 37.99 80.2732
      vertex -3.01471 37.99 78.3169
      vertex -2.17059 37.99 80.1899
    endloop
  endfacet
  facet normal 0 -1 0
    outer loop
      vertex -2.5179 37.99 78.2203
      vertex -2.17059 37.99 80.1899
      vertex -3.01471 37.99 78.3169
    endloop
  endfacet
  facet normal 0 -1 -0
    outer loop
      vertex -2.17059 37.99 80.1899
      vertex -2.5179 37.99 78.2203
      vertex -1.73965 37.99 80.1217
    endloop
  endfacet
  facet normal 0 -1 0
    outer loop
      vertex -2.01801 37.99 78.1411
      vertex -1.73965 37.99 80.1217
      vertex -2.5179 37.99 78.2203
    endloop
  endfacet
  facet normal 0 -1 -0
    outer loop
      vertex -1.73965 37.99 80.1217
      vertex -2.01801 37.99 78.1411
      vertex -1.30659 37.99 80.0685
    endloop
  endfacet
  facet normal 0 -1 0
    outer loop
      vertex -1.51566 37.99 78.0794
      vertex -1.30659 37.99 80.0685
      vertex -2.01801 37.99 78.1411
    endloop
  endfacet
  facet normal 0 -1 -0
    outer loop
      vertex -1.30659 37.99 80.0685
      vertex -1.51566 37.99 78.0794
      vertex -0.871948 37.99 80.0305
    endloop
  endfacet
  facet normal 0 -1 0
    outer loop
      vertex -1.01146 37.99 78.0353
      vertex -0.871948 37.99 80.0305
      vertex -1.51566 37.99 78.0794
    endloop
  endfacet
  facet normal 0 -1 -0
    outer loop
      vertex -0.871948 37.99 80.0305
      vertex -1.01146 37.99 78.0353
      vertex -0.57289 37.99 80.0148
    endloop
  endfacet
  facet normal 0 -1 -0
    outer loop
      vertex -0.57289 37.99 80.0148
      vertex -1.01146 37.99 78.0353
      vertex -0.57289 37.99 78.0123
    endloop
  endfacet
  facet normal 0 1 0
    outer loop
      vertex 10.2515 47.99 102.751
      vertex 0 47.99 110.25
      vertex 0 47.99 113.09
    endloop
  endfacet
  facet normal 0 1 0
    outer loop
      vertex 8.99174 47.99 101.183
      vertex 10.2515 47.99 102.751
      vertex 10.4304 47.99 102.573
    endloop
  endfacet
  facet normal 0 1 0
    outer loop
      vertex 8.99174 47.99 101.183
      vertex 10.4304 47.99 102.573
      vertex 10.7756 47.99 102.202
    endloop
  endfacet
  facet normal 0 1 0
    outer loop
      vertex 9.28931 47.99 100.864
      vertex 10.7756 47.99 102.202
      vertex 11.1076 47.99 101.82
    endloop
  endfacet
  facet normal 0 1 0
    outer loop
      vertex 9.57555 47.99 100.535
      vertex 11.1076 47.99 101.82
      vertex 11.4261 47.99 101.427
    endloop
  endfacet
  facet normal 0 1 0
    outer loop
      vertex 10.2515 47.99 102.751
      vertex 8.83748 47.99 101.337
      vertex 0 47.99 110.25
    endloop
  endfacet
  facet normal 0 1 0
    outer loop
      vertex 10.2515 47.99 102.751
      vertex 8.99174 47.99 101.183
      vertex 8.83748 47.99 101.337
    endloop
  endfacet
  facet normal 0 1 0
    outer loop
      vertex 9.85013 47.99 100.196
      vertex 11.4261 47.99 101.427
      vertex 11.7307 47.99 101.023
    endloop
  endfacet
  facet normal 0 1 0
    outer loop
      vertex 10.7756 47.99 102.202
      vertex 9.28931 47.99 100.864
      vertex 8.99174 47.99 101.183
    endloop
  endfacet
  facet normal 0 1 0
    outer loop
      vertex 10.1127 47.99 99.8473
      vertex 11.7307 47.99 101.023
      vertex 12.021 47.99 100.608
    endloop
  endfacet
  facet normal 0 1 0
    outer loop
      vertex 11.1076 47.99 101.82
      vertex 9.57555 47.99 100.535
      vertex 9.28931 47.99 100.864
    endloop
  endfacet
  facet normal 0 1 0
    outer loop
      vertex 11.4261 47.99 101.427
      vertex 9.85013 47.99 100.196
      vertex 9.57555 47.99 100.535
    endloop
  endfacet
  facet normal 0 1 0
    outer loop
      vertex 10.363 47.99 99.4899
      vertex 12.021 47.99 100.608
      vertex 12.2967 47.99 100.184
    endloop
  endfacet
  facet normal 0 1 0
    outer loop
      vertex 11.7307 47.99 101.023
      vertex 10.1127 47.99 99.8473
      vertex 9.85013 47.99 100.196
    endloop
  endfacet
  facet normal 0 1 0
    outer loop
      vertex 10.6006 47.99 99.124
      vertex 12.2967 47.99 100.184
      vertex 12.5574 47.99 99.75
    endloop
  endfacet
  facet normal 0 1 0
    outer loop
      vertex 12.021 47.99 100.608
      vertex 10.363 47.99 99.4899
      vertex 10.1127 47.99 99.8473
    endloop
  endfacet
  facet normal 0 1 0
    outer loop
      vertex 10.8253 47.99 98.75
      vertex 12.5574 47.99 99.75
      vertex 12.8027 47.99 99.3073
    endloop
  endfacet
  facet normal 0 1 0
    outer loop
      vertex 12.2967 47.99 100.184
      vertex 10.6006 47.99 99.124
      vertex 10.363 47.99 99.4899
    endloop
  endfacet
  facet normal 0 1 0
    outer loop
      vertex 11.0368 47.99 98.3684
      vertex 12.8027 47.99 99.3073
      vertex 13.0325 47.99 98.8564
    endloop
  endfacet
  facet normal 0 1 0
    outer loop
      vertex 12.5574 47.99 99.75
      vertex 10.8253 47.99 98.75
      vertex 10.6006 47.99 99.124
    endloop
  endfacet
  facet normal 0 1 0
    outer loop
      vertex 11.2349 47.99 97.9796
      vertex 13.0325 47.99 98.8564
      vertex 13.2464 47.99 98.3977
    endloop
  endfacet
  facet normal 0 1 0
    outer loop
      vertex 12.8027 47.99 99.3073
      vertex 11.0368 47.99 98.3684
      vertex 10.8253 47.99 98.75
    endloop
  endfacet
  facet normal 0 1 0
    outer loop
      vertex 13.0325 47.99 98.8564
      vertex 11.2349 47.99 97.9796
      vertex 11.0368 47.99 98.3684
    endloop
  endfacet
  facet normal 0 1 0
    outer loop
      vertex 11.4193 47.99 97.5842
      vertex 13.2464 47.99 98.3977
      vertex 13.4442 47.99 97.9318
    endloop
  endfacet
  facet normal 0 1 0
    outer loop
      vertex 13.2464 47.99 98.3977
      vertex 11.4193 47.99 97.5842
      vertex 11.2349 47.99 97.9796
    endloop
  endfacet
  facet normal 0 1 0
    outer loop
      vertex 11.5898 47.99 97.1826
      vertex 13.4442 47.99 97.9318
      vertex 13.6255 47.99 97.4593
    endloop
  endfacet
  facet normal 0 1 0
    outer loop
      vertex 13.4442 47.99 97.9318
      vertex 11.5898 47.99 97.1826
      vertex 11.4193 47.99 97.5842
    endloop
  endfacet
  facet normal 0 1 0
    outer loop
      vertex 11.7462 47.99 96.7752
      vertex 13.6255 47.99 97.4593
      vertex 13.7903 47.99 96.9807
    endloop
  endfacet
  facet normal 0 1 0
    outer loop
      vertex 13.6255 47.99 97.4593
      vertex 11.7462 47.99 96.7752
      vertex 11.5898 47.99 97.1826
    endloop
  endfacet
  facet normal 0 1 0
    outer loop
      vertex 11.8882 47.99 96.3627
      vertex 13.7903 47.99 96.9807
      vertex 13.9383 47.99 96.4967
    endloop
  endfacet
  facet normal 0 1 0
    outer loop
      vertex 13.7903 47.99 96.9807
      vertex 11.8882 47.99 96.3627
      vertex 11.7462 47.99 96.7752
    endloop
  endfacet
  facet normal 0 1 0
    outer loop
      vertex 12.0158 47.99 95.9455
      vertex 13.9383 47.99 96.4967
      vertex 14.0693 47.99 96.0079
    endloop
  endfacet
  facet normal 0 1 0
    outer loop
      vertex 13.9383 47.99 96.4967
      vertex 12.0158 47.99 95.9455
      vertex 11.8882 47.99 96.3627
    endloop
  endfacet
  facet normal 0 1 0
    outer loop
      vertex 14.0693 47.99 96.0079
      vertex 12.1287 47.99 95.524
      vertex 12.0158 47.99 95.9455
    endloop
  endfacet
  facet normal 0 1 0
    outer loop
      vertex 14.1831 47.99 95.5147
      vertex 12.1287 47.99 95.524
      vertex 14.0693 47.99 96.0079
    endloop
  endfacet
  facet normal 0 1 0
    outer loop
      vertex 14.1831 47.99 95.5147
      vertex 12.2268 47.99 95.0989
      vertex 12.1287 47.99 95.524
    endloop
  endfacet
  facet normal 0 1 0
    outer loop
      vertex 14.2797 47.99 95.0179
      vertex 12.2268 47.99 95.0989
      vertex 14.1831 47.99 95.5147
    endloop
  endfacet
  facet normal 0 1 0
    outer loop
      vertex 14.2797 47.99 95.0179
      vertex 12.3101 47.99 94.6706
      vertex 12.2268 47.99 95.0989
    endloop
  endfacet
  facet normal 0 1 0
    outer loop
      vertex 14.3589 47.99 94.518
      vertex 12.3101 47.99 94.6706
      vertex 14.2797 47.99 95.0179
    endloop
  endfacet
  facet normal 0 1 0
    outer loop
      vertex 14.3589 47.99 94.518
      vertex 12.3783 47.99 94.2397
      vertex 12.3101 47.99 94.6706
    endloop
  endfacet
  facet normal 0 1 0
    outer loop
      vertex 14.4206 47.99 94.0157
      vertex 12.3783 47.99 94.2397
      vertex 14.3589 47.99 94.518
    endloop
  endfacet
  facet normal 0 1 0
    outer loop
      vertex 14.4206 47.99 94.0157
      vertex 12.4315 47.99 93.8066
      vertex 12.3783 47.99 94.2397
    endloop
  endfacet
  facet normal 0 1 0
    outer loop
      vertex 14.4647 47.99 93.5115
      vertex 12.4315 47.99 93.8066
      vertex 14.4206 47.99 94.0157
    endloop
  endfacet
  facet normal 0 1 0
    outer loop
      vertex 14.4647 47.99 93.5115
      vertex 12.4695 47.99 93.3719
      vertex 12.4315 47.99 93.8066
    endloop
  endfacet
  facet normal 0 1 0
    outer loop
      vertex 14.4912 47.99 93.006
      vertex 12.4695 47.99 93.3719
      vertex 14.4647 47.99 93.5115
    endloop
  endfacet
  facet normal 0 1 0
    outer loop
      vertex 14.4912 47.99 93.006
      vertex 12.4924 47.99 92.9362
      vertex 12.4695 47.99 93.3719
    endloop
  endfacet
  facet normal 0 1 0
    outer loop
      vertex 14.5 47.99 92.5
      vertex 12.4924 47.99 92.9362
      vertex 14.4912 47.99 93.006
    endloop
  endfacet
  facet normal 0 1 0
    outer loop
      vertex 14.5 47.99 92.5
      vertex 12.5 47.99 92.5
      vertex 12.4924 47.99 92.9362
    endloop
  endfacet
  facet normal 0 1 0
    outer loop
      vertex 14.5 47.99 92.5
      vertex 12.4924 47.99 92.0638
      vertex 12.5 47.99 92.5
    endloop
  endfacet
  facet normal 0 1 -0
    outer loop
      vertex 14.4912 47.99 91.994
      vertex 12.4924 47.99 92.0638
      vertex 14.5 47.99 92.5
    endloop
  endfacet
  facet normal 0 1 0
    outer loop
      vertex 14.4912 47.99 91.994
      vertex 12.4695 47.99 91.6281
      vertex 12.4924 47.99 92.0638
    endloop
  endfacet
  facet normal 0 1 -0
    outer loop
      vertex 14.4647 47.99 91.4885
      vertex 12.4695 47.99 91.6281
      vertex 14.4912 47.99 91.994
    endloop
  endfacet
  facet normal 0 1 0
    outer loop
      vertex 14.4647 47.99 91.4885
      vertex 12.4315 47.99 91.1934
      vertex 12.4695 47.99 91.6281
    endloop
  endfacet
  facet normal 0 1 -0
    outer loop
      vertex 14.4206 47.99 90.9843
      vertex 12.4315 47.99 91.1934
      vertex 14.4647 47.99 91.4885
    endloop
  endfacet
  facet normal 0 1 0
    outer loop
      vertex 14.4206 47.99 90.9843
      vertex 12.3783 47.99 90.7603
      vertex 12.4315 47.99 91.1934
    endloop
  endfacet
  facet normal 0 1 -0
    outer loop
      vertex 14.3589 47.99 90.482
      vertex 12.3783 47.99 90.7603
      vertex 14.4206 47.99 90.9843
    endloop
  endfacet
  facet normal 0 1 0
    outer loop
      vertex 14.3589 47.99 90.482
      vertex 12.3101 47.99 90.3294
      vertex 12.3783 47.99 90.7603
    endloop
  endfacet
  facet normal 0 1 -0
    outer loop
      vertex 14.2797 47.99 89.9821
      vertex 12.3101 47.99 90.3294
      vertex 14.3589 47.99 90.482
    endloop
  endfacet
  facet normal 0 1 0
    outer loop
      vertex 14.2797 47.99 89.9821
      vertex 12.2268 47.99 89.9011
      vertex 12.3101 47.99 90.3294
    endloop
  endfacet
  facet normal 0 1 -0
    outer loop
      vertex 14.1831 47.99 89.4853
      vertex 12.2268 47.99 89.9011
      vertex 14.2797 47.99 89.9821
    endloop
  endfacet
  facet normal 0 1 0
    outer loop
      vertex 14.1831 47.99 89.4853
      vertex 12.1287 47.99 89.476
      vertex 12.2268 47.99 89.9011
    endloop
  endfacet
  facet normal 0 1 -0
    outer loop
      vertex 14.0693 47.99 88.9921
      vertex 12.1287 47.99 89.476
      vertex 14.1831 47.99 89.4853
    endloop
  endfacet
  facet normal 0 1 0
    outer loop
      vertex 12.1287 47.99 89.476
      vertex 14.0693 47.99 88.9921
      vertex 12.0158 47.99 89.0545
    endloop
  endfacet
  facet normal 0 1 -0
    outer loop
      vertex 13.9383 47.99 88.5033
      vertex 12.0158 47.99 89.0545
      vertex 14.0693 47.99 88.9921
    endloop
  endfacet
  facet normal 0 1 0
    outer loop
      vertex 12.0158 47.99 89.0545
      vertex 13.9383 47.99 88.5033
      vertex 11.8882 47.99 88.6373
    endloop
  endfacet
  facet normal 0 1 -0
    outer loop
      vertex 13.7903 47.99 88.0193
      vertex 11.8882 47.99 88.6373
      vertex 13.9383 47.99 88.5033
    endloop
  endfacet
  facet normal 0 1 0
    outer loop
      vertex 11.8882 47.99 88.6373
      vertex 13.7903 47.99 88.0193
      vertex 11.7462 47.99 88.2248
    endloop
  endfacet
  facet normal 0 1 -0
    outer loop
      vertex 13.6255 47.99 87.5407
      vertex 11.7462 47.99 88.2248
      vertex 13.7903 47.99 88.0193
    endloop
  endfacet
  facet normal 0 1 0
    outer loop
      vertex 11.7462 47.99 88.2248
      vertex 13.6255 47.99 87.5407
      vertex 11.5898 47.99 87.8174
    endloop
  endfacet
  facet normal 0 1 -0
    outer loop
      vertex 13.4442 47.99 87.0682
      vertex 11.5898 47.99 87.8174
      vertex 13.6255 47.99 87.5407
    endloop
  endfacet
  facet normal 0 1 0
    outer loop
      vertex 11.5898 47.99 87.8174
      vertex 13.4442 47.99 87.0682
      vertex 11.4193 47.99 87.4158
    endloop
  endfacet
  facet normal 0 1 -0
    outer loop
      vertex 13.2464 47.99 86.6023
      vertex 11.4193 47.99 87.4158
      vertex 13.4442 47.99 87.0682
    endloop
  endfacet
  facet normal 0 1 0
    outer loop
      vertex 11.4193 47.99 87.4158
      vertex 13.2464 47.99 86.6023
      vertex 11.2349 47.99 87.0204
    endloop
  endfacet
  facet normal 0 1 -0
    outer loop
      vertex 13.0325 47.99 86.1436
      vertex 11.2349 47.99 87.0204
      vertex 13.2464 47.99 86.6023
    endloop
  endfacet
  facet normal 0 1 0
    outer loop
      vertex 11.2349 47.99 87.0204
      vertex 13.0325 47.99 86.1436
      vertex 11.0368 47.99 86.6316
    endloop
  endfacet
  facet normal 0 1 -0
    outer loop
      vertex 12.8027 47.99 85.6927
      vertex 11.0368 47.99 86.6316
      vertex 13.0325 47.99 86.1436
    endloop
  endfacet
  facet normal 0 1 0
    outer loop
      vertex 11.0368 47.99 86.6316
      vertex 12.8027 47.99 85.6927
      vertex 10.8253 47.99 86.25
    endloop
  endfacet
  facet normal 0 1 -0
    outer loop
      vertex 12.5574 47.99 85.25
      vertex 10.8253 47.99 86.25
      vertex 12.8027 47.99 85.6927
    endloop
  endfacet
  facet normal 0 1 0
    outer loop
      vertex 10.8253 47.99 86.25
      vertex 12.5574 47.99 85.25
      vertex 10.6006 47.99 85.876
    endloop
  endfacet
  facet normal 0 1 -0
    outer loop
      vertex 12.2967 47.99 84.8162
      vertex 10.6006 47.99 85.876
      vertex 12.5574 47.99 85.25
    endloop
  endfacet
  facet normal 0 1 0
    outer loop
      vertex 10.6006 47.99 85.876
      vertex 12.2967 47.99 84.8162
      vertex 10.363 47.99 85.5101
    endloop
  endfacet
  facet normal 0 1 -0
    outer loop
      vertex 12.021 47.99 84.3917
      vertex 10.363 47.99 85.5101
      vertex 12.2967 47.99 84.8162
    endloop
  endfacet
  facet normal 0 1 0
    outer loop
      vertex 10.363 47.99 85.5101
      vertex 12.021 47.99 84.3917
      vertex 10.1127 47.99 85.1527
    endloop
  endfacet
  facet normal 0 1 -0
    outer loop
      vertex 11.7307 47.99 83.9771
      vertex 10.1127 47.99 85.1527
      vertex 12.021 47.99 84.3917
    endloop
  endfacet
  facet normal 0 1 0
    outer loop
      vertex 10.1127 47.99 85.1527
      vertex 11.7307 47.99 83.9771
      vertex 9.85013 47.99 84.8042
    endloop
  endfacet
  facet normal 0 1 -0
    outer loop
      vertex 11.4261 47.99 83.5729
      vertex 9.85013 47.99 84.8042
      vertex 11.7307 47.99 83.9771
    endloop
  endfacet
  facet normal 0 1 0
    outer loop
      vertex 9.85013 47.99 84.8042
      vertex 11.4261 47.99 83.5729
      vertex 9.57555 47.99 84.4652
    endloop
  endfacet
  facet normal 0 1 -0
    outer loop
      vertex 11.1076 47.99 83.1796
      vertex 9.57555 47.99 84.4652
      vertex 11.4261 47.99 83.5729
    endloop
  endfacet
  facet normal 0 1 0
    outer loop
      vertex 9.57555 47.99 84.4652
      vertex 11.1076 47.99 83.1796
      vertex 9.28931 47.99 84.1359
    endloop
  endfacet
  facet normal 0 1 -0
    outer loop
      vertex 10.7756 47.99 82.7976
      vertex 9.28931 47.99 84.1359
      vertex 11.1076 47.99 83.1796
    endloop
  endfacet
  facet normal 0 1 0
    outer loop
      vertex 9.28931 47.99 84.1359
      vertex 10.7756 47.99 82.7976
      vertex 8.99174 47.99 83.8168
    endloop
  endfacet
  facet normal 0 1 -0
    outer loop
      vertex 10.4304 47.99 82.4275
      vertex 8.99174 47.99 83.8168
      vertex 10.7756 47.99 82.7976
    endloop
  endfacet
  facet normal 0 1 0
    outer loop
      vertex 8.99174 47.99 83.8168
      vertex 10.4304 47.99 82.4275
      vertex 8.68323 47.99 83.5083
    endloop
  endfacet
  facet normal 0 1 -0
    outer loop
      vertex 10.0725 47.99 82.0696
      vertex 8.68323 47.99 83.5083
      vertex 10.4304 47.99 82.4275
    endloop
  endfacet
  facet normal 0 1 0
    outer loop
      vertex 8.68323 47.99 83.5083
      vertex 10.0725 47.99 82.0696
      vertex 8.36412 47.99 83.2107
    endloop
  endfacet
  facet normal 0 1 -0
    outer loop
      vertex 9.70239 47.99 81.7244
      vertex 8.36412 47.99 83.2107
      vertex 10.0725 47.99 82.0696
    endloop
  endfacet
  facet normal 0 1 0
    outer loop
      vertex 8.36412 47.99 83.2107
      vertex 9.70239 47.99 81.7244
      vertex 8.03484 47.99 82.9245
    endloop
  endfacet
  facet normal 0 1 -0
    outer loop
      vertex 9.32042 47.99 81.3924
      vertex 8.03484 47.99 82.9245
      vertex 9.70239 47.99 81.7244
    endloop
  endfacet
  facet normal 0 1 0
    outer loop
      vertex 8.03484 47.99 82.9245
      vertex 9.32042 47.99 81.3924
      vertex 7.69576 47.99 82.6499
    endloop
  endfacet
  facet normal 0 1 -0
    outer loop
      vertex 8.92708 47.99 81.0739
      vertex 7.69576 47.99 82.6499
      vertex 9.32042 47.99 81.3924
    endloop
  endfacet
  facet normal 0 1 0
    outer loop
      vertex 7.69576 47.99 82.6499
      vertex 8.92708 47.99 81.0739
      vertex 7.34731 47.99 82.3873
    endloop
  endfacet
  facet normal 0 1 -0
    outer loop
      vertex 8.52287 47.99 80.7693
      vertex 7.34731 47.99 82.3873
      vertex 8.92708 47.99 81.0739
    endloop
  endfacet
  facet normal 0 1 0
    outer loop
      vertex 7.34731 47.99 82.3873
      vertex 8.52287 47.99 80.7693
      vertex 6.9899 47.99 82.137
    endloop
  endfacet
  facet normal 0 1 -0
    outer loop
      vertex 8.10829 47.99 80.479
      vertex 6.9899 47.99 82.137
      vertex 8.52287 47.99 80.7693
    endloop
  endfacet
  facet normal 0 1 0
    outer loop
      vertex 6.9899 47.99 82.137
      vertex 8.10829 47.99 80.479
      vertex 6.62398 47.99 81.8994
    endloop
  endfacet
  facet normal 0 1 -0
    outer loop
      vertex 7.68382 47.99 80.2033
      vertex 6.62398 47.99 81.8994
      vertex 8.10829 47.99 80.479
    endloop
  endfacet
  facet normal 0 1 0
    outer loop
      vertex 6.62398 47.99 81.8994
      vertex 7.68382 47.99 80.2033
      vertex 6.25 47.99 81.6747
    endloop
  endfacet
  facet normal 0 1 -0
    outer loop
      vertex 7.25 47.99 79.9426
      vertex 6.25 47.99 81.6747
      vertex 7.68382 47.99 80.2033
    endloop
  endfacet
  facet normal 0 1 0
    outer loop
      vertex 6.25 47.99 81.6747
      vertex 7.25 47.99 79.9426
      vertex 5.86839 47.99 81.4632
    endloop
  endfacet
  facet normal 0 1 -0
    outer loop
      vertex 6.80733 47.99 79.6973
      vertex 5.86839 47.99 81.4632
      vertex 7.25 47.99 79.9426
    endloop
  endfacet
  facet normal 0 1 0
    outer loop
      vertex 5.86839 47.99 81.4632
      vertex 6.80733 47.99 79.6973
      vertex 5.47963 47.99 81.2651
    endloop
  endfacet
  facet normal 0 1 -0
    outer loop
      vertex 6.35637 47.99 79.4675
      vertex 5.47963 47.99 81.2651
      vertex 6.80733 47.99 79.6973
    endloop
  endfacet
  facet normal 0 1 0
    outer loop
      vertex 5.47963 47.99 81.2651
      vertex 6.35637 47.99 79.4675
      vertex 5.0842 47.99 81.0807
    endloop
  endfacet
  facet normal 0 1 -0
    outer loop
      vertex 5.89767 47.99 79.2536
      vertex 5.0842 47.99 81.0807
      vertex 6.35637 47.99 79.4675
    endloop
  endfacet
  facet normal 0 1 0
    outer loop
      vertex 5.0842 47.99 81.0807
      vertex 5.89767 47.99 79.2536
      vertex 4.68257 47.99 80.9102
    endloop
  endfacet
  facet normal 0 1 -0
    outer loop
      vertex 5.43179 47.99 79.0558
      vertex 4.68257 47.99 80.9102
      vertex 5.89767 47.99 79.2536
    endloop
  endfacet
  facet normal 0 1 0
    outer loop
      vertex 4.68257 47.99 80.9102
      vertex 5.43179 47.99 79.0558
      vertex 4.27524 47.99 80.7538
    endloop
  endfacet
  facet normal 0 1 -0
    outer loop
      vertex 4.95929 47.99 78.8745
      vertex 4.27524 47.99 80.7538
      vertex 5.43179 47.99 79.0558
    endloop
  endfacet
  facet normal 0 1 0
    outer loop
      vertex 4.27524 47.99 80.7538
      vertex 4.95929 47.99 78.8745
      vertex 3.8627 47.99 80.6118
    endloop
  endfacet
  facet normal 0 1 -0
    outer loop
      vertex 4.48074 47.99 78.7097
      vertex 3.8627 47.99 80.6118
      vertex 4.95929 47.99 78.8745
    endloop
  endfacet
  facet normal 0 1 0
    outer loop
      vertex 3.8627 47.99 80.6118
      vertex 4.48074 47.99 78.7097
      vertex 3.44547 47.99 80.4842
    endloop
  endfacet
  facet normal 0 1 0
    outer loop
      vertex 3.44547 47.99 80.4842
      vertex 3.99673 47.99 78.5617
      vertex 3.02402 47.99 80.3713
    endloop
  endfacet
  facet normal 0 1 -0
    outer loop
      vertex 3.99673 47.99 78.5617
      vertex 3.44547 47.99 80.4842
      vertex 4.48074 47.99 78.7097
    endloop
  endfacet
  facet normal 0 1 -0
    outer loop
      vertex 0 47.99 110.25
      vertex -10.2515 47.99 102.751
      vertex 0 47.99 113.09
    endloop
  endfacet
  facet normal 0 1 -0
    outer loop
      vertex -8.83749 47.99 101.337
      vertex -10.2515 47.99 102.751
      vertex 0 47.99 110.25
    endloop
  endfacet
  facet normal 0 1 -0
    outer loop
      vertex -8.99174 47.99 101.183
      vertex -10.2515 47.99 102.751
      vertex -8.83749 47.99 101.337
    endloop
  endfacet
  facet normal 0 1 0
    outer loop
      vertex -10.2515 47.99 102.751
      vertex -8.99174 47.99 101.183
      vertex -10.4304 47.99 102.573
    endloop
  endfacet
  facet normal 0 1 0
    outer loop
      vertex -10.4304 47.99 102.573
      vertex -8.99174 47.99 101.183
      vertex -10.7756 47.99 102.202
    endloop
  endfacet
  facet normal 0 1 -0
    outer loop
      vertex -9.28931 47.99 100.864
      vertex -10.7756 47.99 102.202
      vertex -8.99174 47.99 101.183
    endloop
  endfacet
  facet normal 0 1 0
    outer loop
      vertex -10.7756 47.99 102.202
      vertex -9.28931 47.99 100.864
      vertex -11.1076 47.99 101.82
    endloop
  endfacet
  facet normal 0 1 -0
    outer loop
      vertex -9.57555 47.99 100.535
      vertex -11.1076 47.99 101.82
      vertex -9.28931 47.99 100.864
    endloop
  endfacet
  facet normal 0 1 0
    outer loop
      vertex -11.1076 47.99 101.82
      vertex -9.57555 47.99 100.535
      vertex -11.4261 47.99 101.427
    endloop
  endfacet
  facet normal 0 1 -0
    outer loop
      vertex -9.85013 47.99 100.196
      vertex -11.4261 47.99 101.427
      vertex -9.57555 47.99 100.535
    endloop
  endfacet
  facet normal 0 1 0
    outer loop
      vertex -11.4261 47.99 101.427
      vertex -9.85013 47.99 100.196
      vertex -11.7307 47.99 101.023
    endloop
  endfacet
  facet normal 0 1 -0
    outer loop
      vertex -10.1127 47.99 99.8473
      vertex -11.7307 47.99 101.023
      vertex -9.85013 47.99 100.196
    endloop
  endfacet
  facet normal 0 1 0
    outer loop
      vertex -11.7307 47.99 101.023
      vertex -10.1127 47.99 99.8473
      vertex -12.021 47.99 100.608
    endloop
  endfacet
  facet normal 0 1 -0
    outer loop
      vertex -10.363 47.99 99.4899
      vertex -12.021 47.99 100.608
      vertex -10.1127 47.99 99.8473
    endloop
  endfacet
  facet normal 0 1 0
    outer loop
      vertex -12.021 47.99 100.608
      vertex -10.363 47.99 99.4899
      vertex -12.2967 47.99 100.184
    endloop
  endfacet
  facet normal 0 1 -0
    outer loop
      vertex -10.6006 47.99 99.124
      vertex -12.2967 47.99 100.184
      vertex -10.363 47.99 99.4899
    endloop
  endfacet
  facet normal 0 1 0
    outer loop
      vertex -12.2967 47.99 100.184
      vertex -10.6006 47.99 99.124
      vertex -12.5574 47.99 99.75
    endloop
  endfacet
  facet normal 0 1 -0
    outer loop
      vertex -10.8253 47.99 98.75
      vertex -12.5574 47.99 99.75
      vertex -10.6006 47.99 99.124
    endloop
  endfacet
  facet normal 0 1 0
    outer loop
      vertex -12.5574 47.99 99.75
      vertex -10.8253 47.99 98.75
      vertex -12.8027 47.99 99.3073
    endloop
  endfacet
  facet normal 0 1 -0
    outer loop
      vertex -11.0368 47.99 98.3684
      vertex -12.8027 47.99 99.3073
      vertex -10.8253 47.99 98.75
    endloop
  endfacet
  facet normal 0 1 0
    outer loop
      vertex -12.8027 47.99 99.3073
      vertex -11.0368 47.99 98.3684
      vertex -13.0325 47.99 98.8564
    endloop
  endfacet
  facet normal 0 1 -0
    outer loop
      vertex -11.2349 47.99 97.9796
      vertex -13.0325 47.99 98.8564
      vertex -11.0368 47.99 98.3684
    endloop
  endfacet
  facet normal 0 1 0
    outer loop
      vertex -13.0325 47.99 98.8564
      vertex -11.2349 47.99 97.9796
      vertex -13.2464 47.99 98.3977
    endloop
  endfacet
  facet normal 0 1 -0
    outer loop
      vertex -11.4193 47.99 97.5842
      vertex -13.2464 47.99 98.3977
      vertex -11.2349 47.99 97.9796
    endloop
  endfacet
  facet normal 0 1 0
    outer loop
      vertex -13.2464 47.99 98.3977
      vertex -11.4193 47.99 97.5842
      vertex -13.4442 47.99 97.9318
    endloop
  endfacet
  facet normal 0 1 -0
    outer loop
      vertex -11.5898 47.99 97.1826
      vertex -13.4442 47.99 97.9318
      vertex -11.4193 47.99 97.5842
    endloop
  endfacet
  facet normal 0 1 0
    outer loop
      vertex -13.4442 47.99 97.9318
      vertex -11.5898 47.99 97.1826
      vertex -13.6255 47.99 97.4593
    endloop
  endfacet
  facet normal 0 1 -0
    outer loop
      vertex -11.7462 47.99 96.7752
      vertex -13.6255 47.99 97.4593
      vertex -11.5898 47.99 97.1826
    endloop
  endfacet
  facet normal 0 1 0
    outer loop
      vertex -13.6255 47.99 97.4593
      vertex -11.7462 47.99 96.7752
      vertex -13.7903 47.99 96.9807
    endloop
  endfacet
  facet normal 0 1 -0
    outer loop
      vertex -11.8882 47.99 96.3627
      vertex -13.7903 47.99 96.9807
      vertex -11.7462 47.99 96.7752
    endloop
  endfacet
  facet normal 0 1 0
    outer loop
      vertex -13.7903 47.99 96.9807
      vertex -11.8882 47.99 96.3627
      vertex -13.9383 47.99 96.4967
    endloop
  endfacet
  facet normal 0 1 -0
    outer loop
      vertex -12.0158 47.99 95.9455
      vertex -13.9383 47.99 96.4967
      vertex -11.8882 47.99 96.3627
    endloop
  endfacet
  facet normal 0 1 0
    outer loop
      vertex -13.9383 47.99 96.4967
      vertex -12.0158 47.99 95.9455
      vertex -14.0693 47.99 96.0079
    endloop
  endfacet
  facet normal 0 1 -0
    outer loop
      vertex -12.1287 47.99 95.524
      vertex -14.0693 47.99 96.0079
      vertex -12.0158 47.99 95.9455
    endloop
  endfacet
  facet normal 0 1 0
    outer loop
      vertex -12.1287 47.99 95.524
      vertex -14.1831 47.99 95.5147
      vertex -14.0693 47.99 96.0079
    endloop
  endfacet
  facet normal 0 1 -0
    outer loop
      vertex -12.2268 47.99 95.0989
      vertex -14.1831 47.99 95.5147
      vertex -12.1287 47.99 95.524
    endloop
  endfacet
  facet normal 0 1 0
    outer loop
      vertex -12.2268 47.99 95.0989
      vertex -14.2797 47.99 95.0179
      vertex -14.1831 47.99 95.5147
    endloop
  endfacet
  facet normal 0 1 -0
    outer loop
      vertex -12.3101 47.99 94.6706
      vertex -14.2797 47.99 95.0179
      vertex -12.2268 47.99 95.0989
    endloop
  endfacet
  facet normal 0 1 0
    outer loop
      vertex -12.3101 47.99 94.6706
      vertex -14.3589 47.99 94.518
      vertex -14.2797 47.99 95.0179
    endloop
  endfacet
  facet normal 0 1 -0
    outer loop
      vertex -12.3783 47.99 94.2397
      vertex -14.3589 47.99 94.518
      vertex -12.3101 47.99 94.6706
    endloop
  endfacet
  facet normal 0 1 0
    outer loop
      vertex -12.3783 47.99 94.2397
      vertex -14.4206 47.99 94.0157
      vertex -14.3589 47.99 94.518
    endloop
  endfacet
  facet normal 0 1 -0
    outer loop
      vertex -12.4315 47.99 93.8066
      vertex -14.4206 47.99 94.0157
      vertex -12.3783 47.99 94.2397
    endloop
  endfacet
  facet normal 0 1 0
    outer loop
      vertex -12.4315 47.99 93.8066
      vertex -14.4647 47.99 93.5115
      vertex -14.4206 47.99 94.0157
    endloop
  endfacet
  facet normal 0 1 -0
    outer loop
      vertex -12.4695 47.99 93.3719
      vertex -14.4647 47.99 93.5115
      vertex -12.4315 47.99 93.8066
    endloop
  endfacet
  facet normal 0 1 0
    outer loop
      vertex -12.4695 47.99 93.3719
      vertex -14.4912 47.99 93.006
      vertex -14.4647 47.99 93.5115
    endloop
  endfacet
  facet normal 0 1 -0
    outer loop
      vertex -12.4924 47.99 92.9362
      vertex -14.4912 47.99 93.006
      vertex -12.4695 47.99 93.3719
    endloop
  endfacet
  facet normal 0 1 -0
    outer loop
      vertex -12.5 47.99 92.5
      vertex -14.4912 47.99 93.006
      vertex -12.4924 47.99 92.9362
    endloop
  endfacet
  facet normal 0 1 0
    outer loop
      vertex -12.5 47.99 92.5
      vertex -14.5 47.99 92.5
      vertex -14.4912 47.99 93.006
    endloop
  endfacet
  facet normal 0 1 0
    outer loop
      vertex -12.4924 47.99 92.0638
      vertex -14.5 47.99 92.5
      vertex -12.5 47.99 92.5
    endloop
  endfacet
  facet normal 0 1 0
    outer loop
      vertex -12.4924 47.99 92.0638
      vertex -14.4912 47.99 91.994
      vertex -14.5 47.99 92.5
    endloop
  endfacet
  facet normal 0 1 0
    outer loop
      vertex -12.4695 47.99 91.6281
      vertex -14.4912 47.99 91.994
      vertex -12.4924 47.99 92.0638
    endloop
  endfacet
  facet normal 0 1 0
    outer loop
      vertex -12.4695 47.99 91.6281
      vertex -14.4647 47.99 91.4885
      vertex -14.4912 47.99 91.994
    endloop
  endfacet
  facet normal 0 1 0
    outer loop
      vertex -12.4315 47.99 91.1934
      vertex -14.4647 47.99 91.4885
      vertex -12.4695 47.99 91.6281
    endloop
  endfacet
  facet normal 0 1 0
    outer loop
      vertex -12.4315 47.99 91.1934
      vertex -14.4206 47.99 90.9843
      vertex -14.4647 47.99 91.4885
    endloop
  endfacet
  facet normal 0 1 0
    outer loop
      vertex -12.3783 47.99 90.7603
      vertex -14.4206 47.99 90.9843
      vertex -12.4315 47.99 91.1934
    endloop
  endfacet
  facet normal 0 1 0
    outer loop
      vertex -12.3783 47.99 90.7603
      vertex -14.3589 47.99 90.482
      vertex -14.4206 47.99 90.9843
    endloop
  endfacet
  facet normal 0 1 0
    outer loop
      vertex -12.3101 47.99 90.3294
      vertex -14.3589 47.99 90.482
      vertex -12.3783 47.99 90.7603
    endloop
  endfacet
  facet normal 0 1 0
    outer loop
      vertex -12.3101 47.99 90.3294
      vertex -14.2797 47.99 89.9821
      vertex -14.3589 47.99 90.482
    endloop
  endfacet
  facet normal 0 1 0
    outer loop
      vertex -12.2268 47.99 89.9011
      vertex -14.2797 47.99 89.9821
      vertex -12.3101 47.99 90.3294
    endloop
  endfacet
  facet normal 0 1 0
    outer loop
      vertex -12.2268 47.99 89.9011
      vertex -14.1831 47.99 89.4853
      vertex -14.2797 47.99 89.9821
    endloop
  endfacet
  facet normal 0 1 0
    outer loop
      vertex -12.1287 47.99 89.476
      vertex -14.1831 47.99 89.4853
      vertex -12.2268 47.99 89.9011
    endloop
  endfacet
  facet normal 0 1 0
    outer loop
      vertex -14.0693 47.99 88.9921
      vertex -12.1287 47.99 89.476
      vertex -12.0158 47.99 89.0545
    endloop
  endfacet
  facet normal 0 1 0
    outer loop
      vertex -12.1287 47.99 89.476
      vertex -14.0693 47.99 88.9921
      vertex -14.1831 47.99 89.4853
    endloop
  endfacet
  facet normal 0 1 0
    outer loop
      vertex -13.9383 47.99 88.5033
      vertex -12.0158 47.99 89.0545
      vertex -11.8882 47.99 88.6373
    endloop
  endfacet
  facet normal 0 1 0
    outer loop
      vertex -12.0158 47.99 89.0545
      vertex -13.9383 47.99 88.5033
      vertex -14.0693 47.99 88.9921
    endloop
  endfacet
  facet normal 0 1 0
    outer loop
      vertex -13.7903 47.99 88.0193
      vertex -11.8882 47.99 88.6373
      vertex -11.7462 47.99 88.2248
    endloop
  endfacet
  facet normal 0 1 0
    outer loop
      vertex -11.8882 47.99 88.6373
      vertex -13.7903 47.99 88.0193
      vertex -13.9383 47.99 88.5033
    endloop
  endfacet
  facet normal 0 1 0
    outer loop
      vertex -13.6255 47.99 87.5407
      vertex -11.7462 47.99 88.2248
      vertex -11.5898 47.99 87.8174
    endloop
  endfacet
  facet normal 0 1 0
    outer loop
      vertex -11.7462 47.99 88.2248
      vertex -13.6255 47.99 87.5407
      vertex -13.7903 47.99 88.0193
    endloop
  endfacet
  facet normal 0 1 0
    outer loop
      vertex -13.4442 47.99 87.0682
      vertex -11.5898 47.99 87.8174
      vertex -11.4193 47.99 87.4158
    endloop
  endfacet
  facet normal 0 1 0
    outer loop
      vertex -11.5898 47.99 87.8174
      vertex -13.4442 47.99 87.0682
      vertex -13.6255 47.99 87.5407
    endloop
  endfacet
  facet normal 0 1 0
    outer loop
      vertex -13.2464 47.99 86.6023
      vertex -11.4193 47.99 87.4158
      vertex -11.2349 47.99 87.0204
    endloop
  endfacet
  facet normal 0 1 0
    outer loop
      vertex -13.0325 47.99 86.1436
      vertex -11.2349 47.99 87.0204
      vertex -11.0368 47.99 86.6316
    endloop
  endfacet
  facet normal 0 1 0
    outer loop
      vertex -11.4193 47.99 87.4158
      vertex -13.2464 47.99 86.6023
      vertex -13.4442 47.99 87.0682
    endloop
  endfacet
  facet normal 0 1 0
    outer loop
      vertex -12.8027 47.99 85.6927
      vertex -11.0368 47.99 86.6316
      vertex -10.8253 47.99 86.25
    endloop
  endfacet
  facet normal 0 1 0
    outer loop
      vertex -11.2349 47.99 87.0204
      vertex -13.0325 47.99 86.1436
      vertex -13.2464 47.99 86.6023
    endloop
  endfacet
  facet normal 0 1 0
    outer loop
      vertex -12.5574 47.99 85.25
      vertex -10.8253 47.99 86.25
      vertex -10.6006 47.99 85.876
    endloop
  endfacet
  facet normal 0 1 0
    outer loop
      vertex -11.0368 47.99 86.6316
      vertex -12.8027 47.99 85.6927
      vertex -13.0325 47.99 86.1436
    endloop
  endfacet
  facet normal 0 1 0
    outer loop
      vertex -12.2967 47.99 84.8162
      vertex -10.6006 47.99 85.876
      vertex -10.363 47.99 85.5101
    endloop
  endfacet
  facet normal 0 1 0
    outer loop
      vertex -10.8253 47.99 86.25
      vertex -12.5574 47.99 85.25
      vertex -12.8027 47.99 85.6927
    endloop
  endfacet
  facet normal 0 1 0
    outer loop
      vertex -12.021 47.99 84.3917
      vertex -10.363 47.99 85.5101
      vertex -10.1127 47.99 85.1527
    endloop
  endfacet
  facet normal 0 1 0
    outer loop
      vertex -10.6006 47.99 85.876
      vertex -12.2967 47.99 84.8162
      vertex -12.5574 47.99 85.25
    endloop
  endfacet
  facet normal 0 1 0
    outer loop
      vertex -11.7307 47.99 83.9771
      vertex -10.1127 47.99 85.1527
      vertex -9.85013 47.99 84.8042
    endloop
  endfacet
  facet normal 0 1 0
    outer loop
      vertex -11.4261 47.99 83.5729
      vertex -9.85013 47.99 84.8042
      vertex -9.57555 47.99 84.4652
    endloop
  endfacet
  facet normal 0 1 0
    outer loop
      vertex -10.363 47.99 85.5101
      vertex -12.021 47.99 84.3917
      vertex -12.2967 47.99 84.8162
    endloop
  endfacet
  facet normal 0 1 0
    outer loop
      vertex -11.1076 47.99 83.1796
      vertex -9.57555 47.99 84.4652
      vertex -9.28931 47.99 84.1359
    endloop
  endfacet
  facet normal 0 1 0
    outer loop
      vertex -10.1127 47.99 85.1527
      vertex -11.7307 47.99 83.9771
      vertex -12.021 47.99 84.3917
    endloop
  endfacet
  facet normal 0 1 0
    outer loop
      vertex -10.7756 47.99 82.7976
      vertex -9.28931 47.99 84.1359
      vertex -8.99174 47.99 83.8168
    endloop
  endfacet
  facet normal 0 1 0
    outer loop
      vertex -9.85013 47.99 84.8042
      vertex -11.4261 47.99 83.5729
      vertex -11.7307 47.99 83.9771
    endloop
  endfacet
  facet normal 0 1 0
    outer loop
      vertex -10.4304 47.99 82.4275
      vertex -8.99174 47.99 83.8168
      vertex -8.68323 47.99 83.5083
    endloop
  endfacet
  facet normal 0 1 0
    outer loop
      vertex -10.0725 47.99 82.0696
      vertex -8.68323 47.99 83.5083
      vertex -8.36412 47.99 83.2107
    endloop
  endfacet
  facet normal 0 1 0
    outer loop
      vertex -9.57555 47.99 84.4652
      vertex -11.1076 47.99 83.1796
      vertex -11.4261 47.99 83.5729
    endloop
  endfacet
  facet normal 0 1 0
    outer loop
      vertex -9.70239 47.99 81.7244
      vertex -8.36412 47.99 83.2107
      vertex -8.03484 47.99 82.9245
    endloop
  endfacet
  facet normal 0 1 0
    outer loop
      vertex -9.28931 47.99 84.1359
      vertex -10.7756 47.99 82.7976
      vertex -11.1076 47.99 83.1796
    endloop
  endfacet
  facet normal 0 1 0
    outer loop
      vertex -9.32042 47.99 81.3924
      vertex -8.03484 47.99 82.9245
      vertex -7.69576 47.99 82.6499
    endloop
  endfacet
  facet normal 0 1 0
    outer loop
      vertex -8.99174 47.99 83.8168
      vertex -10.4304 47.99 82.4275
      vertex -10.7756 47.99 82.7976
    endloop
  endfacet
  facet normal 0 1 0
    outer loop
      vertex -8.92708 47.99 81.0739
      vertex -7.69576 47.99 82.6499
      vertex -7.34731 47.99 82.3873
    endloop
  endfacet
  facet normal 0 1 0
    outer loop
      vertex -8.52287 47.99 80.7693
      vertex -7.34731 47.99 82.3873
      vertex -6.9899 47.99 82.137
    endloop
  endfacet
  facet normal 0 1 0
    outer loop
      vertex -8.68323 47.99 83.5083
      vertex -10.0725 47.99 82.0696
      vertex -10.4304 47.99 82.4275
    endloop
  endfacet
  facet normal 0 1 0
    outer loop
      vertex -8.10829 47.99 80.479
      vertex -6.9899 47.99 82.137
      vertex -6.62398 47.99 81.8994
    endloop
  endfacet
  facet normal 0 1 0
    outer loop
      vertex -8.36412 47.99 83.2107
      vertex -9.70239 47.99 81.7244
      vertex -10.0725 47.99 82.0696
    endloop
  endfacet
  facet normal 0 1 0
    outer loop
      vertex -7.68382 47.99 80.2033
      vertex -6.62398 47.99 81.8994
      vertex -6.25 47.99 81.6747
    endloop
  endfacet
  facet normal 0 1 0
    outer loop
      vertex -7.25 47.99 79.9426
      vertex -6.25 47.99 81.6747
      vertex -5.86839 47.99 81.4632
    endloop
  endfacet
  facet normal 0 1 0
    outer loop
      vertex -8.03484 47.99 82.9245
      vertex -9.32042 47.99 81.3924
      vertex -9.70239 47.99 81.7244
    endloop
  endfacet
  facet normal 0 1 0
    outer loop
      vertex -6.80733 47.99 79.6973
      vertex -5.86839 47.99 81.4632
      vertex -5.47963 47.99 81.2651
    endloop
  endfacet
  facet normal 0 1 0
    outer loop
      vertex -6.35637 47.99 79.4675
      vertex -5.47963 47.99 81.2651
      vertex -5.0842 47.99 81.0807
    endloop
  endfacet
  facet normal 0 1 0
    outer loop
      vertex -7.69576 47.99 82.6499
      vertex -8.92708 47.99 81.0739
      vertex -9.32042 47.99 81.3924
    endloop
  endfacet
  facet normal 0 1 0
    outer loop
      vertex -5.89767 47.99 79.2536
      vertex -5.0842 47.99 81.0807
      vertex -4.68257 47.99 80.9102
    endloop
  endfacet
  facet normal 0 1 0
    outer loop
      vertex -7.34731 47.99 82.3873
      vertex -8.52287 47.99 80.7693
      vertex -8.92708 47.99 81.0739
    endloop
  endfacet
  facet normal 0 1 0
    outer loop
      vertex -5.43179 47.99 79.0558
      vertex -4.68257 47.99 80.9102
      vertex -4.27524 47.99 80.7538
    endloop
  endfacet
  facet normal 0 1 0
    outer loop
      vertex -4.95929 47.99 78.8745
      vertex -4.27524 47.99 80.7538
      vertex -3.8627 47.99 80.6118
    endloop
  endfacet
  facet normal 0 1 0
    outer loop
      vertex -4.48074 47.99 78.7097
      vertex -3.8627 47.99 80.6118
      vertex -3.44547 47.99 80.4842
    endloop
  endfacet
  facet normal 0 1 0
    outer loop
      vertex -6.9899 47.99 82.137
      vertex -8.10829 47.99 80.479
      vertex -8.52287 47.99 80.7693
    endloop
  endfacet
  facet normal 0 1 0
    outer loop
      vertex -3.99673 47.99 78.5617
      vertex -3.44547 47.99 80.4842
      vertex -3.02402 47.99 80.3713
    endloop
  endfacet
  facet normal 0 1 0
    outer loop
      vertex -3.50786 47.99 78.4307
      vertex -3.02402 47.99 80.3713
      vertex -2.59889 47.99 80.2732
    endloop
  endfacet
  facet normal 0 1 0
    outer loop
      vertex -6.62398 47.99 81.8994
      vertex -7.68382 47.99 80.2033
      vertex -8.10829 47.99 80.479
    endloop
  endfacet
  facet normal 0 1 0
    outer loop
      vertex -3.01471 47.99 78.3169
      vertex -2.59889 47.99 80.2732
      vertex -2.17059 47.99 80.1899
    endloop
  endfacet
  facet normal 0 1 0
    outer loop
      vertex -2.5179 47.99 78.2203
      vertex -2.17059 47.99 80.1899
      vertex -1.73965 47.99 80.1217
    endloop
  endfacet
  facet normal 0 1 0
    outer loop
      vertex -2.01801 47.99 78.1411
      vertex -1.73965 47.99 80.1217
      vertex -1.30659 47.99 80.0685
    endloop
  endfacet
  facet normal 0 1 0
    outer loop
      vertex -1.51566 47.99 78.0794
      vertex -1.30659 47.99 80.0685
      vertex -0.871948 47.99 80.0305
    endloop
  endfacet
  facet normal 0 1 0
    outer loop
      vertex -1.01146 47.99 78.0353
      vertex -0.871948 47.99 80.0305
      vertex -0.436234 47.99 80.0076
    endloop
  endfacet
  facet normal 0 1 0
    outer loop
      vertex -6.25 47.99 81.6747
      vertex -7.25 47.99 79.9426
      vertex -7.68382 47.99 80.2033
    endloop
  endfacet
  facet normal 0 1 0
    outer loop
      vertex -0.506042 47.99 78.0088
      vertex -0.436234 47.99 80.0076
      vertex 0 47.99 80
    endloop
  endfacet
  facet normal 0 1 -0
    outer loop
      vertex 3.50786 47.99 78.4307
      vertex 3.02402 47.99 80.3713
      vertex 3.99673 47.99 78.5617
    endloop
  endfacet
  facet normal 0 1 0
    outer loop
      vertex 3.02402 47.99 80.3713
      vertex 3.50786 47.99 78.4307
      vertex 2.59889 47.99 80.2732
    endloop
  endfacet
  facet normal 0 1 0
    outer loop
      vertex -5.86839 47.99 81.4632
      vertex -6.80733 47.99 79.6973
      vertex -7.25 47.99 79.9426
    endloop
  endfacet
  facet normal 0 1 -0
    outer loop
      vertex 3.01471 47.99 78.3169
      vertex 2.59889 47.99 80.2732
      vertex 3.50786 47.99 78.4307
    endloop
  endfacet
  facet normal 0 1 0
    outer loop
      vertex -5.47963 47.99 81.2651
      vertex -6.35637 47.99 79.4675
      vertex -6.80733 47.99 79.6973
    endloop
  endfacet
  facet normal 0 1 0
    outer loop
      vertex 2.59889 47.99 80.2732
      vertex 3.01471 47.99 78.3169
      vertex 2.17059 47.99 80.1899
    endloop
  endfacet
  facet normal 0 1 0
    outer loop
      vertex -5.0842 47.99 81.0807
      vertex -5.89767 47.99 79.2536
      vertex -6.35637 47.99 79.4675
    endloop
  endfacet
  facet normal 0 1 -0
    outer loop
      vertex 2.5179 47.99 78.2203
      vertex 2.17059 47.99 80.1899
      vertex 3.01471 47.99 78.3169
    endloop
  endfacet
  facet normal 0 1 0
    outer loop
      vertex -4.68257 47.99 80.9102
      vertex -5.43179 47.99 79.0558
      vertex -5.89767 47.99 79.2536
    endloop
  endfacet
  facet normal 0 1 0
    outer loop
      vertex 2.17059 47.99 80.1899
      vertex 2.5179 47.99 78.2203
      vertex 1.73965 47.99 80.1217
    endloop
  endfacet
  facet normal 0 1 0
    outer loop
      vertex -4.27524 47.99 80.7538
      vertex -4.95929 47.99 78.8745
      vertex -5.43179 47.99 79.0558
    endloop
  endfacet
  facet normal 0 1 -0
    outer loop
      vertex 2.01801 47.99 78.1411
      vertex 1.73965 47.99 80.1217
      vertex 2.5179 47.99 78.2203
    endloop
  endfacet
  facet normal 0 1 0
    outer loop
      vertex -3.8627 47.99 80.6118
      vertex -4.48074 47.99 78.7097
      vertex -4.95929 47.99 78.8745
    endloop
  endfacet
  facet normal 0 1 0
    outer loop
      vertex 1.73965 47.99 80.1217
      vertex 2.01801 47.99 78.1411
      vertex 1.30659 47.99 80.0685
    endloop
  endfacet
  facet normal 0 1 0
    outer loop
      vertex -3.44547 47.99 80.4842
      vertex -3.99673 47.99 78.5617
      vertex -4.48074 47.99 78.7097
    endloop
  endfacet
  facet normal 0 1 -0
    outer loop
      vertex 1.51566 47.99 78.0794
      vertex 1.30659 47.99 80.0685
      vertex 2.01801 47.99 78.1411
    endloop
  endfacet
  facet normal 0 1 0
    outer loop
      vertex -3.02402 47.99 80.3713
      vertex -3.50786 47.99 78.4307
      vertex -3.99673 47.99 78.5617
    endloop
  endfacet
  facet normal 0 1 0
    outer loop
      vertex 1.30659 47.99 80.0685
      vertex 1.51566 47.99 78.0794
      vertex 0.871948 47.99 80.0305
    endloop
  endfacet
  facet normal 0 1 0
    outer loop
      vertex -2.59889 47.99 80.2732
      vertex -3.01471 47.99 78.3169
      vertex -3.50786 47.99 78.4307
    endloop
  endfacet
  facet normal 0 1 -0
    outer loop
      vertex 1.01146 47.99 78.0353
      vertex 0.871948 47.99 80.0305
      vertex 1.51566 47.99 78.0794
    endloop
  endfacet
  facet normal 0 1 0
    outer loop
      vertex -2.17059 47.99 80.1899
      vertex -2.5179 47.99 78.2203
      vertex -3.01471 47.99 78.3169
    endloop
  endfacet
  facet normal 0 1 0
    outer loop
      vertex 0.871948 47.99 80.0305
      vertex 1.01146 47.99 78.0353
      vertex 0.436234 47.99 80.0076
    endloop
  endfacet
  facet normal 0 1 0
    outer loop
      vertex -1.73965 47.99 80.1217
      vertex -2.01801 47.99 78.1411
      vertex -2.5179 47.99 78.2203
    endloop
  endfacet
  facet normal 0 1 -0
    outer loop
      vertex 0.506042 47.99 78.0088
      vertex 0.436234 47.99 80.0076
      vertex 1.01146 47.99 78.0353
    endloop
  endfacet
  facet normal 0 1 0
    outer loop
      vertex -1.30659 47.99 80.0685
      vertex -1.51566 47.99 78.0794
      vertex -2.01801 47.99 78.1411
    endloop
  endfacet
  facet normal 0 1 0
    outer loop
      vertex 0.436234 47.99 80.0076
      vertex 0.506042 47.99 78.0088
      vertex 0 47.99 80
    endloop
  endfacet
  facet normal 0 1 0
    outer loop
      vertex -0.871948 47.99 80.0305
      vertex -1.01146 47.99 78.0353
      vertex -1.51566 47.99 78.0794
    endloop
  endfacet
  facet normal 0 1 0
    outer loop
      vertex 0 47.99 78
      vertex 0 47.99 80
      vertex 0.506042 47.99 78.0088
    endloop
  endfacet
  facet normal 0 1 0
    outer loop
      vertex -0.436234 47.99 80.0076
      vertex -0.506042 47.99 78.0088
      vertex -1.01146 47.99 78.0353
    endloop
  endfacet
  facet normal 0 1 0
    outer loop
      vertex 0 47.99 80
      vertex 0 47.99 78
      vertex -0.506042 47.99 78.0088
    endloop
  endfacet
  facet normal 0.705321 -0 0.708888
    outer loop
      vertex 10.2515 37.99 102.751
      vertex 10.4304 47.99 102.573
      vertex 10.2515 47.99 102.751
    endloop
  endfacet
  facet normal 0.705321 0 0.708888
    outer loop
      vertex 10.4304 47.99 102.573
      vertex 10.2515 37.99 102.751
      vertex 10.4304 37.99 102.573
    endloop
  endfacet
  facet normal 0.732104 -0 0.681193
    outer loop
      vertex 10.4304 37.99 102.573
      vertex 10.7756 47.99 102.202
      vertex 10.4304 47.99 102.573
    endloop
  endfacet
  facet normal 0.732104 0 0.681193
    outer loop
      vertex 10.7756 47.99 102.202
      vertex 10.4304 37.99 102.573
      vertex 10.7756 37.99 102.202
    endloop
  endfacet
  facet normal 0.754776 -0 0.655983
    outer loop
      vertex 10.7756 37.99 102.202
      vertex 11.1076 47.99 101.82
      vertex 10.7756 47.99 102.202
    endloop
  endfacet
  facet normal 0.754776 0 0.655983
    outer loop
      vertex 11.1076 47.99 101.82
      vertex 10.7756 37.99 102.202
      vertex 11.1076 37.99 101.82
    endloop
  endfacet
  facet normal 0.776899 -0 0.629625
    outer loop
      vertex 11.1076 37.99 101.82
      vertex 11.4261 47.99 101.427
      vertex 11.1076 47.99 101.82
    endloop
  endfacet
  facet normal 0.776899 0 0.629625
    outer loop
      vertex 11.4261 47.99 101.427
      vertex 11.1076 37.99 101.82
      vertex 11.4261 37.99 101.427
    endloop
  endfacet
  facet normal 0.79848 -0 0.602022
    outer loop
      vertex 11.4261 37.99 101.427
      vertex 11.7307 47.99 101.023
      vertex 11.4261 47.99 101.427
    endloop
  endfacet
  facet normal 0.79848 0 0.602022
    outer loop
      vertex 11.7307 47.99 101.023
      vertex 11.4261 37.99 101.427
      vertex 11.7307 37.99 101.023
    endloop
  endfacet
  facet normal 0.819417 -0 0.573197
    outer loop
      vertex 11.7307 37.99 101.023
      vertex 12.021 47.99 100.608
      vertex 11.7307 47.99 101.023
    endloop
  endfacet
  facet normal 0.819417 0 0.573197
    outer loop
      vertex 12.021 47.99 100.608
      vertex 11.7307 37.99 101.023
      vertex 12.021 37.99 100.608
    endloop
  endfacet
  facet normal 0.838353 -0 0.545127
    outer loop
      vertex 12.021 37.99 100.608
      vertex 12.2967 47.99 100.184
      vertex 12.021 47.99 100.608
    endloop
  endfacet
  facet normal 0.838353 0 0.545127
    outer loop
      vertex 12.2967 47.99 100.184
      vertex 12.021 37.99 100.608
      vertex 12.2967 37.99 100.184
    endloop
  endfacet
  facet normal 0.857231 -0 0.514931
    outer loop
      vertex 12.2967 37.99 100.184
      vertex 12.5574 47.99 99.75
      vertex 12.2967 47.99 100.184
    endloop
  endfacet
  facet normal 0.857231 0 0.514931
    outer loop
      vertex 12.5574 47.99 99.75
      vertex 12.2967 37.99 100.184
      vertex 12.5574 37.99 99.75
    endloop
  endfacet
  facet normal 0.874697 -0 0.48467
    outer loop
      vertex 12.5574 37.99 99.75
      vertex 12.8027 47.99 99.3073
      vertex 12.5574 47.99 99.75
    endloop
  endfacet
  facet normal 0.874697 0 0.48467
    outer loop
      vertex 12.8027 47.99 99.3073
      vertex 12.5574 37.99 99.75
      vertex 12.8027 37.99 99.3073
    endloop
  endfacet
  facet normal 0.890963 -0 0.454077
    outer loop
      vertex 12.8027 37.99 99.3073
      vertex 13.0325 47.99 98.8564
      vertex 12.8027 47.99 99.3073
    endloop
  endfacet
  facet normal 0.890963 0 0.454077
    outer loop
      vertex 13.0325 47.99 98.8564
      vertex 12.8027 37.99 99.3073
      vertex 13.0325 37.99 98.8564
    endloop
  endfacet
  facet normal 0.906304 -0 0.422626
    outer loop
      vertex 13.0325 37.99 98.8564
      vertex 13.2464 47.99 98.3977
      vertex 13.0325 47.99 98.8564
    endloop
  endfacet
  facet normal 0.906304 0 0.422626
    outer loop
      vertex 13.2464 47.99 98.3977
      vertex 13.0325 37.99 98.8564
      vertex 13.2464 37.99 98.3977
    endloop
  endfacet
  facet normal 0.920478 -0 0.390793
    outer loop
      vertex 13.2464 37.99 98.3977
      vertex 13.4442 47.99 97.9318
      vertex 13.2464 47.99 98.3977
    endloop
  endfacet
  facet normal 0.920478 0 0.390793
    outer loop
      vertex 13.4442 47.99 97.9318
      vertex 13.2464 37.99 98.3977
      vertex 13.4442 37.99 97.9318
    endloop
  endfacet
  facet normal 0.93363 -0 0.358237
    outer loop
      vertex 13.4442 37.99 97.9318
      vertex 13.6255 47.99 97.4593
      vertex 13.4442 47.99 97.9318
    endloop
  endfacet
  facet normal 0.93363 0 0.358237
    outer loop
      vertex 13.6255 47.99 97.4593
      vertex 13.4442 37.99 97.9318
      vertex 13.6255 37.99 97.4593
    endloop
  endfacet
  facet normal 0.945516 -0 0.325577
    outer loop
      vertex 13.6255 37.99 97.4593
      vertex 13.7903 47.99 96.9807
      vertex 13.6255 47.99 97.4593
    endloop
  endfacet
  facet normal 0.945516 0 0.325577
    outer loop
      vertex 13.7903 47.99 96.9807
      vertex 13.6255 37.99 97.4593
      vertex 13.7903 37.99 96.9807
    endloop
  endfacet
  facet normal 0.95629 -0 0.292419
    outer loop
      vertex 13.7903 37.99 96.9807
      vertex 13.9383 47.99 96.4967
      vertex 13.7903 47.99 96.9807
    endloop
  endfacet
  facet normal 0.95629 0 0.292419
    outer loop
      vertex 13.9383 47.99 96.4967
      vertex 13.7903 37.99 96.9807
      vertex 13.9383 37.99 96.4967
    endloop
  endfacet
  facet normal 0.965913 -0 0.258868
    outer loop
      vertex 13.9383 37.99 96.4967
      vertex 14.0693 47.99 96.0079
      vertex 13.9383 47.99 96.4967
    endloop
  endfacet
  facet normal 0.965913 0 0.258868
    outer loop
      vertex 14.0693 47.99 96.0079
      vertex 13.9383 37.99 96.4967
      vertex 14.0693 37.99 96.0079
    endloop
  endfacet
  facet normal 0.974398 -0 0.224831
    outer loop
      vertex 14.0693 37.99 96.0079
      vertex 14.1831 47.99 95.5147
      vertex 14.0693 47.99 96.0079
    endloop
  endfacet
  facet normal 0.974398 0 0.224831
    outer loop
      vertex 14.1831 47.99 95.5147
      vertex 14.0693 37.99 96.0079
      vertex 14.1831 37.99 95.5147
    endloop
  endfacet
  facet normal 0.981615 -0 0.19087
    outer loop
      vertex 14.1831 37.99 95.5147
      vertex 14.2797 47.99 95.0179
      vertex 14.1831 47.99 95.5147
    endloop
  endfacet
  facet normal 0.981615 0 0.19087
    outer loop
      vertex 14.2797 47.99 95.0179
      vertex 14.1831 37.99 95.5147
      vertex 14.2797 37.99 95.0179
    endloop
  endfacet
  facet normal 0.987681 -0 0.15648
    outer loop
      vertex 14.2797 37.99 95.0179
      vertex 14.3589 47.99 94.518
      vertex 14.2797 47.99 95.0179
    endloop
  endfacet
  facet normal 0.987681 0 0.15648
    outer loop
      vertex 14.3589 47.99 94.518
      vertex 14.2797 37.99 95.0179
      vertex 14.3589 37.99 94.518
    endloop
  endfacet
  facet normal 0.99254 -0 0.121919
    outer loop
      vertex 14.3589 37.99 94.518
      vertex 14.4206 47.99 94.0157
      vertex 14.3589 47.99 94.518
    endloop
  endfacet
  facet normal 0.99254 0 0.121919
    outer loop
      vertex 14.4206 47.99 94.0157
      vertex 14.3589 37.99 94.518
      vertex 14.4206 37.99 94.0157
    endloop
  endfacet
  facet normal 0.996197 -0 0.0871326
    outer loop
      vertex 14.4206 37.99 94.0157
      vertex 14.4647 47.99 93.5115
      vertex 14.4206 47.99 94.0157
    endloop
  endfacet
  facet normal 0.996197 0 0.0871326
    outer loop
      vertex 14.4647 47.99 93.5115
      vertex 14.4206 37.99 94.0157
      vertex 14.4647 37.99 93.5115
    endloop
  endfacet
  facet normal 0.998629 -0 0.0523515
    outer loop
      vertex 14.4647 37.99 93.5115
      vertex 14.4912 47.99 93.006
      vertex 14.4647 47.99 93.5115
    endloop
  endfacet
  facet normal 0.998629 0 0.0523515
    outer loop
      vertex 14.4912 47.99 93.006
      vertex 14.4647 37.99 93.5115
      vertex 14.4912 37.99 93.006
    endloop
  endfacet
  facet normal 0.999849 -0 0.0173887
    outer loop
      vertex 14.4912 37.99 93.006
      vertex 14.5 47.99 92.5
      vertex 14.4912 47.99 93.006
    endloop
  endfacet
  facet normal 0.999849 0 0.0173887
    outer loop
      vertex 14.5 47.99 92.5
      vertex 14.4912 37.99 93.006
      vertex 14.5 37.99 92.5
    endloop
  endfacet
  facet normal 0.999849 0 -0.0173887
    outer loop
      vertex 14.5 37.99 92.5
      vertex 14.4912 47.99 91.994
      vertex 14.5 47.99 92.5
    endloop
  endfacet
  facet normal 0.999849 0 -0.0173887
    outer loop
      vertex 14.4912 47.99 91.994
      vertex 14.5 37.99 92.5
      vertex 14.4912 37.99 91.994
    endloop
  endfacet
  facet normal 0.998629 0 -0.0523515
    outer loop
      vertex 14.4912 37.99 91.994
      vertex 14.4647 47.99 91.4885
      vertex 14.4912 47.99 91.994
    endloop
  endfacet
  facet normal 0.998629 0 -0.0523515
    outer loop
      vertex 14.4647 47.99 91.4885
      vertex 14.4912 37.99 91.994
      vertex 14.4647 37.99 91.4885
    endloop
  endfacet
  facet normal 0.996197 0 -0.0871326
    outer loop
      vertex 14.4647 37.99 91.4885
      vertex 14.4206 47.99 90.9843
      vertex 14.4647 47.99 91.4885
    endloop
  endfacet
  facet normal 0.996197 0 -0.0871326
    outer loop
      vertex 14.4206 47.99 90.9843
      vertex 14.4647 37.99 91.4885
      vertex 14.4206 37.99 90.9843
    endloop
  endfacet
  facet normal 0.99254 0 -0.121919
    outer loop
      vertex 14.4206 37.99 90.9843
      vertex 14.3589 47.99 90.482
      vertex 14.4206 47.99 90.9843
    endloop
  endfacet
  facet normal 0.99254 0 -0.121919
    outer loop
      vertex 14.3589 47.99 90.482
      vertex 14.4206 37.99 90.9843
      vertex 14.3589 37.99 90.482
    endloop
  endfacet
  facet normal 0.987681 0 -0.15648
    outer loop
      vertex 14.3589 37.99 90.482
      vertex 14.2797 47.99 89.9821
      vertex 14.3589 47.99 90.482
    endloop
  endfacet
  facet normal 0.987681 0 -0.15648
    outer loop
      vertex 14.2797 47.99 89.9821
      vertex 14.3589 37.99 90.482
      vertex 14.2797 37.99 89.9821
    endloop
  endfacet
  facet normal 0.981615 0 -0.19087
    outer loop
      vertex 14.2797 37.99 89.9821
      vertex 14.1831 47.99 89.4853
      vertex 14.2797 47.99 89.9821
    endloop
  endfacet
  facet normal 0.981615 0 -0.19087
    outer loop
      vertex 14.1831 47.99 89.4853
      vertex 14.2797 37.99 89.9821
      vertex 14.1831 37.99 89.4853
    endloop
  endfacet
  facet normal 0.974398 0 -0.224831
    outer loop
      vertex 14.1831 37.99 89.4853
      vertex 14.0693 47.99 88.9921
      vertex 14.1831 47.99 89.4853
    endloop
  endfacet
  facet normal 0.974398 0 -0.224831
    outer loop
      vertex 14.0693 47.99 88.9921
      vertex 14.1831 37.99 89.4853
      vertex 14.0693 37.99 88.9921
    endloop
  endfacet
  facet normal 0.965913 0 -0.258868
    outer loop
      vertex 14.0693 37.99 88.9921
      vertex 13.9383 47.99 88.5033
      vertex 14.0693 47.99 88.9921
    endloop
  endfacet
  facet normal 0.965913 0 -0.258868
    outer loop
      vertex 13.9383 47.99 88.5033
      vertex 14.0693 37.99 88.9921
      vertex 13.9383 37.99 88.5033
    endloop
  endfacet
  facet normal 0.95629 0 -0.292419
    outer loop
      vertex 13.9383 37.99 88.5033
      vertex 13.7903 47.99 88.0193
      vertex 13.9383 47.99 88.5033
    endloop
  endfacet
  facet normal 0.95629 0 -0.292419
    outer loop
      vertex 13.7903 47.99 88.0193
      vertex 13.9383 37.99 88.5033
      vertex 13.7903 37.99 88.0193
    endloop
  endfacet
  facet normal 0.945516 0 -0.325577
    outer loop
      vertex 13.7903 37.99 88.0193
      vertex 13.6255 47.99 87.5407
      vertex 13.7903 47.99 88.0193
    endloop
  endfacet
  facet normal 0.945516 0 -0.325577
    outer loop
      vertex 13.6255 47.99 87.5407
      vertex 13.7903 37.99 88.0193
      vertex 13.6255 37.99 87.5407
    endloop
  endfacet
  facet normal 0.93363 0 -0.358237
    outer loop
      vertex 13.6255 37.99 87.5407
      vertex 13.4442 47.99 87.0682
      vertex 13.6255 47.99 87.5407
    endloop
  endfacet
  facet normal 0.93363 0 -0.358237
    outer loop
      vertex 13.4442 47.99 87.0682
      vertex 13.6255 37.99 87.5407
      vertex 13.4442 37.99 87.0682
    endloop
  endfacet
  facet normal 0.920478 0 -0.390793
    outer loop
      vertex 13.4442 37.99 87.0682
      vertex 13.2464 47.99 86.6023
      vertex 13.4442 47.99 87.0682
    endloop
  endfacet
  facet normal 0.920478 0 -0.390793
    outer loop
      vertex 13.2464 47.99 86.6023
      vertex 13.4442 37.99 87.0682
      vertex 13.2464 37.99 86.6023
    endloop
  endfacet
  facet normal 0.906304 0 -0.422626
    outer loop
      vertex 13.2464 37.99 86.6023
      vertex 13.0325 47.99 86.1436
      vertex 13.2464 47.99 86.6023
    endloop
  endfacet
  facet normal 0.906304 0 -0.422626
    outer loop
      vertex 13.0325 47.99 86.1436
      vertex 13.2464 37.99 86.6023
      vertex 13.0325 37.99 86.1436
    endloop
  endfacet
  facet normal 0.890963 0 -0.454077
    outer loop
      vertex 13.0325 37.99 86.1436
      vertex 12.8027 47.99 85.6927
      vertex 13.0325 47.99 86.1436
    endloop
  endfacet
  facet normal 0.890963 0 -0.454077
    outer loop
      vertex 12.8027 47.99 85.6927
      vertex 13.0325 37.99 86.1436
      vertex 12.8027 37.99 85.6927
    endloop
  endfacet
  facet normal 0.874697 0 -0.48467
    outer loop
      vertex 12.8027 37.99 85.6927
      vertex 12.5574 47.99 85.25
      vertex 12.8027 47.99 85.6927
    endloop
  endfacet
  facet normal 0.874697 0 -0.48467
    outer loop
      vertex 12.5574 47.99 85.25
      vertex 12.8027 37.99 85.6927
      vertex 12.5574 37.99 85.25
    endloop
  endfacet
  facet normal 0.857127 0 -0.515106
    outer loop
      vertex 12.5574 37.99 85.25
      vertex 12.2967 47.99 84.8162
      vertex 12.5574 47.99 85.25
    endloop
  endfacet
  facet normal 0.857127 0 -0.515106
    outer loop
      vertex 12.2967 47.99 84.8162
      vertex 12.5574 37.99 85.25
      vertex 12.2967 37.99 84.8162
    endloop
  endfacet
  facet normal 0.838647 0 -0.544676
    outer loop
      vertex 12.2967 37.99 84.8162
      vertex 12.021 47.99 84.3917
      vertex 12.2967 47.99 84.8162
    endloop
  endfacet
  facet normal 0.838647 0 -0.544676
    outer loop
      vertex 12.021 47.99 84.3917
      vertex 12.2967 37.99 84.8162
      vertex 12.021 37.99 84.3917
    endloop
  endfacet
  facet normal 0.819158 0 -0.573568
    outer loop
      vertex 12.021 37.99 84.3917
      vertex 11.7307 47.99 83.9771
      vertex 12.021 47.99 84.3917
    endloop
  endfacet
  facet normal 0.819158 0 -0.573568
    outer loop
      vertex 11.7307 47.99 83.9771
      vertex 12.021 37.99 84.3917
      vertex 11.7307 37.99 83.9771
    endloop
  endfacet
  facet normal 0.798623 0 -0.601832
    outer loop
      vertex 11.7307 37.99 83.9771
      vertex 11.4261 47.99 83.5729
      vertex 11.7307 47.99 83.9771
    endloop
  endfacet
  facet normal 0.798623 0 -0.601832
    outer loop
      vertex 11.4261 47.99 83.5729
      vertex 11.7307 37.99 83.9771
      vertex 11.4261 37.99 83.5729
    endloop
  endfacet
  facet normal 0.777134 0 -0.629335
    outer loop
      vertex 11.4261 37.99 83.5729
      vertex 11.1076 47.99 83.1796
      vertex 11.4261 47.99 83.5729
    endloop
  endfacet
  facet normal 0.777134 0 -0.629335
    outer loop
      vertex 11.1076 47.99 83.1796
      vertex 11.4261 37.99 83.5729
      vertex 11.1076 37.99 83.1796
    endloop
  endfacet
  facet normal 0.754776 0 -0.655983
    outer loop
      vertex 11.1076 37.99 83.1796
      vertex 10.7756 47.99 82.7976
      vertex 11.1076 47.99 83.1796
    endloop
  endfacet
  facet normal 0.754776 0 -0.655983
    outer loop
      vertex 10.7756 47.99 82.7976
      vertex 11.1076 37.99 83.1796
      vertex 10.7756 37.99 82.7976
    endloop
  endfacet
  facet normal 0.731279 0 -0.682079
    outer loop
      vertex 10.7756 37.99 82.7976
      vertex 10.4304 47.99 82.4275
      vertex 10.7756 47.99 82.7976
    endloop
  endfacet
  facet normal 0.731279 0 -0.682079
    outer loop
      vertex 10.4304 47.99 82.4275
      vertex 10.7756 37.99 82.7976
      vertex 10.4304 37.99 82.4275
    endloop
  endfacet
  facet normal 0.707107 0 -0.707107
    outer loop
      vertex 10.4304 37.99 82.4275
      vertex 10.0725 47.99 82.0696
      vertex 10.4304 47.99 82.4275
    endloop
  endfacet
  facet normal 0.707107 0 -0.707107
    outer loop
      vertex 10.0725 47.99 82.0696
      vertex 10.4304 37.99 82.4275
      vertex 10.0725 37.99 82.0696
    endloop
  endfacet
  facet normal 0.682069 0 -0.731288
    outer loop
      vertex 9.70239 37.99 81.7244
      vertex 10.0725 47.99 82.0696
      vertex 10.0725 37.99 82.0696
    endloop
  endfacet
  facet normal 0.682069 0 -0.731288
    outer loop
      vertex 10.0725 47.99 82.0696
      vertex 9.70239 37.99 81.7244
      vertex 9.70239 47.99 81.7244
    endloop
  endfacet
  facet normal 0.656012 0 -0.75475
    outer loop
      vertex 9.32042 37.99 81.3924
      vertex 9.70239 47.99 81.7244
      vertex 9.70239 37.99 81.7244
    endloop
  endfacet
  facet normal 0.656012 0 -0.75475
    outer loop
      vertex 9.70239 47.99 81.7244
      vertex 9.32042 37.99 81.3924
      vertex 9.32042 47.99 81.3924
    endloop
  endfacet
  facet normal 0.629296 0 -0.777166
    outer loop
      vertex 8.92708 37.99 81.0739
      vertex 9.32042 47.99 81.3924
      vertex 9.32042 37.99 81.3924
    endloop
  endfacet
  facet normal 0.629296 0 -0.777166
    outer loop
      vertex 9.32042 47.99 81.3924
      vertex 8.92708 37.99 81.0739
      vertex 8.92708 47.99 81.0739
    endloop
  endfacet
  facet normal 0.601822 0 -0.79863
    outer loop
      vertex 8.52287 37.99 80.7693
      vertex 8.92708 47.99 81.0739
      vertex 8.92708 37.99 81.0739
    endloop
  endfacet
  facet normal 0.601822 0 -0.79863
    outer loop
      vertex 8.92708 47.99 81.0739
      vertex 8.52287 37.99 80.7693
      vertex 8.52287 47.99 80.7693
    endloop
  endfacet
  facet normal 0.573587 0 -0.819145
    outer loop
      vertex 8.10829 37.99 80.479
      vertex 8.52287 47.99 80.7693
      vertex 8.52287 37.99 80.7693
    endloop
  endfacet
  facet normal 0.573587 0 -0.819145
    outer loop
      vertex 8.52287 47.99 80.7693
      vertex 8.10829 37.99 80.479
      vertex 8.10829 47.99 80.479
    endloop
  endfacet
  facet normal 0.544703 0 -0.838629
    outer loop
      vertex 7.68382 37.99 80.2033
      vertex 8.10829 47.99 80.479
      vertex 8.10829 37.99 80.479
    endloop
  endfacet
  facet normal 0.544703 0 -0.838629
    outer loop
      vertex 8.10829 47.99 80.479
      vertex 7.68382 37.99 80.2033
      vertex 7.68382 47.99 80.2033
    endloop
  endfacet
  facet normal 0.515088 0 -0.857137
    outer loop
      vertex 7.25 37.99 79.9426
      vertex 7.68382 47.99 80.2033
      vertex 7.68382 37.99 80.2033
    endloop
  endfacet
  facet normal 0.515088 0 -0.857137
    outer loop
      vertex 7.68382 47.99 80.2033
      vertex 7.25 37.99 79.9426
      vertex 7.25 47.99 79.9426
    endloop
  endfacet
  facet normal 0.484695 0 -0.874683
    outer loop
      vertex 6.80733 37.99 79.6973
      vertex 7.25 47.99 79.9426
      vertex 7.25 37.99 79.9426
    endloop
  endfacet
  facet normal 0.484695 0 -0.874683
    outer loop
      vertex 7.25 47.99 79.9426
      vertex 6.80733 37.99 79.6973
      vertex 6.80733 47.99 79.6973
    endloop
  endfacet
  facet normal 0.454029 0 -0.890987
    outer loop
      vertex 6.35637 37.99 79.4675
      vertex 6.80733 47.99 79.6973
      vertex 6.80733 37.99 79.6973
    endloop
  endfacet
  facet normal 0.454029 0 -0.890987
    outer loop
      vertex 6.80733 47.99 79.6973
      vertex 6.35637 37.99 79.4675
      vertex 6.35637 47.99 79.4675
    endloop
  endfacet
  facet normal 0.422626 0 -0.906304
    outer loop
      vertex 5.89767 37.99 79.2536
      vertex 6.35637 47.99 79.4675
      vertex 6.35637 37.99 79.4675
    endloop
  endfacet
  facet normal 0.422626 0 -0.906304
    outer loop
      vertex 6.35637 47.99 79.4675
      vertex 5.89767 37.99 79.2536
      vertex 5.89767 47.99 79.2536
    endloop
  endfacet
  facet normal 0.390808 0 -0.920472
    outer loop
      vertex 5.43179 37.99 79.0558
      vertex 5.89767 47.99 79.2536
      vertex 5.89767 37.99 79.2536
    endloop
  endfacet
  facet normal 0.390808 0 -0.920472
    outer loop
      vertex 5.89767 47.99 79.2536
      vertex 5.43179 37.99 79.0558
      vertex 5.43179 47.99 79.0558
    endloop
  endfacet
  facet normal 0.358237 0 -0.93363
    outer loop
      vertex 4.95929 37.99 78.8745
      vertex 5.43179 47.99 79.0558
      vertex 5.43179 37.99 79.0558
    endloop
  endfacet
  facet normal 0.358237 0 -0.93363
    outer loop
      vertex 5.43179 47.99 79.0558
      vertex 4.95929 37.99 78.8745
      vertex 4.95929 47.99 78.8745
    endloop
  endfacet
  facet normal 0.325607 0 -0.945505
    outer loop
      vertex 4.48074 37.99 78.7097
      vertex 4.95929 47.99 78.8745
      vertex 4.95929 37.99 78.8745
    endloop
  endfacet
  facet normal 0.325607 0 -0.945505
    outer loop
      vertex 4.95929 47.99 78.8745
      vertex 4.48074 37.99 78.7097
      vertex 4.48074 47.99 78.7097
    endloop
  endfacet
  facet normal 0.292414 0 -0.956292
    outer loop
      vertex 3.99673 37.99 78.5617
      vertex 4.48074 47.99 78.7097
      vertex 4.48074 37.99 78.7097
    endloop
  endfacet
  facet normal 0.292414 0 -0.956292
    outer loop
      vertex 4.48074 47.99 78.7097
      vertex 3.99673 37.99 78.5617
      vertex 3.99673 47.99 78.5617
    endloop
  endfacet
  facet normal 0.258833 0 -0.965922
    outer loop
      vertex 3.50786 37.99 78.4307
      vertex 3.99673 47.99 78.5617
      vertex 3.99673 37.99 78.5617
    endloop
  endfacet
  facet normal 0.258833 0 -0.965922
    outer loop
      vertex 3.99673 47.99 78.5617
      vertex 3.50786 37.99 78.4307
      vertex 3.50786 47.99 78.4307
    endloop
  endfacet
  facet normal 0.224852 0 -0.974393
    outer loop
      vertex 3.01471 37.99 78.3169
      vertex 3.50786 47.99 78.4307
      vertex 3.50786 37.99 78.4307
    endloop
  endfacet
  facet normal 0.224852 0 -0.974393
    outer loop
      vertex 3.50786 47.99 78.4307
      vertex 3.01471 37.99 78.3169
      vertex 3.01471 47.99 78.3169
    endloop
  endfacet
  facet normal 0.190866 0 -0.981616
    outer loop
      vertex 2.5179 37.99 78.2203
      vertex 3.01471 47.99 78.3169
      vertex 3.01471 37.99 78.3169
    endloop
  endfacet
  facet normal 0.190866 0 -0.981616
    outer loop
      vertex 3.01471 47.99 78.3169
      vertex 2.5179 37.99 78.2203
      vertex 2.5179 47.99 78.2203
    endloop
  endfacet
  facet normal 0.156483 0 -0.987681
    outer loop
      vertex 2.01801 37.99 78.1411
      vertex 2.5179 47.99 78.2203
      vertex 2.5179 37.99 78.2203
    endloop
  endfacet
  facet normal 0.156483 0 -0.987681
    outer loop
      vertex 2.5179 47.99 78.2203
      vertex 2.01801 37.99 78.1411
      vertex 2.01801 47.99 78.1411
    endloop
  endfacet
  facet normal 0.121907 0 -0.992542
    outer loop
      vertex 1.51566 37.99 78.0794
      vertex 2.01801 47.99 78.1411
      vertex 2.01801 37.99 78.1411
    endloop
  endfacet
  facet normal 0.121907 0 -0.992542
    outer loop
      vertex 2.01801 47.99 78.1411
      vertex 1.51566 37.99 78.0794
      vertex 1.51566 47.99 78.0794
    endloop
  endfacet
  facet normal 0.0871326 0 -0.996197
    outer loop
      vertex 1.01146 37.99 78.0353
      vertex 1.51566 47.99 78.0794
      vertex 1.51566 37.99 78.0794
    endloop
  endfacet
  facet normal 0.0871326 0 -0.996197
    outer loop
      vertex 1.51566 47.99 78.0794
      vertex 1.01146 37.99 78.0353
      vertex 1.01146 47.99 78.0353
    endloop
  endfacet
  facet normal 0.0523712 0 -0.998628
    outer loop
      vertex 0.57289 37.99 78.0123
      vertex 1.01146 47.99 78.0353
      vertex 1.01146 37.99 78.0353
    endloop
  endfacet
  facet normal 0.052286 0 -0.998632
    outer loop
      vertex 0.506042 47.99 78.0088
      vertex 0.57289 37.99 78.0123
      vertex 0.506042 37.9912 78.0088
    endloop
  endfacet
  facet normal 0.0523599 4.9574e-07 -0.998628
    outer loop
      vertex 0.57289 37.99 78.0123
      vertex 0.506042 47.99 78.0088
      vertex 1.01146 47.99 78.0353
    endloop
  endfacet
  facet normal 0.0173872 0 -0.999849
    outer loop
      vertex 0 38 78
      vertex 0.506042 47.99 78.0088
      vertex 0.506042 37.9912 78.0088
    endloop
  endfacet
  facet normal 0.0173872 0 -0.999849
    outer loop
      vertex 0.506042 47.99 78.0088
      vertex 0 38 78
      vertex 0 47.99 78
    endloop
  endfacet
  facet normal -0.0173872 -0 -0.999849
    outer loop
      vertex -0.506042 47.99 78.0088
      vertex 0 38 78
      vertex -0.506042 37.9912 78.0088
    endloop
  endfacet
  facet normal -0.0173872 0 -0.999849
    outer loop
      vertex 0 38 78
      vertex -0.506042 47.99 78.0088
      vertex 0 47.99 78
    endloop
  endfacet
  facet normal -0.052286 0 -0.998632
    outer loop
      vertex -0.57289 37.99 78.0123
      vertex -0.506042 47.99 78.0088
      vertex -0.506042 37.9912 78.0088
    endloop
  endfacet
  facet normal -0.0523712 5.71301e-07 -0.998628
    outer loop
      vertex -1.01146 37.99 78.0353
      vertex -0.506042 47.99 78.0088
      vertex -0.57289 37.99 78.0123
    endloop
  endfacet
  facet normal -0.0523599 0 -0.998628
    outer loop
      vertex -0.506042 47.99 78.0088
      vertex -1.01146 37.99 78.0353
      vertex -1.01146 47.99 78.0353
    endloop
  endfacet
  facet normal -0.0871326 0 -0.996197
    outer loop
      vertex -1.51566 37.99 78.0794
      vertex -1.01146 47.99 78.0353
      vertex -1.01146 37.99 78.0353
    endloop
  endfacet
  facet normal -0.0871326 0 -0.996197
    outer loop
      vertex -1.01146 47.99 78.0353
      vertex -1.51566 37.99 78.0794
      vertex -1.51566 47.99 78.0794
    endloop
  endfacet
  facet normal -0.121907 0 -0.992542
    outer loop
      vertex -2.01801 37.99 78.1411
      vertex -1.51566 47.99 78.0794
      vertex -1.51566 37.99 78.0794
    endloop
  endfacet
  facet normal -0.121907 0 -0.992542
    outer loop
      vertex -1.51566 47.99 78.0794
      vertex -2.01801 37.99 78.1411
      vertex -2.01801 47.99 78.1411
    endloop
  endfacet
  facet normal -0.156483 0 -0.987681
    outer loop
      vertex -2.5179 37.99 78.2203
      vertex -2.01801 47.99 78.1411
      vertex -2.01801 37.99 78.1411
    endloop
  endfacet
  facet normal -0.156483 0 -0.987681
    outer loop
      vertex -2.01801 47.99 78.1411
      vertex -2.5179 37.99 78.2203
      vertex -2.5179 47.99 78.2203
    endloop
  endfacet
  facet normal -0.190866 0 -0.981616
    outer loop
      vertex -3.01471 37.99 78.3169
      vertex -2.5179 47.99 78.2203
      vertex -2.5179 37.99 78.2203
    endloop
  endfacet
  facet normal -0.190866 0 -0.981616
    outer loop
      vertex -2.5179 47.99 78.2203
      vertex -3.01471 37.99 78.3169
      vertex -3.01471 47.99 78.3169
    endloop
  endfacet
  facet normal -0.224852 0 -0.974393
    outer loop
      vertex -3.50786 37.99 78.4307
      vertex -3.01471 47.99 78.3169
      vertex -3.01471 37.99 78.3169
    endloop
  endfacet
  facet normal -0.224852 0 -0.974393
    outer loop
      vertex -3.01471 47.99 78.3169
      vertex -3.50786 37.99 78.4307
      vertex -3.50786 47.99 78.4307
    endloop
  endfacet
  facet normal -0.258833 0 -0.965922
    outer loop
      vertex -3.99673 37.99 78.5617
      vertex -3.50786 47.99 78.4307
      vertex -3.50786 37.99 78.4307
    endloop
  endfacet
  facet normal -0.258833 0 -0.965922
    outer loop
      vertex -3.50786 47.99 78.4307
      vertex -3.99673 37.99 78.5617
      vertex -3.99673 47.99 78.5617
    endloop
  endfacet
  facet normal -0.292414 0 -0.956292
    outer loop
      vertex -4.48074 37.99 78.7097
      vertex -3.99673 47.99 78.5617
      vertex -3.99673 37.99 78.5617
    endloop
  endfacet
  facet normal -0.292414 0 -0.956292
    outer loop
      vertex -3.99673 47.99 78.5617
      vertex -4.48074 37.99 78.7097
      vertex -4.48074 47.99 78.7097
    endloop
  endfacet
  facet normal -0.325607 0 -0.945505
    outer loop
      vertex -4.95929 37.99 78.8745
      vertex -4.48074 47.99 78.7097
      vertex -4.48074 37.99 78.7097
    endloop
  endfacet
  facet normal -0.325607 0 -0.945505
    outer loop
      vertex -4.48074 47.99 78.7097
      vertex -4.95929 37.99 78.8745
      vertex -4.95929 47.99 78.8745
    endloop
  endfacet
  facet normal -0.358237 0 -0.93363
    outer loop
      vertex -5.43179 37.99 79.0558
      vertex -4.95929 47.99 78.8745
      vertex -4.95929 37.99 78.8745
    endloop
  endfacet
  facet normal -0.358237 0 -0.93363
    outer loop
      vertex -4.95929 47.99 78.8745
      vertex -5.43179 37.99 79.0558
      vertex -5.43179 47.99 79.0558
    endloop
  endfacet
  facet normal -0.390808 0 -0.920472
    outer loop
      vertex -5.89767 37.99 79.2536
      vertex -5.43179 47.99 79.0558
      vertex -5.43179 37.99 79.0558
    endloop
  endfacet
  facet normal -0.390808 0 -0.920472
    outer loop
      vertex -5.43179 47.99 79.0558
      vertex -5.89767 37.99 79.2536
      vertex -5.89767 47.99 79.2536
    endloop
  endfacet
  facet normal -0.422626 0 -0.906304
    outer loop
      vertex -6.35637 37.99 79.4675
      vertex -5.89767 47.99 79.2536
      vertex -5.89767 37.99 79.2536
    endloop
  endfacet
  facet normal -0.422626 0 -0.906304
    outer loop
      vertex -5.89767 47.99 79.2536
      vertex -6.35637 37.99 79.4675
      vertex -6.35637 47.99 79.4675
    endloop
  endfacet
  facet normal -0.454029 0 -0.890987
    outer loop
      vertex -6.80733 37.99 79.6973
      vertex -6.35637 47.99 79.4675
      vertex -6.35637 37.99 79.4675
    endloop
  endfacet
  facet normal -0.454029 0 -0.890987
    outer loop
      vertex -6.35637 47.99 79.4675
      vertex -6.80733 37.99 79.6973
      vertex -6.80733 47.99 79.6973
    endloop
  endfacet
  facet normal -0.484695 0 -0.874683
    outer loop
      vertex -7.25 37.99 79.9426
      vertex -6.80733 47.99 79.6973
      vertex -6.80733 37.99 79.6973
    endloop
  endfacet
  facet normal -0.484695 0 -0.874683
    outer loop
      vertex -6.80733 47.99 79.6973
      vertex -7.25 37.99 79.9426
      vertex -7.25 47.99 79.9426
    endloop
  endfacet
  facet normal -0.515088 0 -0.857137
    outer loop
      vertex -7.68382 37.99 80.2033
      vertex -7.25 47.99 79.9426
      vertex -7.25 37.99 79.9426
    endloop
  endfacet
  facet normal -0.515088 0 -0.857137
    outer loop
      vertex -7.25 47.99 79.9426
      vertex -7.68382 37.99 80.2033
      vertex -7.68382 47.99 80.2033
    endloop
  endfacet
  facet normal -0.544703 0 -0.838629
    outer loop
      vertex -8.10829 37.99 80.479
      vertex -7.68382 47.99 80.2033
      vertex -7.68382 37.99 80.2033
    endloop
  endfacet
  facet normal -0.544703 0 -0.838629
    outer loop
      vertex -7.68382 47.99 80.2033
      vertex -8.10829 37.99 80.479
      vertex -8.10829 47.99 80.479
    endloop
  endfacet
  facet normal -0.573587 0 -0.819145
    outer loop
      vertex -8.52287 37.99 80.7693
      vertex -8.10829 47.99 80.479
      vertex -8.10829 37.99 80.479
    endloop
  endfacet
  facet normal -0.573587 0 -0.819145
    outer loop
      vertex -8.10829 47.99 80.479
      vertex -8.52287 37.99 80.7693
      vertex -8.52287 47.99 80.7693
    endloop
  endfacet
  facet normal -0.601822 0 -0.79863
    outer loop
      vertex -8.92708 37.99 81.0739
      vertex -8.52287 47.99 80.7693
      vertex -8.52287 37.99 80.7693
    endloop
  endfacet
  facet normal -0.601822 0 -0.79863
    outer loop
      vertex -8.52287 47.99 80.7693
      vertex -8.92708 37.99 81.0739
      vertex -8.92708 47.99 81.0739
    endloop
  endfacet
  facet normal -0.629296 0 -0.777166
    outer loop
      vertex -9.32042 37.99 81.3924
      vertex -8.92708 47.99 81.0739
      vertex -8.92708 37.99 81.0739
    endloop
  endfacet
  facet normal -0.629296 0 -0.777166
    outer loop
      vertex -8.92708 47.99 81.0739
      vertex -9.32042 37.99 81.3924
      vertex -9.32042 47.99 81.3924
    endloop
  endfacet
  facet normal -0.656012 0 -0.75475
    outer loop
      vertex -9.70239 37.99 81.7244
      vertex -9.32042 47.99 81.3924
      vertex -9.32042 37.99 81.3924
    endloop
  endfacet
  facet normal -0.656012 0 -0.75475
    outer loop
      vertex -9.32042 47.99 81.3924
      vertex -9.70239 37.99 81.7244
      vertex -9.70239 47.99 81.7244
    endloop
  endfacet
  facet normal -0.682069 0 -0.731288
    outer loop
      vertex -10.0725 37.99 82.0696
      vertex -9.70239 47.99 81.7244
      vertex -9.70239 37.99 81.7244
    endloop
  endfacet
  facet normal -0.682069 0 -0.731288
    outer loop
      vertex -9.70239 47.99 81.7244
      vertex -10.0725 37.99 82.0696
      vertex -10.0725 47.99 82.0696
    endloop
  endfacet
  facet normal -0.707107 0 -0.707107
    outer loop
      vertex -10.0725 37.99 82.0696
      vertex -10.4304 47.99 82.4275
      vertex -10.0725 47.99 82.0696
    endloop
  endfacet
  facet normal -0.707107 -0 -0.707107
    outer loop
      vertex -10.4304 47.99 82.4275
      vertex -10.0725 37.99 82.0696
      vertex -10.4304 37.99 82.4275
    endloop
  endfacet
  facet normal -0.731279 0 -0.682079
    outer loop
      vertex -10.4304 37.99 82.4275
      vertex -10.7756 47.99 82.7976
      vertex -10.4304 47.99 82.4275
    endloop
  endfacet
  facet normal -0.731279 -0 -0.682079
    outer loop
      vertex -10.7756 47.99 82.7976
      vertex -10.4304 37.99 82.4275
      vertex -10.7756 37.99 82.7976
    endloop
  endfacet
  facet normal -0.754776 0 -0.655983
    outer loop
      vertex -10.7756 37.99 82.7976
      vertex -11.1076 47.99 83.1796
      vertex -10.7756 47.99 82.7976
    endloop
  endfacet
  facet normal -0.754776 -0 -0.655983
    outer loop
      vertex -11.1076 47.99 83.1796
      vertex -10.7756 37.99 82.7976
      vertex -11.1076 37.99 83.1796
    endloop
  endfacet
  facet normal -0.777134 0 -0.629335
    outer loop
      vertex -11.1076 37.99 83.1796
      vertex -11.4261 47.99 83.5729
      vertex -11.1076 47.99 83.1796
    endloop
  endfacet
  facet normal -0.777134 -0 -0.629335
    outer loop
      vertex -11.4261 47.99 83.5729
      vertex -11.1076 37.99 83.1796
      vertex -11.4261 37.99 83.5729
    endloop
  endfacet
  facet normal -0.798623 0 -0.601832
    outer loop
      vertex -11.4261 37.99 83.5729
      vertex -11.7307 47.99 83.9771
      vertex -11.4261 47.99 83.5729
    endloop
  endfacet
  facet normal -0.798623 -0 -0.601832
    outer loop
      vertex -11.7307 47.99 83.9771
      vertex -11.4261 37.99 83.5729
      vertex -11.7307 37.99 83.9771
    endloop
  endfacet
  facet normal -0.819158 0 -0.573568
    outer loop
      vertex -11.7307 37.99 83.9771
      vertex -12.021 47.99 84.3917
      vertex -11.7307 47.99 83.9771
    endloop
  endfacet
  facet normal -0.819158 -0 -0.573568
    outer loop
      vertex -12.021 47.99 84.3917
      vertex -11.7307 37.99 83.9771
      vertex -12.021 37.99 84.3917
    endloop
  endfacet
  facet normal -0.838647 0 -0.544676
    outer loop
      vertex -12.021 37.99 84.3917
      vertex -12.2967 47.99 84.8162
      vertex -12.021 47.99 84.3917
    endloop
  endfacet
  facet normal -0.838647 -0 -0.544676
    outer loop
      vertex -12.2967 47.99 84.8162
      vertex -12.021 37.99 84.3917
      vertex -12.2967 37.99 84.8162
    endloop
  endfacet
  facet normal -0.857127 0 -0.515106
    outer loop
      vertex -12.2967 37.99 84.8162
      vertex -12.5574 47.99 85.25
      vertex -12.2967 47.99 84.8162
    endloop
  endfacet
  facet normal -0.857127 -0 -0.515106
    outer loop
      vertex -12.5574 47.99 85.25
      vertex -12.2967 37.99 84.8162
      vertex -12.5574 37.99 85.25
    endloop
  endfacet
  facet normal -0.874697 0 -0.48467
    outer loop
      vertex -12.5574 37.99 85.25
      vertex -12.8027 47.99 85.6927
      vertex -12.5574 47.99 85.25
    endloop
  endfacet
  facet normal -0.874697 -0 -0.48467
    outer loop
      vertex -12.8027 47.99 85.6927
      vertex -12.5574 37.99 85.25
      vertex -12.8027 37.99 85.6927
    endloop
  endfacet
  facet normal -0.890963 0 -0.454077
    outer loop
      vertex -12.8027 37.99 85.6927
      vertex -13.0325 47.99 86.1436
      vertex -12.8027 47.99 85.6927
    endloop
  endfacet
  facet normal -0.890963 -0 -0.454077
    outer loop
      vertex -13.0325 47.99 86.1436
      vertex -12.8027 37.99 85.6927
      vertex -13.0325 37.99 86.1436
    endloop
  endfacet
  facet normal -0.906304 0 -0.422626
    outer loop
      vertex -13.0325 37.99 86.1436
      vertex -13.2464 47.99 86.6023
      vertex -13.0325 47.99 86.1436
    endloop
  endfacet
  facet normal -0.906304 -0 -0.422626
    outer loop
      vertex -13.2464 47.99 86.6023
      vertex -13.0325 37.99 86.1436
      vertex -13.2464 37.99 86.6023
    endloop
  endfacet
  facet normal -0.920478 0 -0.390793
    outer loop
      vertex -13.2464 37.99 86.6023
      vertex -13.4442 47.99 87.0682
      vertex -13.2464 47.99 86.6023
    endloop
  endfacet
  facet normal -0.920478 -0 -0.390793
    outer loop
      vertex -13.4442 47.99 87.0682
      vertex -13.2464 37.99 86.6023
      vertex -13.4442 37.99 87.0682
    endloop
  endfacet
  facet normal -0.93363 0 -0.358237
    outer loop
      vertex -13.4442 37.99 87.0682
      vertex -13.6255 47.99 87.5407
      vertex -13.4442 47.99 87.0682
    endloop
  endfacet
  facet normal -0.93363 -0 -0.358237
    outer loop
      vertex -13.6255 47.99 87.5407
      vertex -13.4442 37.99 87.0682
      vertex -13.6255 37.99 87.5407
    endloop
  endfacet
  facet normal -0.945516 0 -0.325577
    outer loop
      vertex -13.6255 37.99 87.5407
      vertex -13.7903 47.99 88.0193
      vertex -13.6255 47.99 87.5407
    endloop
  endfacet
  facet normal -0.945516 -0 -0.325577
    outer loop
      vertex -13.7903 47.99 88.0193
      vertex -13.6255 37.99 87.5407
      vertex -13.7903 37.99 88.0193
    endloop
  endfacet
  facet normal -0.95629 0 -0.292419
    outer loop
      vertex -13.7903 37.99 88.0193
      vertex -13.9383 47.99 88.5033
      vertex -13.7903 47.99 88.0193
    endloop
  endfacet
  facet normal -0.95629 -0 -0.292419
    outer loop
      vertex -13.9383 47.99 88.5033
      vertex -13.7903 37.99 88.0193
      vertex -13.9383 37.99 88.5033
    endloop
  endfacet
  facet normal -0.965913 0 -0.258868
    outer loop
      vertex -13.9383 37.99 88.5033
      vertex -14.0693 47.99 88.9921
      vertex -13.9383 47.99 88.5033
    endloop
  endfacet
  facet normal -0.965913 -0 -0.258868
    outer loop
      vertex -14.0693 47.99 88.9921
      vertex -13.9383 37.99 88.5033
      vertex -14.0693 37.99 88.9921
    endloop
  endfacet
  facet normal -0.974398 0 -0.224831
    outer loop
      vertex -14.0693 37.99 88.9921
      vertex -14.1831 47.99 89.4853
      vertex -14.0693 47.99 88.9921
    endloop
  endfacet
  facet normal -0.974398 -0 -0.224831
    outer loop
      vertex -14.1831 47.99 89.4853
      vertex -14.0693 37.99 88.9921
      vertex -14.1831 37.99 89.4853
    endloop
  endfacet
  facet normal -0.981615 0 -0.19087
    outer loop
      vertex -14.1831 37.99 89.4853
      vertex -14.2797 47.99 89.9821
      vertex -14.1831 47.99 89.4853
    endloop
  endfacet
  facet normal -0.981615 -0 -0.19087
    outer loop
      vertex -14.2797 47.99 89.9821
      vertex -14.1831 37.99 89.4853
      vertex -14.2797 37.99 89.9821
    endloop
  endfacet
  facet normal -0.987681 0 -0.15648
    outer loop
      vertex -14.2797 37.99 89.9821
      vertex -14.3589 47.99 90.482
      vertex -14.2797 47.99 89.9821
    endloop
  endfacet
  facet normal -0.987681 -0 -0.15648
    outer loop
      vertex -14.3589 47.99 90.482
      vertex -14.2797 37.99 89.9821
      vertex -14.3589 37.99 90.482
    endloop
  endfacet
  facet normal -0.99254 0 -0.121919
    outer loop
      vertex -14.3589 37.99 90.482
      vertex -14.4206 47.99 90.9843
      vertex -14.3589 47.99 90.482
    endloop
  endfacet
  facet normal -0.99254 -0 -0.121919
    outer loop
      vertex -14.4206 47.99 90.9843
      vertex -14.3589 37.99 90.482
      vertex -14.4206 37.99 90.9843
    endloop
  endfacet
  facet normal -0.996197 0 -0.0871326
    outer loop
      vertex -14.4206 37.99 90.9843
      vertex -14.4647 47.99 91.4885
      vertex -14.4206 47.99 90.9843
    endloop
  endfacet
  facet normal -0.996197 -0 -0.0871326
    outer loop
      vertex -14.4647 47.99 91.4885
      vertex -14.4206 37.99 90.9843
      vertex -14.4647 37.99 91.4885
    endloop
  endfacet
  facet normal -0.998629 0 -0.0523515
    outer loop
      vertex -14.4647 37.99 91.4885
      vertex -14.4912 47.99 91.994
      vertex -14.4647 47.99 91.4885
    endloop
  endfacet
  facet normal -0.998629 -0 -0.0523515
    outer loop
      vertex -14.4912 47.99 91.994
      vertex -14.4647 37.99 91.4885
      vertex -14.4912 37.99 91.994
    endloop
  endfacet
  facet normal -0.999849 0 -0.0173887
    outer loop
      vertex -14.4912 37.99 91.994
      vertex -14.5 47.99 92.5
      vertex -14.4912 47.99 91.994
    endloop
  endfacet
  facet normal -0.999849 -0 -0.0173887
    outer loop
      vertex -14.5 47.99 92.5
      vertex -14.4912 37.99 91.994
      vertex -14.5 37.99 92.5
    endloop
  endfacet
  facet normal -0.999849 0 0.0173887
    outer loop
      vertex -14.5 37.99 92.5
      vertex -14.4912 47.99 93.006
      vertex -14.5 47.99 92.5
    endloop
  endfacet
  facet normal -0.999849 0 0.0173887
    outer loop
      vertex -14.4912 47.99 93.006
      vertex -14.5 37.99 92.5
      vertex -14.4912 37.99 93.006
    endloop
  endfacet
  facet normal -0.998629 0 0.0523515
    outer loop
      vertex -14.4912 37.99 93.006
      vertex -14.4647 47.99 93.5115
      vertex -14.4912 47.99 93.006
    endloop
  endfacet
  facet normal -0.998629 0 0.0523515
    outer loop
      vertex -14.4647 47.99 93.5115
      vertex -14.4912 37.99 93.006
      vertex -14.4647 37.99 93.5115
    endloop
  endfacet
  facet normal -0.996197 0 0.0871326
    outer loop
      vertex -14.4647 37.99 93.5115
      vertex -14.4206 47.99 94.0157
      vertex -14.4647 47.99 93.5115
    endloop
  endfacet
  facet normal -0.996197 0 0.0871326
    outer loop
      vertex -14.4206 47.99 94.0157
      vertex -14.4647 37.99 93.5115
      vertex -14.4206 37.99 94.0157
    endloop
  endfacet
  facet normal -0.99254 0 0.121919
    outer loop
      vertex -14.4206 37.99 94.0157
      vertex -14.3589 47.99 94.518
      vertex -14.4206 47.99 94.0157
    endloop
  endfacet
  facet normal -0.99254 0 0.121919
    outer loop
      vertex -14.3589 47.99 94.518
      vertex -14.4206 37.99 94.0157
      vertex -14.3589 37.99 94.518
    endloop
  endfacet
  facet normal -0.987681 0 0.15648
    outer loop
      vertex -14.3589 37.99 94.518
      vertex -14.2797 47.99 95.0179
      vertex -14.3589 47.99 94.518
    endloop
  endfacet
  facet normal -0.987681 0 0.15648
    outer loop
      vertex -14.2797 47.99 95.0179
      vertex -14.3589 37.99 94.518
      vertex -14.2797 37.99 95.0179
    endloop
  endfacet
  facet normal -0.981615 0 0.19087
    outer loop
      vertex -14.2797 37.99 95.0179
      vertex -14.1831 47.99 95.5147
      vertex -14.2797 47.99 95.0179
    endloop
  endfacet
  facet normal -0.981615 0 0.19087
    outer loop
      vertex -14.1831 47.99 95.5147
      vertex -14.2797 37.99 95.0179
      vertex -14.1831 37.99 95.5147
    endloop
  endfacet
  facet normal -0.974398 0 0.224831
    outer loop
      vertex -14.1831 37.99 95.5147
      vertex -14.0693 47.99 96.0079
      vertex -14.1831 47.99 95.5147
    endloop
  endfacet
  facet normal -0.974398 0 0.224831
    outer loop
      vertex -14.0693 47.99 96.0079
      vertex -14.1831 37.99 95.5147
      vertex -14.0693 37.99 96.0079
    endloop
  endfacet
  facet normal -0.965913 0 0.258868
    outer loop
      vertex -14.0693 37.99 96.0079
      vertex -13.9383 47.99 96.4967
      vertex -14.0693 47.99 96.0079
    endloop
  endfacet
  facet normal -0.965913 0 0.258868
    outer loop
      vertex -13.9383 47.99 96.4967
      vertex -14.0693 37.99 96.0079
      vertex -13.9383 37.99 96.4967
    endloop
  endfacet
  facet normal -0.95629 0 0.292419
    outer loop
      vertex -13.9383 37.99 96.4967
      vertex -13.7903 47.99 96.9807
      vertex -13.9383 47.99 96.4967
    endloop
  endfacet
  facet normal -0.95629 0 0.292419
    outer loop
      vertex -13.7903 47.99 96.9807
      vertex -13.9383 37.99 96.4967
      vertex -13.7903 37.99 96.9807
    endloop
  endfacet
  facet normal -0.945516 0 0.325577
    outer loop
      vertex -13.7903 37.99 96.9807
      vertex -13.6255 47.99 97.4593
      vertex -13.7903 47.99 96.9807
    endloop
  endfacet
  facet normal -0.945516 0 0.325577
    outer loop
      vertex -13.6255 47.99 97.4593
      vertex -13.7903 37.99 96.9807
      vertex -13.6255 37.99 97.4593
    endloop
  endfacet
  facet normal -0.93363 0 0.358237
    outer loop
      vertex -13.6255 37.99 97.4593
      vertex -13.4442 47.99 97.9318
      vertex -13.6255 47.99 97.4593
    endloop
  endfacet
  facet normal -0.93363 0 0.358237
    outer loop
      vertex -13.4442 47.99 97.9318
      vertex -13.6255 37.99 97.4593
      vertex -13.4442 37.99 97.9318
    endloop
  endfacet
  facet normal -0.920478 0 0.390793
    outer loop
      vertex -13.4442 37.99 97.9318
      vertex -13.2464 47.99 98.3977
      vertex -13.4442 47.99 97.9318
    endloop
  endfacet
  facet normal -0.920478 0 0.390793
    outer loop
      vertex -13.2464 47.99 98.3977
      vertex -13.4442 37.99 97.9318
      vertex -13.2464 37.99 98.3977
    endloop
  endfacet
  facet normal -0.906304 0 0.422626
    outer loop
      vertex -13.2464 37.99 98.3977
      vertex -13.0325 47.99 98.8564
      vertex -13.2464 47.99 98.3977
    endloop
  endfacet
  facet normal -0.906304 0 0.422626
    outer loop
      vertex -13.0325 47.99 98.8564
      vertex -13.2464 37.99 98.3977
      vertex -13.0325 37.99 98.8564
    endloop
  endfacet
  facet normal -0.890963 0 0.454077
    outer loop
      vertex -13.0325 37.99 98.8564
      vertex -12.8027 47.99 99.3073
      vertex -13.0325 47.99 98.8564
    endloop
  endfacet
  facet normal -0.890963 0 0.454077
    outer loop
      vertex -12.8027 47.99 99.3073
      vertex -13.0325 37.99 98.8564
      vertex -12.8027 37.99 99.3073
    endloop
  endfacet
  facet normal -0.874697 0 0.48467
    outer loop
      vertex -12.8027 37.99 99.3073
      vertex -12.5574 47.99 99.75
      vertex -12.8027 47.99 99.3073
    endloop
  endfacet
  facet normal -0.874697 0 0.48467
    outer loop
      vertex -12.5574 47.99 99.75
      vertex -12.8027 37.99 99.3073
      vertex -12.5574 37.99 99.75
    endloop
  endfacet
  facet normal -0.857231 0 0.514931
    outer loop
      vertex -12.5574 37.99 99.75
      vertex -12.2967 47.99 100.184
      vertex -12.5574 47.99 99.75
    endloop
  endfacet
  facet normal -0.857231 0 0.514931
    outer loop
      vertex -12.2967 47.99 100.184
      vertex -12.5574 37.99 99.75
      vertex -12.2967 37.99 100.184
    endloop
  endfacet
  facet normal -0.838353 0 0.545127
    outer loop
      vertex -12.2967 37.99 100.184
      vertex -12.021 47.99 100.608
      vertex -12.2967 47.99 100.184
    endloop
  endfacet
  facet normal -0.838353 0 0.545127
    outer loop
      vertex -12.021 47.99 100.608
      vertex -12.2967 37.99 100.184
      vertex -12.021 37.99 100.608
    endloop
  endfacet
  facet normal -0.819417 0 0.573197
    outer loop
      vertex -12.021 37.99 100.608
      vertex -11.7307 47.99 101.023
      vertex -12.021 47.99 100.608
    endloop
  endfacet
  facet normal -0.819417 0 0.573197
    outer loop
      vertex -11.7307 47.99 101.023
      vertex -12.021 37.99 100.608
      vertex -11.7307 37.99 101.023
    endloop
  endfacet
  facet normal -0.79848 0 0.602022
    outer loop
      vertex -11.7307 37.99 101.023
      vertex -11.4261 47.99 101.427
      vertex -11.7307 47.99 101.023
    endloop
  endfacet
  facet normal -0.79848 0 0.602022
    outer loop
      vertex -11.4261 47.99 101.427
      vertex -11.7307 37.99 101.023
      vertex -11.4261 37.99 101.427
    endloop
  endfacet
  facet normal -0.776899 0 0.629625
    outer loop
      vertex -11.4261 37.99 101.427
      vertex -11.1076 47.99 101.82
      vertex -11.4261 47.99 101.427
    endloop
  endfacet
  facet normal -0.776899 0 0.629625
    outer loop
      vertex -11.1076 47.99 101.82
      vertex -11.4261 37.99 101.427
      vertex -11.1076 37.99 101.82
    endloop
  endfacet
  facet normal -0.754776 0 0.655983
    outer loop
      vertex -11.1076 37.99 101.82
      vertex -10.7756 47.99 102.202
      vertex -11.1076 47.99 101.82
    endloop
  endfacet
  facet normal -0.754776 0 0.655983
    outer loop
      vertex -10.7756 47.99 102.202
      vertex -11.1076 37.99 101.82
      vertex -10.7756 37.99 102.202
    endloop
  endfacet
  facet normal -0.732104 0 0.681193
    outer loop
      vertex -10.7756 37.99 102.202
      vertex -10.4304 47.99 102.573
      vertex -10.7756 47.99 102.202
    endloop
  endfacet
  facet normal -0.732104 0 0.681193
    outer loop
      vertex -10.4304 47.99 102.573
      vertex -10.7756 37.99 102.202
      vertex -10.4304 37.99 102.573
    endloop
  endfacet
  facet normal -0.705321 0 0.708888
    outer loop
      vertex -10.4304 37.99 102.573
      vertex -10.2515 47.99 102.751
      vertex -10.4304 47.99 102.573
    endloop
  endfacet
  facet normal -0.705321 0 0.708888
    outer loop
      vertex -10.2515 47.99 102.751
      vertex -10.4304 37.99 102.573
      vertex -10.2515 37.99 102.751
    endloop
  endfacet
  facet normal -0.710105 -1.55036e-05 0.704096
    outer loop
      vertex -0.57289 37.99 112.512
      vertex 0 47.99 113.09
      vertex -10.2515 47.99 102.751
    endloop
  endfacet
  facet normal -0.710097 0 0.704104
    outer loop
      vertex -0.57289 37.99 112.512
      vertex -10.2515 47.99 102.751
      vertex -10.2515 37.99 102.751
    endloop
  endfacet
  facet normal -0.710239 0 0.70396
    outer loop
      vertex 0 47.99 113.09
      vertex -0.57289 37.99 112.512
      vertex 0 38 113.09
    endloop
  endfacet
  facet normal 0.710239 0 0.70396
    outer loop
      vertex 0.57289 37.99 112.512
      vertex 0 47.99 113.09
      vertex 0 38 113.09
    endloop
  endfacet
  facet normal 0.710105 -1.55036e-05 0.704096
    outer loop
      vertex 0 47.99 113.09
      vertex 0.57289 37.99 112.512
      vertex 10.2515 47.99 102.751
    endloop
  endfacet
  facet normal 0.710097 0 0.704104
    outer loop
      vertex 10.2515 47.99 102.751
      vertex 0.57289 37.99 112.512
      vertex 10.2515 37.99 102.751
    endloop
  endfacet
  facet normal 0.35836 -0.933583 0
    outer loop
      vertex -13.4858 33.3786 119.5
      vertex -12.3127 33.8289 94.654
      vertex -12.3127 33.8289 119.5
    endloop
  endfacet
  facet normal 0.358543 -0.933513 9.90024e-06
    outer loop
      vertex -13.4858 33.3786 119.5
      vertex -12.3783 33.8037 94.2397
      vertex -12.3127 33.8289 94.654
    endloop
  endfacet
  facet normal 0.358119 -0.933676 -1.14283e-05
    outer loop
      vertex -13.4858 33.3786 119.5
      vertex -12.4315 33.7833 93.8066
      vertex -12.3783 33.8037 94.2397
    endloop
  endfacet
  facet normal 0.358558 -0.933508 9.22671e-06
    outer loop
      vertex -13.4858 33.3786 119.5
      vertex -12.4695 33.7687 93.3719
      vertex -12.4315 33.7833 93.8066
    endloop
  endfacet
  facet normal 0.356511 -0.934291 -8.20921e-05
    outer loop
      vertex -13.4858 33.3786 119.5
      vertex -12.4924 33.76 92.9362
      vertex -12.4695 33.7687 93.3719
    endloop
  endfacet
  facet normal 0.361214 -0.932483 0.00011973
    outer loop
      vertex -13.4858 33.3786 119.5
      vertex -12.5 33.757 92.5
      vertex -12.4924 33.76 92.9362
    endloop
  endfacet
  facet normal 0.350231 -0.936663 -0.000339823
    outer loop
      vertex -13.4858 33.3786 119.5
      vertex -12.4924 33.76 92.0638
      vertex -12.5 33.757 92.5
    endloop
  endfacet
  facet normal 0.358425 -0.933559 0
    outer loop
      vertex -13.4858 33.3786 3
      vertex -12.4924 33.76 92.0638
      vertex -13.4858 33.3786 119.5
    endloop
  endfacet
  facet normal 0.355721 -0.934592 3.45806e-05
    outer loop
      vertex -13.4858 33.3786 3
      vertex -12.4695 33.7687 91.6281
      vertex -12.4924 33.76 92.0638
    endloop
  endfacet
  facet normal 0.358615 -0.933485 -3.47455e-06
    outer loop
      vertex -13.4858 33.3786 3
      vertex -12.4315 33.7833 91.1934
      vertex -12.4695 33.7687 91.6281
    endloop
  endfacet
  facet normal 0.358067 -0.933696 4.04779e-06
    outer loop
      vertex -13.4858 33.3786 3
      vertex -12.3783 33.8037 90.7603
      vertex -12.4315 33.7833 91.1934
    endloop
  endfacet
  facet normal 0.358579 -0.933499 -3.37002e-06
    outer loop
      vertex -13.4858 33.3786 3
      vertex -12.3127 33.8289 90.346
      vertex -12.3783 33.8037 90.7603
    endloop
  endfacet
  facet normal 0.35836 -0.933583 0
    outer loop
      vertex -12.3127 33.8289 90.346
      vertex -13.4858 33.3786 3
      vertex -12.3127 33.8289 3
    endloop
  endfacet
  facet normal -0.998628 -0.0523646 0
    outer loop
      vertex 35.9781 1.25638 3
      vertex 35.9123 2.51123 119.5
      vertex 35.9123 2.51123 3
    endloop
  endfacet
  facet normal -0.998628 -0.0523646 0
    outer loop
      vertex 35.9123 2.51123 119.5
      vertex 35.9781 1.25638 3
      vertex 35.9781 1.25638 119.5
    endloop
  endfacet
  facet normal -0.999848 -0.0174284 0
    outer loop
      vertex 36 0 3
      vertex 35.9781 1.25638 119.5
      vertex 35.9781 1.25638 3
    endloop
  endfacet
  facet normal -0.999848 -0.0174284 0
    outer loop
      vertex 35.9781 1.25638 119.5
      vertex 36 0 3
      vertex 36 0 119.5
    endloop
  endfacet
  facet normal -0.996196 -0.087142 0
    outer loop
      vertex 35.9123 2.51123 3
      vertex 35.8028 3.76302 119.5
      vertex 35.8028 3.76302 3
    endloop
  endfacet
  facet normal -0.996196 -0.087142 0
    outer loop
      vertex 35.8028 3.76302 119.5
      vertex 35.9123 2.51123 3
      vertex 35.9123 2.51123 119.5
    endloop
  endfacet
  facet normal 0.327111 -0.944986 0
    outer loop
      vertex -12.3127 33.8289 3
      vertex -12.3101 33.8298 90.3294
      vertex -12.3127 33.8289 90.346
    endloop
  endfacet
  facet normal 0.325746 -0.945457 4.54818e-08
    outer loop
      vertex -12.3127 33.8289 3
      vertex -12.2268 33.8585 89.9011
      vertex -12.3101 33.8298 90.3294
    endloop
  endfacet
  facet normal 0.325753 -0.945455 3.75465e-08
    outer loop
      vertex -12.3127 33.8289 3
      vertex -12.1287 33.8923 89.476
      vertex -12.2268 33.8585 89.9011
    endloop
  endfacet
  facet normal 0.325758 -0.945453 2.49797e-08
    outer loop
      vertex -12.3127 33.8289 3
      vertex -12.0158 33.9312 89.0545
      vertex -12.1287 33.8923 89.476
    endloop
  endfacet
  facet normal 0.325333 -0.945599 1.66649e-06
    outer loop
      vertex -12.3127 33.8289 3
      vertex -11.8882 33.9751 88.6373
      vertex -12.0158 33.9312 89.0545
    endloop
  endfacet
  facet normal 0.325601 -0.945507 1.80124e-07
    outer loop
      vertex -12.3127 33.8289 3
      vertex -11.7462 34.024 88.2248
      vertex -11.8882 33.9751 88.6373
    endloop
  endfacet
  facet normal 0.32582 -0.945432 -1.44395e-06
    outer loop
      vertex -12.3127 33.8289 3
      vertex -11.5898 34.0779 87.8174
      vertex -11.7462 34.024 88.2248
    endloop
  endfacet
  facet normal 0.325532 -0.945531 1.29924e-06
    outer loop
      vertex -12.3127 33.8289 3
      vertex -11.4193 34.1366 87.4158
      vertex -11.5898 34.0779 87.8174
    endloop
  endfacet
  facet normal 0.325597 -0.945509 5.33349e-07
    outer loop
      vertex -12.3127 33.8289 3
      vertex -11.2349 34.2001 87.0204
      vertex -11.4193 34.1366 87.4158
    endloop
  endfacet
  facet normal 0.324977 -0.945722 9.43055e-06
    outer loop
      vertex -12.3127 33.8289 3
      vertex -11.1246 34.238 86.8039
      vertex -11.2349 34.2001 87.0204
    endloop
  endfacet
  facet normal 0.325571 -0.945518 0
    outer loop
      vertex -11.1246 34.238 86.8039
      vertex -12.3127 33.8289 3
      vertex -11.1246 34.238 3
    endloop
  endfacet
  facet normal 0.325571 -0.945518 0
    outer loop
      vertex -12.3127 33.8289 119.5
      vertex -11.1246 34.238 98.1961
      vertex -11.1246 34.238 119.5
    endloop
  endfacet
  facet normal 0.32502 -0.945707 -3.4367e-05
    outer loop
      vertex -12.3127 33.8289 119.5
      vertex -11.2349 34.2001 97.9796
      vertex -11.1246 34.238 98.1961
    endloop
  endfacet
  facet normal 0.325599 -0.945508 -1.9321e-06
    outer loop
      vertex -12.3127 33.8289 119.5
      vertex -11.4193 34.1366 97.5842
      vertex -11.2349 34.2001 97.9796
    endloop
  endfacet
  facet normal 0.325539 -0.945529 -4.67981e-06
    outer loop
      vertex -12.3127 33.8289 119.5
      vertex -11.5898 34.0779 97.1826
      vertex -11.4193 34.1366 97.5842
    endloop
  endfacet
  facet normal 0.325811 -0.945435 5.17311e-06
    outer loop
      vertex -12.3127 33.8289 119.5
      vertex -11.7462 34.024 96.7752
      vertex -11.5898 34.0779 97.1826
    endloop
  endfacet
  facet normal 0.325602 -0.945507 -6.42068e-07
    outer loop
      vertex -12.3127 33.8289 119.5
      vertex -11.8882 33.9751 96.3627
      vertex -11.7462 34.024 96.7752
    endloop
  endfacet
  facet normal 0.325346 -0.945595 -5.91333e-06
    outer loop
      vertex -12.3127 33.8289 119.5
      vertex -12.0158 33.9312 95.9455
      vertex -11.8882 33.9751 96.3627
    endloop
  endfacet
  facet normal 0.325759 -0.945453 -8.82825e-08
    outer loop
      vertex -12.3127 33.8289 119.5
      vertex -12.1287 33.8923 95.524
      vertex -12.0158 33.9312 95.9455
    endloop
  endfacet
  facet normal 0.325754 -0.945455 -1.32271e-07
    outer loop
      vertex -12.3127 33.8289 119.5
      vertex -12.2268 33.8585 95.0989
      vertex -12.1287 33.8923 95.524
    endloop
  endfacet
  facet normal 0.325747 -0.945457 -1.59906e-07
    outer loop
      vertex -12.3127 33.8289 119.5
      vertex -12.3101 33.8298 94.6706
      vertex -12.2268 33.8585 95.0989
    endloop
  endfacet
  facet normal 0.327111 -0.944986 0
    outer loop
      vertex -12.3101 33.8298 94.6706
      vertex -12.3127 33.8289 119.5
      vertex -12.3127 33.8289 94.654
    endloop
  endfacet
  facet normal -0.857163 -0.515046 0
    outer loop
      vertex 31.1769 18 3
      vertex 30.5297 19.0771 119.5
      vertex 30.5297 19.0771 3
    endloop
  endfacet
  facet normal -0.857163 -0.515046 0
    outer loop
      vertex 30.5297 19.0771 119.5
      vertex 31.1769 18 3
      vertex 31.1769 18 119.5
    endloop
  endfacet
  facet normal 0.0174524 0.999848 0
    outer loop
      vertex 0 -36 113.5
      vertex 0 -36 3
      vertex -0.5729 -35.99 113.5
    endloop
  endfacet
  facet normal 0.0174083 0.999848 -0
    outer loop
      vertex -0.5729 -35.99 113.5
      vertex -1.25638 -35.9781 119.5
      vertex -0.5729 -35.99 119.5
    endloop
  endfacet
  facet normal 0.0174284 0.999848 -1.24522e-07
    outer loop
      vertex -1.25638 -35.9781 3
      vertex -0.5729 -35.99 113.5
      vertex 0 -36 3
    endloop
  endfacet
  facet normal 0.0174083 0.999848 0
    outer loop
      vertex -0.5729 -35.99 113.5
      vertex -1.25638 -35.9781 3
      vertex -1.25638 -35.9781 119.5
    endloop
  endfacet
  facet normal 0.707107 -0.707107 0
    outer loop
      vertex -25.8962 25.0077 119.5
      vertex -25.0077 25.8962 3
      vertex -25.0077 25.8962 119.5
    endloop
  endfacet
  facet normal 0.707107 -0.707107 0
    outer loop
      vertex -25.0077 25.8962 3
      vertex -25.8962 25.0077 119.5
      vertex -25.8962 25.0077 3
    endloop
  endfacet
  facet normal -0.99255 -0.121839 0
    outer loop
      vertex 35.8028 3.76302 3
      vertex 35.6497 5.01023 119.5
      vertex 35.6497 5.01023 3
    endloop
  endfacet
  facet normal -0.99255 -0.121839 0
    outer loop
      vertex 35.6497 5.01023 119.5
      vertex 35.8028 3.76302 3
      vertex 35.8028 3.76302 119.5
    endloop
  endfacet
  facet normal -0.838687 -0.544613 0
    outer loop
      vertex 30.5297 19.0771 3
      vertex 29.8454 20.1309 119.5
      vertex 29.8454 20.1309 3
    endloop
  endfacet
  facet normal -0.838687 -0.544613 0
    outer loop
      vertex 29.8454 20.1309 119.5
      vertex 30.5297 19.0771 3
      vertex 30.5297 19.0771 119.5
    endloop
  endfacet
  facet normal 0.682006 -0.731346 0
    outer loop
      vertex -25.0077 25.8962 3
      vertex -24.0887 26.7532 119.5
      vertex -25.0077 25.8962 119.5
    endloop
  endfacet
  facet normal 0.682006 -0.731346 0
    outer loop
      vertex -24.0887 26.7532 119.5
      vertex -25.0077 25.8962 3
      vertex -24.0887 26.7532 3
    endloop
  endfacet
  facet normal 0.544613 0.838687 -0
    outer loop
      vertex -19.0771 -30.5297 3
      vertex -20.1309 -29.8454 119.5
      vertex -19.0771 -30.5297 119.5
    endloop
  endfacet
  facet normal 0.544613 0.838687 0
    outer loop
      vertex -20.1309 -29.8454 119.5
      vertex -19.0771 -30.5297 3
      vertex -20.1309 -29.8454 3
    endloop
  endfacet
  facet normal 0.707107 0.707107 0
    outer loop
      vertex -25.0077 -25.8962 119.5
      vertex -25.8962 -25.0077 3
      vertex -25.8962 -25.0077 119.5
    endloop
  endfacet
  facet normal 0.707107 0.707107 0
    outer loop
      vertex -25.8962 -25.0077 3
      vertex -25.0077 -25.8962 119.5
      vertex -25.0077 -25.8962 3
    endloop
  endfacet
  facet normal -0.96593 -0.258802 0
    outer loop
      vertex 34.9306 8.70919 3
      vertex 34.6054 9.92294 119.5
      vertex 34.6054 9.92294 3
    endloop
  endfacet
  facet normal -0.96593 -0.258802 0
    outer loop
      vertex 34.6054 9.92294 119.5
      vertex 34.9306 8.70919 3
      vertex 34.9306 8.70919 119.5
    endloop
  endfacet
  facet normal -0.798632 -0.601819 0
    outer loop
      vertex 29.1246 21.1603 3
      vertex 28.3684 22.1638 119.5
      vertex 28.3684 22.1638 3
    endloop
  endfacet
  facet normal -0.798632 -0.601819 0
    outer loop
      vertex 28.3684 22.1638 119.5
      vertex 29.1246 21.1603 3
      vertex 29.1246 21.1603 119.5
    endloop
  endfacet
  facet normal 0.454013 -0.890995 0
    outer loop
      vertex -16.901 31.7861 3
      vertex -15.7814 32.3566 119.5
      vertex -16.901 31.7861 119.5
    endloop
  endfacet
  facet normal 0.454013 -0.890995 0
    outer loop
      vertex -15.7814 32.3566 119.5
      vertex -16.901 31.7861 3
      vertex -15.7814 32.3566 3
    endloop
  endfacet
  facet normal -0.920502 -0.390738 0
    outer loop
      vertex 33.3786 13.4858 3
      vertex 32.8876 14.6425 119.5
      vertex 32.8876 14.6425 3
    endloop
  endfacet
  facet normal -0.920502 -0.390738 0
    outer loop
      vertex 32.8876 14.6425 119.5
      vertex 33.3786 13.4858 3
      vertex 33.3786 13.4858 119.5
    endloop
  endfacet
  facet normal 0.798632 -0.601819 0
    outer loop
      vertex -29.1246 21.1603 119.5
      vertex -28.3684 22.1638 3
      vertex -28.3684 22.1638 119.5
    endloop
  endfacet
  facet normal 0.798632 -0.601819 0
    outer loop
      vertex -28.3684 22.1638 3
      vertex -29.1246 21.1603 119.5
      vertex -29.1246 21.1603 3
    endloop
  endfacet
  facet normal 0.224975 0.974364 -0
    outer loop
      vertex -7.48482 -35.2133 3
      vertex -8.70919 -34.9306 119.5
      vertex -7.48482 -35.2133 119.5
    endloop
  endfacet
  facet normal 0.224975 0.974364 0
    outer loop
      vertex -8.70919 -34.9306 119.5
      vertex -7.48482 -35.2133 3
      vertex -8.70919 -34.9306 3
    endloop
  endfacet
  facet normal 0.933583 0.35836 0
    outer loop
      vertex -33.3786 -13.4858 119.5
      vertex -33.8289 -12.3127 3
      vertex -33.8289 -12.3127 119.5
    endloop
  endfacet
  facet normal 0.933583 0.35836 0
    outer loop
      vertex -33.8289 -12.3127 3
      vertex -33.3786 -13.4858 119.5
      vertex -33.3786 -13.4858 3
    endloop
  endfacet
  facet normal 0.190608 -0.981666 0
    outer loop
      vertex -7.48482 35.2133 3
      vertex -7.34731 35.24 82.3873
      vertex -7.48482 35.2133 82.4909
    endloop
  endfacet
  facet normal 0.190879 -0.981614 -4.8714e-07
    outer loop
      vertex -7.48482 35.2133 3
      vertex -6.9899 35.3095 82.137
      vertex -7.34731 35.24 82.3873
    endloop
  endfacet
  facet normal 0.190738 -0.981641 4.28506e-07
    outer loop
      vertex -7.48482 35.2133 3
      vertex -6.62398 35.3806 81.8994
      vertex -6.9899 35.3095 82.137
    endloop
  endfacet
  facet normal 0.190971 -0.981596 -2.2075e-06
    outer loop
      vertex -7.48482 35.2133 3
      vertex -6.25133 35.4531 81.6755
      vertex -6.62398 35.3806 81.8994
    endloop
  endfacet
  facet normal 0.190835 -0.981622 0
    outer loop
      vertex -6.25133 35.4531 81.6755
      vertex -7.48482 35.2133 3
      vertex -6.25133 35.4531 3
    endloop
  endfacet
  facet normal 0.190835 -0.981622 0
    outer loop
      vertex -7.48482 35.2133 119.5
      vertex -6.25133 35.4531 103.946
      vertex -6.25133 35.4531 119.5
    endloop
  endfacet
  facet normal 0.190835 -0.981622 0
    outer loop
      vertex -6.25133 35.4531 103.946
      vertex -7.48482 35.2133 119.5
      vertex -7.48482 35.2133 102.702
    endloop
  endfacet
  facet normal -0.974364 -0.224975 0
    outer loop
      vertex 35.2133 7.48482 3
      vertex 34.9306 8.70919 119.5
      vertex 34.9306 8.70919 3
    endloop
  endfacet
  facet normal -0.974364 -0.224975 0
    outer loop
      vertex 34.9306 8.70919 119.5
      vertex 35.2133 7.48482 3
      vertex 35.2133 7.48482 119.5
    endloop
  endfacet
  facet normal -0.224975 0.974364 0
    outer loop
      vertex 8.70919 -34.9306 3
      vertex 7.48482 -35.2133 119.5
      vertex 8.70919 -34.9306 119.5
    endloop
  endfacet
  facet normal -0.224975 0.974364 0
    outer loop
      vertex 7.48482 -35.2133 119.5
      vertex 8.70919 -34.9306 3
      vertex 7.48482 -35.2133 3
    endloop
  endfacet
  facet normal -0.0174083 0.999848 0
    outer loop
      vertex 1.25638 -35.9781 119.5
      vertex 0.5729 -35.99 113.5
      vertex 0.5729 -35.99 119.5
    endloop
  endfacet
  facet normal -0.0174083 0.999848 0
    outer loop
      vertex 1.25638 -35.9781 3
      vertex 0.5729 -35.99 113.5
      vertex 1.25638 -35.9781 119.5
    endloop
  endfacet
  facet normal -0.0174524 0.999848 -2.73079e-07
    outer loop
      vertex 1.25638 -35.9781 3
      vertex 0 -36 113.5
      vertex 0.5729 -35.99 113.5
    endloop
  endfacet
  facet normal -0.0174284 0.999848 0
    outer loop
      vertex 0 -36 113.5
      vertex 1.25638 -35.9781 3
      vertex 0 -36 3
    endloop
  endfacet
  facet normal -0.956301 -0.292383 0
    outer loop
      vertex 34.6054 9.92294 3
      vertex 34.238 11.1246 119.5
      vertex 34.238 11.1246 3
    endloop
  endfacet
  facet normal -0.956301 -0.292383 0
    outer loop
      vertex 34.238 11.1246 119.5
      vertex 34.6054 9.92294 3
      vertex 34.6054 9.92294 119.5
    endloop
  endfacet
  facet normal -0.874615 -0.484818 0
    outer loop
      vertex 31.7861 16.901 3
      vertex 31.1769 18 119.5
      vertex 31.1769 18 3
    endloop
  endfacet
  facet normal -0.874615 -0.484818 0
    outer loop
      vertex 31.1769 18 119.5
      vertex 31.7861 16.901 3
      vertex 31.7861 16.901 119.5
    endloop
  endfacet
  facet normal 0.731346 0.682006 0
    outer loop
      vertex -25.8962 -25.0077 119.5
      vertex -26.7532 -24.0887 3
      vertex -26.7532 -24.0887 119.5
    endloop
  endfacet
  facet normal 0.731346 0.682006 0
    outer loop
      vertex -26.7532 -24.0887 3
      vertex -25.8962 -25.0077 119.5
      vertex -25.8962 -25.0077 3
    endloop
  endfacet
  facet normal 0.156457 0.987685 -0
    outer loop
      vertex -5.01023 -35.6497 3
      vertex -6.25133 -35.4531 119.5
      vertex -5.01023 -35.6497 119.5
    endloop
  endfacet
  facet normal 0.156457 0.987685 0
    outer loop
      vertex -6.25133 -35.4531 119.5
      vertex -5.01023 -35.6497 3
      vertex -6.25133 -35.4531 3
    endloop
  endfacet
  facet normal -0.544613 0.838687 0
    outer loop
      vertex 20.1309 -29.8454 3
      vertex 19.0771 -30.5297 119.5
      vertex 20.1309 -29.8454 119.5
    endloop
  endfacet
  facet normal -0.544613 0.838687 0
    outer loop
      vertex 19.0771 -30.5297 119.5
      vertex 20.1309 -29.8454 3
      vertex 19.0771 -30.5297 3
    endloop
  endfacet
  facet normal 0.974364 -0.224975 0
    outer loop
      vertex -35.2133 7.48482 119.5
      vertex -34.9306 8.70919 3
      vertex -34.9306 8.70919 119.5
    endloop
  endfacet
  facet normal 0.974364 -0.224975 0
    outer loop
      vertex -34.9306 8.70919 3
      vertex -35.2133 7.48482 119.5
      vertex -35.2133 7.48482 3
    endloop
  endfacet
  facet normal 0.656084 0.754688 -0
    outer loop
      vertex -23.1404 -27.5776 3
      vertex -24.0887 -26.7532 119.5
      vertex -23.1404 -27.5776 119.5
    endloop
  endfacet
  facet normal 0.656084 0.754688 0
    outer loop
      vertex -24.0887 -26.7532 119.5
      vertex -23.1404 -27.5776 3
      vertex -24.0887 -26.7532 3
    endloop
  endfacet
  facet normal 0.190835 0.981622 -0
    outer loop
      vertex -6.25133 -35.4531 3
      vertex -7.48482 -35.2133 119.5
      vertex -6.25133 -35.4531 119.5
    endloop
  endfacet
  facet normal 0.190835 0.981622 0
    outer loop
      vertex -7.48482 -35.2133 119.5
      vertex -6.25133 -35.4531 3
      vertex -7.48482 -35.2133 3
    endloop
  endfacet
  facet normal 0.731346 -0.682006 0
    outer loop
      vertex -26.7532 24.0887 119.5
      vertex -25.8962 25.0077 3
      vertex -25.8962 25.0077 119.5
    endloop
  endfacet
  facet normal 0.731346 -0.682006 0
    outer loop
      vertex -25.8962 25.0077 3
      vertex -26.7532 24.0887 119.5
      vertex -26.7532 24.0887 3
    endloop
  endfacet
  facet normal -0.292383 -0.956301 0
    outer loop
      vertex 11.1246 34.238 3
      vertex 9.92294 34.6054 84.9009
      vertex 9.92294 34.6054 3
    endloop
  endfacet
  facet normal -0.292302 -0.956326 1.30036e-06
    outer loop
      vertex 9.92294 34.6054 84.9009
      vertex 11.1246 34.238 3
      vertex 10.1127 34.5474 85.1527
    endloop
  endfacet
  facet normal -0.292288 -0.95633 1.48401e-06
    outer loop
      vertex 10.1127 34.5474 85.1527
      vertex 11.1246 34.238 3
      vertex 10.363 34.4709 85.5101
    endloop
  endfacet
  facet normal -0.292584 -0.95624 -1.50435e-06
    outer loop
      vertex 10.363 34.4709 85.5101
      vertex 11.1246 34.238 3
      vertex 10.6006 34.3982 85.876
    endloop
  endfacet
  facet normal -0.292381 -0.956302 -9.45213e-08
    outer loop
      vertex 10.6006 34.3982 85.876
      vertex 11.1246 34.238 3
      vertex 10.8253 34.3295 86.25
    endloop
  endfacet
  facet normal -0.292117 -0.956383 9.42805e-07
    outer loop
      vertex 10.8253 34.3295 86.25
      vertex 11.1246 34.238 3
      vertex 11.0368 34.2649 86.6316
    endloop
  endfacet
  facet normal -0.292938 -0.956132 0
    outer loop
      vertex 11.0368 34.2649 86.6316
      vertex 11.1246 34.238 3
      vertex 11.1246 34.238 86.8039
    endloop
  endfacet
  facet normal -0.292383 -0.956301 0
    outer loop
      vertex 9.92294 34.6054 100.099
      vertex 11.1246 34.238 119.5
      vertex 9.92294 34.6054 119.5
    endloop
  endfacet
  facet normal -0.292307 -0.956325 -5.17146e-06
    outer loop
      vertex 10.1127 34.5474 99.8473
      vertex 11.1246 34.238 119.5
      vertex 9.92294 34.6054 100.099
    endloop
  endfacet
  facet normal -0.292294 -0.956328 -5.88025e-06
    outer loop
      vertex 10.363 34.4709 99.4899
      vertex 11.1246 34.238 119.5
      vertex 10.1127 34.5474 99.8473
    endloop
  endfacet
  facet normal -0.292578 -0.956242 5.94294e-06
    outer loop
      vertex 10.6006 34.3982 99.124
      vertex 11.1246 34.238 119.5
      vertex 10.363 34.4709 99.4899
    endloop
  endfacet
  facet normal -0.29238 -0.956302 3.72549e-07
    outer loop
      vertex 10.8253 34.3295 98.75
      vertex 11.1246 34.238 119.5
      vertex 10.6006 34.3982 99.124
    endloop
  endfacet
  facet normal -0.292121 -0.956381 -3.71054e-06
    outer loop
      vertex 11.0368 34.2649 98.3684
      vertex 11.1246 34.238 119.5
      vertex 10.8253 34.3295 98.75
    endloop
  endfacet
  facet normal -0.292938 -0.956132 -0
    outer loop
      vertex 11.1246 34.238 119.5
      vertex 11.0368 34.2649 98.3684
      vertex 11.1246 34.238 98.1961
    endloop
  endfacet
  facet normal -0.96593 0.258802 0
    outer loop
      vertex 34.6054 -9.92294 3
      vertex 34.9306 -8.70919 119.5
      vertex 34.9306 -8.70919 3
    endloop
  endfacet
  facet normal -0.96593 0.258802 0
    outer loop
      vertex 34.9306 -8.70919 119.5
      vertex 34.6054 -9.92294 3
      vertex 34.6054 -9.92294 119.5
    endloop
  endfacet
  facet normal 0.325571 0.945518 -0
    outer loop
      vertex -11.1246 -34.238 3
      vertex -12.3127 -33.8289 119.5
      vertex -11.1246 -34.238 119.5
    endloop
  endfacet
  facet normal 0.325571 0.945518 0
    outer loop
      vertex -12.3127 -33.8289 119.5
      vertex -11.1246 -34.238 3
      vertex -12.3127 -33.8289 3
    endloop
  endfacet
  facet normal 0.920502 0.390738 0
    outer loop
      vertex -32.8876 -14.6425 119.5
      vertex -33.3786 -13.4858 3
      vertex -33.3786 -13.4858 119.5
    endloop
  endfacet
  facet normal 0.920502 0.390738 0
    outer loop
      vertex -33.3786 -13.4858 3
      vertex -32.8876 -14.6425 119.5
      vertex -32.8876 -14.6425 3
    endloop
  endfacet
  facet normal -0.292383 0.956301 0
    outer loop
      vertex 11.1246 -34.238 3
      vertex 9.92294 -34.6054 119.5
      vertex 11.1246 -34.238 119.5
    endloop
  endfacet
  facet normal -0.292383 0.956301 0
    outer loop
      vertex 9.92294 -34.6054 119.5
      vertex 11.1246 -34.238 3
      vertex 9.92294 -34.6054 3
    endloop
  endfacet
  facet normal 0.857163 0.515046 0
    outer loop
      vertex -30.5297 -19.0771 119.5
      vertex -31.1769 -18 3
      vertex -31.1769 -18 119.5
    endloop
  endfacet
  facet normal 0.857163 0.515046 0
    outer loop
      vertex -31.1769 -18 3
      vertex -30.5297 -19.0771 119.5
      vertex -30.5297 -19.0771 3
    endloop
  endfacet
  facet normal 0.258703 -0.965957 0
    outer loop
      vertex -9.92294 34.6054 3
      vertex -9.85013 34.6249 84.8042
      vertex -9.92294 34.6054 84.9009
    endloop
  endfacet
  facet normal 0.258906 -0.965903 -1.93554e-07
    outer loop
      vertex -9.92294 34.6054 3
      vertex -9.57555 34.6985 84.4652
      vertex -9.85013 34.6249 84.8042
    endloop
  endfacet
  facet normal 0.258826 -0.965924 1.70283e-07
    outer loop
      vertex -9.92294 34.6054 3
      vertex -9.28931 34.7752 84.1359
      vertex -9.57555 34.6985 84.4652
    endloop
  endfacet
  facet normal 0.258718 -0.965953 1.07424e-06
    outer loop
      vertex -9.92294 34.6054 3
      vertex -8.99174 34.8549 83.8168
      vertex -9.28931 34.7752 84.1359
    endloop
  endfacet
  facet normal 0.25879 -0.965934 1.83376e-07
    outer loop
      vertex -9.92294 34.6054 3
      vertex -8.70919 34.9306 83.5342
      vertex -8.99174 34.8549 83.8168
    endloop
  endfacet
  facet normal 0.258802 -0.96593 0
    outer loop
      vertex -8.70919 34.9306 83.5342
      vertex -9.92294 34.6054 3
      vertex -8.70919 34.9306 3
    endloop
  endfacet
  facet normal 0.258802 -0.96593 0
    outer loop
      vertex -9.92294 34.6054 119.5
      vertex -8.70919 34.9306 101.467
      vertex -8.70919 34.9306 119.5
    endloop
  endfacet
  facet normal 0.258306 -0.966063 -3.57805e-05
    outer loop
      vertex -9.92294 34.6054 119.5
      vertex -8.83749 34.8963 101.337
      vertex -8.70919 34.9306 101.467
    endloop
  endfacet
  facet normal 0.259201 -0.965823 2.15706e-05
    outer loop
      vertex -9.92294 34.6054 119.5
      vertex -8.99174 34.8549 101.183
      vertex -8.83749 34.8963 101.337
    endloop
  endfacet
  facet normal 0.258722 -0.965952 -4.55024e-06
    outer loop
      vertex -9.92294 34.6054 119.5
      vertex -9.28931 34.7752 100.864
      vertex -8.99174 34.8549 101.183
    endloop
  endfacet
  facet normal 0.258827 -0.965924 -7.1989e-07
    outer loop
      vertex -9.92294 34.6054 119.5
      vertex -9.57555 34.6985 100.535
      vertex -9.28931 34.7752 100.864
    endloop
  endfacet
  facet normal 0.258905 -0.965903 8.17317e-07
    outer loop
      vertex -9.92294 34.6054 119.5
      vertex -9.85013 34.6249 100.196
      vertex -9.57555 34.6985 100.535
    endloop
  endfacet
  facet normal 0.258703 -0.965957 0
    outer loop
      vertex -9.85013 34.6249 100.196
      vertex -9.92294 34.6054 119.5
      vertex -9.92294 34.6054 100.099
    endloop
  endfacet
  facet normal -0.906331 -0.422567 0
    outer loop
      vertex 32.8876 14.6425 3
      vertex 32.3566 15.7814 119.5
      vertex 32.3566 15.7814 3
    endloop
  endfacet
  facet normal -0.906331 -0.422567 0
    outer loop
      vertex 32.3566 15.7814 119.5
      vertex 32.8876 14.6425 3
      vertex 32.8876 14.6425 119.5
    endloop
  endfacet
  facet normal 0.945518 0.325571 0
    outer loop
      vertex -33.8289 -12.3127 119.5
      vertex -34.238 -11.1246 3
      vertex -34.238 -11.1246 119.5
    endloop
  endfacet
  facet normal 0.945518 0.325571 0
    outer loop
      vertex -34.238 -11.1246 3
      vertex -33.8289 -12.3127 119.5
      vertex -33.8289 -12.3127 3
    endloop
  endfacet
  facet normal -0.682006 -0.731346 0
    outer loop
      vertex 24.0887 26.7532 3
      vertex 25.0077 25.8962 119.5
      vertex 24.0887 26.7532 119.5
    endloop
  endfacet
  facet normal -0.682006 -0.731346 -0
    outer loop
      vertex 25.0077 25.8962 119.5
      vertex 24.0887 26.7532 3
      vertex 25.0077 25.8962 3
    endloop
  endfacet
  facet normal -0.731346 0.682006 0
    outer loop
      vertex 25.8962 -25.0077 3
      vertex 26.7532 -24.0887 119.5
      vertex 26.7532 -24.0887 3
    endloop
  endfacet
  facet normal -0.731346 0.682006 0
    outer loop
      vertex 26.7532 -24.0887 119.5
      vertex 25.8962 -25.0077 3
      vertex 25.8962 -25.0077 119.5
    endloop
  endfacet
  facet normal 0.999848 0.0174284 0
    outer loop
      vertex -35.9781 -1.25638 119.5
      vertex -36 0 3
      vertex -36 0 119.5
    endloop
  endfacet
  facet normal 0.999848 0.0174284 0
    outer loop
      vertex -36 0 3
      vertex -35.9781 -1.25638 119.5
      vertex -35.9781 -1.25638 3
    endloop
  endfacet
  facet normal 0.81915 0.57358 0
    outer loop
      vertex -29.1246 -21.1603 119.5
      vertex -29.8454 -20.1309 3
      vertex -29.8454 -20.1309 119.5
    endloop
  endfacet
  facet normal 0.81915 0.57358 0
    outer loop
      vertex -29.8454 -20.1309 3
      vertex -29.1246 -21.1603 119.5
      vertex -29.1246 -21.1603 3
    endloop
  endfacet
  facet normal -0.629304 -0.77716 0
    outer loop
      vertex 22.1638 28.3684 3
      vertex 23.1404 27.5776 119.5
      vertex 22.1638 28.3684 119.5
    endloop
  endfacet
  facet normal -0.629304 -0.77716 -0
    outer loop
      vertex 23.1404 27.5776 119.5
      vertex 22.1638 28.3684 3
      vertex 23.1404 27.5776 3
    endloop
  endfacet
  facet normal 0.57358 -0.81915 0
    outer loop
      vertex -21.1603 29.1246 3
      vertex -20.1309 29.8454 119.5
      vertex -21.1603 29.1246 119.5
    endloop
  endfacet
  facet normal 0.57358 -0.81915 0
    outer loop
      vertex -20.1309 29.8454 119.5
      vertex -21.1603 29.1246 3
      vertex -20.1309 29.8454 3
    endloop
  endfacet
  facet normal -0.190835 -0.981622 0
    outer loop
      vertex 7.48482 35.2133 3
      vertex 6.25133 35.4531 81.6755
      vertex 6.25133 35.4531 3
    endloop
  endfacet
  facet normal -0.190971 -0.981596 -2.2075e-06
    outer loop
      vertex 6.25133 35.4531 81.6755
      vertex 7.48482 35.2133 3
      vertex 6.62398 35.3806 81.8994
    endloop
  endfacet
  facet normal -0.190738 -0.981641 4.28506e-07
    outer loop
      vertex 6.62398 35.3806 81.8994
      vertex 7.48482 35.2133 3
      vertex 6.9899 35.3095 82.137
    endloop
  endfacet
  facet normal -0.190879 -0.981614 -4.8714e-07
    outer loop
      vertex 6.9899 35.3095 82.137
      vertex 7.48482 35.2133 3
      vertex 7.34731 35.24 82.3873
    endloop
  endfacet
  facet normal -0.190608 -0.981666 0
    outer loop
      vertex 7.34731 35.24 82.3873
      vertex 7.48482 35.2133 3
      vertex 7.48482 35.2133 82.4909
    endloop
  endfacet
  facet normal -0.190835 -0.981622 0
    outer loop
      vertex 6.25133 35.4531 103.946
      vertex 7.48482 35.2133 119.5
      vertex 6.25133 35.4531 119.5
    endloop
  endfacet
  facet normal -0.190835 -0.981622 -0
    outer loop
      vertex 7.48482 35.2133 119.5
      vertex 6.25133 35.4531 103.946
      vertex 7.48482 35.2133 102.702
    endloop
  endfacet
  facet normal -0.945518 -0.325571 0
    outer loop
      vertex 34.238 11.1246 3
      vertex 33.8289 12.3127 119.5
      vertex 33.8289 12.3127 3
    endloop
  endfacet
  facet normal -0.945518 -0.325571 0
    outer loop
      vertex 33.8289 12.3127 119.5
      vertex 34.238 11.1246 3
      vertex 34.238 11.1246 119.5
    endloop
  endfacet
  facet normal -0.890995 0.454013 0
    outer loop
      vertex 31.7861 -16.901 3
      vertex 32.3566 -15.7814 119.5
      vertex 32.3566 -15.7814 3
    endloop
  endfacet
  facet normal -0.890995 0.454013 0
    outer loop
      vertex 32.3566 -15.7814 119.5
      vertex 31.7861 -16.901 3
      vertex 31.7861 -16.901 119.5
    endloop
  endfacet
  facet normal 0.0524757 -0.998622 0
    outer loop
      vertex -2.51123 35.9123 3
      vertex -2.17059 35.9302 80.1899
      vertex -2.51123 35.9123 80.2561
    endloop
  endfacet
  facet normal 0.0521407 -0.99864 1.4828e-06
    outer loop
      vertex -2.51123 35.9123 3
      vertex -1.73965 35.9527 80.1217
      vertex -2.17059 35.9302 80.1899
    endloop
  endfacet
  facet normal 0.0523457 -0.998629 -5.74641e-07
    outer loop
      vertex -2.51123 35.9123 3
      vertex -1.30659 35.9754 80.0685
      vertex -1.73965 35.9527 80.1217
    endloop
  endfacet
  facet normal 0.0536947 -0.998557 -2.1718e-05
    outer loop
      vertex -2.51123 35.9123 3
      vertex -1.25638 35.9781 80.0641
      vertex -1.30659 35.9754 80.0685
    endloop
  endfacet
  facet normal 0.0523646 -0.998628 0
    outer loop
      vertex -1.25638 35.9781 80.0641
      vertex -2.51123 35.9123 3
      vertex -1.25638 35.9781 3
    endloop
  endfacet
  facet normal 0.0523646 -0.998628 0
    outer loop
      vertex -2.51123 35.9123 119.5
      vertex -1.25638 35.9781 108.983
      vertex -1.25638 35.9781 119.5
    endloop
  endfacet
  facet normal 0.0523646 -0.998628 0
    outer loop
      vertex -1.25638 35.9781 108.983
      vertex -2.51123 35.9123 119.5
      vertex -2.51123 35.9123 107.717
    endloop
  endfacet
  facet normal -0.920502 0.390738 0
    outer loop
      vertex 32.8876 -14.6425 3
      vertex 33.3786 -13.4858 119.5
      vertex 33.3786 -13.4858 3
    endloop
  endfacet
  facet normal -0.920502 0.390738 0
    outer loop
      vertex 33.3786 -13.4858 119.5
      vertex 32.8876 -14.6425 3
      vertex 32.8876 -14.6425 119.5
    endloop
  endfacet
  facet normal 0.77716 -0.629304 0
    outer loop
      vertex -28.3684 22.1638 119.5
      vertex -27.5776 23.1404 3
      vertex -27.5776 23.1404 119.5
    endloop
  endfacet
  facet normal 0.77716 -0.629304 0
    outer loop
      vertex -27.5776 23.1404 3
      vertex -28.3684 22.1638 119.5
      vertex -28.3684 22.1638 3
    endloop
  endfacet
  facet normal -0.515046 0.857163 0
    outer loop
      vertex 19.0771 -30.5297 3
      vertex 18 -31.1769 119.5
      vertex 19.0771 -30.5297 119.5
    endloop
  endfacet
  facet normal -0.515046 0.857163 0
    outer loop
      vertex 18 -31.1769 119.5
      vertex 19.0771 -30.5297 3
      vertex 18 -31.1769 3
    endloop
  endfacet
  facet normal -0.838687 0.544613 0
    outer loop
      vertex 29.8454 -20.1309 3
      vertex 30.5297 -19.0771 119.5
      vertex 30.5297 -19.0771 3
    endloop
  endfacet
  facet normal -0.838687 0.544613 0
    outer loop
      vertex 30.5297 -19.0771 119.5
      vertex 29.8454 -20.1309 3
      vertex 29.8454 -20.1309 119.5
    endloop
  endfacet
  facet normal 0.390738 0.920502 -0
    outer loop
      vertex -13.4858 -33.3786 3
      vertex -14.6425 -32.8876 119.5
      vertex -13.4858 -33.3786 119.5
    endloop
  endfacet
  facet normal 0.390738 0.920502 0
    outer loop
      vertex -14.6425 -32.8876 119.5
      vertex -13.4858 -33.3786 3
      vertex -14.6425 -32.8876 3
    endloop
  endfacet
  facet normal -0.933583 0.35836 0
    outer loop
      vertex 33.3786 -13.4858 3
      vertex 33.8289 -12.3127 119.5
      vertex 33.8289 -12.3127 3
    endloop
  endfacet
  facet normal -0.933583 0.35836 0
    outer loop
      vertex 33.8289 -12.3127 119.5
      vertex 33.3786 -13.4858 3
      vertex 33.3786 -13.4858 119.5
    endloop
  endfacet
  facet normal -0.99255 0.121839 0
    outer loop
      vertex 35.6497 -5.01023 3
      vertex 35.8028 -3.76302 119.5
      vertex 35.8028 -3.76302 3
    endloop
  endfacet
  facet normal -0.99255 0.121839 0
    outer loop
      vertex 35.8028 -3.76302 119.5
      vertex 35.6497 -5.01023 3
      vertex 35.6497 -5.01023 119.5
    endloop
  endfacet
  facet normal 0.874615 -0.484818 0
    outer loop
      vertex -31.7861 16.901 119.5
      vertex -31.1769 18 3
      vertex -31.1769 18 119.5
    endloop
  endfacet
  facet normal 0.874615 -0.484818 0
    outer loop
      vertex -31.1769 18 3
      vertex -31.7861 16.901 119.5
      vertex -31.7861 16.901 3
    endloop
  endfacet
  facet normal 0.484818 -0.874615 0
    outer loop
      vertex -18 31.1769 3
      vertex -16.901 31.7861 119.5
      vertex -18 31.1769 119.5
    endloop
  endfacet
  facet normal 0.484818 -0.874615 0
    outer loop
      vertex -16.901 31.7861 119.5
      vertex -18 31.1769 3
      vertex -16.901 31.7861 3
    endloop
  endfacet
  facet normal 0.148704 -0.988882 0
    outer loop
      vertex -6.25133 35.4531 3
      vertex -6.25 35.4533 81.6747
      vertex -6.25133 35.4531 81.6755
    endloop
  endfacet
  facet normal 0.156331 -0.987705 -1.31921e-07
    outer loop
      vertex -6.25133 35.4531 3
      vertex -5.86839 35.5137 81.4632
      vertex -6.25 35.4533 81.6747
    endloop
  endfacet
  facet normal 0.1565 -0.987678 -9.7698e-07
    outer loop
      vertex -6.25133 35.4531 3
      vertex -5.47963 35.5753 81.2651
      vertex -5.86839 35.5137 81.4632
    endloop
  endfacet
  facet normal 0.156362 -0.9877 4.16992e-07
    outer loop
      vertex -6.25133 35.4531 3
      vertex -5.0842 35.6379 81.0807
      vertex -5.47963 35.5753 81.2651
    endloop
  endfacet
  facet normal 0.157525 -0.987515 -1.74112e-05
    outer loop
      vertex -6.25133 35.4531 3
      vertex -5.01023 35.6497 81.0493
      vertex -5.0842 35.6379 81.0807
    endloop
  endfacet
  facet normal 0.156457 -0.987685 0
    outer loop
      vertex -5.01023 35.6497 81.0493
      vertex -6.25133 35.4531 3
      vertex -5.01023 35.6497 3
    endloop
  endfacet
  facet normal 0.156457 -0.987685 0
    outer loop
      vertex -6.25133 35.4531 119.5
      vertex -5.01023 35.6497 105.197
      vertex -5.01023 35.6497 119.5
    endloop
  endfacet
  facet normal 0.156457 -0.987685 0
    outer loop
      vertex -5.01023 35.6497 105.197
      vertex -6.25133 35.4531 119.5
      vertex -6.25133 35.4531 103.946
    endloop
  endfacet
  facet normal -0.874615 0.484818 0
    outer loop
      vertex 31.1769 -18 3
      vertex 31.7861 -16.901 119.5
      vertex 31.7861 -16.901 3
    endloop
  endfacet
  facet normal -0.874615 0.484818 0
    outer loop
      vertex 31.7861 -16.901 119.5
      vertex 31.1769 -18 3
      vertex 31.1769 -18 119.5
    endloop
  endfacet
  facet normal -0.390738 -0.920502 0
    outer loop
      vertex 13.4858 33.3786 3
      vertex 14.6425 32.8876 119.5
      vertex 13.4858 33.3786 119.5
    endloop
  endfacet
  facet normal -0.390738 -0.920502 -0
    outer loop
      vertex 14.6425 32.8876 119.5
      vertex 13.4858 33.3786 3
      vertex 14.6425 32.8876 3
    endloop
  endfacet
  facet normal -0.890995 -0.454013 0
    outer loop
      vertex 32.3566 15.7814 3
      vertex 31.7861 16.901 119.5
      vertex 31.7861 16.901 3
    endloop
  endfacet
  facet normal -0.890995 -0.454013 0
    outer loop
      vertex 31.7861 16.901 119.5
      vertex 32.3566 15.7814 3
      vertex 32.3566 15.7814 119.5
    endloop
  endfacet
  facet normal -0.629304 0.77716 0
    outer loop
      vertex 23.1404 -27.5776 3
      vertex 22.1638 -28.3684 119.5
      vertex 23.1404 -27.5776 119.5
    endloop
  endfacet
  facet normal -0.629304 0.77716 0
    outer loop
      vertex 22.1638 -28.3684 119.5
      vertex 23.1404 -27.5776 3
      vertex 22.1638 -28.3684 3
    endloop
  endfacet
  facet normal 0.656084 -0.754688 0
    outer loop
      vertex -24.0887 26.7532 3
      vertex -23.1404 27.5776 119.5
      vertex -24.0887 26.7532 119.5
    endloop
  endfacet
  facet normal 0.656084 -0.754688 0
    outer loop
      vertex -23.1404 27.5776 119.5
      vertex -24.0887 26.7532 3
      vertex -23.1404 27.5776 3
    endloop
  endfacet
  facet normal 0.0174257 -0.999848 0
    outer loop
      vertex -1.25638 35.9781 3
      vertex -0.871948 35.9848 80.0305
      vertex -1.25638 35.9781 80.0641
    endloop
  endfacet
  facet normal 0.01744 -0.999848 -7.14593e-08
    outer loop
      vertex -1.25638 35.9781 3
      vertex -0.436234 35.9924 80.0076
      vertex -0.871948 35.9848 80.0305
    endloop
  endfacet
  facet normal 0.0174192 -0.999848 1.49878e-07
    outer loop
      vertex -1.25638 35.9781 3
      vertex 0 36 80
      vertex -0.436234 35.9924 80.0076
    endloop
  endfacet
  facet normal 0.0174284 -0.999848 0
    outer loop
      vertex 0 36 80
      vertex -1.25638 35.9781 3
      vertex 0 36 3
    endloop
  endfacet
  facet normal 0.0174284 -0.999848 0
    outer loop
      vertex -1.25638 35.9781 119.5
      vertex 0 36 110.25
      vertex 0 36 119.5
    endloop
  endfacet
  facet normal 0.0174284 -0.999848 0
    outer loop
      vertex 0 36 110.25
      vertex -1.25638 35.9781 119.5
      vertex -1.25638 35.9781 108.983
    endloop
  endfacet
  facet normal -0.754688 0.656084 0
    outer loop
      vertex 26.7532 -24.0887 3
      vertex 27.5776 -23.1404 119.5
      vertex 27.5776 -23.1404 3
    endloop
  endfacet
  facet normal -0.754688 0.656084 0
    outer loop
      vertex 27.5776 -23.1404 119.5
      vertex 26.7532 -24.0887 3
      vertex 26.7532 -24.0887 119.5
    endloop
  endfacet
  facet normal -0.956301 0.292383 0
    outer loop
      vertex 34.238 -11.1246 3
      vertex 34.6054 -9.92294 119.5
      vertex 34.6054 -9.92294 3
    endloop
  endfacet
  facet normal -0.956301 0.292383 0
    outer loop
      vertex 34.6054 -9.92294 119.5
      vertex 34.238 -11.1246 3
      vertex 34.238 -11.1246 119.5
    endloop
  endfacet
  facet normal -0.156457 0.987685 0
    outer loop
      vertex 6.25133 -35.4531 3
      vertex 5.01023 -35.6497 119.5
      vertex 6.25133 -35.4531 119.5
    endloop
  endfacet
  facet normal -0.156457 0.987685 0
    outer loop
      vertex 5.01023 -35.6497 119.5
      vertex 6.25133 -35.4531 3
      vertex 5.01023 -35.6497 3
    endloop
  endfacet
  facet normal -0.981622 -0.190835 0
    outer loop
      vertex 35.4531 6.25133 3
      vertex 35.2133 7.48482 119.5
      vertex 35.2133 7.48482 3
    endloop
  endfacet
  facet normal -0.981622 -0.190835 0
    outer loop
      vertex 35.2133 7.48482 119.5
      vertex 35.4531 6.25133 3
      vertex 35.4531 6.25133 119.5
    endloop
  endfacet
  facet normal -0.0523646 -0.998628 0
    outer loop
      vertex 2.51123 35.9123 3
      vertex 1.25638 35.9781 80.0641
      vertex 1.25638 35.9781 3
    endloop
  endfacet
  facet normal -0.0536947 -0.998557 -2.1718e-05
    outer loop
      vertex 1.25638 35.9781 80.0641
      vertex 2.51123 35.9123 3
      vertex 1.30659 35.9754 80.0685
    endloop
  endfacet
  facet normal -0.0523457 -0.998629 -5.74641e-07
    outer loop
      vertex 1.30659 35.9754 80.0685
      vertex 2.51123 35.9123 3
      vertex 1.73965 35.9527 80.1217
    endloop
  endfacet
  facet normal -0.0521407 -0.99864 1.4828e-06
    outer loop
      vertex 1.73965 35.9527 80.1217
      vertex 2.51123 35.9123 3
      vertex 2.17059 35.9302 80.1899
    endloop
  endfacet
  facet normal -0.0524757 -0.998622 0
    outer loop
      vertex 2.17059 35.9302 80.1899
      vertex 2.51123 35.9123 3
      vertex 2.51123 35.9123 80.2561
    endloop
  endfacet
  facet normal -0.0523646 -0.998628 0
    outer loop
      vertex 1.25638 35.9781 108.983
      vertex 2.51123 35.9123 119.5
      vertex 1.25638 35.9781 119.5
    endloop
  endfacet
  facet normal -0.0523646 -0.998628 -0
    outer loop
      vertex 2.51123 35.9123 119.5
      vertex 1.25638 35.9781 108.983
      vertex 2.51123 35.9123 107.717
    endloop
  endfacet
  facet normal -0.0174192 -0.999848 0
    outer loop
      vertex 0 36 3
      vertex 0.436234 35.9924 80.0076
      vertex 0 36 80
    endloop
  endfacet
  facet normal -0.0174284 -0.999848 5.20495e-08
    outer loop
      vertex 1.25638 35.9781 3
      vertex 0.436234 35.9924 80.0076
      vertex 0 36 3
    endloop
  endfacet
  facet normal -0.01744 -0.999848 -7.14593e-08
    outer loop
      vertex 0.436234 35.9924 80.0076
      vertex 1.25638 35.9781 3
      vertex 0.871948 35.9848 80.0305
    endloop
  endfacet
  facet normal -0.0174257 -0.999848 0
    outer loop
      vertex 0.871948 35.9848 80.0305
      vertex 1.25638 35.9781 3
      vertex 1.25638 35.9781 80.0641
    endloop
  endfacet
  facet normal -0.0174284 -0.999848 0
    outer loop
      vertex 0 36 110.25
      vertex 1.25638 35.9781 119.5
      vertex 0 36 119.5
    endloop
  endfacet
  facet normal -0.0174284 -0.999848 -0
    outer loop
      vertex 1.25638 35.9781 119.5
      vertex 0 36 110.25
      vertex 1.25638 35.9781 108.983
    endloop
  endfacet
  facet normal 0.629304 -0.77716 0
    outer loop
      vertex -23.1404 27.5776 3
      vertex -22.1638 28.3684 119.5
      vertex -23.1404 27.5776 119.5
    endloop
  endfacet
  facet normal 0.629304 -0.77716 0
    outer loop
      vertex -22.1638 28.3684 119.5
      vertex -23.1404 27.5776 3
      vertex -22.1638 28.3684 3
    endloop
  endfacet
  facet normal -0.484818 -0.874615 0
    outer loop
      vertex 16.901 31.7861 3
      vertex 18 31.1769 119.5
      vertex 16.901 31.7861 119.5
    endloop
  endfacet
  facet normal -0.484818 -0.874615 -0
    outer loop
      vertex 18 31.1769 119.5
      vertex 16.901 31.7861 3
      vertex 18 31.1769 3
    endloop
  endfacet
  facet normal -0.998628 0.0523646 0
    outer loop
      vertex 35.9123 -2.51123 3
      vertex 35.9781 -1.25638 119.5
      vertex 35.9781 -1.25638 3
    endloop
  endfacet
  facet normal -0.998628 0.0523646 0
    outer loop
      vertex 35.9781 -1.25638 119.5
      vertex 35.9123 -2.51123 3
      vertex 35.9123 -2.51123 119.5
    endloop
  endfacet
  facet normal -0.454013 -0.890995 0
    outer loop
      vertex 15.7814 32.3566 3
      vertex 16.901 31.7861 119.5
      vertex 15.7814 32.3566 119.5
    endloop
  endfacet
  facet normal -0.454013 -0.890995 -0
    outer loop
      vertex 16.901 31.7861 119.5
      vertex 15.7814 32.3566 3
      vertex 16.901 31.7861 3
    endloop
  endfacet
  facet normal -0.087142 -0.996196 0
    outer loop
      vertex 3.76302 35.8028 3
      vertex 2.51123 35.9123 80.2561
      vertex 2.51123 35.9123 3
    endloop
  endfacet
  facet normal -0.0875013 -0.996164 -5.86715e-06
    outer loop
      vertex 2.51123 35.9123 80.2561
      vertex 3.76302 35.8028 3
      vertex 2.59889 35.9046 80.2732
    endloop
  endfacet
  facet normal -0.0871694 -0.996194 -8.28072e-07
    outer loop
      vertex 2.59889 35.9046 80.2732
      vertex 3.76302 35.8028 3
      vertex 3.02402 35.8674 80.3713
    endloop
  endfacet
  facet normal -0.0869869 -0.996209 9.28512e-07
    outer loop
      vertex 3.02402 35.8674 80.3713
      vertex 3.76302 35.8028 3
      vertex 3.44547 35.8306 80.4842
    endloop
  endfacet
  facet normal -0.0872117 -0.99619 0
    outer loop
      vertex 3.44547 35.8306 80.4842
      vertex 3.76302 35.8028 3
      vertex 3.76302 35.8028 80.5813
    endloop
  endfacet
  facet normal -0.087142 -0.996196 0
    outer loop
      vertex 2.51123 35.9123 107.717
      vertex 3.76302 35.8028 119.5
      vertex 2.51123 35.9123 119.5
    endloop
  endfacet
  facet normal -0.087142 -0.996196 -0
    outer loop
      vertex 3.76302 35.8028 119.5
      vertex 2.51123 35.9123 107.717
      vertex 3.76302 35.8028 106.455
    endloop
  endfacet
  facet normal 0.0872117 -0.99619 0
    outer loop
      vertex -3.76302 35.8028 3
      vertex -3.44547 35.8306 80.4842
      vertex -3.76302 35.8028 80.5813
    endloop
  endfacet
  facet normal 0.0869869 -0.996209 9.28512e-07
    outer loop
      vertex -3.76302 35.8028 3
      vertex -3.02402 35.8674 80.3713
      vertex -3.44547 35.8306 80.4842
    endloop
  endfacet
  facet normal 0.0871694 -0.996194 -8.28072e-07
    outer loop
      vertex -3.76302 35.8028 3
      vertex -2.59889 35.9046 80.2732
      vertex -3.02402 35.8674 80.3713
    endloop
  endfacet
  facet normal 0.0875013 -0.996164 -5.86715e-06
    outer loop
      vertex -3.76302 35.8028 3
      vertex -2.51123 35.9123 80.2561
      vertex -2.59889 35.9046 80.2732
    endloop
  endfacet
  facet normal 0.087142 -0.996196 0
    outer loop
      vertex -2.51123 35.9123 80.2561
      vertex -3.76302 35.8028 3
      vertex -2.51123 35.9123 3
    endloop
  endfacet
  facet normal 0.087142 -0.996196 0
    outer loop
      vertex -3.76302 35.8028 119.5
      vertex -2.51123 35.9123 107.717
      vertex -2.51123 35.9123 119.5
    endloop
  endfacet
  facet normal 0.087142 -0.996196 0
    outer loop
      vertex -2.51123 35.9123 107.717
      vertex -3.76302 35.8028 119.5
      vertex -3.76302 35.8028 106.455
    endloop
  endfacet
  facet normal -0.121839 0.99255 0
    outer loop
      vertex 5.01023 -35.6497 3
      vertex 3.76302 -35.8028 119.5
      vertex 5.01023 -35.6497 119.5
    endloop
  endfacet
  facet normal -0.121839 0.99255 0
    outer loop
      vertex 3.76302 -35.8028 119.5
      vertex 5.01023 -35.6497 3
      vertex 3.76302 -35.8028 3
    endloop
  endfacet
  facet normal -0.515046 -0.857163 0
    outer loop
      vertex 18 31.1769 3
      vertex 19.0771 30.5297 119.5
      vertex 18 31.1769 119.5
    endloop
  endfacet
  facet normal -0.515046 -0.857163 -0
    outer loop
      vertex 19.0771 30.5297 119.5
      vertex 18 31.1769 3
      vertex 19.0771 30.5297 3
    endloop
  endfacet
  facet normal 0.35836 0.933583 -0
    outer loop
      vertex -12.3127 -33.8289 3
      vertex -13.4858 -33.3786 119.5
      vertex -12.3127 -33.8289 119.5
    endloop
  endfacet
  facet normal 0.35836 0.933583 0
    outer loop
      vertex -13.4858 -33.3786 119.5
      vertex -12.3127 -33.8289 3
      vertex -13.4858 -33.3786 3
    endloop
  endfacet
  facet normal -0.0523646 0.998628 0
    outer loop
      vertex 2.51123 -35.9123 3
      vertex 1.25638 -35.9781 119.5
      vertex 2.51123 -35.9123 119.5
    endloop
  endfacet
  facet normal -0.0523646 0.998628 0
    outer loop
      vertex 1.25638 -35.9781 119.5
      vertex 2.51123 -35.9123 3
      vertex 1.25638 -35.9781 3
    endloop
  endfacet
  facet normal 0.544613 -0.838687 0
    outer loop
      vertex -20.1309 29.8454 3
      vertex -19.0771 30.5297 119.5
      vertex -20.1309 29.8454 119.5
    endloop
  endfacet
  facet normal 0.544613 -0.838687 0
    outer loop
      vertex -19.0771 30.5297 119.5
      vertex -20.1309 29.8454 3
      vertex -19.0771 30.5297 3
    endloop
  endfacet
  facet normal 0.945518 -0.325571 0
    outer loop
      vertex -34.238 11.1246 119.5
      vertex -33.8289 12.3127 3
      vertex -33.8289 12.3127 119.5
    endloop
  endfacet
  facet normal 0.945518 -0.325571 0
    outer loop
      vertex -33.8289 12.3127 3
      vertex -34.238 11.1246 119.5
      vertex -34.238 11.1246 3
    endloop
  endfacet
  facet normal -0.35836 -0.933583 0
    outer loop
      vertex 12.3127 33.8289 94.654
      vertex 13.4858 33.3786 119.5
      vertex 12.3127 33.8289 119.5
    endloop
  endfacet
  facet normal -0.358543 -0.933513 9.90024e-06
    outer loop
      vertex 12.3783 33.8037 94.2397
      vertex 13.4858 33.3786 119.5
      vertex 12.3127 33.8289 94.654
    endloop
  endfacet
  facet normal -0.358119 -0.933676 -1.14283e-05
    outer loop
      vertex 12.4315 33.7833 93.8066
      vertex 13.4858 33.3786 119.5
      vertex 12.3783 33.8037 94.2397
    endloop
  endfacet
  facet normal -0.358558 -0.933508 9.22671e-06
    outer loop
      vertex 12.4695 33.7687 93.3719
      vertex 13.4858 33.3786 119.5
      vertex 12.4315 33.7833 93.8066
    endloop
  endfacet
  facet normal -0.356511 -0.934291 -8.20921e-05
    outer loop
      vertex 12.4924 33.76 92.9362
      vertex 13.4858 33.3786 119.5
      vertex 12.4695 33.7687 93.3719
    endloop
  endfacet
  facet normal -0.361214 -0.932483 0.00011973
    outer loop
      vertex 12.5 33.757 92.5
      vertex 13.4858 33.3786 119.5
      vertex 12.4924 33.76 92.9362
    endloop
  endfacet
  facet normal -0.350231 -0.936663 -0.000339823
    outer loop
      vertex 12.4924 33.76 92.0638
      vertex 13.4858 33.3786 119.5
      vertex 12.5 33.757 92.5
    endloop
  endfacet
  facet normal -0.35836 -0.933583 0
    outer loop
      vertex 13.4858 33.3786 3
      vertex 12.3127 33.8289 90.346
      vertex 12.3127 33.8289 3
    endloop
  endfacet
  facet normal -0.358579 -0.933499 -3.37002e-06
    outer loop
      vertex 12.3127 33.8289 90.346
      vertex 13.4858 33.3786 3
      vertex 12.3783 33.8037 90.7603
    endloop
  endfacet
  facet normal -0.358067 -0.933696 4.04779e-06
    outer loop
      vertex 12.3783 33.8037 90.7603
      vertex 13.4858 33.3786 3
      vertex 12.4315 33.7833 91.1934
    endloop
  endfacet
  facet normal -0.358615 -0.933485 -3.47455e-06
    outer loop
      vertex 12.4315 33.7833 91.1934
      vertex 13.4858 33.3786 3
      vertex 12.4695 33.7687 91.6281
    endloop
  endfacet
  facet normal -0.355721 -0.934592 3.45806e-05
    outer loop
      vertex 12.4695 33.7687 91.6281
      vertex 13.4858 33.3786 3
      vertex 12.4924 33.76 92.0638
    endloop
  endfacet
  facet normal -0.358425 -0.933559 0
    outer loop
      vertex 12.4924 33.76 92.0638
      vertex 13.4858 33.3786 3
      vertex 13.4858 33.3786 119.5
    endloop
  endfacet
  facet normal 0.996196 0.087142 0
    outer loop
      vertex -35.8028 -3.76302 119.5
      vertex -35.9123 -2.51123 3
      vertex -35.9123 -2.51123 119.5
    endloop
  endfacet
  facet normal 0.996196 0.087142 0
    outer loop
      vertex -35.9123 -2.51123 3
      vertex -35.8028 -3.76302 119.5
      vertex -35.8028 -3.76302 3
    endloop
  endfacet
  facet normal -0.656084 -0.754688 0
    outer loop
      vertex 23.1404 27.5776 3
      vertex 24.0887 26.7532 119.5
      vertex 23.1404 27.5776 119.5
    endloop
  endfacet
  facet normal -0.656084 -0.754688 -0
    outer loop
      vertex 24.0887 26.7532 119.5
      vertex 23.1404 27.5776 3
      vertex 24.0887 26.7532 3
    endloop
  endfacet
  facet normal -0.996196 0.087142 0
    outer loop
      vertex 35.8028 -3.76302 3
      vertex 35.9123 -2.51123 119.5
      vertex 35.9123 -2.51123 3
    endloop
  endfacet
  facet normal -0.996196 0.087142 0
    outer loop
      vertex 35.9123 -2.51123 119.5
      vertex 35.8028 -3.76302 3
      vertex 35.8028 -3.76302 119.5
    endloop
  endfacet
  facet normal -0.77716 0.629304 0
    outer loop
      vertex 27.5776 -23.1404 3
      vertex 28.3684 -22.1638 119.5
      vertex 28.3684 -22.1638 3
    endloop
  endfacet
  facet normal -0.77716 0.629304 0
    outer loop
      vertex 28.3684 -22.1638 119.5
      vertex 27.5776 -23.1404 3
      vertex 27.5776 -23.1404 119.5
    endloop
  endfacet
  facet normal 0.81915 -0.57358 0
    outer loop
      vertex -29.8454 20.1309 119.5
      vertex -29.1246 21.1603 3
      vertex -29.1246 21.1603 119.5
    endloop
  endfacet
  facet normal 0.81915 -0.57358 0
    outer loop
      vertex -29.1246 21.1603 3
      vertex -29.8454 20.1309 119.5
      vertex -29.8454 20.1309 3
    endloop
  endfacet
  facet normal -0.544613 -0.838687 0
    outer loop
      vertex 19.0771 30.5297 3
      vertex 20.1309 29.8454 119.5
      vertex 19.0771 30.5297 119.5
    endloop
  endfacet
  facet normal -0.544613 -0.838687 -0
    outer loop
      vertex 20.1309 29.8454 119.5
      vertex 19.0771 30.5297 3
      vertex 20.1309 29.8454 3
    endloop
  endfacet
  facet normal 0.0523646 0.998628 -0
    outer loop
      vertex -1.25638 -35.9781 3
      vertex -2.51123 -35.9123 119.5
      vertex -1.25638 -35.9781 119.5
    endloop
  endfacet
  facet normal 0.0523646 0.998628 0
    outer loop
      vertex -2.51123 -35.9123 119.5
      vertex -1.25638 -35.9781 3
      vertex -2.51123 -35.9123 3
    endloop
  endfacet
  facet normal 0.998628 -0.0523646 0
    outer loop
      vertex -35.9781 1.25638 119.5
      vertex -35.9123 2.51123 3
      vertex -35.9123 2.51123 119.5
    endloop
  endfacet
  facet normal 0.998628 -0.0523646 0
    outer loop
      vertex -35.9123 2.51123 3
      vertex -35.9781 1.25638 119.5
      vertex -35.9781 1.25638 3
    endloop
  endfacet
  facet normal -0.857163 0.515046 0
    outer loop
      vertex 30.5297 -19.0771 3
      vertex 31.1769 -18 119.5
      vertex 31.1769 -18 3
    endloop
  endfacet
  facet normal -0.857163 0.515046 0
    outer loop
      vertex 31.1769 -18 119.5
      vertex 30.5297 -19.0771 3
      vertex 30.5297 -19.0771 119.5
    endloop
  endfacet
  facet normal -0.601819 0.798632 0
    outer loop
      vertex 22.1638 -28.3684 3
      vertex 21.1603 -29.1246 119.5
      vertex 22.1638 -28.3684 119.5
    endloop
  endfacet
  facet normal -0.601819 0.798632 0
    outer loop
      vertex 21.1603 -29.1246 119.5
      vertex 22.1638 -28.3684 3
      vertex 21.1603 -29.1246 3
    endloop
  endfacet
  facet normal -0.81915 -0.57358 0
    outer loop
      vertex 29.8454 20.1309 3
      vertex 29.1246 21.1603 119.5
      vertex 29.1246 21.1603 3
    endloop
  endfacet
  facet normal -0.81915 -0.57358 0
    outer loop
      vertex 29.1246 21.1603 119.5
      vertex 29.8454 20.1309 3
      vertex 29.8454 20.1309 119.5
    endloop
  endfacet
  facet normal 0.838687 0.544613 0
    outer loop
      vertex -29.8454 -20.1309 119.5
      vertex -30.5297 -19.0771 3
      vertex -30.5297 -19.0771 119.5
    endloop
  endfacet
  facet normal 0.838687 0.544613 0
    outer loop
      vertex -30.5297 -19.0771 3
      vertex -29.8454 -20.1309 119.5
      vertex -29.8454 -20.1309 3
    endloop
  endfacet
  facet normal -0.35836 0.933583 0
    outer loop
      vertex 13.4858 -33.3786 3
      vertex 12.3127 -33.8289 119.5
      vertex 13.4858 -33.3786 119.5
    endloop
  endfacet
  facet normal -0.35836 0.933583 0
    outer loop
      vertex 12.3127 -33.8289 119.5
      vertex 13.4858 -33.3786 3
      vertex 12.3127 -33.8289 3
    endloop
  endfacet
  facet normal -0.57358 -0.81915 0
    outer loop
      vertex 20.1309 29.8454 3
      vertex 21.1603 29.1246 119.5
      vertex 20.1309 29.8454 119.5
    endloop
  endfacet
  facet normal -0.57358 -0.81915 -0
    outer loop
      vertex 21.1603 29.1246 119.5
      vertex 20.1309 29.8454 3
      vertex 21.1603 29.1246 3
    endloop
  endfacet
  facet normal -0.987685 -0.156457 0
    outer loop
      vertex 35.6497 5.01023 3
      vertex 35.4531 6.25133 119.5
      vertex 35.4531 6.25133 3
    endloop
  endfacet
  facet normal -0.987685 -0.156457 0
    outer loop
      vertex 35.4531 6.25133 119.5
      vertex 35.6497 5.01023 3
      vertex 35.6497 5.01023 119.5
    endloop
  endfacet
  facet normal -0.601819 -0.798632 0
    outer loop
      vertex 21.1603 29.1246 3
      vertex 22.1638 28.3684 119.5
      vertex 21.1603 29.1246 119.5
    endloop
  endfacet
  facet normal -0.601819 -0.798632 -0
    outer loop
      vertex 22.1638 28.3684 119.5
      vertex 21.1603 29.1246 3
      vertex 22.1638 28.3684 3
    endloop
  endfacet
  facet normal -0.422567 0.906331 0
    outer loop
      vertex 15.7814 -32.3566 3
      vertex 14.6425 -32.8876 119.5
      vertex 15.7814 -32.3566 119.5
    endloop
  endfacet
  facet normal -0.422567 0.906331 0
    outer loop
      vertex 14.6425 -32.8876 119.5
      vertex 15.7814 -32.3566 3
      vertex 14.6425 -32.8876 3
    endloop
  endfacet
  facet normal 0.981622 0.190835 0
    outer loop
      vertex -35.2133 -7.48482 119.5
      vertex -35.4531 -6.25133 3
      vertex -35.4531 -6.25133 119.5
    endloop
  endfacet
  facet normal 0.981622 0.190835 0
    outer loop
      vertex -35.4531 -6.25133 3
      vertex -35.2133 -7.48482 119.5
      vertex -35.2133 -7.48482 3
    endloop
  endfacet
  facet normal 0.754688 0.656084 0
    outer loop
      vertex -26.7532 -24.0887 119.5
      vertex -27.5776 -23.1404 3
      vertex -27.5776 -23.1404 119.5
    endloop
  endfacet
  facet normal 0.754688 0.656084 0
    outer loop
      vertex -27.5776 -23.1404 3
      vertex -26.7532 -24.0887 119.5
      vertex -26.7532 -24.0887 3
    endloop
  endfacet
  facet normal -0.258802 0.96593 0
    outer loop
      vertex 9.92294 -34.6054 3
      vertex 8.70919 -34.9306 119.5
      vertex 9.92294 -34.6054 119.5
    endloop
  endfacet
  facet normal -0.258802 0.96593 0
    outer loop
      vertex 8.70919 -34.9306 119.5
      vertex 9.92294 -34.6054 3
      vertex 8.70919 -34.9306 3
    endloop
  endfacet
  facet normal 0.933583 -0.35836 0
    outer loop
      vertex -33.8289 12.3127 119.5
      vertex -33.3786 13.4858 3
      vertex -33.3786 13.4858 119.5
    endloop
  endfacet
  facet normal 0.933583 -0.35836 0
    outer loop
      vertex -33.3786 13.4858 3
      vertex -33.8289 12.3127 119.5
      vertex -33.8289 12.3127 3
    endloop
  endfacet
  facet normal 0.996196 -0.087142 0
    outer loop
      vertex -35.9123 2.51123 119.5
      vertex -35.8028 3.76302 3
      vertex -35.8028 3.76302 119.5
    endloop
  endfacet
  facet normal 0.996196 -0.087142 0
    outer loop
      vertex -35.8028 3.76302 3
      vertex -35.9123 2.51123 119.5
      vertex -35.9123 2.51123 3
    endloop
  endfacet
  facet normal -0.190835 0.981622 0
    outer loop
      vertex 7.48482 -35.2133 3
      vertex 6.25133 -35.4531 119.5
      vertex 7.48482 -35.2133 119.5
    endloop
  endfacet
  facet normal -0.190835 0.981622 0
    outer loop
      vertex 6.25133 -35.4531 119.5
      vertex 7.48482 -35.2133 3
      vertex 6.25133 -35.4531 3
    endloop
  endfacet
  facet normal 0.601819 -0.798632 0
    outer loop
      vertex -22.1638 28.3684 3
      vertex -21.1603 29.1246 119.5
      vertex -22.1638 28.3684 119.5
    endloop
  endfacet
  facet normal 0.601819 -0.798632 0
    outer loop
      vertex -21.1603 29.1246 119.5
      vertex -22.1638 28.3684 3
      vertex -21.1603 29.1246 3
    endloop
  endfacet
  facet normal 0.920502 -0.390738 0
    outer loop
      vertex -33.3786 13.4858 119.5
      vertex -32.8876 14.6425 3
      vertex -32.8876 14.6425 119.5
    endloop
  endfacet
  facet normal 0.920502 -0.390738 0
    outer loop
      vertex -32.8876 14.6425 3
      vertex -33.3786 13.4858 119.5
      vertex -33.3786 13.4858 3
    endloop
  endfacet
  facet normal 0.292383 0.956301 -0
    outer loop
      vertex -9.92294 -34.6054 3
      vertex -11.1246 -34.238 119.5
      vertex -9.92294 -34.6054 119.5
    endloop
  endfacet
  facet normal 0.292383 0.956301 0
    outer loop
      vertex -11.1246 -34.238 119.5
      vertex -9.92294 -34.6054 3
      vertex -11.1246 -34.238 3
    endloop
  endfacet
  facet normal 0.857163 -0.515046 0
    outer loop
      vertex -31.1769 18 119.5
      vertex -30.5297 19.0771 3
      vertex -30.5297 19.0771 119.5
    endloop
  endfacet
  facet normal 0.857163 -0.515046 0
    outer loop
      vertex -30.5297 19.0771 3
      vertex -31.1769 18 119.5
      vertex -31.1769 18 3
    endloop
  endfacet
  facet normal 0.96593 0.258802 0
    outer loop
      vertex -34.6054 -9.92294 119.5
      vertex -34.9306 -8.70919 3
      vertex -34.9306 -8.70919 119.5
    endloop
  endfacet
  facet normal 0.96593 0.258802 0
    outer loop
      vertex -34.9306 -8.70919 3
      vertex -34.6054 -9.92294 119.5
      vertex -34.6054 -9.92294 3
    endloop
  endfacet
  facet normal 0.96593 -0.258802 0
    outer loop
      vertex -34.9306 8.70919 119.5
      vertex -34.6054 9.92294 3
      vertex -34.6054 9.92294 119.5
    endloop
  endfacet
  facet normal 0.96593 -0.258802 0
    outer loop
      vertex -34.6054 9.92294 3
      vertex -34.9306 8.70919 119.5
      vertex -34.9306 8.70919 3
    endloop
  endfacet
  facet normal 0.987685 -0.156457 0
    outer loop
      vertex -35.6497 5.01023 119.5
      vertex -35.4531 6.25133 3
      vertex -35.4531 6.25133 119.5
    endloop
  endfacet
  facet normal 0.987685 -0.156457 0
    outer loop
      vertex -35.4531 6.25133 3
      vertex -35.6497 5.01023 119.5
      vertex -35.6497 5.01023 3
    endloop
  endfacet
  facet normal -0.945518 0.325571 0
    outer loop
      vertex 33.8289 -12.3127 3
      vertex 34.238 -11.1246 119.5
      vertex 34.238 -11.1246 3
    endloop
  endfacet
  facet normal -0.945518 0.325571 0
    outer loop
      vertex 34.238 -11.1246 119.5
      vertex 33.8289 -12.3127 3
      vertex 33.8289 -12.3127 119.5
    endloop
  endfacet
  facet normal -0.422567 -0.906331 0
    outer loop
      vertex 14.6425 32.8876 3
      vertex 15.7814 32.3566 119.5
      vertex 14.6425 32.8876 119.5
    endloop
  endfacet
  facet normal -0.422567 -0.906331 -0
    outer loop
      vertex 15.7814 32.3566 119.5
      vertex 14.6425 32.8876 3
      vertex 15.7814 32.3566 3
    endloop
  endfacet
  facet normal 0.998628 0.0523646 0
    outer loop
      vertex -35.9123 -2.51123 119.5
      vertex -35.9781 -1.25638 3
      vertex -35.9781 -1.25638 119.5
    endloop
  endfacet
  facet normal 0.998628 0.0523646 0
    outer loop
      vertex -35.9781 -1.25638 3
      vertex -35.9123 -2.51123 119.5
      vertex -35.9123 -2.51123 3
    endloop
  endfacet
  facet normal -0.731346 -0.682006 0
    outer loop
      vertex 26.7532 24.0887 3
      vertex 25.8962 25.0077 119.5
      vertex 25.8962 25.0077 3
    endloop
  endfacet
  facet normal -0.731346 -0.682006 0
    outer loop
      vertex 25.8962 25.0077 119.5
      vertex 26.7532 24.0887 3
      vertex 26.7532 24.0887 119.5
    endloop
  endfacet
  facet normal 0.974364 0.224975 0
    outer loop
      vertex -34.9306 -8.70919 119.5
      vertex -35.2133 -7.48482 3
      vertex -35.2133 -7.48482 119.5
    endloop
  endfacet
  facet normal 0.974364 0.224975 0
    outer loop
      vertex -35.2133 -7.48482 3
      vertex -34.9306 -8.70919 119.5
      vertex -34.9306 -8.70919 3
    endloop
  endfacet
  facet normal -0.707107 -0.707107 0
    outer loop
      vertex 25.8962 25.0077 3
      vertex 25.0077 25.8962 119.5
      vertex 25.0077 25.8962 3
    endloop
  endfacet
  facet normal -0.707107 -0.707107 0
    outer loop
      vertex 25.0077 25.8962 119.5
      vertex 25.8962 25.0077 3
      vertex 25.8962 25.0077 119.5
    endloop
  endfacet
  facet normal -0.987685 0.156457 0
    outer loop
      vertex 35.4531 -6.25133 3
      vertex 35.6497 -5.01023 119.5
      vertex 35.6497 -5.01023 3
    endloop
  endfacet
  facet normal -0.987685 0.156457 0
    outer loop
      vertex 35.6497 -5.01023 119.5
      vertex 35.4531 -6.25133 3
      vertex 35.4531 -6.25133 119.5
    endloop
  endfacet
  facet normal -0.682006 0.731346 0
    outer loop
      vertex 25.0077 -25.8962 3
      vertex 24.0887 -26.7532 119.5
      vertex 25.0077 -25.8962 119.5
    endloop
  endfacet
  facet normal -0.682006 0.731346 0
    outer loop
      vertex 24.0887 -26.7532 119.5
      vertex 25.0077 -25.8962 3
      vertex 24.0887 -26.7532 3
    endloop
  endfacet
  facet normal -0.754688 -0.656084 0
    outer loop
      vertex 27.5776 23.1404 3
      vertex 26.7532 24.0887 119.5
      vertex 26.7532 24.0887 3
    endloop
  endfacet
  facet normal -0.754688 -0.656084 0
    outer loop
      vertex 26.7532 24.0887 119.5
      vertex 27.5776 23.1404 3
      vertex 27.5776 23.1404 119.5
    endloop
  endfacet
  facet normal 0.515046 -0.857163 0
    outer loop
      vertex -19.0771 30.5297 3
      vertex -18 31.1769 119.5
      vertex -19.0771 30.5297 119.5
    endloop
  endfacet
  facet normal 0.515046 -0.857163 0
    outer loop
      vertex -18 31.1769 119.5
      vertex -19.0771 30.5297 3
      vertex -18 31.1769 3
    endloop
  endfacet
  facet normal -0.325571 0.945518 0
    outer loop
      vertex 12.3127 -33.8289 3
      vertex 11.1246 -34.238 119.5
      vertex 12.3127 -33.8289 119.5
    endloop
  endfacet
  facet normal -0.325571 0.945518 0
    outer loop
      vertex 11.1246 -34.238 119.5
      vertex 12.3127 -33.8289 3
      vertex 11.1246 -34.238 3
    endloop
  endfacet
  facet normal -0.087142 0.996196 0
    outer loop
      vertex 3.76302 -35.8028 3
      vertex 2.51123 -35.9123 119.5
      vertex 3.76302 -35.8028 119.5
    endloop
  endfacet
  facet normal -0.087142 0.996196 0
    outer loop
      vertex 2.51123 -35.9123 119.5
      vertex 3.76302 -35.8028 3
      vertex 2.51123 -35.9123 3
    endloop
  endfacet
  facet normal 0.292938 -0.956132 0
    outer loop
      vertex -11.1246 34.238 3
      vertex -11.0368 34.2649 86.6316
      vertex -11.1246 34.238 86.8039
    endloop
  endfacet
  facet normal 0.292117 -0.956383 9.42805e-07
    outer loop
      vertex -11.1246 34.238 3
      vertex -10.8253 34.3295 86.25
      vertex -11.0368 34.2649 86.6316
    endloop
  endfacet
  facet normal 0.292381 -0.956302 -9.45213e-08
    outer loop
      vertex -11.1246 34.238 3
      vertex -10.6006 34.3982 85.876
      vertex -10.8253 34.3295 86.25
    endloop
  endfacet
  facet normal 0.292584 -0.95624 -1.50435e-06
    outer loop
      vertex -11.1246 34.238 3
      vertex -10.363 34.4709 85.5101
      vertex -10.6006 34.3982 85.876
    endloop
  endfacet
  facet normal 0.292288 -0.95633 1.48401e-06
    outer loop
      vertex -11.1246 34.238 3
      vertex -10.1127 34.5474 85.1527
      vertex -10.363 34.4709 85.5101
    endloop
  endfacet
  facet normal 0.292302 -0.956326 1.30036e-06
    outer loop
      vertex -11.1246 34.238 3
      vertex -9.92294 34.6054 84.9009
      vertex -10.1127 34.5474 85.1527
    endloop
  endfacet
  facet normal 0.292383 -0.956301 0
    outer loop
      vertex -9.92294 34.6054 84.9009
      vertex -11.1246 34.238 3
      vertex -9.92294 34.6054 3
    endloop
  endfacet
  facet normal 0.292383 -0.956301 0
    outer loop
      vertex -11.1246 34.238 119.5
      vertex -9.92294 34.6054 100.099
      vertex -9.92294 34.6054 119.5
    endloop
  endfacet
  facet normal 0.292307 -0.956325 -5.17146e-06
    outer loop
      vertex -11.1246 34.238 119.5
      vertex -10.1127 34.5474 99.8473
      vertex -9.92294 34.6054 100.099
    endloop
  endfacet
  facet normal 0.292294 -0.956328 -5.88025e-06
    outer loop
      vertex -11.1246 34.238 119.5
      vertex -10.363 34.4709 99.4899
      vertex -10.1127 34.5474 99.8473
    endloop
  endfacet
  facet normal 0.292578 -0.956242 5.94294e-06
    outer loop
      vertex -11.1246 34.238 119.5
      vertex -10.6006 34.3982 99.124
      vertex -10.363 34.4709 99.4899
    endloop
  endfacet
  facet normal 0.29238 -0.956302 3.72549e-07
    outer loop
      vertex -11.1246 34.238 119.5
      vertex -10.8253 34.3295 98.75
      vertex -10.6006 34.3982 99.124
    endloop
  endfacet
  facet normal 0.292121 -0.956381 -3.71054e-06
    outer loop
      vertex -11.1246 34.238 119.5
      vertex -11.0368 34.2649 98.3684
      vertex -10.8253 34.3295 98.75
    endloop
  endfacet
  facet normal 0.292938 -0.956132 0
    outer loop
      vertex -11.0368 34.2649 98.3684
      vertex -11.1246 34.238 119.5
      vertex -11.1246 34.238 98.1961
    endloop
  endfacet
  facet normal 0.99255 0.121839 0
    outer loop
      vertex -35.6497 -5.01023 119.5
      vertex -35.8028 -3.76302 3
      vertex -35.8028 -3.76302 119.5
    endloop
  endfacet
  facet normal 0.99255 0.121839 0
    outer loop
      vertex -35.8028 -3.76302 3
      vertex -35.6497 -5.01023 119.5
      vertex -35.6497 -5.01023 3
    endloop
  endfacet
  facet normal -0.454013 0.890995 0
    outer loop
      vertex 16.901 -31.7861 3
      vertex 15.7814 -32.3566 119.5
      vertex 16.901 -31.7861 119.5
    endloop
  endfacet
  facet normal -0.454013 0.890995 0
    outer loop
      vertex 15.7814 -32.3566 119.5
      vertex 16.901 -31.7861 3
      vertex 15.7814 -32.3566 3
    endloop
  endfacet
  facet normal -0.707107 0.707107 0
    outer loop
      vertex 25.0077 -25.8962 3
      vertex 25.8962 -25.0077 119.5
      vertex 25.8962 -25.0077 3
    endloop
  endfacet
  facet normal -0.707107 0.707107 0
    outer loop
      vertex 25.8962 -25.0077 119.5
      vertex 25.0077 -25.8962 3
      vertex 25.0077 -25.8962 119.5
    endloop
  endfacet
  facet normal 0.77716 0.629304 0
    outer loop
      vertex -27.5776 -23.1404 119.5
      vertex -28.3684 -22.1638 3
      vertex -28.3684 -22.1638 119.5
    endloop
  endfacet
  facet normal 0.77716 0.629304 0
    outer loop
      vertex -28.3684 -22.1638 3
      vertex -27.5776 -23.1404 119.5
      vertex -27.5776 -23.1404 3
    endloop
  endfacet
  facet normal 0.987685 0.156457 0
    outer loop
      vertex -35.4531 -6.25133 119.5
      vertex -35.6497 -5.01023 3
      vertex -35.6497 -5.01023 119.5
    endloop
  endfacet
  facet normal 0.987685 0.156457 0
    outer loop
      vertex -35.6497 -5.01023 3
      vertex -35.4531 -6.25133 119.5
      vertex -35.4531 -6.25133 3
    endloop
  endfacet
  facet normal 0.999848 -0.0174284 0
    outer loop
      vertex -36 0 119.5
      vertex -35.9781 1.25638 3
      vertex -35.9781 1.25638 119.5
    endloop
  endfacet
  facet normal 0.999848 -0.0174284 0
    outer loop
      vertex -35.9781 1.25638 3
      vertex -36 0 119.5
      vertex -36 0 3
    endloop
  endfacet
  facet normal 0.225188 -0.974315 0
    outer loop
      vertex -8.70919 34.9306 3
      vertex -8.68323 34.9366 83.5083
      vertex -8.70919 34.9306 83.5342
    endloop
  endfacet
  facet normal 0.225031 -0.974352 5.33835e-08
    outer loop
      vertex -8.70919 34.9306 3
      vertex -8.36412 35.0103 83.2107
      vertex -8.68323 34.9366 83.5083
    endloop
  endfacet
  facet normal 0.224895 -0.974383 6.72461e-07
    outer loop
      vertex -8.70919 34.9306 3
      vertex -8.03484 35.0863 82.9245
      vertex -8.36412 35.0103 83.2107
    endloop
  endfacet
  facet normal 0.224998 -0.974359 -2.44572e-07
    outer loop
      vertex -8.70919 34.9306 3
      vertex -7.69576 35.1646 82.6499
      vertex -8.03484 35.0863 82.9245
    endloop
  endfacet
  facet normal 0.224954 -0.974369 3.40003e-07
    outer loop
      vertex -8.70919 34.9306 3
      vertex -7.48482 35.2133 82.4909
      vertex -7.69576 35.1646 82.6499
    endloop
  endfacet
  facet normal 0.224975 -0.974364 0
    outer loop
      vertex -7.48482 35.2133 82.4909
      vertex -8.70919 34.9306 3
      vertex -7.48482 35.2133 3
    endloop
  endfacet
  facet normal 0.224975 -0.974364 0
    outer loop
      vertex -8.70919 34.9306 119.5
      vertex -7.48482 35.2133 102.702
      vertex -7.48482 35.2133 119.5
    endloop
  endfacet
  facet normal 0.224975 -0.974364 0
    outer loop
      vertex -7.48482 35.2133 102.702
      vertex -8.70919 34.9306 119.5
      vertex -8.70919 34.9306 101.467
    endloop
  endfacet
  facet normal 0.981622 -0.190835 0
    outer loop
      vertex -35.4531 6.25133 119.5
      vertex -35.2133 7.48482 3
      vertex -35.2133 7.48482 119.5
    endloop
  endfacet
  facet normal 0.981622 -0.190835 0
    outer loop
      vertex -35.2133 7.48482 3
      vertex -35.4531 6.25133 119.5
      vertex -35.4531 6.25133 3
    endloop
  endfacet
  facet normal -0.121839 -0.99255 0
    outer loop
      vertex 5.01023 35.6497 3
      vertex 3.76302 35.8028 80.5813
      vertex 3.76302 35.8028 3
    endloop
  endfacet
  facet normal -0.121487 -0.992593 5.75349e-06
    outer loop
      vertex 3.76302 35.8028 80.5813
      vertex 5.01023 35.6497 3
      vertex 3.8627 35.7906 80.6118
    endloop
  endfacet
  facet normal -0.121979 -0.992533 -1.63109e-06
    outer loop
      vertex 3.8627 35.7906 80.6118
      vertex 5.01023 35.6497 3
      vertex 4.27524 35.7399 80.7538
    endloop
  endfacet
  facet normal -0.121836 -0.99255 -2.60234e-07
    outer loop
      vertex 4.27524 35.7399 80.7538
      vertex 5.01023 35.6497 3
      vertex 4.68257 35.6899 80.9102
    endloop
  endfacet
  facet normal -0.121775 -0.992558 0
    outer loop
      vertex 4.68257 35.6899 80.9102
      vertex 5.01023 35.6497 3
      vertex 5.01023 35.6497 81.0493
    endloop
  endfacet
  facet normal -0.121839 -0.99255 0
    outer loop
      vertex 3.76302 35.8028 106.455
      vertex 5.01023 35.6497 119.5
      vertex 3.76302 35.8028 119.5
    endloop
  endfacet
  facet normal -0.121839 -0.99255 -0
    outer loop
      vertex 5.01023 35.6497 119.5
      vertex 3.76302 35.8028 106.455
      vertex 5.01023 35.6497 105.197
    endloop
  endfacet
  facet normal -0.906331 0.422567 0
    outer loop
      vertex 32.3566 -15.7814 3
      vertex 32.8876 -14.6425 119.5
      vertex 32.8876 -14.6425 3
    endloop
  endfacet
  facet normal -0.906331 0.422567 0
    outer loop
      vertex 32.8876 -14.6425 119.5
      vertex 32.3566 -15.7814 3
      vertex 32.3566 -15.7814 119.5
    endloop
  endfacet
  facet normal 0.121775 -0.992558 0
    outer loop
      vertex -5.01023 35.6497 3
      vertex -4.68257 35.6899 80.9102
      vertex -5.01023 35.6497 81.0493
    endloop
  endfacet
  facet normal 0.121836 -0.99255 -2.60234e-07
    outer loop
      vertex -5.01023 35.6497 3
      vertex -4.27524 35.7399 80.7538
      vertex -4.68257 35.6899 80.9102
    endloop
  endfacet
  facet normal 0.121979 -0.992533 -1.63109e-06
    outer loop
      vertex -5.01023 35.6497 3
      vertex -3.8627 35.7906 80.6118
      vertex -4.27524 35.7399 80.7538
    endloop
  endfacet
  facet normal 0.121487 -0.992593 5.75349e-06
    outer loop
      vertex -5.01023 35.6497 3
      vertex -3.76302 35.8028 80.5813
      vertex -3.8627 35.7906 80.6118
    endloop
  endfacet
  facet normal 0.121839 -0.99255 0
    outer loop
      vertex -3.76302 35.8028 80.5813
      vertex -5.01023 35.6497 3
      vertex -3.76302 35.8028 3
    endloop
  endfacet
  facet normal 0.121839 -0.99255 0
    outer loop
      vertex -5.01023 35.6497 119.5
      vertex -3.76302 35.8028 106.455
      vertex -3.76302 35.8028 119.5
    endloop
  endfacet
  facet normal 0.121839 -0.99255 0
    outer loop
      vertex -3.76302 35.8028 106.455
      vertex -5.01023 35.6497 119.5
      vertex -5.01023 35.6497 105.197
    endloop
  endfacet
  facet normal -0.484818 0.874615 0
    outer loop
      vertex 18 -31.1769 3
      vertex 16.901 -31.7861 119.5
      vertex 18 -31.1769 119.5
    endloop
  endfacet
  facet normal -0.484818 0.874615 0
    outer loop
      vertex 16.901 -31.7861 119.5
      vertex 18 -31.1769 3
      vertex 16.901 -31.7861 3
    endloop
  endfacet
  facet normal 0.874615 0.484818 0
    outer loop
      vertex -31.1769 -18 119.5
      vertex -31.7861 -16.901 3
      vertex -31.7861 -16.901 119.5
    endloop
  endfacet
  facet normal 0.874615 0.484818 0
    outer loop
      vertex -31.7861 -16.901 3
      vertex -31.1769 -18 119.5
      vertex -31.1769 -18 3
    endloop
  endfacet
  facet normal 0 0 1
    outer loop
      vertex 35.9781 1.25638 3
      vertex 35.9781 -1.25638 3
      vertex 36 0 3
    endloop
  endfacet
  facet normal 0 0 1
    outer loop
      vertex 35.9123 2.51123 3
      vertex 35.9781 -1.25638 3
      vertex 35.9781 1.25638 3
    endloop
  endfacet
  facet normal 0 0 1
    outer loop
      vertex 35.9123 2.51123 3
      vertex 35.9123 -2.51123 3
      vertex 35.9781 -1.25638 3
    endloop
  endfacet
  facet normal 0 0 1
    outer loop
      vertex 35.8028 3.76302 3
      vertex 35.9123 -2.51123 3
      vertex 35.9123 2.51123 3
    endloop
  endfacet
  facet normal 0 0 1
    outer loop
      vertex 35.8028 3.76302 3
      vertex 35.8028 -3.76302 3
      vertex 35.9123 -2.51123 3
    endloop
  endfacet
  facet normal 0 0 1
    outer loop
      vertex 35.6497 5.01023 3
      vertex 35.8028 -3.76302 3
      vertex 35.8028 3.76302 3
    endloop
  endfacet
  facet normal 0 0 1
    outer loop
      vertex 35.6497 5.01023 3
      vertex 35.6497 -5.01023 3
      vertex 35.8028 -3.76302 3
    endloop
  endfacet
  facet normal 0 0 1
    outer loop
      vertex 35.4531 6.25133 3
      vertex 35.6497 -5.01023 3
      vertex 35.6497 5.01023 3
    endloop
  endfacet
  facet normal 0 0 1
    outer loop
      vertex 35.4531 6.25133 3
      vertex 35.4531 -6.25133 3
      vertex 35.6497 -5.01023 3
    endloop
  endfacet
  facet normal 0 0 1
    outer loop
      vertex 35.2133 7.48482 3
      vertex 35.4531 -6.25133 3
      vertex 35.4531 6.25133 3
    endloop
  endfacet
  facet normal 0 0 1
    outer loop
      vertex 35.2133 7.48482 3
      vertex 35.2133 -7.48482 3
      vertex 35.4531 -6.25133 3
    endloop
  endfacet
  facet normal 0 0 1
    outer loop
      vertex 34.9306 8.70919 3
      vertex 35.2133 -7.48482 3
      vertex 35.2133 7.48482 3
    endloop
  endfacet
  facet normal 0 0 1
    outer loop
      vertex 34.9306 8.70919 3
      vertex 34.9306 -8.70919 3
      vertex 35.2133 -7.48482 3
    endloop
  endfacet
  facet normal 0 0 1
    outer loop
      vertex 34.6054 9.92294 3
      vertex 34.9306 -8.70919 3
      vertex 34.9306 8.70919 3
    endloop
  endfacet
  facet normal 0 0 1
    outer loop
      vertex 34.6054 9.92294 3
      vertex 34.6054 -9.92294 3
      vertex 34.9306 -8.70919 3
    endloop
  endfacet
  facet normal 0 0 1
    outer loop
      vertex 34.238 11.1246 3
      vertex 34.6054 -9.92294 3
      vertex 34.6054 9.92294 3
    endloop
  endfacet
  facet normal 0 0 1
    outer loop
      vertex 34.238 11.1246 3
      vertex 34.238 -11.1246 3
      vertex 34.6054 -9.92294 3
    endloop
  endfacet
  facet normal 0 0 1
    outer loop
      vertex 33.8289 12.3127 3
      vertex 34.238 -11.1246 3
      vertex 34.238 11.1246 3
    endloop
  endfacet
  facet normal 0 0 1
    outer loop
      vertex 33.8289 12.3127 3
      vertex 33.8289 -12.3127 3
      vertex 34.238 -11.1246 3
    endloop
  endfacet
  facet normal 0 0 1
    outer loop
      vertex 33.3786 13.4858 3
      vertex 33.8289 -12.3127 3
      vertex 33.8289 12.3127 3
    endloop
  endfacet
  facet normal 0 0 1
    outer loop
      vertex 33.3786 13.4858 3
      vertex 33.3786 -13.4858 3
      vertex 33.8289 -12.3127 3
    endloop
  endfacet
  facet normal 0 0 1
    outer loop
      vertex 32.8876 14.6425 3
      vertex 33.3786 -13.4858 3
      vertex 33.3786 13.4858 3
    endloop
  endfacet
  facet normal 0 0 1
    outer loop
      vertex 32.8876 14.6425 3
      vertex 32.8876 -14.6425 3
      vertex 33.3786 -13.4858 3
    endloop
  endfacet
  facet normal 0 0 1
    outer loop
      vertex 32.3566 15.7814 3
      vertex 32.8876 -14.6425 3
      vertex 32.8876 14.6425 3
    endloop
  endfacet
  facet normal 0 0 1
    outer loop
      vertex 32.3566 15.7814 3
      vertex 32.3566 -15.7814 3
      vertex 32.8876 -14.6425 3
    endloop
  endfacet
  facet normal 0 0 1
    outer loop
      vertex 31.7861 16.901 3
      vertex 32.3566 -15.7814 3
      vertex 32.3566 15.7814 3
    endloop
  endfacet
  facet normal 0 0 1
    outer loop
      vertex 31.7861 16.901 3
      vertex 31.7861 -16.901 3
      vertex 32.3566 -15.7814 3
    endloop
  endfacet
  facet normal 0 0 1
    outer loop
      vertex 31.1769 18 3
      vertex 31.7861 -16.901 3
      vertex 31.7861 16.901 3
    endloop
  endfacet
  facet normal 0 0 1
    outer loop
      vertex 31.1769 18 3
      vertex 31.1769 -18 3
      vertex 31.7861 -16.901 3
    endloop
  endfacet
  facet normal 0 0 1
    outer loop
      vertex 30.5297 19.0771 3
      vertex 31.1769 -18 3
      vertex 31.1769 18 3
    endloop
  endfacet
  facet normal 0 0 1
    outer loop
      vertex 30.5297 19.0771 3
      vertex 30.5297 -19.0771 3
      vertex 31.1769 -18 3
    endloop
  endfacet
  facet normal 0 0 1
    outer loop
      vertex 29.8454 20.1309 3
      vertex 30.5297 -19.0771 3
      vertex 30.5297 19.0771 3
    endloop
  endfacet
  facet normal 0 0 1
    outer loop
      vertex 29.8454 20.1309 3
      vertex 29.8454 -20.1309 3
      vertex 30.5297 -19.0771 3
    endloop
  endfacet
  facet normal 0 0 1
    outer loop
      vertex 29.1246 21.1603 3
      vertex 29.8454 -20.1309 3
      vertex 29.8454 20.1309 3
    endloop
  endfacet
  facet normal 0 0 1
    outer loop
      vertex 29.1246 21.1603 3
      vertex 29.1246 -21.1603 3
      vertex 29.8454 -20.1309 3
    endloop
  endfacet
  facet normal 0 0 1
    outer loop
      vertex 28.3684 22.1638 3
      vertex 29.1246 -21.1603 3
      vertex 29.1246 21.1603 3
    endloop
  endfacet
  facet normal 0 0 1
    outer loop
      vertex 28.3684 22.1638 3
      vertex 28.3684 -22.1638 3
      vertex 29.1246 -21.1603 3
    endloop
  endfacet
  facet normal 0 0 1
    outer loop
      vertex 27.5776 23.1404 3
      vertex 28.3684 -22.1638 3
      vertex 28.3684 22.1638 3
    endloop
  endfacet
  facet normal 0 0 1
    outer loop
      vertex 27.5776 23.1404 3
      vertex 27.5776 -23.1404 3
      vertex 28.3684 -22.1638 3
    endloop
  endfacet
  facet normal 0 0 1
    outer loop
      vertex 26.7532 24.0887 3
      vertex 27.5776 -23.1404 3
      vertex 27.5776 23.1404 3
    endloop
  endfacet
  facet normal 0 0 1
    outer loop
      vertex 26.7532 24.0887 3
      vertex 26.7532 -24.0887 3
      vertex 27.5776 -23.1404 3
    endloop
  endfacet
  facet normal 0 0 1
    outer loop
      vertex 25.8962 25.0077 3
      vertex 26.7532 -24.0887 3
      vertex 26.7532 24.0887 3
    endloop
  endfacet
  facet normal 0 0 1
    outer loop
      vertex 25.8962 25.0077 3
      vertex 25.8962 -25.0077 3
      vertex 26.7532 -24.0887 3
    endloop
  endfacet
  facet normal 0 0 1
    outer loop
      vertex 25.0077 25.8962 3
      vertex 25.8962 -25.0077 3
      vertex 25.8962 25.0077 3
    endloop
  endfacet
  facet normal 0 0 1
    outer loop
      vertex 25.0077 25.8962 3
      vertex 25.0077 -25.8962 3
      vertex 25.8962 -25.0077 3
    endloop
  endfacet
  facet normal 0 0 1
    outer loop
      vertex 24.0887 26.7532 3
      vertex 25.0077 -25.8962 3
      vertex 25.0077 25.8962 3
    endloop
  endfacet
  facet normal 0 0 1
    outer loop
      vertex 24.0887 26.7532 3
      vertex 24.0887 -26.7532 3
      vertex 25.0077 -25.8962 3
    endloop
  endfacet
  facet normal 0 0 1
    outer loop
      vertex 23.1404 27.5776 3
      vertex 24.0887 -26.7532 3
      vertex 24.0887 26.7532 3
    endloop
  endfacet
  facet normal 0 0 1
    outer loop
      vertex 23.1404 27.5776 3
      vertex 23.1404 -27.5776 3
      vertex 24.0887 -26.7532 3
    endloop
  endfacet
  facet normal 0 0 1
    outer loop
      vertex 22.1638 28.3684 3
      vertex 23.1404 -27.5776 3
      vertex 23.1404 27.5776 3
    endloop
  endfacet
  facet normal 0 0 1
    outer loop
      vertex 22.1638 28.3684 3
      vertex 22.1638 -28.3684 3
      vertex 23.1404 -27.5776 3
    endloop
  endfacet
  facet normal 0 0 1
    outer loop
      vertex 21.1603 29.1246 3
      vertex 22.1638 -28.3684 3
      vertex 22.1638 28.3684 3
    endloop
  endfacet
  facet normal 0 0 1
    outer loop
      vertex 21.1603 29.1246 3
      vertex 21.1603 -29.1246 3
      vertex 22.1638 -28.3684 3
    endloop
  endfacet
  facet normal 0 0 1
    outer loop
      vertex 20.1309 29.8454 3
      vertex 21.1603 -29.1246 3
      vertex 21.1603 29.1246 3
    endloop
  endfacet
  facet normal 0 0 1
    outer loop
      vertex 20.1309 29.8454 3
      vertex 20.1309 -29.8454 3
      vertex 21.1603 -29.1246 3
    endloop
  endfacet
  facet normal 0 0 1
    outer loop
      vertex 19.0771 30.5297 3
      vertex 20.1309 -29.8454 3
      vertex 20.1309 29.8454 3
    endloop
  endfacet
  facet normal 0 0 1
    outer loop
      vertex 19.0771 30.5297 3
      vertex 19.0771 -30.5297 3
      vertex 20.1309 -29.8454 3
    endloop
  endfacet
  facet normal 0 0 1
    outer loop
      vertex 18 31.1769 3
      vertex 19.0771 -30.5297 3
      vertex 19.0771 30.5297 3
    endloop
  endfacet
  facet normal 0 0 1
    outer loop
      vertex 18 31.1769 3
      vertex 18 -31.1769 3
      vertex 19.0771 -30.5297 3
    endloop
  endfacet
  facet normal 0 0 1
    outer loop
      vertex 16.901 31.7861 3
      vertex 18 -31.1769 3
      vertex 18 31.1769 3
    endloop
  endfacet
  facet normal 0 0 1
    outer loop
      vertex 16.901 31.7861 3
      vertex 16.901 -31.7861 3
      vertex 18 -31.1769 3
    endloop
  endfacet
  facet normal 0 0 1
    outer loop
      vertex 15.7814 32.3566 3
      vertex 16.901 -31.7861 3
      vertex 16.901 31.7861 3
    endloop
  endfacet
  facet normal 0 0 1
    outer loop
      vertex 15.7814 32.3566 3
      vertex 15.7814 -32.3566 3
      vertex 16.901 -31.7861 3
    endloop
  endfacet
  facet normal 0 0 1
    outer loop
      vertex 14.6425 32.8876 3
      vertex 15.7814 -32.3566 3
      vertex 15.7814 32.3566 3
    endloop
  endfacet
  facet normal 0 0 1
    outer loop
      vertex 14.6425 32.8876 3
      vertex 14.6425 -32.8876 3
      vertex 15.7814 -32.3566 3
    endloop
  endfacet
  facet normal 0 0 1
    outer loop
      vertex 13.4858 33.3786 3
      vertex 14.6425 -32.8876 3
      vertex 14.6425 32.8876 3
    endloop
  endfacet
  facet normal 0 0 1
    outer loop
      vertex 13.4858 33.3786 3
      vertex 13.4858 -33.3786 3
      vertex 14.6425 -32.8876 3
    endloop
  endfacet
  facet normal 0 0 1
    outer loop
      vertex 12.3127 33.8289 3
      vertex 13.4858 -33.3786 3
      vertex 13.4858 33.3786 3
    endloop
  endfacet
  facet normal 0 0 1
    outer loop
      vertex 12.3127 33.8289 3
      vertex 12.3127 -33.8289 3
      vertex 13.4858 -33.3786 3
    endloop
  endfacet
  facet normal 0 0 1
    outer loop
      vertex 11.1246 34.238 3
      vertex 12.3127 -33.8289 3
      vertex 12.3127 33.8289 3
    endloop
  endfacet
  facet normal 0 0 1
    outer loop
      vertex 11.1246 34.238 3
      vertex 11.1246 -34.238 3
      vertex 12.3127 -33.8289 3
    endloop
  endfacet
  facet normal 0 0 1
    outer loop
      vertex 9.92294 34.6054 3
      vertex 11.1246 -34.238 3
      vertex 11.1246 34.238 3
    endloop
  endfacet
  facet normal 0 0 1
    outer loop
      vertex 9.92294 34.6054 3
      vertex 9.92294 -34.6054 3
      vertex 11.1246 -34.238 3
    endloop
  endfacet
  facet normal 0 0 1
    outer loop
      vertex 8.70919 34.9306 3
      vertex 9.92294 -34.6054 3
      vertex 9.92294 34.6054 3
    endloop
  endfacet
  facet normal 0 0 1
    outer loop
      vertex 8.70919 34.9306 3
      vertex 8.70919 -34.9306 3
      vertex 9.92294 -34.6054 3
    endloop
  endfacet
  facet normal 0 0 1
    outer loop
      vertex 7.48482 35.2133 3
      vertex 8.70919 -34.9306 3
      vertex 8.70919 34.9306 3
    endloop
  endfacet
  facet normal 0 0 1
    outer loop
      vertex 7.48482 35.2133 3
      vertex 7.48482 -35.2133 3
      vertex 8.70919 -34.9306 3
    endloop
  endfacet
  facet normal 0 0 1
    outer loop
      vertex 6.25133 35.4531 3
      vertex 7.48482 -35.2133 3
      vertex 7.48482 35.2133 3
    endloop
  endfacet
  facet normal 0 0 1
    outer loop
      vertex 6.25133 35.4531 3
      vertex 6.25133 -35.4531 3
      vertex 7.48482 -35.2133 3
    endloop
  endfacet
  facet normal 0 0 1
    outer loop
      vertex 5.01023 35.6497 3
      vertex 6.25133 -35.4531 3
      vertex 6.25133 35.4531 3
    endloop
  endfacet
  facet normal 0 0 1
    outer loop
      vertex 5.01023 35.6497 3
      vertex 5.01023 -35.6497 3
      vertex 6.25133 -35.4531 3
    endloop
  endfacet
  facet normal 0 0 1
    outer loop
      vertex 3.76302 35.8028 3
      vertex 5.01023 -35.6497 3
      vertex 5.01023 35.6497 3
    endloop
  endfacet
  facet normal 0 0 1
    outer loop
      vertex 3.76302 35.8028 3
      vertex 3.76302 -35.8028 3
      vertex 5.01023 -35.6497 3
    endloop
  endfacet
  facet normal 0 0 1
    outer loop
      vertex 2.51123 35.9123 3
      vertex 3.76302 -35.8028 3
      vertex 3.76302 35.8028 3
    endloop
  endfacet
  facet normal 0 0 1
    outer loop
      vertex 2.51123 35.9123 3
      vertex 2.51123 -35.9123 3
      vertex 3.76302 -35.8028 3
    endloop
  endfacet
  facet normal 0 0 1
    outer loop
      vertex 1.25638 35.9781 3
      vertex 2.51123 -35.9123 3
      vertex 2.51123 35.9123 3
    endloop
  endfacet
  facet normal 0 0 1
    outer loop
      vertex 1.25638 35.9781 3
      vertex 1.25638 -35.9781 3
      vertex 2.51123 -35.9123 3
    endloop
  endfacet
  facet normal 0 0 1
    outer loop
      vertex 0 36 3
      vertex 1.25638 -35.9781 3
      vertex 1.25638 35.9781 3
    endloop
  endfacet
  facet normal 0 0 1
    outer loop
      vertex 0 36 3
      vertex 0 -36 3
      vertex 1.25638 -35.9781 3
    endloop
  endfacet
  facet normal -0 0 1
    outer loop
      vertex -1.25638 35.9781 3
      vertex 0 -36 3
      vertex 0 36 3
    endloop
  endfacet
  facet normal 0 0 1
    outer loop
      vertex -1.25638 35.9781 3
      vertex -1.25638 -35.9781 3
      vertex 0 -36 3
    endloop
  endfacet
  facet normal -0 0 1
    outer loop
      vertex -2.51123 35.9123 3
      vertex -1.25638 -35.9781 3
      vertex -1.25638 35.9781 3
    endloop
  endfacet
  facet normal 0 0 1
    outer loop
      vertex -2.51123 35.9123 3
      vertex -2.51123 -35.9123 3
      vertex -1.25638 -35.9781 3
    endloop
  endfacet
  facet normal -0 0 1
    outer loop
      vertex -3.76302 35.8028 3
      vertex -2.51123 -35.9123 3
      vertex -2.51123 35.9123 3
    endloop
  endfacet
  facet normal 0 0 1
    outer loop
      vertex -3.76302 35.8028 3
      vertex -3.76302 -35.8028 3
      vertex -2.51123 -35.9123 3
    endloop
  endfacet
  facet normal -0 0 1
    outer loop
      vertex -5.01023 35.6497 3
      vertex -3.76302 -35.8028 3
      vertex -3.76302 35.8028 3
    endloop
  endfacet
  facet normal 0 0 1
    outer loop
      vertex -5.01023 35.6497 3
      vertex -5.01023 -35.6497 3
      vertex -3.76302 -35.8028 3
    endloop
  endfacet
  facet normal -0 0 1
    outer loop
      vertex -6.25133 35.4531 3
      vertex -5.01023 -35.6497 3
      vertex -5.01023 35.6497 3
    endloop
  endfacet
  facet normal 0 0 1
    outer loop
      vertex -6.25133 35.4531 3
      vertex -6.25133 -35.4531 3
      vertex -5.01023 -35.6497 3
    endloop
  endfacet
  facet normal -0 0 1
    outer loop
      vertex -7.48482 35.2133 3
      vertex -6.25133 -35.4531 3
      vertex -6.25133 35.4531 3
    endloop
  endfacet
  facet normal 0 0 1
    outer loop
      vertex -7.48482 35.2133 3
      vertex -7.48482 -35.2133 3
      vertex -6.25133 -35.4531 3
    endloop
  endfacet
  facet normal -0 0 1
    outer loop
      vertex -8.70919 34.9306 3
      vertex -7.48482 -35.2133 3
      vertex -7.48482 35.2133 3
    endloop
  endfacet
  facet normal 0 0 1
    outer loop
      vertex -8.70919 34.9306 3
      vertex -8.70919 -34.9306 3
      vertex -7.48482 -35.2133 3
    endloop
  endfacet
  facet normal -0 0 1
    outer loop
      vertex -9.92294 34.6054 3
      vertex -8.70919 -34.9306 3
      vertex -8.70919 34.9306 3
    endloop
  endfacet
  facet normal 0 0 1
    outer loop
      vertex -9.92294 34.6054 3
      vertex -9.92294 -34.6054 3
      vertex -8.70919 -34.9306 3
    endloop
  endfacet
  facet normal -0 0 1
    outer loop
      vertex -11.1246 34.238 3
      vertex -9.92294 -34.6054 3
      vertex -9.92294 34.6054 3
    endloop
  endfacet
  facet normal 0 0 1
    outer loop
      vertex -11.1246 34.238 3
      vertex -11.1246 -34.238 3
      vertex -9.92294 -34.6054 3
    endloop
  endfacet
  facet normal -0 0 1
    outer loop
      vertex -12.3127 33.8289 3
      vertex -11.1246 -34.238 3
      vertex -11.1246 34.238 3
    endloop
  endfacet
  facet normal 0 0 1
    outer loop
      vertex -12.3127 33.8289 3
      vertex -12.3127 -33.8289 3
      vertex -11.1246 -34.238 3
    endloop
  endfacet
  facet normal -0 0 1
    outer loop
      vertex -13.4858 33.3786 3
      vertex -12.3127 -33.8289 3
      vertex -12.3127 33.8289 3
    endloop
  endfacet
  facet normal 0 0 1
    outer loop
      vertex -13.4858 33.3786 3
      vertex -13.4858 -33.3786 3
      vertex -12.3127 -33.8289 3
    endloop
  endfacet
  facet normal -0 0 1
    outer loop
      vertex -14.6425 32.8876 3
      vertex -13.4858 -33.3786 3
      vertex -13.4858 33.3786 3
    endloop
  endfacet
  facet normal 0 0 1
    outer loop
      vertex -14.6425 32.8876 3
      vertex -14.6425 -32.8876 3
      vertex -13.4858 -33.3786 3
    endloop
  endfacet
  facet normal -0 0 1
    outer loop
      vertex -15.7814 32.3566 3
      vertex -14.6425 -32.8876 3
      vertex -14.6425 32.8876 3
    endloop
  endfacet
  facet normal 0 0 1
    outer loop
      vertex -15.7814 32.3566 3
      vertex -15.7814 -32.3566 3
      vertex -14.6425 -32.8876 3
    endloop
  endfacet
  facet normal -0 0 1
    outer loop
      vertex -16.901 31.7861 3
      vertex -15.7814 -32.3566 3
      vertex -15.7814 32.3566 3
    endloop
  endfacet
  facet normal 0 0 1
    outer loop
      vertex -16.901 31.7861 3
      vertex -16.901 -31.7861 3
      vertex -15.7814 -32.3566 3
    endloop
  endfacet
  facet normal -0 0 1
    outer loop
      vertex -18 31.1769 3
      vertex -16.901 -31.7861 3
      vertex -16.901 31.7861 3
    endloop
  endfacet
  facet normal 0 0 1
    outer loop
      vertex -18 31.1769 3
      vertex -18 -31.1769 3
      vertex -16.901 -31.7861 3
    endloop
  endfacet
  facet normal -0 0 1
    outer loop
      vertex -19.0771 30.5297 3
      vertex -18 -31.1769 3
      vertex -18 31.1769 3
    endloop
  endfacet
  facet normal 0 0 1
    outer loop
      vertex -19.0771 30.5297 3
      vertex -19.0771 -30.5297 3
      vertex -18 -31.1769 3
    endloop
  endfacet
  facet normal -0 0 1
    outer loop
      vertex -20.1309 29.8454 3
      vertex -19.0771 -30.5297 3
      vertex -19.0771 30.5297 3
    endloop
  endfacet
  facet normal 0 0 1
    outer loop
      vertex -20.1309 29.8454 3
      vertex -20.1309 -29.8454 3
      vertex -19.0771 -30.5297 3
    endloop
  endfacet
  facet normal -0 0 1
    outer loop
      vertex -21.1603 29.1246 3
      vertex -20.1309 -29.8454 3
      vertex -20.1309 29.8454 3
    endloop
  endfacet
  facet normal 0 0 1
    outer loop
      vertex -21.1603 29.1246 3
      vertex -21.1603 -29.1246 3
      vertex -20.1309 -29.8454 3
    endloop
  endfacet
  facet normal -0 0 1
    outer loop
      vertex -22.1638 28.3684 3
      vertex -21.1603 -29.1246 3
      vertex -21.1603 29.1246 3
    endloop
  endfacet
  facet normal 0 0 1
    outer loop
      vertex -22.1638 28.3684 3
      vertex -22.1638 -28.3684 3
      vertex -21.1603 -29.1246 3
    endloop
  endfacet
  facet normal -0 0 1
    outer loop
      vertex -23.1404 27.5776 3
      vertex -22.1638 -28.3684 3
      vertex -22.1638 28.3684 3
    endloop
  endfacet
  facet normal 0 0 1
    outer loop
      vertex -23.1404 27.5776 3
      vertex -23.1404 -27.5776 3
      vertex -22.1638 -28.3684 3
    endloop
  endfacet
  facet normal -0 0 1
    outer loop
      vertex -24.0887 26.7532 3
      vertex -23.1404 -27.5776 3
      vertex -23.1404 27.5776 3
    endloop
  endfacet
  facet normal 0 0 1
    outer loop
      vertex -24.0887 26.7532 3
      vertex -24.0887 -26.7532 3
      vertex -23.1404 -27.5776 3
    endloop
  endfacet
  facet normal -0 0 1
    outer loop
      vertex -25.0077 25.8962 3
      vertex -24.0887 -26.7532 3
      vertex -24.0887 26.7532 3
    endloop
  endfacet
  facet normal 0 0 1
    outer loop
      vertex -25.0077 25.8962 3
      vertex -25.0077 -25.8962 3
      vertex -24.0887 -26.7532 3
    endloop
  endfacet
  facet normal -0 0 1
    outer loop
      vertex -25.8962 25.0077 3
      vertex -25.0077 -25.8962 3
      vertex -25.0077 25.8962 3
    endloop
  endfacet
  facet normal 0 0 1
    outer loop
      vertex -25.8962 25.0077 3
      vertex -25.8962 -25.0077 3
      vertex -25.0077 -25.8962 3
    endloop
  endfacet
  facet normal -0 0 1
    outer loop
      vertex -26.7532 24.0887 3
      vertex -25.8962 -25.0077 3
      vertex -25.8962 25.0077 3
    endloop
  endfacet
  facet normal 0 0 1
    outer loop
      vertex -26.7532 24.0887 3
      vertex -26.7532 -24.0887 3
      vertex -25.8962 -25.0077 3
    endloop
  endfacet
  facet normal -0 0 1
    outer loop
      vertex -27.5776 23.1404 3
      vertex -26.7532 -24.0887 3
      vertex -26.7532 24.0887 3
    endloop
  endfacet
  facet normal 0 0 1
    outer loop
      vertex -27.5776 23.1404 3
      vertex -27.5776 -23.1404 3
      vertex -26.7532 -24.0887 3
    endloop
  endfacet
  facet normal -0 0 1
    outer loop
      vertex -28.3684 22.1638 3
      vertex -27.5776 -23.1404 3
      vertex -27.5776 23.1404 3
    endloop
  endfacet
  facet normal 0 0 1
    outer loop
      vertex -28.3684 22.1638 3
      vertex -28.3684 -22.1638 3
      vertex -27.5776 -23.1404 3
    endloop
  endfacet
  facet normal -0 0 1
    outer loop
      vertex -29.1246 21.1603 3
      vertex -28.3684 -22.1638 3
      vertex -28.3684 22.1638 3
    endloop
  endfacet
  facet normal 0 0 1
    outer loop
      vertex -29.1246 21.1603 3
      vertex -29.1246 -21.1603 3
      vertex -28.3684 -22.1638 3
    endloop
  endfacet
  facet normal -0 0 1
    outer loop
      vertex -29.8454 20.1309 3
      vertex -29.1246 -21.1603 3
      vertex -29.1246 21.1603 3
    endloop
  endfacet
  facet normal 0 0 1
    outer loop
      vertex -29.8454 20.1309 3
      vertex -29.8454 -20.1309 3
      vertex -29.1246 -21.1603 3
    endloop
  endfacet
  facet normal -0 0 1
    outer loop
      vertex -30.5297 19.0771 3
      vertex -29.8454 -20.1309 3
      vertex -29.8454 20.1309 3
    endloop
  endfacet
  facet normal 0 0 1
    outer loop
      vertex -30.5297 19.0771 3
      vertex -30.5297 -19.0771 3
      vertex -29.8454 -20.1309 3
    endloop
  endfacet
  facet normal -0 0 1
    outer loop
      vertex -31.1769 18 3
      vertex -30.5297 -19.0771 3
      vertex -30.5297 19.0771 3
    endloop
  endfacet
  facet normal 0 0 1
    outer loop
      vertex -31.1769 18 3
      vertex -31.1769 -18 3
      vertex -30.5297 -19.0771 3
    endloop
  endfacet
  facet normal -0 0 1
    outer loop
      vertex -31.7861 16.901 3
      vertex -31.1769 -18 3
      vertex -31.1769 18 3
    endloop
  endfacet
  facet normal 0 0 1
    outer loop
      vertex -31.7861 16.901 3
      vertex -31.7861 -16.901 3
      vertex -31.1769 -18 3
    endloop
  endfacet
  facet normal -0 0 1
    outer loop
      vertex -32.3566 15.7814 3
      vertex -31.7861 -16.901 3
      vertex -31.7861 16.901 3
    endloop
  endfacet
  facet normal 0 0 1
    outer loop
      vertex -32.3566 15.7814 3
      vertex -32.3566 -15.7814 3
      vertex -31.7861 -16.901 3
    endloop
  endfacet
  facet normal -0 0 1
    outer loop
      vertex -32.8876 14.6425 3
      vertex -32.3566 -15.7814 3
      vertex -32.3566 15.7814 3
    endloop
  endfacet
  facet normal 0 0 1
    outer loop
      vertex -32.8876 14.6425 3
      vertex -32.8876 -14.6425 3
      vertex -32.3566 -15.7814 3
    endloop
  endfacet
  facet normal -0 0 1
    outer loop
      vertex -33.3786 13.4858 3
      vertex -32.8876 -14.6425 3
      vertex -32.8876 14.6425 3
    endloop
  endfacet
  facet normal 0 0 1
    outer loop
      vertex -33.3786 13.4858 3
      vertex -33.3786 -13.4858 3
      vertex -32.8876 -14.6425 3
    endloop
  endfacet
  facet normal -0 0 1
    outer loop
      vertex -33.8289 12.3127 3
      vertex -33.3786 -13.4858 3
      vertex -33.3786 13.4858 3
    endloop
  endfacet
  facet normal 0 0 1
    outer loop
      vertex -33.8289 12.3127 3
      vertex -33.8289 -12.3127 3
      vertex -33.3786 -13.4858 3
    endloop
  endfacet
  facet normal -0 0 1
    outer loop
      vertex -34.238 11.1246 3
      vertex -33.8289 -12.3127 3
      vertex -33.8289 12.3127 3
    endloop
  endfacet
  facet normal 0 0 1
    outer loop
      vertex -34.238 11.1246 3
      vertex -34.238 -11.1246 3
      vertex -33.8289 -12.3127 3
    endloop
  endfacet
  facet normal -0 0 1
    outer loop
      vertex -34.6054 9.92294 3
      vertex -34.238 -11.1246 3
      vertex -34.238 11.1246 3
    endloop
  endfacet
  facet normal 0 0 1
    outer loop
      vertex -34.6054 9.92294 3
      vertex -34.6054 -9.92294 3
      vertex -34.238 -11.1246 3
    endloop
  endfacet
  facet normal -0 0 1
    outer loop
      vertex -34.9306 8.70919 3
      vertex -34.6054 -9.92294 3
      vertex -34.6054 9.92294 3
    endloop
  endfacet
  facet normal 0 0 1
    outer loop
      vertex -34.9306 8.70919 3
      vertex -34.9306 -8.70919 3
      vertex -34.6054 -9.92294 3
    endloop
  endfacet
  facet normal -0 0 1
    outer loop
      vertex -35.2133 7.48482 3
      vertex -34.9306 -8.70919 3
      vertex -34.9306 8.70919 3
    endloop
  endfacet
  facet normal 0 0 1
    outer loop
      vertex -35.2133 7.48482 3
      vertex -35.2133 -7.48482 3
      vertex -34.9306 -8.70919 3
    endloop
  endfacet
  facet normal -0 0 1
    outer loop
      vertex -35.4531 6.25133 3
      vertex -35.2133 -7.48482 3
      vertex -35.2133 7.48482 3
    endloop
  endfacet
  facet normal 0 0 1
    outer loop
      vertex -35.4531 6.25133 3
      vertex -35.4531 -6.25133 3
      vertex -35.2133 -7.48482 3
    endloop
  endfacet
  facet normal -0 0 1
    outer loop
      vertex -35.6497 5.01023 3
      vertex -35.4531 -6.25133 3
      vertex -35.4531 6.25133 3
    endloop
  endfacet
  facet normal 0 0 1
    outer loop
      vertex -35.6497 5.01023 3
      vertex -35.6497 -5.01023 3
      vertex -35.4531 -6.25133 3
    endloop
  endfacet
  facet normal -0 0 1
    outer loop
      vertex -35.8028 3.76302 3
      vertex -35.6497 -5.01023 3
      vertex -35.6497 5.01023 3
    endloop
  endfacet
  facet normal 0 0 1
    outer loop
      vertex -35.8028 3.76302 3
      vertex -35.8028 -3.76302 3
      vertex -35.6497 -5.01023 3
    endloop
  endfacet
  facet normal -0 0 1
    outer loop
      vertex -35.9123 2.51123 3
      vertex -35.8028 -3.76302 3
      vertex -35.8028 3.76302 3
    endloop
  endfacet
  facet normal 0 0 1
    outer loop
      vertex -35.9123 2.51123 3
      vertex -35.9123 -2.51123 3
      vertex -35.8028 -3.76302 3
    endloop
  endfacet
  facet normal -0 0 1
    outer loop
      vertex -35.9781 1.25638 3
      vertex -35.9123 -2.51123 3
      vertex -35.9123 2.51123 3
    endloop
  endfacet
  facet normal 0 0 1
    outer loop
      vertex -35.9781 1.25638 3
      vertex -35.9781 -1.25638 3
      vertex -35.9123 -2.51123 3
    endloop
  endfacet
  facet normal 0 -0 1
    outer loop
      vertex -35.9781 -1.25638 3
      vertex -35.9781 1.25638 3
      vertex -36 0 3
    endloop
  endfacet
  facet normal 0.99255 -0.121839 0
    outer loop
      vertex -35.8028 3.76302 119.5
      vertex -35.6497 5.01023 3
      vertex -35.6497 5.01023 119.5
    endloop
  endfacet
  facet normal 0.99255 -0.121839 0
    outer loop
      vertex -35.6497 5.01023 3
      vertex -35.8028 3.76302 119.5
      vertex -35.8028 3.76302 3
    endloop
  endfacet
  facet normal -0.999848 0.0174284 0
    outer loop
      vertex 35.9781 -1.25638 3
      vertex 36 0 119.5
      vertex 36 0 3
    endloop
  endfacet
  facet normal -0.999848 0.0174284 0
    outer loop
      vertex 36 0 119.5
      vertex 35.9781 -1.25638 3
      vertex 35.9781 -1.25638 119.5
    endloop
  endfacet
  facet normal 0.956301 0.292383 0
    outer loop
      vertex -34.238 -11.1246 119.5
      vertex -34.6054 -9.92294 3
      vertex -34.6054 -9.92294 119.5
    endloop
  endfacet
  facet normal 0.956301 0.292383 0
    outer loop
      vertex -34.6054 -9.92294 3
      vertex -34.238 -11.1246 119.5
      vertex -34.238 -11.1246 3
    endloop
  endfacet
  facet normal -0.798632 0.601819 0
    outer loop
      vertex 28.3684 -22.1638 3
      vertex 29.1246 -21.1603 119.5
      vertex 29.1246 -21.1603 3
    endloop
  endfacet
  facet normal -0.798632 0.601819 0
    outer loop
      vertex 29.1246 -21.1603 119.5
      vertex 28.3684 -22.1638 3
      vertex 28.3684 -22.1638 119.5
    endloop
  endfacet
  facet normal -0.933583 -0.35836 0
    outer loop
      vertex 33.8289 12.3127 3
      vertex 33.3786 13.4858 119.5
      vertex 33.3786 13.4858 3
    endloop
  endfacet
  facet normal -0.933583 -0.35836 0
    outer loop
      vertex 33.3786 13.4858 119.5
      vertex 33.8289 12.3127 3
      vertex 33.8289 12.3127 119.5
    endloop
  endfacet
  facet normal 0.258802 0.96593 -0
    outer loop
      vertex -8.70919 -34.9306 3
      vertex -9.92294 -34.6054 119.5
      vertex -8.70919 -34.9306 119.5
    endloop
  endfacet
  facet normal 0.258802 0.96593 0
    outer loop
      vertex -9.92294 -34.6054 119.5
      vertex -8.70919 -34.9306 3
      vertex -9.92294 -34.6054 3
    endloop
  endfacet
  facet normal 0.629304 0.77716 -0
    outer loop
      vertex -22.1638 -28.3684 3
      vertex -23.1404 -27.5776 119.5
      vertex -22.1638 -28.3684 119.5
    endloop
  endfacet
  facet normal 0.629304 0.77716 0
    outer loop
      vertex -23.1404 -27.5776 119.5
      vertex -22.1638 -28.3684 3
      vertex -23.1404 -27.5776 3
    endloop
  endfacet
  facet normal 0.838687 -0.544613 0
    outer loop
      vertex -30.5297 19.0771 119.5
      vertex -29.8454 20.1309 3
      vertex -29.8454 20.1309 119.5
    endloop
  endfacet
  facet normal 0.838687 -0.544613 0
    outer loop
      vertex -29.8454 20.1309 3
      vertex -30.5297 19.0771 119.5
      vertex -30.5297 19.0771 3
    endloop
  endfacet
  facet normal -0.77716 -0.629304 0
    outer loop
      vertex 28.3684 22.1638 3
      vertex 27.5776 23.1404 119.5
      vertex 27.5776 23.1404 3
    endloop
  endfacet
  facet normal -0.77716 -0.629304 0
    outer loop
      vertex 27.5776 23.1404 119.5
      vertex 28.3684 22.1638 3
      vertex 28.3684 22.1638 119.5
    endloop
  endfacet
  facet normal -0.325571 -0.945518 0
    outer loop
      vertex 12.3127 33.8289 3
      vertex 11.1246 34.238 86.8039
      vertex 11.1246 34.238 3
    endloop
  endfacet
  facet normal -0.324977 -0.945722 9.43055e-06
    outer loop
      vertex 11.1246 34.238 86.8039
      vertex 12.3127 33.8289 3
      vertex 11.2349 34.2001 87.0204
    endloop
  endfacet
  facet normal -0.325597 -0.945509 5.33349e-07
    outer loop
      vertex 11.2349 34.2001 87.0204
      vertex 12.3127 33.8289 3
      vertex 11.4193 34.1366 87.4158
    endloop
  endfacet
  facet normal -0.325532 -0.945531 1.29924e-06
    outer loop
      vertex 11.4193 34.1366 87.4158
      vertex 12.3127 33.8289 3
      vertex 11.5898 34.0779 87.8174
    endloop
  endfacet
  facet normal -0.32582 -0.945432 -1.44395e-06
    outer loop
      vertex 11.5898 34.0779 87.8174
      vertex 12.3127 33.8289 3
      vertex 11.7462 34.024 88.2248
    endloop
  endfacet
  facet normal -0.325601 -0.945507 1.80124e-07
    outer loop
      vertex 11.7462 34.024 88.2248
      vertex 12.3127 33.8289 3
      vertex 11.8882 33.9751 88.6373
    endloop
  endfacet
  facet normal -0.325333 -0.945599 1.66649e-06
    outer loop
      vertex 11.8882 33.9751 88.6373
      vertex 12.3127 33.8289 3
      vertex 12.0158 33.9312 89.0545
    endloop
  endfacet
  facet normal -0.325758 -0.945453 2.49797e-08
    outer loop
      vertex 12.0158 33.9312 89.0545
      vertex 12.3127 33.8289 3
      vertex 12.1287 33.8923 89.476
    endloop
  endfacet
  facet normal -0.325753 -0.945455 3.75465e-08
    outer loop
      vertex 12.1287 33.8923 89.476
      vertex 12.3127 33.8289 3
      vertex 12.2268 33.8585 89.9011
    endloop
  endfacet
  facet normal -0.325746 -0.945457 4.54818e-08
    outer loop
      vertex 12.2268 33.8585 89.9011
      vertex 12.3127 33.8289 3
      vertex 12.3101 33.8298 90.3294
    endloop
  endfacet
  facet normal -0.327111 -0.944986 0
    outer loop
      vertex 12.3101 33.8298 90.3294
      vertex 12.3127 33.8289 3
      vertex 12.3127 33.8289 90.346
    endloop
  endfacet
  facet normal -0.325571 -0.945518 0
    outer loop
      vertex 11.1246 34.238 98.1961
      vertex 12.3127 33.8289 119.5
      vertex 11.1246 34.238 119.5
    endloop
  endfacet
  facet normal -0.32502 -0.945707 -3.4367e-05
    outer loop
      vertex 11.2349 34.2001 97.9796
      vertex 12.3127 33.8289 119.5
      vertex 11.1246 34.238 98.1961
    endloop
  endfacet
  facet normal -0.325599 -0.945508 -1.9321e-06
    outer loop
      vertex 11.4193 34.1366 97.5842
      vertex 12.3127 33.8289 119.5
      vertex 11.2349 34.2001 97.9796
    endloop
  endfacet
  facet normal -0.325539 -0.945529 -4.67981e-06
    outer loop
      vertex 11.5898 34.0779 97.1826
      vertex 12.3127 33.8289 119.5
      vertex 11.4193 34.1366 97.5842
    endloop
  endfacet
  facet normal -0.325811 -0.945435 5.17311e-06
    outer loop
      vertex 11.7462 34.024 96.7752
      vertex 12.3127 33.8289 119.5
      vertex 11.5898 34.0779 97.1826
    endloop
  endfacet
  facet normal -0.325602 -0.945507 -6.42068e-07
    outer loop
      vertex 11.8882 33.9751 96.3627
      vertex 12.3127 33.8289 119.5
      vertex 11.7462 34.024 96.7752
    endloop
  endfacet
  facet normal -0.325346 -0.945595 -5.91333e-06
    outer loop
      vertex 12.0158 33.9312 95.9455
      vertex 12.3127 33.8289 119.5
      vertex 11.8882 33.9751 96.3627
    endloop
  endfacet
  facet normal -0.325759 -0.945453 -8.82825e-08
    outer loop
      vertex 12.1287 33.8923 95.524
      vertex 12.3127 33.8289 119.5
      vertex 12.0158 33.9312 95.9455
    endloop
  endfacet
  facet normal -0.325754 -0.945455 -1.32271e-07
    outer loop
      vertex 12.2268 33.8585 95.0989
      vertex 12.3127 33.8289 119.5
      vertex 12.1287 33.8923 95.524
    endloop
  endfacet
  facet normal -0.325747 -0.945457 -1.59906e-07
    outer loop
      vertex 12.3101 33.8298 94.6706
      vertex 12.3127 33.8289 119.5
      vertex 12.2268 33.8585 95.0989
    endloop
  endfacet
  facet normal -0.327111 -0.944986 -0
    outer loop
      vertex 12.3127 33.8289 119.5
      vertex 12.3101 33.8298 94.6706
      vertex 12.3127 33.8289 94.654
    endloop
  endfacet
  facet normal -0.57358 0.81915 0
    outer loop
      vertex 21.1603 -29.1246 3
      vertex 20.1309 -29.8454 119.5
      vertex 21.1603 -29.1246 119.5
    endloop
  endfacet
  facet normal -0.57358 0.81915 0
    outer loop
      vertex 20.1309 -29.8454 119.5
      vertex 21.1603 -29.1246 3
      vertex 20.1309 -29.8454 3
    endloop
  endfacet
  facet normal 0.121839 0.99255 -0
    outer loop
      vertex -3.76302 -35.8028 3
      vertex -5.01023 -35.6497 119.5
      vertex -3.76302 -35.8028 119.5
    endloop
  endfacet
  facet normal 0.121839 0.99255 0
    outer loop
      vertex -5.01023 -35.6497 119.5
      vertex -3.76302 -35.8028 3
      vertex -5.01023 -35.6497 3
    endloop
  endfacet
  facet normal -0.156457 -0.987685 0
    outer loop
      vertex 6.25133 35.4531 3
      vertex 5.01023 35.6497 81.0493
      vertex 5.01023 35.6497 3
    endloop
  endfacet
  facet normal -0.157525 -0.987515 -1.74112e-05
    outer loop
      vertex 5.01023 35.6497 81.0493
      vertex 6.25133 35.4531 3
      vertex 5.0842 35.6379 81.0807
    endloop
  endfacet
  facet normal -0.156362 -0.9877 4.16992e-07
    outer loop
      vertex 5.0842 35.6379 81.0807
      vertex 6.25133 35.4531 3
      vertex 5.47963 35.5753 81.2651
    endloop
  endfacet
  facet normal -0.1565 -0.987678 -9.7698e-07
    outer loop
      vertex 5.47963 35.5753 81.2651
      vertex 6.25133 35.4531 3
      vertex 5.86839 35.5137 81.4632
    endloop
  endfacet
  facet normal -0.156331 -0.987705 -1.31921e-07
    outer loop
      vertex 5.86839 35.5137 81.4632
      vertex 6.25133 35.4531 3
      vertex 6.25 35.4533 81.6747
    endloop
  endfacet
  facet normal -0.148704 -0.988882 0
    outer loop
      vertex 6.25 35.4533 81.6747
      vertex 6.25133 35.4531 3
      vertex 6.25133 35.4531 81.6755
    endloop
  endfacet
  facet normal -0.156457 -0.987685 0
    outer loop
      vertex 5.01023 35.6497 105.197
      vertex 6.25133 35.4531 119.5
      vertex 5.01023 35.6497 119.5
    endloop
  endfacet
  facet normal -0.156457 -0.987685 -0
    outer loop
      vertex 6.25133 35.4531 119.5
      vertex 5.01023 35.6497 105.197
      vertex 6.25133 35.4531 103.946
    endloop
  endfacet
  facet normal 0.754688 -0.656084 0
    outer loop
      vertex -27.5776 23.1404 119.5
      vertex -26.7532 24.0887 3
      vertex -26.7532 24.0887 119.5
    endloop
  endfacet
  facet normal 0.754688 -0.656084 0
    outer loop
      vertex -26.7532 24.0887 3
      vertex -27.5776 23.1404 119.5
      vertex -27.5776 23.1404 3
    endloop
  endfacet
  facet normal -0.390738 0.920502 0
    outer loop
      vertex 14.6425 -32.8876 3
      vertex 13.4858 -33.3786 119.5
      vertex 14.6425 -32.8876 119.5
    endloop
  endfacet
  facet normal -0.390738 0.920502 0
    outer loop
      vertex 13.4858 -33.3786 119.5
      vertex 14.6425 -32.8876 3
      vertex 13.4858 -33.3786 3
    endloop
  endfacet
  facet normal 0.390738 -0.920502 0
    outer loop
      vertex -14.6425 32.8876 3
      vertex -13.4858 33.3786 119.5
      vertex -14.6425 32.8876 119.5
    endloop
  endfacet
  facet normal 0.390738 -0.920502 0
    outer loop
      vertex -13.4858 33.3786 119.5
      vertex -14.6425 32.8876 3
      vertex -13.4858 33.3786 3
    endloop
  endfacet
  facet normal 0.798632 0.601819 0
    outer loop
      vertex -28.3684 -22.1638 119.5
      vertex -29.1246 -21.1603 3
      vertex -29.1246 -21.1603 119.5
    endloop
  endfacet
  facet normal 0.798632 0.601819 0
    outer loop
      vertex -29.1246 -21.1603 3
      vertex -28.3684 -22.1638 119.5
      vertex -28.3684 -22.1638 3
    endloop
  endfacet
  facet normal -0.981622 0.190835 0
    outer loop
      vertex 35.2133 -7.48482 3
      vertex 35.4531 -6.25133 119.5
      vertex 35.4531 -6.25133 3
    endloop
  endfacet
  facet normal -0.981622 0.190835 0
    outer loop
      vertex 35.4531 -6.25133 119.5
      vertex 35.2133 -7.48482 3
      vertex 35.2133 -7.48482 119.5
    endloop
  endfacet
  facet normal 0.515046 0.857163 -0
    outer loop
      vertex -18 -31.1769 3
      vertex -19.0771 -30.5297 119.5
      vertex -18 -31.1769 119.5
    endloop
  endfacet
  facet normal 0.515046 0.857163 0
    outer loop
      vertex -19.0771 -30.5297 119.5
      vertex -18 -31.1769 3
      vertex -19.0771 -30.5297 3
    endloop
  endfacet
  facet normal 0.087142 0.996196 -0
    outer loop
      vertex -2.51123 -35.9123 3
      vertex -3.76302 -35.8028 119.5
      vertex -2.51123 -35.9123 119.5
    endloop
  endfacet
  facet normal 0.087142 0.996196 0
    outer loop
      vertex -3.76302 -35.8028 119.5
      vertex -2.51123 -35.9123 3
      vertex -3.76302 -35.8028 3
    endloop
  endfacet
  facet normal 0.956301 -0.292383 0
    outer loop
      vertex -34.6054 9.92294 119.5
      vertex -34.238 11.1246 3
      vertex -34.238 11.1246 119.5
    endloop
  endfacet
  facet normal 0.956301 -0.292383 0
    outer loop
      vertex -34.238 11.1246 3
      vertex -34.6054 9.92294 119.5
      vertex -34.6054 9.92294 3
    endloop
  endfacet
  facet normal -0.81915 0.57358 0
    outer loop
      vertex 29.1246 -21.1603 3
      vertex 29.8454 -20.1309 119.5
      vertex 29.8454 -20.1309 3
    endloop
  endfacet
  facet normal -0.81915 0.57358 0
    outer loop
      vertex 29.8454 -20.1309 119.5
      vertex 29.1246 -21.1603 3
      vertex 29.1246 -21.1603 119.5
    endloop
  endfacet
  facet normal 0.906331 0.422567 0
    outer loop
      vertex -32.3566 -15.7814 119.5
      vertex -32.8876 -14.6425 3
      vertex -32.8876 -14.6425 119.5
    endloop
  endfacet
  facet normal 0.906331 0.422567 0
    outer loop
      vertex -32.8876 -14.6425 3
      vertex -32.3566 -15.7814 119.5
      vertex -32.3566 -15.7814 3
    endloop
  endfacet
  facet normal -0.224975 -0.974364 0
    outer loop
      vertex 8.70919 34.9306 3
      vertex 7.48482 35.2133 82.4909
      vertex 7.48482 35.2133 3
    endloop
  endfacet
  facet normal -0.224954 -0.974369 3.40003e-07
    outer loop
      vertex 7.48482 35.2133 82.4909
      vertex 8.70919 34.9306 3
      vertex 7.69576 35.1646 82.6499
    endloop
  endfacet
  facet normal -0.224998 -0.974359 -2.44572e-07
    outer loop
      vertex 7.69576 35.1646 82.6499
      vertex 8.70919 34.9306 3
      vertex 8.03484 35.0863 82.9245
    endloop
  endfacet
  facet normal -0.224895 -0.974383 6.72461e-07
    outer loop
      vertex 8.03484 35.0863 82.9245
      vertex 8.70919 34.9306 3
      vertex 8.36412 35.0103 83.2107
    endloop
  endfacet
  facet normal -0.225031 -0.974352 5.33835e-08
    outer loop
      vertex 8.36412 35.0103 83.2107
      vertex 8.70919 34.9306 3
      vertex 8.68323 34.9366 83.5083
    endloop
  endfacet
  facet normal -0.225188 -0.974315 0
    outer loop
      vertex 8.68323 34.9366 83.5083
      vertex 8.70919 34.9306 3
      vertex 8.70919 34.9306 83.5342
    endloop
  endfacet
  facet normal -0.224975 -0.974364 0
    outer loop
      vertex 7.48482 35.2133 102.702
      vertex 8.70919 34.9306 119.5
      vertex 7.48482 35.2133 119.5
    endloop
  endfacet
  facet normal -0.224975 -0.974364 -0
    outer loop
      vertex 8.70919 34.9306 119.5
      vertex 7.48482 35.2133 102.702
      vertex 8.70919 34.9306 101.467
    endloop
  endfacet
  facet normal -0.974364 0.224975 0
    outer loop
      vertex 34.9306 -8.70919 3
      vertex 35.2133 -7.48482 119.5
      vertex 35.2133 -7.48482 3
    endloop
  endfacet
  facet normal -0.974364 0.224975 0
    outer loop
      vertex 35.2133 -7.48482 119.5
      vertex 34.9306 -8.70919 3
      vertex 34.9306 -8.70919 119.5
    endloop
  endfacet
  facet normal 0.422567 -0.906331 0
    outer loop
      vertex -15.7814 32.3566 3
      vertex -14.6425 32.8876 119.5
      vertex -15.7814 32.3566 119.5
    endloop
  endfacet
  facet normal 0.422567 -0.906331 0
    outer loop
      vertex -14.6425 32.8876 119.5
      vertex -15.7814 32.3566 3
      vertex -14.6425 32.8876 3
    endloop
  endfacet
  facet normal 0.601819 0.798632 -0
    outer loop
      vertex -21.1603 -29.1246 3
      vertex -22.1638 -28.3684 119.5
      vertex -21.1603 -29.1246 119.5
    endloop
  endfacet
  facet normal 0.601819 0.798632 0
    outer loop
      vertex -22.1638 -28.3684 119.5
      vertex -21.1603 -29.1246 3
      vertex -22.1638 -28.3684 3
    endloop
  endfacet
  facet normal -0.656084 0.754688 0
    outer loop
      vertex 24.0887 -26.7532 3
      vertex 23.1404 -27.5776 119.5
      vertex 24.0887 -26.7532 119.5
    endloop
  endfacet
  facet normal -0.656084 0.754688 0
    outer loop
      vertex 23.1404 -27.5776 119.5
      vertex 24.0887 -26.7532 3
      vertex 23.1404 -27.5776 3
    endloop
  endfacet
  facet normal 0.422567 0.906331 -0
    outer loop
      vertex -14.6425 -32.8876 3
      vertex -15.7814 -32.3566 119.5
      vertex -14.6425 -32.8876 119.5
    endloop
  endfacet
  facet normal 0.422567 0.906331 0
    outer loop
      vertex -15.7814 -32.3566 119.5
      vertex -14.6425 -32.8876 3
      vertex -15.7814 -32.3566 3
    endloop
  endfacet
  facet normal 0.906331 -0.422567 0
    outer loop
      vertex -32.8876 14.6425 119.5
      vertex -32.3566 15.7814 3
      vertex -32.3566 15.7814 119.5
    endloop
  endfacet
  facet normal 0.906331 -0.422567 0
    outer loop
      vertex -32.3566 15.7814 3
      vertex -32.8876 14.6425 119.5
      vertex -32.8876 14.6425 3
    endloop
  endfacet
  facet normal 0.890995 -0.454013 0
    outer loop
      vertex -32.3566 15.7814 119.5
      vertex -31.7861 16.901 3
      vertex -31.7861 16.901 119.5
    endloop
  endfacet
  facet normal 0.890995 -0.454013 0
    outer loop
      vertex -31.7861 16.901 3
      vertex -32.3566 15.7814 119.5
      vertex -32.3566 15.7814 3
    endloop
  endfacet
  facet normal 0.682006 0.731346 -0
    outer loop
      vertex -24.0887 -26.7532 3
      vertex -25.0077 -25.8962 119.5
      vertex -24.0887 -26.7532 119.5
    endloop
  endfacet
  facet normal 0.682006 0.731346 0
    outer loop
      vertex -25.0077 -25.8962 119.5
      vertex -24.0887 -26.7532 3
      vertex -25.0077 -25.8962 3
    endloop
  endfacet
  facet normal 0.57358 0.81915 -0
    outer loop
      vertex -20.1309 -29.8454 3
      vertex -21.1603 -29.1246 119.5
      vertex -20.1309 -29.8454 119.5
    endloop
  endfacet
  facet normal 0.57358 0.81915 0
    outer loop
      vertex -21.1603 -29.1246 119.5
      vertex -20.1309 -29.8454 3
      vertex -21.1603 -29.1246 3
    endloop
  endfacet
  facet normal -0.258802 -0.96593 0
    outer loop
      vertex 9.92294 34.6054 3
      vertex 8.70919 34.9306 83.5342
      vertex 8.70919 34.9306 3
    endloop
  endfacet
  facet normal -0.25879 -0.965934 1.83376e-07
    outer loop
      vertex 8.70919 34.9306 83.5342
      vertex 9.92294 34.6054 3
      vertex 8.99174 34.8549 83.8168
    endloop
  endfacet
  facet normal -0.258718 -0.965953 1.07424e-06
    outer loop
      vertex 8.99174 34.8549 83.8168
      vertex 9.92294 34.6054 3
      vertex 9.28931 34.7752 84.1359
    endloop
  endfacet
  facet normal -0.258826 -0.965924 1.70283e-07
    outer loop
      vertex 9.28931 34.7752 84.1359
      vertex 9.92294 34.6054 3
      vertex 9.57555 34.6985 84.4652
    endloop
  endfacet
  facet normal -0.258906 -0.965903 -1.93554e-07
    outer loop
      vertex 9.57555 34.6985 84.4652
      vertex 9.92294 34.6054 3
      vertex 9.85013 34.6249 84.8042
    endloop
  endfacet
  facet normal -0.258703 -0.965957 0
    outer loop
      vertex 9.85013 34.6249 84.8042
      vertex 9.92294 34.6054 3
      vertex 9.92294 34.6054 84.9009
    endloop
  endfacet
  facet normal -0.258802 -0.96593 0
    outer loop
      vertex 8.70919 34.9306 101.467
      vertex 9.92294 34.6054 119.5
      vertex 8.70919 34.9306 119.5
    endloop
  endfacet
  facet normal -0.258323 -0.966059 -3.45116e-05
    outer loop
      vertex 8.83748 34.8963 101.337
      vertex 9.92294 34.6054 119.5
      vertex 8.70919 34.9306 101.467
    endloop
  endfacet
  facet normal -0.259186 -0.965827 2.07577e-05
    outer loop
      vertex 8.99174 34.8549 101.183
      vertex 9.92294 34.6054 119.5
      vertex 8.83748 34.8963 101.337
    endloop
  endfacet
  facet normal -0.258722 -0.965952 -4.55024e-06
    outer loop
      vertex 9.28931 34.7752 100.864
      vertex 9.92294 34.6054 119.5
      vertex 8.99174 34.8549 101.183
    endloop
  endfacet
  facet normal -0.258827 -0.965924 -7.1989e-07
    outer loop
      vertex 9.57555 34.6985 100.535
      vertex 9.92294 34.6054 119.5
      vertex 9.28931 34.7752 100.864
    endloop
  endfacet
  facet normal -0.258905 -0.965903 8.17317e-07
    outer loop
      vertex 9.85013 34.6249 100.196
      vertex 9.92294 34.6054 119.5
      vertex 9.57555 34.6985 100.535
    endloop
  endfacet
  facet normal -0.258703 -0.965957 -0
    outer loop
      vertex 9.92294 34.6054 119.5
      vertex 9.85013 34.6249 100.196
      vertex 9.92294 34.6054 100.099
    endloop
  endfacet
  facet normal 0.890995 0.454013 0
    outer loop
      vertex -31.7861 -16.901 119.5
      vertex -32.3566 -15.7814 3
      vertex -32.3566 -15.7814 119.5
    endloop
  endfacet
  facet normal 0.890995 0.454013 0
    outer loop
      vertex -32.3566 -15.7814 3
      vertex -31.7861 -16.901 119.5
      vertex -31.7861 -16.901 3
    endloop
  endfacet
  facet normal 0.484818 0.874615 -0
    outer loop
      vertex -16.901 -31.7861 3
      vertex -18 -31.1769 119.5
      vertex -16.901 -31.7861 119.5
    endloop
  endfacet
  facet normal 0.484818 0.874615 0
    outer loop
      vertex -18 -31.1769 119.5
      vertex -16.901 -31.7861 3
      vertex -18 -31.1769 3
    endloop
  endfacet
  facet normal 0.454013 0.890995 -0
    outer loop
      vertex -15.7814 -32.3566 3
      vertex -16.901 -31.7861 119.5
      vertex -15.7814 -32.3566 119.5
    endloop
  endfacet
  facet normal 0.454013 0.890995 0
    outer loop
      vertex -16.901 -31.7861 119.5
      vertex -15.7814 -32.3566 3
      vertex -16.901 -31.7861 3
    endloop
  endfacet
  facet normal -0.7101 0 -0.704101
    outer loop
      vertex 0.57289 37.99 109.672
      vertex 8.83748 47.99 101.337
      vertex 8.83748 37.99 101.337
    endloop
  endfacet
  facet normal -0.710109 1.50966e-05 -0.704092
    outer loop
      vertex 8.83748 47.99 101.337
      vertex 0.57289 37.99 109.672
      vertex 0 47.99 110.25
    endloop
  endfacet
  facet normal -0.710134 0.000141456 -0.704066
    outer loop
      vertex 1.25638 35.9781 108.983
      vertex 1.32618 37.9769 108.913
      vertex 2.65075 37.9074 107.577
    endloop
  endfacet
  facet normal -0.710197 0.000263826 -0.704003
    outer loop
      vertex 2.51123 35.9123 107.717
      vertex 2.65075 37.9074 107.577
      vertex 3.97208 37.7918 106.244
    endloop
  endfacet
  facet normal -0.709916 -9.52962e-05 -0.704287
    outer loop
      vertex 3.76302 35.8028 106.455
      vertex 3.97208 37.7918 106.244
      vertex 5.28858 37.6302 104.917
    endloop
  endfacet
  facet normal -0.710286 0.000309107 -0.703914
    outer loop
      vertex 5.01023 35.6497 105.197
      vertex 5.28858 37.6302 104.917
      vertex 6.59863 37.4227 103.595
    endloop
  endfacet
  facet normal -0.710098 -0.000265627 -0.704103
    outer loop
      vertex 6.25133 35.4531 103.946
      vertex 6.59863 37.4227 103.595
      vertex 7.90064 37.1696 102.282
    endloop
  endfacet
  facet normal -0.710188 -0.000191466 -0.704012
    outer loop
      vertex 7.48482 35.2133 102.702
      vertex 7.90064 37.1696 102.282
      vertex 8.83748 36.9533 101.337
    endloop
  endfacet
  facet normal -0.710239 0 -0.70396
    outer loop
      vertex 0.57289 37.99 109.672
      vertex 0 36 110.25
      vertex 0 47.99 110.25
    endloop
  endfacet
  facet normal -0.71013 0.000264932 -0.704071
    outer loop
      vertex 5.28858 37.6302 104.917
      vertex 5.01023 35.6497 105.197
      vertex 3.76302 35.8028 106.455
    endloop
  endfacet
  facet normal -0.710077 -9.41571e-05 -0.704124
    outer loop
      vertex 0.57289 37.99 109.672
      vertex 1.25638 35.9781 108.983
      vertex 0 36 110.25
    endloop
  endfacet
  facet normal -0.709771 0.00011591 -0.704433
    outer loop
      vertex 1.32618 37.9769 108.913
      vertex 1.25638 35.9781 108.983
      vertex 0.57289 37.99 109.672
    endloop
  endfacet
  facet normal -0.71022 0.000267087 -0.703979
    outer loop
      vertex 1.25638 35.9781 108.983
      vertex 2.65075 37.9074 107.577
      vertex 2.51123 35.9123 107.717
    endloop
  endfacet
  facet normal -0.709976 -8.23898e-05 -0.704225
    outer loop
      vertex 3.97208 37.7918 106.244
      vertex 3.76302 35.8028 106.455
      vertex 2.51123 35.9123 107.717
    endloop
  endfacet
  facet normal -0.709936 -0.000323384 -0.704267
    outer loop
      vertex 6.59863 37.4227 103.595
      vertex 6.25133 35.4531 103.946
      vertex 5.01023 35.6497 105.197
    endloop
  endfacet
  facet normal -0.710121 -0.000220157 -0.704079
    outer loop
      vertex 7.90064 37.1696 102.282
      vertex 7.48482 35.2133 102.702
      vertex 6.25133 35.4531 103.946
    endloop
  endfacet
  facet normal -0.71018 -0.000204513 -0.70402
    outer loop
      vertex 8.83748 36.9533 101.337
      vertex 8.70919 34.9306 101.467
      vertex 7.48482 35.2133 102.702
    endloop
  endfacet
  facet normal -0.711773 0 -0.70241
    outer loop
      vertex 8.70919 34.9306 101.467
      vertex 8.83748 36.9533 101.337
      vertex 8.83748 34.8963 101.337
    endloop
  endfacet
  facet normal -0.70651 0 -0.707703
    outer loop
      vertex 8.99174 37.99 101.183
      vertex 8.83748 47.99 101.337
      vertex 8.99174 47.99 101.183
    endloop
  endfacet
  facet normal -0.70651 -0 -0.707703
    outer loop
      vertex 8.83748 47.99 101.337
      vertex 8.99174 37.99 101.183
      vertex 8.83748 37.99 101.337
    endloop
  endfacet
  facet normal -0.70651 0 -0.707703
    outer loop
      vertex 8.99174 36.9177 101.183
      vertex 8.83748 34.8963 101.337
      vertex 8.83748 36.9533 101.337
    endloop
  endfacet
  facet normal -0.70651 0 -0.707703
    outer loop
      vertex 8.83748 34.8963 101.337
      vertex 8.99174 36.9177 101.183
      vertex 8.99174 34.8549 101.183
    endloop
  endfacet
  facet normal -0.730563 -0.000217917 -0.682845
    outer loop
      vertex 8.99174 34.8549 101.183
      vertex 9.19303 36.8712 100.967
      vertex 9.28931 36.8454 100.864
    endloop
  endfacet
  facet normal -0.731579 0 -0.681757
    outer loop
      vertex 9.19303 36.8712 100.967
      vertex 8.99174 34.8549 101.183
      vertex 8.99174 36.9177 101.183
    endloop
  endfacet
  facet normal -0.731242 0 -0.682118
    outer loop
      vertex 8.99174 34.8549 101.183
      vertex 9.28931 36.8454 100.864
      vertex 9.28931 34.7752 100.864
    endloop
  endfacet
  facet normal -0.731242 0 -0.682118
    outer loop
      vertex 9.28931 37.99 100.864
      vertex 8.99174 47.99 101.183
      vertex 9.28931 47.99 100.864
    endloop
  endfacet
  facet normal -0.731242 -0 -0.682118
    outer loop
      vertex 8.99174 47.99 101.183
      vertex 9.28931 37.99 100.864
      vertex 8.99174 37.99 101.183
    endloop
  endfacet
  facet normal -0.754432 0 -0.656379
    outer loop
      vertex 9.57555 37.99 100.535
      vertex 9.28931 47.99 100.864
      vertex 9.57555 47.99 100.535
    endloop
  endfacet
  facet normal -0.754432 -0 -0.656379
    outer loop
      vertex 9.28931 47.99 100.864
      vertex 9.57555 37.99 100.535
      vertex 9.28931 37.99 100.864
    endloop
  endfacet
  facet normal -0.754432 0 -0.656379
    outer loop
      vertex 9.57555 36.7687 100.535
      vertex 9.28931 34.7752 100.864
      vertex 9.28931 36.8454 100.864
    endloop
  endfacet
  facet normal -0.754432 0 -0.656379
    outer loop
      vertex 9.28931 34.7752 100.864
      vertex 9.57555 36.7687 100.535
      vertex 9.57555 34.6985 100.535
    endloop
  endfacet
  facet normal -0.777075 0 -0.629408
    outer loop
      vertex 9.85013 36.6952 100.196
      vertex 9.57555 34.6985 100.535
      vertex 9.57555 36.7687 100.535
    endloop
  endfacet
  facet normal -0.777075 0 -0.629408
    outer loop
      vertex 9.57555 34.6985 100.535
      vertex 9.85013 36.6952 100.196
      vertex 9.85013 34.6249 100.196
    endloop
  endfacet
  facet normal -0.777075 0 -0.629408
    outer loop
      vertex 9.85013 37.99 100.196
      vertex 9.57555 47.99 100.535
      vertex 9.85013 47.99 100.196
    endloop
  endfacet
  facet normal -0.777075 -0 -0.629408
    outer loop
      vertex 9.57555 47.99 100.535
      vertex 9.85013 37.99 100.196
      vertex 9.57555 37.99 100.535
    endloop
  endfacet
  facet normal -0.798849 0 -0.601531
    outer loop
      vertex 10.1127 36.6248 99.8473
      vertex 9.85013 34.6249 100.196
      vertex 9.85013 36.6952 100.196
    endloop
  endfacet
  facet normal -0.799732 0.000320399 -0.600358
    outer loop
      vertex 10.1127 36.6248 99.8473
      vertex 9.92294 34.6054 100.099
      vertex 9.85013 34.6249 100.196
    endloop
  endfacet
  facet normal -0.798498 0 -0.601998
    outer loop
      vertex 9.92294 34.6054 100.099
      vertex 10.1127 36.6248 99.8473
      vertex 10.1127 34.5474 99.8473
    endloop
  endfacet
  facet normal -0.798849 0 -0.601531
    outer loop
      vertex 10.1127 37.99 99.8473
      vertex 9.85013 47.99 100.196
      vertex 10.1127 47.99 99.8473
    endloop
  endfacet
  facet normal -0.798849 -0 -0.601531
    outer loop
      vertex 9.85013 47.99 100.196
      vertex 10.1127 37.99 99.8473
      vertex 9.85013 37.99 100.196
    endloop
  endfacet
  facet normal -0.819103 0 -0.573647
    outer loop
      vertex 10.363 36.5578 99.4899
      vertex 10.1127 34.5474 99.8473
      vertex 10.1127 36.6248 99.8473
    endloop
  endfacet
  facet normal -0.819103 0 -0.573647
    outer loop
      vertex 10.1127 34.5474 99.8473
      vertex 10.363 36.5578 99.4899
      vertex 10.363 34.4709 99.4899
    endloop
  endfacet
  facet normal -0.819103 0 -0.573647
    outer loop
      vertex 10.363 37.99 99.4899
      vertex 10.1127 47.99 99.8473
      vertex 10.363 47.99 99.4899
    endloop
  endfacet
  facet normal -0.819103 -0 -0.573647
    outer loop
      vertex 10.1127 47.99 99.8473
      vertex 10.363 37.99 99.4899
      vertex 10.1127 37.99 99.8473
    endloop
  endfacet
  facet normal -0.838623 -2.63806e-05 -0.544712
    outer loop
      vertex 10.363 34.4709 99.4899
      vertex 10.4742 36.5279 99.3186
      vertex 10.6006 36.4893 99.124
    endloop
  endfacet
  facet normal -0.838768 0 -0.544489
    outer loop
      vertex 10.4742 36.5279 99.3186
      vertex 10.363 34.4709 99.4899
      vertex 10.363 36.5578 99.4899
    endloop
  endfacet
  facet normal -0.83869 0 -0.54461
    outer loop
      vertex 10.363 34.4709 99.4899
      vertex 10.6006 36.4893 99.124
      vertex 10.6006 34.3982 99.124
    endloop
  endfacet
  facet normal -0.83869 0 -0.54461
    outer loop
      vertex 10.6006 37.99 99.124
      vertex 10.363 47.99 99.4899
      vertex 10.6006 47.99 99.124
    endloop
  endfacet
  facet normal -0.83869 -0 -0.54461
    outer loop
      vertex 10.363 47.99 99.4899
      vertex 10.6006 37.99 99.124
      vertex 10.363 37.99 99.4899
    endloop
  endfacet
  facet normal -0.857189 0 -0.515001
    outer loop
      vertex 10.8253 36.4206 98.75
      vertex 10.6006 34.3982 99.124
      vertex 10.6006 36.4893 99.124
    endloop
  endfacet
  facet normal -0.857189 0 -0.515001
    outer loop
      vertex 10.6006 34.3982 99.124
      vertex 10.8253 36.4206 98.75
      vertex 10.8253 34.3295 98.75
    endloop
  endfacet
  facet normal -0.857189 0 -0.515001
    outer loop
      vertex 10.8253 37.99 98.75
      vertex 10.6006 47.99 99.124
      vertex 10.8253 47.99 98.75
    endloop
  endfacet
  facet normal -0.857189 -0 -0.515001
    outer loop
      vertex 10.6006 47.99 99.124
      vertex 10.8253 37.99 98.75
      vertex 10.6006 37.99 99.124
    endloop
  endfacet
  facet normal -0.874643 0 -0.484767
    outer loop
      vertex 11.0368 36.3559 98.3684
      vertex 10.8253 34.3295 98.75
      vertex 10.8253 36.4206 98.75
    endloop
  endfacet
  facet normal -0.874643 0 -0.484767
    outer loop
      vertex 10.8253 34.3295 98.75
      vertex 11.0368 36.3559 98.3684
      vertex 11.0368 34.2649 98.3684
    endloop
  endfacet
  facet normal -0.874643 0 -0.484767
    outer loop
      vertex 11.0368 37.99 98.3684
      vertex 10.8253 47.99 98.75
      vertex 11.0368 47.99 98.3684
    endloop
  endfacet
  facet normal -0.874643 -0 -0.484767
    outer loop
      vertex 10.8253 47.99 98.75
      vertex 11.0368 37.99 98.3684
      vertex 10.8253 37.99 98.75
    endloop
  endfacet
  facet normal -0.89101 0 -0.453984
    outer loop
      vertex 11.2349 36.2954 97.9796
      vertex 11.0368 34.2649 98.3684
      vertex 11.0368 36.3559 98.3684
    endloop
  endfacet
  facet normal -0.890989 -9.91598e-06 -0.454025
    outer loop
      vertex 11.2349 36.2954 97.9796
      vertex 11.1246 34.238 98.1961
      vertex 11.0368 34.2649 98.3684
    endloop
  endfacet
  facet normal -0.891027 0 -0.45395
    outer loop
      vertex 11.1246 34.238 98.1961
      vertex 11.2349 36.2954 97.9796
      vertex 11.2349 34.2001 97.9796
    endloop
  endfacet
  facet normal -0.89101 0 -0.453984
    outer loop
      vertex 11.2349 37.99 97.9796
      vertex 11.0368 47.99 98.3684
      vertex 11.2349 47.99 97.9796
    endloop
  endfacet
  facet normal -0.89101 -0 -0.453984
    outer loop
      vertex 11.0368 47.99 98.3684
      vertex 11.2349 37.99 97.9796
      vertex 11.0368 37.99 98.3684
    endloop
  endfacet
  facet normal -0.906289 0 -0.42266
    outer loop
      vertex 11.4193 36.239 97.5842
      vertex 11.2349 34.2001 97.9796
      vertex 11.2349 36.2954 97.9796
    endloop
  endfacet
  facet normal -0.906289 0 -0.42266
    outer loop
      vertex 11.2349 34.2001 97.9796
      vertex 11.4193 36.239 97.5842
      vertex 11.4193 34.1366 97.5842
    endloop
  endfacet
  facet normal -0.906289 0 -0.42266
    outer loop
      vertex 11.4193 37.99 97.5842
      vertex 11.2349 47.99 97.9796
      vertex 11.4193 47.99 97.5842
    endloop
  endfacet
  facet normal -0.906289 -0 -0.42266
    outer loop
      vertex 11.2349 47.99 97.9796
      vertex 11.4193 37.99 97.5842
      vertex 11.2349 37.99 97.9796
    endloop
  endfacet
  facet normal -0.920479 0 -0.390791
    outer loop
      vertex 11.5898 36.1869 97.1826
      vertex 11.4193 34.1366 97.5842
      vertex 11.4193 36.239 97.5842
    endloop
  endfacet
  facet normal -0.920479 0 -0.390791
    outer loop
      vertex 11.4193 34.1366 97.5842
      vertex 11.5898 36.1869 97.1826
      vertex 11.5898 34.0779 97.1826
    endloop
  endfacet
  facet normal -0.920479 0 -0.390791
    outer loop
      vertex 11.5898 37.99 97.1826
      vertex 11.4193 47.99 97.5842
      vertex 11.5898 47.99 97.1826
    endloop
  endfacet
  facet normal -0.920479 -0 -0.390791
    outer loop
      vertex 11.4193 47.99 97.5842
      vertex 11.5898 37.99 97.1826
      vertex 11.4193 37.99 97.5842
    endloop
  endfacet
  facet normal -0.931301 -0.00132919 -0.364249
    outer loop
      vertex 11.5898 34.0779 97.1826
      vertex 11.7426 36.1401 96.7844
      vertex 11.7462 36.1389 96.7752
    endloop
  endfacet
  facet normal -0.933623 0 -0.358256
    outer loop
      vertex 11.7426 36.1401 96.7844
      vertex 11.5898 34.0779 97.1826
      vertex 11.5898 36.1869 97.1826
    endloop
  endfacet
  facet normal -0.93357 0 -0.358395
    outer loop
      vertex 11.5898 34.0779 97.1826
      vertex 11.7462 36.1389 96.7752
      vertex 11.7462 34.024 96.7752
    endloop
  endfacet
  facet normal -0.93357 0 -0.358395
    outer loop
      vertex 11.7462 37.99 96.7752
      vertex 11.5898 47.99 97.1826
      vertex 11.7462 47.99 96.7752
    endloop
  endfacet
  facet normal -0.93357 -0 -0.358395
    outer loop
      vertex 11.5898 47.99 97.1826
      vertex 11.7462 37.99 96.7752
      vertex 11.5898 37.99 97.1826
    endloop
  endfacet
  facet normal -0.945543 0 -0.325496
    outer loop
      vertex 11.8882 36.09 96.3627
      vertex 11.7462 34.024 96.7752
      vertex 11.7462 36.1389 96.7752
    endloop
  endfacet
  facet normal -0.945543 0 -0.325496
    outer loop
      vertex 11.7462 34.024 96.7752
      vertex 11.8882 36.09 96.3627
      vertex 11.8882 33.9751 96.3627
    endloop
  endfacet
  facet normal -0.945543 0 -0.325496
    outer loop
      vertex 11.8882 37.99 96.3627
      vertex 11.7462 47.99 96.7752
      vertex 11.8882 47.99 96.3627
    endloop
  endfacet
  facet normal -0.945543 -0 -0.325496
    outer loop
      vertex 11.7462 47.99 96.7752
      vertex 11.8882 37.99 96.3627
      vertex 11.7462 37.99 96.7752
    endloop
  endfacet
  facet normal -0.956273 0 -0.292475
    outer loop
      vertex 12.0158 36.0461 95.9455
      vertex 11.8882 33.9751 96.3627
      vertex 11.8882 36.09 96.3627
    endloop
  endfacet
  facet normal -0.956273 0 -0.292475
    outer loop
      vertex 11.8882 33.9751 96.3627
      vertex 12.0158 36.0461 95.9455
      vertex 12.0158 33.9312 95.9455
    endloop
  endfacet
  facet normal -0.956273 0 -0.292475
    outer loop
      vertex 12.0158 37.99 95.9455
      vertex 11.8882 47.99 96.3627
      vertex 12.0158 47.99 95.9455
    endloop
  endfacet
  facet normal -0.956273 -0 -0.292475
    outer loop
      vertex 11.8882 47.99 96.3627
      vertex 12.0158 37.99 95.9455
      vertex 11.8882 37.99 96.3627
    endloop
  endfacet
  facet normal -0.965949 0 -0.258732
    outer loop
      vertex 12.1287 36.0072 95.524
      vertex 12.0158 33.9312 95.9455
      vertex 12.0158 36.0461 95.9455
    endloop
  endfacet
  facet normal -0.965949 0 -0.258732
    outer loop
      vertex 12.0158 33.9312 95.9455
      vertex 12.1287 36.0072 95.524
      vertex 12.1287 33.8923 95.524
    endloop
  endfacet
  facet normal -0.965949 0 -0.258732
    outer loop
      vertex 12.1287 37.99 95.524
      vertex 12.0158 47.99 95.9455
      vertex 12.1287 47.99 95.524
    endloop
  endfacet
  facet normal -0.965949 -0 -0.258732
    outer loop
      vertex 12.0158 47.99 95.9455
      vertex 12.1287 37.99 95.524
      vertex 12.0158 37.99 95.9455
    endloop
  endfacet
  facet normal -0.974391 0 -0.22486
    outer loop
      vertex 12.2268 35.9734 95.0989
      vertex 12.1287 33.8923 95.524
      vertex 12.1287 36.0072 95.524
    endloop
  endfacet
  facet normal -0.974391 0 -0.22486
    outer loop
      vertex 12.1287 33.8923 95.524
      vertex 12.2268 35.9734 95.0989
      vertex 12.2268 33.8585 95.0989
    endloop
  endfacet
  facet normal -0.974391 0 -0.22486
    outer loop
      vertex 12.2268 37.99 95.0989
      vertex 12.1287 47.99 95.524
      vertex 12.2268 47.99 95.0989
    endloop
  endfacet
  facet normal -0.974391 -0 -0.22486
    outer loop
      vertex 12.1287 47.99 95.524
      vertex 12.2268 37.99 95.0989
      vertex 12.1287 37.99 95.524
    endloop
  endfacet
  facet normal -0.981607 0 -0.190913
    outer loop
      vertex 12.3101 35.9448 94.6706
      vertex 12.2268 33.8585 95.0989
      vertex 12.2268 35.9734 95.0989
    endloop
  endfacet
  facet normal -0.981607 0 -0.190913
    outer loop
      vertex 12.2268 33.8585 95.0989
      vertex 12.3101 35.9448 94.6706
      vertex 12.3101 33.8298 94.6706
    endloop
  endfacet
  facet normal -0.981607 0 -0.190913
    outer loop
      vertex 12.3101 37.99 94.6706
      vertex 12.2268 47.99 95.0989
      vertex 12.3101 47.99 94.6706
    endloop
  endfacet
  facet normal -0.981607 -0 -0.190913
    outer loop
      vertex 12.2268 47.99 95.0989
      vertex 12.3101 37.99 94.6706
      vertex 12.2268 37.99 95.0989
    endloop
  endfacet
  facet normal -0.987705 1.27669e-05 -0.156328
    outer loop
      vertex 12.3127 33.8289 94.654
      vertex 12.3101 35.9448 94.6706
      vertex 12.3783 35.9213 94.2397
    endloop
  endfacet
  facet normal -0.987955 -0 -0.15474
    outer loop
      vertex 12.3101 35.9448 94.6706
      vertex 12.3127 33.8289 94.654
      vertex 12.3101 33.8298 94.6706
    endloop
  endfacet
  facet normal -0.987695 0 -0.156391
    outer loop
      vertex 12.3127 33.8289 94.654
      vertex 12.3783 35.9213 94.2397
      vertex 12.3783 33.8037 94.2397
    endloop
  endfacet
  facet normal -0.987705 0 -0.156327
    outer loop
      vertex 12.3783 37.99 94.2397
      vertex 12.3101 47.99 94.6706
      vertex 12.3783 47.99 94.2397
    endloop
  endfacet
  facet normal -0.987705 -0 -0.156327
    outer loop
      vertex 12.3101 47.99 94.6706
      vertex 12.3783 37.99 94.2397
      vertex 12.3101 37.99 94.6706
    endloop
  endfacet
  facet normal -0.99254 0 -0.121919
    outer loop
      vertex 12.4315 35.903 93.8066
      vertex 12.3783 33.8037 94.2397
      vertex 12.3783 35.9213 94.2397
    endloop
  endfacet
  facet normal -0.99254 0 -0.121919
    outer loop
      vertex 12.3783 33.8037 94.2397
      vertex 12.4315 35.903 93.8066
      vertex 12.4315 33.7833 93.8066
    endloop
  endfacet
  facet normal -0.99254 0 -0.121919
    outer loop
      vertex 12.4315 37.99 93.8066
      vertex 12.3783 47.99 94.2397
      vertex 12.4315 47.99 93.8066
    endloop
  endfacet
  facet normal -0.99254 -0 -0.121919
    outer loop
      vertex 12.3783 47.99 94.2397
      vertex 12.4315 37.99 93.8066
      vertex 12.3783 37.99 94.2397
    endloop
  endfacet
  facet normal -0.996201 0 -0.0870845
    outer loop
      vertex 12.4695 35.8899 93.3719
      vertex 12.4315 33.7833 93.8066
      vertex 12.4315 35.903 93.8066
    endloop
  endfacet
  facet normal -0.996201 0 -0.0870845
    outer loop
      vertex 12.4315 33.7833 93.8066
      vertex 12.4695 35.8899 93.3719
      vertex 12.4695 33.7687 93.3719
    endloop
  endfacet
  facet normal -0.996201 0 -0.0870845
    outer loop
      vertex 12.4695 37.99 93.3719
      vertex 12.4315 47.99 93.8066
      vertex 12.4695 47.99 93.3719
    endloop
  endfacet
  facet normal -0.996201 -0 -0.0870845
    outer loop
      vertex 12.4315 47.99 93.8066
      vertex 12.4695 37.99 93.3719
      vertex 12.4315 37.99 93.8066
    endloop
  endfacet
  facet normal -0.998622 0 -0.0524867
    outer loop
      vertex 12.4924 35.882 92.9362
      vertex 12.4695 33.7687 93.3719
      vertex 12.4695 35.8899 93.3719
    endloop
  endfacet
  facet normal -0.998622 0 -0.0524867
    outer loop
      vertex 12.4695 33.7687 93.3719
      vertex 12.4924 35.882 92.9362
      vertex 12.4924 33.76 92.9362
    endloop
  endfacet
  facet normal -0.998622 0 -0.0524867
    outer loop
      vertex 12.4924 37.99 92.9362
      vertex 12.4695 47.99 93.3719
      vertex 12.4924 47.99 92.9362
    endloop
  endfacet
  facet normal -0.998622 -0 -0.0524867
    outer loop
      vertex 12.4695 47.99 93.3719
      vertex 12.4924 37.99 92.9362
      vertex 12.4695 37.99 93.3719
    endloop
  endfacet
  facet normal -0.999848 0 -0.0174206
    outer loop
      vertex 12.5 35.8794 92.5
      vertex 12.4924 33.76 92.9362
      vertex 12.4924 35.882 92.9362
    endloop
  endfacet
  facet normal -0.999848 0 -0.0174206
    outer loop
      vertex 12.4924 33.76 92.9362
      vertex 12.5 35.8794 92.5
      vertex 12.5 33.757 92.5
    endloop
  endfacet
  facet normal -0.999848 0 -0.0174206
    outer loop
      vertex 12.5 37.99 92.5
      vertex 12.4924 47.99 92.9362
      vertex 12.5 47.99 92.5
    endloop
  endfacet
  facet normal -0.999848 -0 -0.0174206
    outer loop
      vertex 12.4924 47.99 92.9362
      vertex 12.5 37.99 92.5
      vertex 12.4924 37.99 92.9362
    endloop
  endfacet
  facet normal -0.999848 0 0.0174206
    outer loop
      vertex 12.4924 33.76 92.0638
      vertex 12.5 35.8794 92.5
      vertex 12.4924 35.882 92.0638
    endloop
  endfacet
  facet normal -0.999848 0 0.0174206
    outer loop
      vertex 12.5 35.8794 92.5
      vertex 12.4924 33.76 92.0638
      vertex 12.5 33.757 92.5
    endloop
  endfacet
  facet normal -0.999848 0 0.0174206
    outer loop
      vertex 12.4924 37.99 92.0638
      vertex 12.5 47.99 92.5
      vertex 12.4924 47.99 92.0638
    endloop
  endfacet
  facet normal -0.999848 0 0.0174206
    outer loop
      vertex 12.5 47.99 92.5
      vertex 12.4924 37.99 92.0638
      vertex 12.5 37.99 92.5
    endloop
  endfacet
  facet normal -0.998622 0 0.0524867
    outer loop
      vertex 12.4695 33.7687 91.6281
      vertex 12.4924 35.882 92.0638
      vertex 12.4695 35.8899 91.6281
    endloop
  endfacet
  facet normal -0.998622 0 0.0524867
    outer loop
      vertex 12.4924 35.882 92.0638
      vertex 12.4695 33.7687 91.6281
      vertex 12.4924 33.76 92.0638
    endloop
  endfacet
  facet normal -0.998622 0 0.0524867
    outer loop
      vertex 12.4695 37.99 91.6281
      vertex 12.4924 47.99 92.0638
      vertex 12.4695 47.99 91.6281
    endloop
  endfacet
  facet normal -0.998622 0 0.0524867
    outer loop
      vertex 12.4924 47.99 92.0638
      vertex 12.4695 37.99 91.6281
      vertex 12.4924 37.99 92.0638
    endloop
  endfacet
  facet normal -0.996201 0 0.0870845
    outer loop
      vertex 12.4315 33.7833 91.1934
      vertex 12.4695 35.8899 91.6281
      vertex 12.4315 35.903 91.1934
    endloop
  endfacet
  facet normal -0.996201 0 0.0870845
    outer loop
      vertex 12.4695 35.8899 91.6281
      vertex 12.4315 33.7833 91.1934
      vertex 12.4695 33.7687 91.6281
    endloop
  endfacet
  facet normal -0.996201 0 0.0870845
    outer loop
      vertex 12.4315 37.99 91.1934
      vertex 12.4695 47.99 91.6281
      vertex 12.4315 47.99 91.1934
    endloop
  endfacet
  facet normal -0.996201 0 0.0870845
    outer loop
      vertex 12.4695 47.99 91.6281
      vertex 12.4315 37.99 91.1934
      vertex 12.4695 37.99 91.6281
    endloop
  endfacet
  facet normal -0.99254 0 0.121919
    outer loop
      vertex 12.3783 33.8037 90.7603
      vertex 12.4315 35.903 91.1934
      vertex 12.3783 35.9213 90.7603
    endloop
  endfacet
  facet normal -0.99254 0 0.121919
    outer loop
      vertex 12.4315 35.903 91.1934
      vertex 12.3783 33.8037 90.7603
      vertex 12.4315 33.7833 91.1934
    endloop
  endfacet
  facet normal -0.99254 0 0.121919
    outer loop
      vertex 12.3783 37.99 90.7603
      vertex 12.4315 47.99 91.1934
      vertex 12.3783 47.99 90.7603
    endloop
  endfacet
  facet normal -0.99254 0 0.121919
    outer loop
      vertex 12.4315 47.99 91.1934
      vertex 12.3783 37.99 90.7603
      vertex 12.4315 37.99 91.1934
    endloop
  endfacet
  facet normal -0.987955 0 0.15474
    outer loop
      vertex 12.3127 33.8289 90.346
      vertex 12.3101 35.9448 90.3294
      vertex 12.3101 33.8298 90.3294
    endloop
  endfacet
  facet normal -0.987705 1.27669e-05 0.156328
    outer loop
      vertex 12.3101 35.9448 90.3294
      vertex 12.3127 33.8289 90.346
      vertex 12.3783 35.9213 90.7603
    endloop
  endfacet
  facet normal -0.987695 0 0.156391
    outer loop
      vertex 12.3783 35.9213 90.7603
      vertex 12.3127 33.8289 90.346
      vertex 12.3783 33.8037 90.7603
    endloop
  endfacet
  facet normal -0.987705 0 0.156327
    outer loop
      vertex 12.3101 37.99 90.3294
      vertex 12.3783 47.99 90.7603
      vertex 12.3101 47.99 90.3294
    endloop
  endfacet
  facet normal -0.987705 0 0.156327
    outer loop
      vertex 12.3783 47.99 90.7603
      vertex 12.3101 37.99 90.3294
      vertex 12.3783 37.99 90.7603
    endloop
  endfacet
  facet normal -0.981607 0 0.190913
    outer loop
      vertex 12.2268 33.8585 89.9011
      vertex 12.3101 35.9448 90.3294
      vertex 12.2268 35.9734 89.9011
    endloop
  endfacet
  facet normal -0.981607 0 0.190913
    outer loop
      vertex 12.3101 35.9448 90.3294
      vertex 12.2268 33.8585 89.9011
      vertex 12.3101 33.8298 90.3294
    endloop
  endfacet
  facet normal -0.981607 0 0.190913
    outer loop
      vertex 12.2268 37.99 89.9011
      vertex 12.3101 47.99 90.3294
      vertex 12.2268 47.99 89.9011
    endloop
  endfacet
  facet normal -0.981607 0 0.190913
    outer loop
      vertex 12.3101 47.99 90.3294
      vertex 12.2268 37.99 89.9011
      vertex 12.3101 37.99 90.3294
    endloop
  endfacet
  facet normal -0.974391 0 0.22486
    outer loop
      vertex 12.1287 33.8923 89.476
      vertex 12.2268 35.9734 89.9011
      vertex 12.1287 36.0072 89.476
    endloop
  endfacet
  facet normal -0.974391 0 0.22486
    outer loop
      vertex 12.2268 35.9734 89.9011
      vertex 12.1287 33.8923 89.476
      vertex 12.2268 33.8585 89.9011
    endloop
  endfacet
  facet normal -0.974391 0 0.22486
    outer loop
      vertex 12.1287 37.99 89.476
      vertex 12.2268 47.99 89.9011
      vertex 12.1287 47.99 89.476
    endloop
  endfacet
  facet normal -0.974391 0 0.22486
    outer loop
      vertex 12.2268 47.99 89.9011
      vertex 12.1287 37.99 89.476
      vertex 12.2268 37.99 89.9011
    endloop
  endfacet
  facet normal -0.965949 0 0.258732
    outer loop
      vertex 12.0158 33.9312 89.0545
      vertex 12.1287 36.0072 89.476
      vertex 12.0158 36.0461 89.0545
    endloop
  endfacet
  facet normal -0.965949 0 0.258732
    outer loop
      vertex 12.1287 36.0072 89.476
      vertex 12.0158 33.9312 89.0545
      vertex 12.1287 33.8923 89.476
    endloop
  endfacet
  facet normal -0.965949 0 0.258732
    outer loop
      vertex 12.0158 37.99 89.0545
      vertex 12.1287 47.99 89.476
      vertex 12.0158 47.99 89.0545
    endloop
  endfacet
  facet normal -0.965949 0 0.258732
    outer loop
      vertex 12.1287 47.99 89.476
      vertex 12.0158 37.99 89.0545
      vertex 12.1287 37.99 89.476
    endloop
  endfacet
  facet normal -0.956273 0 0.292475
    outer loop
      vertex 11.8882 33.9751 88.6373
      vertex 12.0158 36.0461 89.0545
      vertex 11.8882 36.09 88.6373
    endloop
  endfacet
  facet normal -0.956273 0 0.292475
    outer loop
      vertex 12.0158 36.0461 89.0545
      vertex 11.8882 33.9751 88.6373
      vertex 12.0158 33.9312 89.0545
    endloop
  endfacet
  facet normal -0.956273 0 0.292475
    outer loop
      vertex 11.8882 37.99 88.6373
      vertex 12.0158 47.99 89.0545
      vertex 11.8882 47.99 88.6373
    endloop
  endfacet
  facet normal -0.956273 0 0.292475
    outer loop
      vertex 12.0158 47.99 89.0545
      vertex 11.8882 37.99 88.6373
      vertex 12.0158 37.99 89.0545
    endloop
  endfacet
  facet normal -0.945543 0 0.325496
    outer loop
      vertex 11.7462 34.024 88.2248
      vertex 11.8882 36.09 88.6373
      vertex 11.7462 36.1389 88.2248
    endloop
  endfacet
  facet normal -0.945543 0 0.325496
    outer loop
      vertex 11.8882 36.09 88.6373
      vertex 11.7462 34.024 88.2248
      vertex 11.8882 33.9751 88.6373
    endloop
  endfacet
  facet normal -0.945543 0 0.325496
    outer loop
      vertex 11.7462 37.99 88.2248
      vertex 11.8882 47.99 88.6373
      vertex 11.7462 47.99 88.2248
    endloop
  endfacet
  facet normal -0.945543 0 0.325496
    outer loop
      vertex 11.8882 47.99 88.6373
      vertex 11.7462 37.99 88.2248
      vertex 11.8882 37.99 88.6373
    endloop
  endfacet
  facet normal -0.933623 0 0.358256
    outer loop
      vertex 11.5898 34.0779 87.8174
      vertex 11.7426 36.1401 88.2156
      vertex 11.5898 36.1869 87.8174
    endloop
  endfacet
  facet normal -0.931301 -0.00132919 0.364249
    outer loop
      vertex 11.7426 36.1401 88.2156
      vertex 11.5898 34.0779 87.8174
      vertex 11.7462 36.1389 88.2248
    endloop
  endfacet
  facet normal -0.93357 0 0.358395
    outer loop
      vertex 11.7462 36.1389 88.2248
      vertex 11.5898 34.0779 87.8174
      vertex 11.7462 34.024 88.2248
    endloop
  endfacet
  facet normal -0.93357 0 0.358395
    outer loop
      vertex 11.5898 37.99 87.8174
      vertex 11.7462 47.99 88.2248
      vertex 11.5898 47.99 87.8174
    endloop
  endfacet
  facet normal -0.93357 0 0.358395
    outer loop
      vertex 11.7462 47.99 88.2248
      vertex 11.5898 37.99 87.8174
      vertex 11.7462 37.99 88.2248
    endloop
  endfacet
  facet normal -0.920479 0 0.390791
    outer loop
      vertex 11.4193 34.1366 87.4158
      vertex 11.5898 36.1869 87.8174
      vertex 11.4193 36.239 87.4158
    endloop
  endfacet
  facet normal -0.920479 0 0.390791
    outer loop
      vertex 11.5898 36.1869 87.8174
      vertex 11.4193 34.1366 87.4158
      vertex 11.5898 34.0779 87.8174
    endloop
  endfacet
  facet normal -0.920479 0 0.390791
    outer loop
      vertex 11.4193 37.99 87.4158
      vertex 11.5898 47.99 87.8174
      vertex 11.4193 47.99 87.4158
    endloop
  endfacet
  facet normal -0.920479 0 0.390791
    outer loop
      vertex 11.5898 47.99 87.8174
      vertex 11.4193 37.99 87.4158
      vertex 11.5898 37.99 87.8174
    endloop
  endfacet
  facet normal -0.906289 0 0.42266
    outer loop
      vertex 11.2349 34.2001 87.0204
      vertex 11.4193 36.239 87.4158
      vertex 11.2349 36.2954 87.0204
    endloop
  endfacet
  facet normal -0.906289 0 0.42266
    outer loop
      vertex 11.4193 36.239 87.4158
      vertex 11.2349 34.2001 87.0204
      vertex 11.4193 34.1366 87.4158
    endloop
  endfacet
  facet normal -0.906289 0 0.42266
    outer loop
      vertex 11.2349 37.99 87.0204
      vertex 11.4193 47.99 87.4158
      vertex 11.2349 47.99 87.0204
    endloop
  endfacet
  facet normal -0.906289 0 0.42266
    outer loop
      vertex 11.4193 47.99 87.4158
      vertex 11.2349 37.99 87.0204
      vertex 11.4193 37.99 87.4158
    endloop
  endfacet
  facet normal -0.89101 0 0.453984
    outer loop
      vertex 11.0368 34.2649 86.6316
      vertex 11.2349 36.2954 87.0204
      vertex 11.0368 36.3559 86.6316
    endloop
  endfacet
  facet normal -0.890989 -9.91598e-06 0.454025
    outer loop
      vertex 11.1246 34.238 86.8039
      vertex 11.2349 36.2954 87.0204
      vertex 11.0368 34.2649 86.6316
    endloop
  endfacet
  facet normal -0.891027 0 0.45395
    outer loop
      vertex 11.2349 36.2954 87.0204
      vertex 11.1246 34.238 86.8039
      vertex 11.2349 34.2001 87.0204
    endloop
  endfacet
  facet normal -0.89101 0 0.453984
    outer loop
      vertex 11.0368 37.99 86.6316
      vertex 11.2349 47.99 87.0204
      vertex 11.0368 47.99 86.6316
    endloop
  endfacet
  facet normal -0.89101 0 0.453984
    outer loop
      vertex 11.2349 47.99 87.0204
      vertex 11.0368 37.99 86.6316
      vertex 11.2349 37.99 87.0204
    endloop
  endfacet
  facet normal -0.874643 0 0.484767
    outer loop
      vertex 10.8253 34.3295 86.25
      vertex 11.0368 36.3559 86.6316
      vertex 10.8253 36.4206 86.25
    endloop
  endfacet
  facet normal -0.874643 0 0.484767
    outer loop
      vertex 11.0368 36.3559 86.6316
      vertex 10.8253 34.3295 86.25
      vertex 11.0368 34.2649 86.6316
    endloop
  endfacet
  facet normal -0.874643 0 0.484767
    outer loop
      vertex 10.8253 37.99 86.25
      vertex 11.0368 47.99 86.6316
      vertex 10.8253 47.99 86.25
    endloop
  endfacet
  facet normal -0.874643 0 0.484767
    outer loop
      vertex 11.0368 47.99 86.6316
      vertex 10.8253 37.99 86.25
      vertex 11.0368 37.99 86.6316
    endloop
  endfacet
  facet normal -0.857189 0 0.515001
    outer loop
      vertex 10.6006 34.3982 85.876
      vertex 10.8253 36.4206 86.25
      vertex 10.6006 36.4893 85.876
    endloop
  endfacet
  facet normal -0.857189 0 0.515001
    outer loop
      vertex 10.8253 36.4206 86.25
      vertex 10.6006 34.3982 85.876
      vertex 10.8253 34.3295 86.25
    endloop
  endfacet
  facet normal -0.857189 0 0.515001
    outer loop
      vertex 10.6006 37.99 85.876
      vertex 10.8253 47.99 86.25
      vertex 10.6006 47.99 85.876
    endloop
  endfacet
  facet normal -0.857189 0 0.515001
    outer loop
      vertex 10.8253 47.99 86.25
      vertex 10.6006 37.99 85.876
      vertex 10.8253 37.99 86.25
    endloop
  endfacet
  facet normal -0.838768 0 0.544489
    outer loop
      vertex 10.363 34.4709 85.5101
      vertex 10.4742 36.5279 85.6814
      vertex 10.363 36.5578 85.5101
    endloop
  endfacet
  facet normal -0.838623 -2.63806e-05 0.544712
    outer loop
      vertex 10.4742 36.5279 85.6814
      vertex 10.363 34.4709 85.5101
      vertex 10.6006 36.4893 85.876
    endloop
  endfacet
  facet normal -0.83869 0 0.54461
    outer loop
      vertex 10.6006 36.4893 85.876
      vertex 10.363 34.4709 85.5101
      vertex 10.6006 34.3982 85.876
    endloop
  endfacet
  facet normal -0.83869 0 0.54461
    outer loop
      vertex 10.363 37.99 85.5101
      vertex 10.6006 47.99 85.876
      vertex 10.363 47.99 85.5101
    endloop
  endfacet
  facet normal -0.83869 0 0.54461
    outer loop
      vertex 10.6006 47.99 85.876
      vertex 10.363 37.99 85.5101
      vertex 10.6006 37.99 85.876
    endloop
  endfacet
  facet normal -0.819103 0 0.573647
    outer loop
      vertex 10.1127 34.5474 85.1527
      vertex 10.363 36.5578 85.5101
      vertex 10.1127 36.6248 85.1527
    endloop
  endfacet
  facet normal -0.819103 0 0.573647
    outer loop
      vertex 10.363 36.5578 85.5101
      vertex 10.1127 34.5474 85.1527
      vertex 10.363 34.4709 85.5101
    endloop
  endfacet
  facet normal -0.819103 0 0.573647
    outer loop
      vertex 10.1127 37.99 85.1527
      vertex 10.363 47.99 85.5101
      vertex 10.1127 47.99 85.1527
    endloop
  endfacet
  facet normal -0.819103 0 0.573647
    outer loop
      vertex 10.363 47.99 85.5101
      vertex 10.1127 37.99 85.1527
      vertex 10.363 37.99 85.5101
    endloop
  endfacet
  facet normal -0.798684 0 0.601751
    outer loop
      vertex 9.85013 34.6249 84.8042
      vertex 10.1127 36.6248 85.1527
      vertex 9.85013 36.6952 84.8042
    endloop
  endfacet
  facet normal -0.798862 6.47834e-05 0.601514
    outer loop
      vertex 9.92294 34.6054 84.9009
      vertex 10.1127 36.6248 85.1527
      vertex 9.85013 34.6249 84.8042
    endloop
  endfacet
  facet normal -0.798613 0 0.601846
    outer loop
      vertex 10.1127 36.6248 85.1527
      vertex 9.92294 34.6054 84.9009
      vertex 10.1127 34.5474 85.1527
    endloop
  endfacet
  facet normal -0.798684 0 0.601751
    outer loop
      vertex 9.85013 37.99 84.8042
      vertex 10.1127 47.99 85.1527
      vertex 9.85013 47.99 84.8042
    endloop
  endfacet
  facet normal -0.798684 0 0.601751
    outer loop
      vertex 10.1127 47.99 85.1527
      vertex 9.85013 37.99 84.8042
      vertex 10.1127 37.99 85.1527
    endloop
  endfacet
  facet normal -0.777075 0 0.629408
    outer loop
      vertex 9.57555 34.6985 84.4652
      vertex 9.85013 36.6952 84.8042
      vertex 9.57555 36.7687 84.4652
    endloop
  endfacet
  facet normal -0.777075 0 0.629408
    outer loop
      vertex 9.85013 36.6952 84.8042
      vertex 9.57555 34.6985 84.4652
      vertex 9.85013 34.6249 84.8042
    endloop
  endfacet
  facet normal -0.777075 0 0.629408
    outer loop
      vertex 9.57555 37.99 84.4652
      vertex 9.85013 47.99 84.8042
      vertex 9.57555 47.99 84.4652
    endloop
  endfacet
  facet normal -0.777075 0 0.629408
    outer loop
      vertex 9.85013 47.99 84.8042
      vertex 9.57555 37.99 84.4652
      vertex 9.85013 37.99 84.8042
    endloop
  endfacet
  facet normal -0.754728 0 0.656038
    outer loop
      vertex 9.28931 34.7752 84.1359
      vertex 9.57555 36.7687 84.4652
      vertex 9.28931 36.8454 84.1359
    endloop
  endfacet
  facet normal -0.754728 0 0.656038
    outer loop
      vertex 9.57555 36.7687 84.4652
      vertex 9.28931 34.7752 84.1359
      vertex 9.57555 34.6985 84.4652
    endloop
  endfacet
  facet normal -0.754728 0 0.656038
    outer loop
      vertex 9.28931 37.99 84.1359
      vertex 9.57555 47.99 84.4652
      vertex 9.28931 47.99 84.1359
    endloop
  endfacet
  facet normal -0.754728 0 0.656038
    outer loop
      vertex 9.57555 47.99 84.4652
      vertex 9.28931 37.99 84.1359
      vertex 9.57555 37.99 84.4652
    endloop
  endfacet
  facet normal -0.731264 0 0.682095
    outer loop
      vertex 8.99174 34.8549 83.8168
      vertex 9.19303 36.8712 84.0326
      vertex 8.99174 36.9177 83.8168
    endloop
  endfacet
  facet normal -0.731519 5.48439e-05 0.681821
    outer loop
      vertex 9.19303 36.8712 84.0326
      vertex 8.99174 34.8549 83.8168
      vertex 9.28931 36.8454 84.1359
    endloop
  endfacet
  facet normal -0.731349 0 0.682004
    outer loop
      vertex 9.28931 36.8454 84.1359
      vertex 8.99174 34.8549 83.8168
      vertex 9.28931 34.7752 84.1359
    endloop
  endfacet
  facet normal -0.731349 0 0.682004
    outer loop
      vertex 8.99174 37.99 83.8168
      vertex 9.28931 47.99 84.1359
      vertex 8.99174 47.99 83.8168
    endloop
  endfacet
  facet normal -0.731349 0 0.682004
    outer loop
      vertex 9.28931 47.99 84.1359
      vertex 8.99174 37.99 83.8168
      vertex 9.28931 37.99 84.1359
    endloop
  endfacet
  facet normal -0.707095 0 0.707118
    outer loop
      vertex 8.68323 34.9366 83.5083
      vertex 8.99174 36.9177 83.8168
      vertex 8.68323 36.9889 83.5083
    endloop
  endfacet
  facet normal -0.706316 -0.000242487 0.707896
    outer loop
      vertex 8.70919 34.9306 83.5342
      vertex 8.99174 36.9177 83.8168
      vertex 8.68323 34.9366 83.5083
    endloop
  endfacet
  facet normal -0.707169 0 0.707044
    outer loop
      vertex 8.99174 36.9177 83.8168
      vertex 8.70919 34.9306 83.5342
      vertex 8.99174 34.8549 83.8168
    endloop
  endfacet
  facet normal -0.707095 0 0.707118
    outer loop
      vertex 8.68323 37.99 83.5083
      vertex 8.99174 47.99 83.8168
      vertex 8.68323 47.99 83.5083
    endloop
  endfacet
  facet normal -0.707095 0 0.707118
    outer loop
      vertex 8.99174 47.99 83.8168
      vertex 8.68323 37.99 83.5083
      vertex 8.99174 37.99 83.8168
    endloop
  endfacet
  facet normal -0.682029 0 0.731325
    outer loop
      vertex 8.36412 35.0103 83.2107
      vertex 8.68323 36.9889 83.5083
      vertex 8.36412 37.0626 83.2107
    endloop
  endfacet
  facet normal -0.682029 0 0.731325
    outer loop
      vertex 8.68323 36.9889 83.5083
      vertex 8.36412 35.0103 83.2107
      vertex 8.68323 34.9366 83.5083
    endloop
  endfacet
  facet normal -0.682029 0 0.731325
    outer loop
      vertex 8.36412 47.99 83.2107
      vertex 8.68323 37.99 83.5083
      vertex 8.68323 47.99 83.5083
    endloop
  endfacet
  facet normal -0.682029 0 0.731325
    outer loop
      vertex 8.68323 37.99 83.5083
      vertex 8.36412 47.99 83.2107
      vertex 8.36412 37.99 83.2107
    endloop
  endfacet
  facet normal -0.656008 0 0.754754
    outer loop
      vertex 8.03484 35.0863 82.9245
      vertex 8.36412 37.0626 83.2107
      vertex 8.03484 37.1386 82.9245
    endloop
  endfacet
  facet normal -0.656008 0 0.754754
    outer loop
      vertex 8.36412 37.0626 83.2107
      vertex 8.03484 35.0863 82.9245
      vertex 8.36412 35.0103 83.2107
    endloop
  endfacet
  facet normal -0.656008 0 0.754754
    outer loop
      vertex 8.03484 47.99 82.9245
      vertex 8.36412 37.99 83.2107
      vertex 8.36412 47.99 83.2107
    endloop
  endfacet
  facet normal -0.656008 0 0.754754
    outer loop
      vertex 8.36412 37.99 83.2107
      vertex 8.03484 47.99 82.9245
      vertex 8.03484 37.99 82.9245
    endloop
  endfacet
  facet normal -0.629412 1.88356e-05 0.777072
    outer loop
      vertex 7.69576 35.1646 82.6499
      vertex 8.03484 37.1386 82.9245
      vertex 7.90064 37.1696 82.8158
    endloop
  endfacet
  facet normal -0.629301 0 0.777162
    outer loop
      vertex 7.69576 35.1646 82.6499
      vertex 7.90064 37.1696 82.8158
      vertex 7.69576 37.2094 82.6499
    endloop
  endfacet
  facet normal -0.629346 0 0.777125
    outer loop
      vertex 8.03484 37.1386 82.9245
      vertex 7.69576 35.1646 82.6499
      vertex 8.03484 35.0863 82.9245
    endloop
  endfacet
  facet normal -0.629346 0 0.777125
    outer loop
      vertex 7.69576 47.99 82.6499
      vertex 8.03484 37.99 82.9245
      vertex 8.03484 47.99 82.9245
    endloop
  endfacet
  facet normal -0.629346 0 0.777125
    outer loop
      vertex 8.03484 37.99 82.9245
      vertex 7.69576 47.99 82.6499
      vertex 7.69576 37.99 82.6499
    endloop
  endfacet
  facet normal -0.601924 0 0.798553
    outer loop
      vertex 7.69576 37.2094 82.6499
      vertex 7.48482 35.2133 82.4909
      vertex 7.69576 35.1646 82.6499
    endloop
  endfacet
  facet normal -0.60185 0 0.798609
    outer loop
      vertex 7.34731 35.24 82.3873
      vertex 7.69576 37.2094 82.6499
      vertex 7.34731 37.2772 82.3873
    endloop
  endfacet
  facet normal -0.60174 -3.05259e-05 0.798692
    outer loop
      vertex 7.69576 37.2094 82.6499
      vertex 7.34731 35.24 82.3873
      vertex 7.48482 35.2133 82.4909
    endloop
  endfacet
  facet normal -0.60185 0 0.798609
    outer loop
      vertex 7.34731 47.99 82.3873
      vertex 7.69576 37.99 82.6499
      vertex 7.69576 47.99 82.6499
    endloop
  endfacet
  facet normal -0.60185 0 0.798609
    outer loop
      vertex 7.69576 37.99 82.6499
      vertex 7.34731 47.99 82.3873
      vertex 7.34731 37.99 82.3873
    endloop
  endfacet
  facet normal -0.573636 0 0.81911
    outer loop
      vertex 6.9899 35.3095 82.137
      vertex 7.34731 37.2772 82.3873
      vertex 6.9899 37.3466 82.137
    endloop
  endfacet
  facet normal -0.573636 0 0.81911
    outer loop
      vertex 7.34731 37.2772 82.3873
      vertex 6.9899 35.3095 82.137
      vertex 7.34731 35.24 82.3873
    endloop
  endfacet
  facet normal -0.573636 0 0.81911
    outer loop
      vertex 6.9899 47.99 82.137
      vertex 7.34731 37.99 82.3873
      vertex 7.34731 47.99 82.3873
    endloop
  endfacet
  facet normal -0.573636 0 0.81911
    outer loop
      vertex 7.34731 37.99 82.3873
      vertex 6.9899 47.99 82.137
      vertex 6.9899 37.99 82.137
    endloop
  endfacet
  facet normal -0.544589 0 0.838703
    outer loop
      vertex 6.62398 35.3806 81.8994
      vertex 6.9899 37.3466 82.137
      vertex 6.62398 37.4178 81.8994
    endloop
  endfacet
  facet normal -0.544589 0 0.838703
    outer loop
      vertex 6.9899 37.3466 82.137
      vertex 6.62398 35.3806 81.8994
      vertex 6.9899 35.3095 82.137
    endloop
  endfacet
  facet normal -0.544589 0 0.838703
    outer loop
      vertex 6.62398 47.99 81.8994
      vertex 6.9899 37.99 82.137
      vertex 6.9899 47.99 82.137
    endloop
  endfacet
  facet normal -0.544589 0 0.838703
    outer loop
      vertex 6.9899 37.99 82.137
      vertex 6.62398 47.99 81.8994
      vertex 6.62398 37.99 81.8994
    endloop
  endfacet
  facet normal -0.514274 -0.000192434 0.857626
    outer loop
      vertex 6.25133 35.4531 81.6755
      vertex 6.62398 37.4178 81.8994
      vertex 6.59863 37.4227 81.8842
    endloop
  endfacet
  facet normal -0.51502 0 0.857178
    outer loop
      vertex 6.62398 37.4178 81.8994
      vertex 6.25133 35.4531 81.6755
      vertex 6.62398 35.3806 81.8994
    endloop
  endfacet
  facet normal -0.515078 0 0.857143
    outer loop
      vertex 6.25 35.4533 81.6747
      vertex 6.59863 37.4227 81.8842
      vertex 6.25 37.4779 81.6747
    endloop
  endfacet
  facet normal -0.515433 8.57239e-05 0.85693
    outer loop
      vertex 6.59863 37.4227 81.8842
      vertex 6.25 35.4533 81.6747
      vertex 6.25133 35.4531 81.6755
    endloop
  endfacet
  facet normal -0.515021 0 0.857177
    outer loop
      vertex 6.25 47.99 81.6747
      vertex 6.62398 37.99 81.8994
      vertex 6.62398 47.99 81.8994
    endloop
  endfacet
  facet normal -0.515021 0 0.857177
    outer loop
      vertex 6.62398 37.99 81.8994
      vertex 6.25 47.99 81.6747
      vertex 6.25 37.99 81.6747
    endloop
  endfacet
  facet normal -0.484757 0 0.874649
    outer loop
      vertex 5.86839 35.5137 81.4632
      vertex 6.25 37.4779 81.6747
      vertex 5.86839 37.5384 81.4632
    endloop
  endfacet
  facet normal -0.484757 0 0.874649
    outer loop
      vertex 6.25 37.4779 81.6747
      vertex 5.86839 35.5137 81.4632
      vertex 6.25 35.4533 81.6747
    endloop
  endfacet
  facet normal -0.484757 0 0.874649
    outer loop
      vertex 5.86839 47.99 81.4632
      vertex 6.25 37.99 81.6747
      vertex 6.25 47.99 81.6747
    endloop
  endfacet
  facet normal -0.484757 0 0.874649
    outer loop
      vertex 6.25 37.99 81.6747
      vertex 5.86839 47.99 81.4632
      vertex 5.86839 37.99 81.4632
    endloop
  endfacet
  facet normal -0.454021 0 0.890991
    outer loop
      vertex 5.47963 35.5753 81.2651
      vertex 5.86839 37.5384 81.4632
      vertex 5.47963 37.5999 81.2651
    endloop
  endfacet
  facet normal -0.454021 0 0.890991
    outer loop
      vertex 5.86839 37.5384 81.4632
      vertex 5.47963 35.5753 81.2651
      vertex 5.86839 35.5137 81.4632
    endloop
  endfacet
  facet normal -0.454021 0 0.890991
    outer loop
      vertex 5.47963 47.99 81.2651
      vertex 5.86839 37.99 81.4632
      vertex 5.86839 47.99 81.4632
    endloop
  endfacet
  facet normal -0.454021 0 0.890991
    outer loop
      vertex 5.86839 37.99 81.4632
      vertex 5.47963 47.99 81.2651
      vertex 5.47963 37.99 81.2651
    endloop
  endfacet
  facet normal -0.422664 7.4809e-06 0.906287
    outer loop
      vertex 5.0842 35.6379 81.0807
      vertex 5.47963 37.5999 81.2651
      vertex 5.28858 37.6302 81.176
    endloop
  endfacet
  facet normal -0.422604 0 0.906315
    outer loop
      vertex 5.0842 35.6379 81.0807
      vertex 5.28858 37.6302 81.176
      vertex 5.0842 37.6553 81.0807
    endloop
  endfacet
  facet normal -0.422633 0 0.906301
    outer loop
      vertex 5.47963 37.5999 81.2651
      vertex 5.0842 35.6379 81.0807
      vertex 5.47963 35.5753 81.2651
    endloop
  endfacet
  facet normal -0.422633 0 0.906301
    outer loop
      vertex 5.0842 47.99 81.0807
      vertex 5.47963 37.99 81.2651
      vertex 5.47963 47.99 81.2651
    endloop
  endfacet
  facet normal -0.422633 0 0.906301
    outer loop
      vertex 5.47963 37.99 81.2651
      vertex 5.0842 47.99 81.0807
      vertex 5.0842 37.99 81.0807
    endloop
  endfacet
  facet normal -0.390748 0 0.920498
    outer loop
      vertex 5.0842 37.6553 81.0807
      vertex 5.01023 35.6497 81.0493
      vertex 5.0842 35.6379 81.0807
    endloop
  endfacet
  facet normal -0.390766 0 0.92049
    outer loop
      vertex 4.68257 35.6899 80.9102
      vertex 5.0842 37.6553 81.0807
      vertex 4.68257 37.7046 80.9102
    endloop
  endfacet
  facet normal -0.39077 9.80269e-07 0.920488
    outer loop
      vertex 5.0842 37.6553 81.0807
      vertex 4.68257 35.6899 80.9102
      vertex 5.01023 35.6497 81.0493
    endloop
  endfacet
  facet normal -0.390766 0 0.92049
    outer loop
      vertex 4.68257 47.99 80.9102
      vertex 5.0842 37.99 81.0807
      vertex 5.0842 47.99 81.0807
    endloop
  endfacet
  facet normal -0.390766 0 0.92049
    outer loop
      vertex 5.0842 37.99 81.0807
      vertex 4.68257 47.99 80.9102
      vertex 4.68257 37.99 80.9102
    endloop
  endfacet
  facet normal -0.358449 0 0.933549
    outer loop
      vertex 4.27524 35.7399 80.7538
      vertex 4.68257 37.7046 80.9102
      vertex 4.27524 37.7546 80.7538
    endloop
  endfacet
  facet normal -0.358449 0 0.933549
    outer loop
      vertex 4.68257 37.7046 80.9102
      vertex 4.27524 35.7399 80.7538
      vertex 4.68257 35.6899 80.9102
    endloop
  endfacet
  facet normal -0.358449 0 0.933549
    outer loop
      vertex 4.27524 47.99 80.7538
      vertex 4.68257 37.99 80.9102
      vertex 4.68257 47.99 80.9102
    endloop
  endfacet
  facet normal -0.358449 0 0.933549
    outer loop
      vertex 4.68257 37.99 80.9102
      vertex 4.27524 47.99 80.7538
      vertex 4.27524 37.99 80.7538
    endloop
  endfacet
  facet normal -0.325331 -3.22006e-05 0.9456
    outer loop
      vertex 3.8627 35.7906 80.6118
      vertex 4.27524 37.7546 80.7538
      vertex 3.97208 37.7918 80.6495
    endloop
  endfacet
  facet normal -0.325857 0 0.945419
    outer loop
      vertex 3.8627 35.7906 80.6118
      vertex 3.97208 37.7918 80.6495
      vertex 3.8627 37.8014 80.6118
    endloop
  endfacet
  facet normal -0.325468 0 0.945553
    outer loop
      vertex 4.27524 37.7546 80.7538
      vertex 3.8627 35.7906 80.6118
      vertex 4.27524 35.7399 80.7538
    endloop
  endfacet
  facet normal -0.325468 0 0.945553
    outer loop
      vertex 3.8627 47.99 80.6118
      vertex 4.27524 37.99 80.7538
      vertex 4.27524 47.99 80.7538
    endloop
  endfacet
  facet normal -0.325468 0 0.945553
    outer loop
      vertex 4.27524 37.99 80.7538
      vertex 3.8627 47.99 80.6118
      vertex 3.8627 37.99 80.6118
    endloop
  endfacet
  facet normal -0.292589 0 0.956238
    outer loop
      vertex 3.8627 37.8014 80.6118
      vertex 3.76302 35.8028 80.5813
      vertex 3.8627 35.7906 80.6118
    endloop
  endfacet
  facet normal -0.292456 0 0.956279
    outer loop
      vertex 3.44547 35.8306 80.4842
      vertex 3.8627 37.8014 80.6118
      vertex 3.44547 37.8379 80.4842
    endloop
  endfacet
  facet normal -0.292414 -9.52201e-06 0.956292
    outer loop
      vertex 3.8627 37.8014 80.6118
      vertex 3.44547 35.8306 80.4842
      vertex 3.76302 35.8028 80.5813
    endloop
  endfacet
  facet normal -0.292456 0 0.956279
    outer loop
      vertex 3.44547 47.99 80.4842
      vertex 3.8627 37.99 80.6118
      vertex 3.8627 47.99 80.6118
    endloop
  endfacet
  facet normal -0.292456 0 0.956279
    outer loop
      vertex 3.8627 37.99 80.6118
      vertex 3.44547 47.99 80.4842
      vertex 3.44547 37.99 80.4842
    endloop
  endfacet
  facet normal -0.258761 0 0.965941
    outer loop
      vertex 3.02402 35.8674 80.3713
      vertex 3.44547 37.8379 80.4842
      vertex 3.02402 37.8748 80.3713
    endloop
  endfacet
  facet normal -0.258761 0 0.965941
    outer loop
      vertex 3.44547 37.8379 80.4842
      vertex 3.02402 35.8674 80.3713
      vertex 3.44547 35.8306 80.4842
    endloop
  endfacet
  facet normal -0.258761 0 0.965941
    outer loop
      vertex 3.02402 47.99 80.3713
      vertex 3.44547 37.99 80.4842
      vertex 3.44547 47.99 80.4842
    endloop
  endfacet
  facet normal -0.258761 0 0.965941
    outer loop
      vertex 3.44547 37.99 80.4842
      vertex 3.02402 47.99 80.3713
      vertex 3.02402 37.99 80.3713
    endloop
  endfacet
  facet normal -0.225007 3.6956e-05 0.974357
    outer loop
      vertex 2.59889 35.9046 80.2732
      vertex 3.02402 37.8748 80.3713
      vertex 2.65075 37.9074 80.2851
    endloop
  endfacet
  facet normal -0.223651 0 0.974669
    outer loop
      vertex 2.59889 35.9046 80.2732
      vertex 2.65075 37.9074 80.2851
      vertex 2.59889 37.9102 80.2732
    endloop
  endfacet
  facet normal -0.224844 0 0.974395
    outer loop
      vertex 3.02402 37.8748 80.3713
      vertex 2.59889 35.9046 80.2732
      vertex 3.02402 35.8674 80.3713
    endloop
  endfacet
  facet normal -0.224844 0 0.974395
    outer loop
      vertex 2.59889 47.99 80.2732
      vertex 3.02402 37.99 80.3713
      vertex 3.02402 47.99 80.3713
    endloop
  endfacet
  facet normal -0.224844 0 0.974395
    outer loop
      vertex 3.02402 37.99 80.3713
      vertex 2.59889 47.99 80.2732
      vertex 2.59889 37.99 80.2732
    endloop
  endfacet
  facet normal -0.191463 0 0.9815
    outer loop
      vertex 2.59889 37.9102 80.2732
      vertex 2.51123 35.9123 80.2561
      vertex 2.59889 35.9046 80.2732
    endloop
  endfacet
  facet normal -0.190913 0 0.981607
    outer loop
      vertex 2.17059 35.9302 80.1899
      vertex 2.59889 37.9102 80.2732
      vertex 2.17059 37.9326 80.1899
    endloop
  endfacet
  facet normal -0.190773 -3.14464e-05 0.981634
    outer loop
      vertex 2.59889 37.9102 80.2732
      vertex 2.17059 35.9302 80.1899
      vertex 2.51123 35.9123 80.2561
    endloop
  endfacet
  facet normal -0.190913 0 0.981607
    outer loop
      vertex 2.17059 47.99 80.1899
      vertex 2.59889 37.99 80.2732
      vertex 2.59889 47.99 80.2732
    endloop
  endfacet
  facet normal -0.190913 0 0.981607
    outer loop
      vertex 2.59889 37.99 80.2732
      vertex 2.17059 47.99 80.1899
      vertex 2.17059 37.99 80.1899
    endloop
  endfacet
  facet normal -0.156313 0 0.987708
    outer loop
      vertex 1.73965 35.9527 80.1217
      vertex 2.17059 37.9326 80.1899
      vertex 1.73965 37.9552 80.1217
    endloop
  endfacet
  facet normal -0.156313 0 0.987708
    outer loop
      vertex 2.17059 37.9326 80.1899
      vertex 1.73965 35.9527 80.1217
      vertex 2.17059 35.9302 80.1899
    endloop
  endfacet
  facet normal -0.156313 0 0.987708
    outer loop
      vertex 1.73965 47.99 80.1217
      vertex 2.17059 37.99 80.1899
      vertex 2.17059 47.99 80.1899
    endloop
  endfacet
  facet normal -0.156313 0 0.987708
    outer loop
      vertex 2.17059 37.99 80.1899
      vertex 1.73965 47.99 80.1217
      vertex 1.73965 37.99 80.1217
    endloop
  endfacet
  facet normal -0.121945 3.40921e-06 0.992537
    outer loop
      vertex 1.30659 35.9754 80.0685
      vertex 1.73965 37.9552 80.1217
      vertex 1.32618 37.9769 80.0709
    endloop
  endfacet
  facet normal -0.121602 0 0.992579
    outer loop
      vertex 1.30659 35.9754 80.0685
      vertex 1.32618 37.9769 80.0709
      vertex 1.30659 37.9772 80.0685
    endloop
  endfacet
  facet normal -0.12193 0 0.992539
    outer loop
      vertex 1.73965 37.9552 80.1217
      vertex 1.30659 35.9754 80.0685
      vertex 1.73965 35.9527 80.1217
    endloop
  endfacet
  facet normal -0.12193 0 0.992539
    outer loop
      vertex 1.30659 47.99 80.0685
      vertex 1.73965 37.99 80.1217
      vertex 1.73965 47.99 80.1217
    endloop
  endfacet
  facet normal -0.12193 0 0.992539
    outer loop
      vertex 1.73965 37.99 80.1217
      vertex 1.30659 47.99 80.0685
      vertex 1.30659 37.99 80.0685
    endloop
  endfacet
  facet normal -0.0872974 0 0.996182
    outer loop
      vertex 1.30659 37.9772 80.0685
      vertex 1.25638 35.9781 80.0641
      vertex 1.30659 35.9754 80.0685
    endloop
  endfacet
  facet normal -0.0870961 -5.0938e-06 0.9962
    outer loop
      vertex 0.871948 37.9848 80.0305
      vertex 1.25638 35.9781 80.0641
      vertex 1.30659 37.9772 80.0685
    endloop
  endfacet
  facet normal -0.0870697 0 0.996202
    outer loop
      vertex 1.25638 35.9781 80.0641
      vertex 0.871948 37.9848 80.0305
      vertex 0.871948 35.9848 80.0305
    endloop
  endfacet
  facet normal -0.087096 0 0.9962
    outer loop
      vertex 0.871948 47.99 80.0305
      vertex 1.30659 37.99 80.0685
      vertex 1.30659 47.99 80.0685
    endloop
  endfacet
  facet normal -0.087096 0 0.9962
    outer loop
      vertex 1.30659 37.99 80.0685
      vertex 0.871948 47.99 80.0305
      vertex 0.871948 37.99 80.0305
    endloop
  endfacet
  facet normal -0.052426 0 0.998625
    outer loop
      vertex 0.871948 47.99 80.0305
      vertex 0.57289 37.99 80.0148
      vertex 0.871948 37.99 80.0305
    endloop
  endfacet
  facet normal -0.052485 1.769e-06 0.998622
    outer loop
      vertex 0.57289 37.99 80.0148
      vertex 0.871948 47.99 80.0305
      vertex 0.436234 47.99 80.0076
    endloop
  endfacet
  facet normal -0.052426 0 0.998625
    outer loop
      vertex 0.57289 37.99 80.0148
      vertex 0.871948 35.9848 80.0305
      vertex 0.871948 37.9848 80.0305
    endloop
  endfacet
  facet normal -0.0524851 -8.84505e-06 0.998622
    outer loop
      vertex 0.57289 37.99 80.0148
      vertex 0.436234 35.9924 80.0076
      vertex 0.871948 35.9848 80.0305
    endloop
  endfacet
  facet normal -0.0526141 0 0.998615
    outer loop
      vertex 0.436234 35.9924 80.0076
      vertex 0.57289 37.99 80.0148
      vertex 0.436234 47.99 80.0076
    endloop
  endfacet
  facet normal -0.0174192 0 0.999848
    outer loop
      vertex 0 36 80
      vertex 0.436234 47.99 80.0076
      vertex 0 47.99 80
    endloop
  endfacet
  facet normal -0.0174192 0 0.999848
    outer loop
      vertex 0.436234 47.99 80.0076
      vertex 0 36 80
      vertex 0.436234 35.9924 80.0076
    endloop
  endfacet
  facet normal 0.0174192 0 0.999848
    outer loop
      vertex -0.436234 47.99 80.0076
      vertex 0 36 80
      vertex 0 47.99 80
    endloop
  endfacet
  facet normal 0.0174192 0 0.999848
    outer loop
      vertex 0 36 80
      vertex -0.436234 47.99 80.0076
      vertex -0.436234 35.9924 80.0076
    endloop
  endfacet
  facet normal 0.0526141 0 0.998615
    outer loop
      vertex -0.436234 47.99 80.0076
      vertex -0.57289 37.99 80.0148
      vertex -0.436234 35.9924 80.0076
    endloop
  endfacet
  facet normal 0.052485 1.769e-06 0.998622
    outer loop
      vertex -0.871948 47.99 80.0305
      vertex -0.57289 37.99 80.0148
      vertex -0.436234 47.99 80.0076
    endloop
  endfacet
  facet normal 0.052426 0 0.998625
    outer loop
      vertex -0.57289 37.99 80.0148
      vertex -0.871948 47.99 80.0305
      vertex -0.871948 37.99 80.0305
    endloop
  endfacet
  facet normal 0.052426 -0 0.998625
    outer loop
      vertex -0.871948 35.9848 80.0305
      vertex -0.57289 37.99 80.0148
      vertex -0.871948 37.9848 80.0305
    endloop
  endfacet
  facet normal 0.0524851 -8.84505e-06 0.998622
    outer loop
      vertex -0.57289 37.99 80.0148
      vertex -0.871948 35.9848 80.0305
      vertex -0.436234 35.9924 80.0076
    endloop
  endfacet
  facet normal 0.0870697 0 0.996202
    outer loop
      vertex -0.871948 37.9848 80.0305
      vertex -1.25638 35.9781 80.0641
      vertex -0.871948 35.9848 80.0305
    endloop
  endfacet
  facet normal 0.0870961 -5.0938e-06 0.9962
    outer loop
      vertex -1.30659 37.9772 80.0685
      vertex -1.25638 35.9781 80.0641
      vertex -0.871948 37.9848 80.0305
    endloop
  endfacet
  facet normal 0.0872974 0 0.996182
    outer loop
      vertex -1.25638 35.9781 80.0641
      vertex -1.30659 37.9772 80.0685
      vertex -1.30659 35.9754 80.0685
    endloop
  endfacet
  facet normal 0.087096 0 0.9962
    outer loop
      vertex -1.30659 47.99 80.0685
      vertex -0.871948 37.99 80.0305
      vertex -0.871948 47.99 80.0305
    endloop
  endfacet
  facet normal 0.087096 0 0.9962
    outer loop
      vertex -0.871948 37.99 80.0305
      vertex -1.30659 47.99 80.0685
      vertex -1.30659 37.99 80.0685
    endloop
  endfacet
  facet normal 0.121602 0 0.992579
    outer loop
      vertex -1.32618 37.9769 80.0709
      vertex -1.30659 35.9754 80.0685
      vertex -1.30659 37.9772 80.0685
    endloop
  endfacet
  facet normal 0.121945 3.40921e-06 0.992537
    outer loop
      vertex -1.73965 37.9552 80.1217
      vertex -1.30659 35.9754 80.0685
      vertex -1.32618 37.9769 80.0709
    endloop
  endfacet
  facet normal 0.12193 0 0.992539
    outer loop
      vertex -1.30659 35.9754 80.0685
      vertex -1.73965 37.9552 80.1217
      vertex -1.73965 35.9527 80.1217
    endloop
  endfacet
  facet normal 0.12193 0 0.992539
    outer loop
      vertex -1.73965 47.99 80.1217
      vertex -1.30659 37.99 80.0685
      vertex -1.30659 47.99 80.0685
    endloop
  endfacet
  facet normal 0.12193 0 0.992539
    outer loop
      vertex -1.30659 37.99 80.0685
      vertex -1.73965 47.99 80.1217
      vertex -1.73965 37.99 80.1217
    endloop
  endfacet
  facet normal 0.156313 0 0.987708
    outer loop
      vertex -2.17059 37.9326 80.1899
      vertex -1.73965 35.9527 80.1217
      vertex -1.73965 37.9552 80.1217
    endloop
  endfacet
  facet normal 0.156313 0 0.987708
    outer loop
      vertex -1.73965 35.9527 80.1217
      vertex -2.17059 37.9326 80.1899
      vertex -2.17059 35.9302 80.1899
    endloop
  endfacet
  facet normal 0.156313 0 0.987708
    outer loop
      vertex -2.17059 47.99 80.1899
      vertex -1.73965 37.99 80.1217
      vertex -1.73965 47.99 80.1217
    endloop
  endfacet
  facet normal 0.156313 0 0.987708
    outer loop
      vertex -1.73965 37.99 80.1217
      vertex -2.17059 47.99 80.1899
      vertex -2.17059 37.99 80.1899
    endloop
  endfacet
  facet normal 0.190913 0 0.981607
    outer loop
      vertex -2.59889 37.9102 80.2732
      vertex -2.17059 35.9302 80.1899
      vertex -2.17059 37.9326 80.1899
    endloop
  endfacet
  facet normal 0.190773 -3.14464e-05 0.981634
    outer loop
      vertex -2.17059 35.9302 80.1899
      vertex -2.59889 37.9102 80.2732
      vertex -2.51123 35.9123 80.2561
    endloop
  endfacet
  facet normal 0.191463 0 0.9815
    outer loop
      vertex -2.51123 35.9123 80.2561
      vertex -2.59889 37.9102 80.2732
      vertex -2.59889 35.9046 80.2732
    endloop
  endfacet
  facet normal 0.190913 0 0.981607
    outer loop
      vertex -2.59889 47.99 80.2732
      vertex -2.17059 37.99 80.1899
      vertex -2.17059 47.99 80.1899
    endloop
  endfacet
  facet normal 0.190913 0 0.981607
    outer loop
      vertex -2.17059 37.99 80.1899
      vertex -2.59889 47.99 80.2732
      vertex -2.59889 37.99 80.2732
    endloop
  endfacet
  facet normal 0.223651 0 0.974669
    outer loop
      vertex -2.65075 37.9074 80.2851
      vertex -2.59889 35.9046 80.2732
      vertex -2.59889 37.9102 80.2732
    endloop
  endfacet
  facet normal 0.225007 3.6956e-05 0.974357
    outer loop
      vertex -3.02402 37.8748 80.3713
      vertex -2.59889 35.9046 80.2732
      vertex -2.65075 37.9074 80.2851
    endloop
  endfacet
  facet normal 0.224844 0 0.974395
    outer loop
      vertex -2.59889 35.9046 80.2732
      vertex -3.02402 37.8748 80.3713
      vertex -3.02402 35.8674 80.3713
    endloop
  endfacet
  facet normal 0.224844 0 0.974395
    outer loop
      vertex -3.02402 47.99 80.3713
      vertex -2.59889 37.99 80.2732
      vertex -2.59889 47.99 80.2732
    endloop
  endfacet
  facet normal 0.224844 0 0.974395
    outer loop
      vertex -2.59889 37.99 80.2732
      vertex -3.02402 47.99 80.3713
      vertex -3.02402 37.99 80.3713
    endloop
  endfacet
  facet normal 0.258761 0 0.965941
    outer loop
      vertex -3.44547 37.8379 80.4842
      vertex -3.02402 35.8674 80.3713
      vertex -3.02402 37.8748 80.3713
    endloop
  endfacet
  facet normal 0.258761 0 0.965941
    outer loop
      vertex -3.02402 35.8674 80.3713
      vertex -3.44547 37.8379 80.4842
      vertex -3.44547 35.8306 80.4842
    endloop
  endfacet
  facet normal 0.258761 0 0.965941
    outer loop
      vertex -3.44547 47.99 80.4842
      vertex -3.02402 37.99 80.3713
      vertex -3.02402 47.99 80.3713
    endloop
  endfacet
  facet normal 0.258761 0 0.965941
    outer loop
      vertex -3.02402 37.99 80.3713
      vertex -3.44547 47.99 80.4842
      vertex -3.44547 37.99 80.4842
    endloop
  endfacet
  facet normal 0.292456 0 0.956279
    outer loop
      vertex -3.8627 37.8014 80.6118
      vertex -3.44547 35.8306 80.4842
      vertex -3.44547 37.8379 80.4842
    endloop
  endfacet
  facet normal 0.292414 -9.52201e-06 0.956292
    outer loop
      vertex -3.44547 35.8306 80.4842
      vertex -3.8627 37.8014 80.6118
      vertex -3.76302 35.8028 80.5813
    endloop
  endfacet
  facet normal 0.292589 0 0.956238
    outer loop
      vertex -3.76302 35.8028 80.5813
      vertex -3.8627 37.8014 80.6118
      vertex -3.8627 35.7906 80.6118
    endloop
  endfacet
  facet normal 0.292456 0 0.956279
    outer loop
      vertex -3.8627 47.99 80.6118
      vertex -3.44547 37.99 80.4842
      vertex -3.44547 47.99 80.4842
    endloop
  endfacet
  facet normal 0.292456 0 0.956279
    outer loop
      vertex -3.44547 37.99 80.4842
      vertex -3.8627 47.99 80.6118
      vertex -3.8627 37.99 80.6118
    endloop
  endfacet
  facet normal 0.325857 0 0.945419
    outer loop
      vertex -3.97208 37.7918 80.6495
      vertex -3.8627 35.7906 80.6118
      vertex -3.8627 37.8014 80.6118
    endloop
  endfacet
  facet normal 0.325331 -3.22006e-05 0.9456
    outer loop
      vertex -4.27524 37.7546 80.7538
      vertex -3.8627 35.7906 80.6118
      vertex -3.97208 37.7918 80.6495
    endloop
  endfacet
  facet normal 0.325468 0 0.945553
    outer loop
      vertex -3.8627 35.7906 80.6118
      vertex -4.27524 37.7546 80.7538
      vertex -4.27524 35.7399 80.7538
    endloop
  endfacet
  facet normal 0.325468 0 0.945553
    outer loop
      vertex -4.27524 47.99 80.7538
      vertex -3.8627 37.99 80.6118
      vertex -3.8627 47.99 80.6118
    endloop
  endfacet
  facet normal 0.325468 0 0.945553
    outer loop
      vertex -3.8627 37.99 80.6118
      vertex -4.27524 47.99 80.7538
      vertex -4.27524 37.99 80.7538
    endloop
  endfacet
  facet normal 0.358449 0 0.933549
    outer loop
      vertex -4.68257 37.7046 80.9102
      vertex -4.27524 35.7399 80.7538
      vertex -4.27524 37.7546 80.7538
    endloop
  endfacet
  facet normal 0.358449 0 0.933549
    outer loop
      vertex -4.27524 35.7399 80.7538
      vertex -4.68257 37.7046 80.9102
      vertex -4.68257 35.6899 80.9102
    endloop
  endfacet
  facet normal 0.358449 0 0.933549
    outer loop
      vertex -4.68257 47.99 80.9102
      vertex -4.27524 37.99 80.7538
      vertex -4.27524 47.99 80.7538
    endloop
  endfacet
  facet normal 0.358449 0 0.933549
    outer loop
      vertex -4.27524 37.99 80.7538
      vertex -4.68257 47.99 80.9102
      vertex -4.68257 37.99 80.9102
    endloop
  endfacet
  facet normal 0.390766 0 0.92049
    outer loop
      vertex -5.0842 37.6553 81.0807
      vertex -4.68257 35.6899 80.9102
      vertex -4.68257 37.7046 80.9102
    endloop
  endfacet
  facet normal 0.39077 9.80269e-07 0.920488
    outer loop
      vertex -4.68257 35.6899 80.9102
      vertex -5.0842 37.6553 81.0807
      vertex -5.01023 35.6497 81.0493
    endloop
  endfacet
  facet normal 0.390748 0 0.920498
    outer loop
      vertex -5.01023 35.6497 81.0493
      vertex -5.0842 37.6553 81.0807
      vertex -5.0842 35.6379 81.0807
    endloop
  endfacet
  facet normal 0.390766 0 0.92049
    outer loop
      vertex -5.0842 47.99 81.0807
      vertex -4.68257 37.99 80.9102
      vertex -4.68257 47.99 80.9102
    endloop
  endfacet
  facet normal 0.390766 0 0.92049
    outer loop
      vertex -4.68257 37.99 80.9102
      vertex -5.0842 47.99 81.0807
      vertex -5.0842 37.99 81.0807
    endloop
  endfacet
  facet normal 0.422604 0 0.906315
    outer loop
      vertex -5.28858 37.6302 81.176
      vertex -5.0842 35.6379 81.0807
      vertex -5.0842 37.6553 81.0807
    endloop
  endfacet
  facet normal 0.422664 7.4809e-06 0.906287
    outer loop
      vertex -5.47963 37.5999 81.2651
      vertex -5.0842 35.6379 81.0807
      vertex -5.28858 37.6302 81.176
    endloop
  endfacet
  facet normal 0.422633 0 0.906301
    outer loop
      vertex -5.0842 35.6379 81.0807
      vertex -5.47963 37.5999 81.2651
      vertex -5.47963 35.5753 81.2651
    endloop
  endfacet
  facet normal 0.422633 0 0.906301
    outer loop
      vertex -5.47963 47.99 81.2651
      vertex -5.0842 37.99 81.0807
      vertex -5.0842 47.99 81.0807
    endloop
  endfacet
  facet normal 0.422633 0 0.906301
    outer loop
      vertex -5.0842 37.99 81.0807
      vertex -5.47963 47.99 81.2651
      vertex -5.47963 37.99 81.2651
    endloop
  endfacet
  facet normal 0.454021 0 0.890991
    outer loop
      vertex -5.86839 37.5384 81.4632
      vertex -5.47963 35.5753 81.2651
      vertex -5.47963 37.5999 81.2651
    endloop
  endfacet
  facet normal 0.454021 0 0.890991
    outer loop
      vertex -5.47963 35.5753 81.2651
      vertex -5.86839 37.5384 81.4632
      vertex -5.86839 35.5137 81.4632
    endloop
  endfacet
  facet normal 0.454021 0 0.890991
    outer loop
      vertex -5.86839 47.99 81.4632
      vertex -5.47963 37.99 81.2651
      vertex -5.47963 47.99 81.2651
    endloop
  endfacet
  facet normal 0.454021 0 0.890991
    outer loop
      vertex -5.47963 37.99 81.2651
      vertex -5.86839 47.99 81.4632
      vertex -5.86839 37.99 81.4632
    endloop
  endfacet
  facet normal 0.484757 0 0.874649
    outer loop
      vertex -6.25 37.4779 81.6747
      vertex -5.86839 35.5137 81.4632
      vertex -5.86839 37.5384 81.4632
    endloop
  endfacet
  facet normal 0.484757 0 0.874649
    outer loop
      vertex -5.86839 35.5137 81.4632
      vertex -6.25 37.4779 81.6747
      vertex -6.25 35.4533 81.6747
    endloop
  endfacet
  facet normal 0.484757 0 0.874649
    outer loop
      vertex -6.25 47.99 81.6747
      vertex -5.86839 37.99 81.4632
      vertex -5.86839 47.99 81.4632
    endloop
  endfacet
  facet normal 0.484757 0 0.874649
    outer loop
      vertex -5.86839 37.99 81.4632
      vertex -6.25 47.99 81.6747
      vertex -6.25 37.99 81.6747
    endloop
  endfacet
  facet normal 0.515078 0 0.857143
    outer loop
      vertex -6.59863 37.4227 81.8842
      vertex -6.25 35.4533 81.6747
      vertex -6.25 37.4779 81.6747
    endloop
  endfacet
  facet normal 0.515433 8.57239e-05 0.85693
    outer loop
      vertex -6.25 35.4533 81.6747
      vertex -6.59863 37.4227 81.8842
      vertex -6.25133 35.4531 81.6755
    endloop
  endfacet
  facet normal 0.514274 -0.000192434 0.857626
    outer loop
      vertex -6.62398 37.4178 81.8994
      vertex -6.25133 35.4531 81.6755
      vertex -6.59863 37.4227 81.8842
    endloop
  endfacet
  facet normal 0.51502 0 0.857178
    outer loop
      vertex -6.25133 35.4531 81.6755
      vertex -6.62398 37.4178 81.8994
      vertex -6.62398 35.3806 81.8994
    endloop
  endfacet
  facet normal 0.515021 0 0.857177
    outer loop
      vertex -6.62398 47.99 81.8994
      vertex -6.25 37.99 81.6747
      vertex -6.25 47.99 81.6747
    endloop
  endfacet
  facet normal 0.515021 0 0.857177
    outer loop
      vertex -6.25 37.99 81.6747
      vertex -6.62398 47.99 81.8994
      vertex -6.62398 37.99 81.8994
    endloop
  endfacet
  facet normal 0.544589 0 0.838703
    outer loop
      vertex -6.9899 37.3466 82.137
      vertex -6.62398 35.3806 81.8994
      vertex -6.62398 37.4178 81.8994
    endloop
  endfacet
  facet normal 0.544589 0 0.838703
    outer loop
      vertex -6.62398 35.3806 81.8994
      vertex -6.9899 37.3466 82.137
      vertex -6.9899 35.3095 82.137
    endloop
  endfacet
  facet normal 0.544589 0 0.838703
    outer loop
      vertex -6.9899 47.99 82.137
      vertex -6.62398 37.99 81.8994
      vertex -6.62398 47.99 81.8994
    endloop
  endfacet
  facet normal 0.544589 0 0.838703
    outer loop
      vertex -6.62398 37.99 81.8994
      vertex -6.9899 47.99 82.137
      vertex -6.9899 37.99 82.137
    endloop
  endfacet
  facet normal 0.573636 0 0.81911
    outer loop
      vertex -7.34731 37.2772 82.3873
      vertex -6.9899 35.3095 82.137
      vertex -6.9899 37.3466 82.137
    endloop
  endfacet
  facet normal 0.573636 0 0.81911
    outer loop
      vertex -6.9899 35.3095 82.137
      vertex -7.34731 37.2772 82.3873
      vertex -7.34731 35.24 82.3873
    endloop
  endfacet
  facet normal 0.573636 0 0.81911
    outer loop
      vertex -7.34731 47.99 82.3873
      vertex -6.9899 37.99 82.137
      vertex -6.9899 47.99 82.137
    endloop
  endfacet
  facet normal 0.573636 0 0.81911
    outer loop
      vertex -6.9899 37.99 82.137
      vertex -7.34731 47.99 82.3873
      vertex -7.34731 37.99 82.3873
    endloop
  endfacet
  facet normal 0.60185 0 0.798609
    outer loop
      vertex -7.69576 37.2094 82.6499
      vertex -7.34731 35.24 82.3873
      vertex -7.34731 37.2772 82.3873
    endloop
  endfacet
  facet normal 0.60174 -3.05259e-05 0.798692
    outer loop
      vertex -7.34731 35.24 82.3873
      vertex -7.69576 37.2094 82.6499
      vertex -7.48482 35.2133 82.4909
    endloop
  endfacet
  facet normal 0.601924 0 0.798553
    outer loop
      vertex -7.48482 35.2133 82.4909
      vertex -7.69576 37.2094 82.6499
      vertex -7.69576 35.1646 82.6499
    endloop
  endfacet
  facet normal 0.60185 0 0.798609
    outer loop
      vertex -7.69576 47.99 82.6499
      vertex -7.34731 37.99 82.3873
      vertex -7.34731 47.99 82.3873
    endloop
  endfacet
  facet normal 0.60185 0 0.798609
    outer loop
      vertex -7.34731 37.99 82.3873
      vertex -7.69576 47.99 82.6499
      vertex -7.69576 37.99 82.6499
    endloop
  endfacet
  facet normal 0.629301 0 0.777162
    outer loop
      vertex -7.90064 37.1696 82.8158
      vertex -7.69576 35.1646 82.6499
      vertex -7.69576 37.2094 82.6499
    endloop
  endfacet
  facet normal 0.629412 1.88356e-05 0.777072
    outer loop
      vertex -8.03484 37.1386 82.9245
      vertex -7.69576 35.1646 82.6499
      vertex -7.90064 37.1696 82.8158
    endloop
  endfacet
  facet normal 0.629346 0 0.777125
    outer loop
      vertex -7.69576 35.1646 82.6499
      vertex -8.03484 37.1386 82.9245
      vertex -8.03484 35.0863 82.9245
    endloop
  endfacet
  facet normal 0.629346 0 0.777125
    outer loop
      vertex -8.03484 47.99 82.9245
      vertex -7.69576 37.99 82.6499
      vertex -7.69576 47.99 82.6499
    endloop
  endfacet
  facet normal 0.629346 0 0.777125
    outer loop
      vertex -7.69576 37.99 82.6499
      vertex -8.03484 47.99 82.9245
      vertex -8.03484 37.99 82.9245
    endloop
  endfacet
  facet normal 0.656008 0 0.754754
    outer loop
      vertex -8.36412 37.0626 83.2107
      vertex -8.03484 35.0863 82.9245
      vertex -8.03484 37.1386 82.9245
    endloop
  endfacet
  facet normal 0.656008 0 0.754754
    outer loop
      vertex -8.03484 35.0863 82.9245
      vertex -8.36412 37.0626 83.2107
      vertex -8.36412 35.0103 83.2107
    endloop
  endfacet
  facet normal 0.656008 0 0.754754
    outer loop
      vertex -8.36412 47.99 83.2107
      vertex -8.03484 37.99 82.9245
      vertex -8.03484 47.99 82.9245
    endloop
  endfacet
  facet normal 0.656008 0 0.754754
    outer loop
      vertex -8.03484 37.99 82.9245
      vertex -8.36412 47.99 83.2107
      vertex -8.36412 37.99 83.2107
    endloop
  endfacet
  facet normal 0.682029 0 0.731325
    outer loop
      vertex -8.68323 36.9889 83.5083
      vertex -8.36412 35.0103 83.2107
      vertex -8.36412 37.0626 83.2107
    endloop
  endfacet
  facet normal 0.682029 0 0.731325
    outer loop
      vertex -8.36412 35.0103 83.2107
      vertex -8.68323 36.9889 83.5083
      vertex -8.68323 34.9366 83.5083
    endloop
  endfacet
  facet normal 0.682029 0 0.731325
    outer loop
      vertex -8.68323 47.99 83.5083
      vertex -8.36412 37.99 83.2107
      vertex -8.36412 47.99 83.2107
    endloop
  endfacet
  facet normal 0.682029 0 0.731325
    outer loop
      vertex -8.36412 37.99 83.2107
      vertex -8.68323 47.99 83.5083
      vertex -8.68323 37.99 83.5083
    endloop
  endfacet
  facet normal 0.707095 0 0.707118
    outer loop
      vertex -8.99174 36.9177 83.8168
      vertex -8.68323 34.9366 83.5083
      vertex -8.68323 36.9889 83.5083
    endloop
  endfacet
  facet normal 0.706316 -0.000242487 0.707896
    outer loop
      vertex -8.99174 36.9177 83.8168
      vertex -8.70919 34.9306 83.5342
      vertex -8.68323 34.9366 83.5083
    endloop
  endfacet
  facet normal 0.707169 0 0.707044
    outer loop
      vertex -8.70919 34.9306 83.5342
      vertex -8.99174 36.9177 83.8168
      vertex -8.99174 34.8549 83.8168
    endloop
  endfacet
  facet normal 0.707095 -0 0.707118
    outer loop
      vertex -8.99174 37.99 83.8168
      vertex -8.68323 47.99 83.5083
      vertex -8.99174 47.99 83.8168
    endloop
  endfacet
  facet normal 0.707095 0 0.707118
    outer loop
      vertex -8.68323 47.99 83.5083
      vertex -8.99174 37.99 83.8168
      vertex -8.68323 37.99 83.5083
    endloop
  endfacet
  facet normal 0.731519 5.48439e-05 0.681821
    outer loop
      vertex -8.99174 34.8549 83.8168
      vertex -9.19303 36.8712 84.0326
      vertex -9.28931 36.8454 84.1359
    endloop
  endfacet
  facet normal 0.731264 0 0.682095
    outer loop
      vertex -9.19303 36.8712 84.0326
      vertex -8.99174 34.8549 83.8168
      vertex -8.99174 36.9177 83.8168
    endloop
  endfacet
  facet normal 0.731349 0 0.682004
    outer loop
      vertex -8.99174 34.8549 83.8168
      vertex -9.28931 36.8454 84.1359
      vertex -9.28931 34.7752 84.1359
    endloop
  endfacet
  facet normal 0.731349 -0 0.682004
    outer loop
      vertex -9.28931 37.99 84.1359
      vertex -8.99174 47.99 83.8168
      vertex -9.28931 47.99 84.1359
    endloop
  endfacet
  facet normal 0.731349 0 0.682004
    outer loop
      vertex -8.99174 47.99 83.8168
      vertex -9.28931 37.99 84.1359
      vertex -8.99174 37.99 83.8168
    endloop
  endfacet
  facet normal 0.754728 0 0.656038
    outer loop
      vertex -9.57555 36.7687 84.4652
      vertex -9.28931 34.7752 84.1359
      vertex -9.28931 36.8454 84.1359
    endloop
  endfacet
  facet normal 0.754728 0 0.656038
    outer loop
      vertex -9.28931 34.7752 84.1359
      vertex -9.57555 36.7687 84.4652
      vertex -9.57555 34.6985 84.4652
    endloop
  endfacet
  facet normal 0.754728 -0 0.656038
    outer loop
      vertex -9.57555 37.99 84.4652
      vertex -9.28931 47.99 84.1359
      vertex -9.57555 47.99 84.4652
    endloop
  endfacet
  facet normal 0.754728 0 0.656038
    outer loop
      vertex -9.28931 47.99 84.1359
      vertex -9.57555 37.99 84.4652
      vertex -9.28931 37.99 84.1359
    endloop
  endfacet
  facet normal 0.777075 0 0.629408
    outer loop
      vertex -9.85013 36.6952 84.8042
      vertex -9.57555 34.6985 84.4652
      vertex -9.57555 36.7687 84.4652
    endloop
  endfacet
  facet normal 0.777075 0 0.629408
    outer loop
      vertex -9.57555 34.6985 84.4652
      vertex -9.85013 36.6952 84.8042
      vertex -9.85013 34.6249 84.8042
    endloop
  endfacet
  facet normal 0.777075 -0 0.629408
    outer loop
      vertex -9.85013 37.99 84.8042
      vertex -9.57555 47.99 84.4652
      vertex -9.85013 47.99 84.8042
    endloop
  endfacet
  facet normal 0.777075 0 0.629408
    outer loop
      vertex -9.57555 47.99 84.4652
      vertex -9.85013 37.99 84.8042
      vertex -9.57555 37.99 84.4652
    endloop
  endfacet
  facet normal 0.798684 0 0.601751
    outer loop
      vertex -10.1127 36.6248 85.1527
      vertex -9.85013 34.6249 84.8042
      vertex -9.85013 36.6952 84.8042
    endloop
  endfacet
  facet normal 0.798862 6.47834e-05 0.601514
    outer loop
      vertex -10.1127 36.6248 85.1527
      vertex -9.92294 34.6054 84.9009
      vertex -9.85013 34.6249 84.8042
    endloop
  endfacet
  facet normal 0.798613 0 0.601846
    outer loop
      vertex -9.92294 34.6054 84.9009
      vertex -10.1127 36.6248 85.1527
      vertex -10.1127 34.5474 85.1527
    endloop
  endfacet
  facet normal 0.798684 -0 0.601751
    outer loop
      vertex -10.1127 37.99 85.1527
      vertex -9.85013 47.99 84.8042
      vertex -10.1127 47.99 85.1527
    endloop
  endfacet
  facet normal 0.798684 0 0.601751
    outer loop
      vertex -9.85013 47.99 84.8042
      vertex -10.1127 37.99 85.1527
      vertex -9.85013 37.99 84.8042
    endloop
  endfacet
  facet normal 0.819103 0 0.573647
    outer loop
      vertex -10.363 36.5578 85.5101
      vertex -10.1127 34.5474 85.1527
      vertex -10.1127 36.6248 85.1527
    endloop
  endfacet
  facet normal 0.819103 0 0.573647
    outer loop
      vertex -10.1127 34.5474 85.1527
      vertex -10.363 36.5578 85.5101
      vertex -10.363 34.4709 85.5101
    endloop
  endfacet
  facet normal 0.819103 -0 0.573647
    outer loop
      vertex -10.363 37.99 85.5101
      vertex -10.1127 47.99 85.1527
      vertex -10.363 47.99 85.5101
    endloop
  endfacet
  facet normal 0.819103 0 0.573647
    outer loop
      vertex -10.1127 47.99 85.1527
      vertex -10.363 37.99 85.5101
      vertex -10.1127 37.99 85.1527
    endloop
  endfacet
  facet normal 0.838623 -2.63806e-05 0.544712
    outer loop
      vertex -10.363 34.4709 85.5101
      vertex -10.4742 36.5279 85.6814
      vertex -10.6006 36.4893 85.876
    endloop
  endfacet
  facet normal 0.838768 0 0.544489
    outer loop
      vertex -10.4742 36.5279 85.6814
      vertex -10.363 34.4709 85.5101
      vertex -10.363 36.5578 85.5101
    endloop
  endfacet
  facet normal 0.83869 0 0.54461
    outer loop
      vertex -10.363 34.4709 85.5101
      vertex -10.6006 36.4893 85.876
      vertex -10.6006 34.3982 85.876
    endloop
  endfacet
  facet normal 0.83869 -0 0.54461
    outer loop
      vertex -10.6006 37.99 85.876
      vertex -10.363 47.99 85.5101
      vertex -10.6006 47.99 85.876
    endloop
  endfacet
  facet normal 0.83869 0 0.54461
    outer loop
      vertex -10.363 47.99 85.5101
      vertex -10.6006 37.99 85.876
      vertex -10.363 37.99 85.5101
    endloop
  endfacet
  facet normal 0.857189 0 0.515001
    outer loop
      vertex -10.8253 36.4206 86.25
      vertex -10.6006 34.3982 85.876
      vertex -10.6006 36.4893 85.876
    endloop
  endfacet
  facet normal 0.857189 0 0.515001
    outer loop
      vertex -10.6006 34.3982 85.876
      vertex -10.8253 36.4206 86.25
      vertex -10.8253 34.3295 86.25
    endloop
  endfacet
  facet normal 0.857189 -0 0.515001
    outer loop
      vertex -10.8253 37.99 86.25
      vertex -10.6006 47.99 85.876
      vertex -10.8253 47.99 86.25
    endloop
  endfacet
  facet normal 0.857189 0 0.515001
    outer loop
      vertex -10.6006 47.99 85.876
      vertex -10.8253 37.99 86.25
      vertex -10.6006 37.99 85.876
    endloop
  endfacet
  facet normal 0.874643 0 0.484767
    outer loop
      vertex -11.0368 36.3559 86.6316
      vertex -10.8253 34.3295 86.25
      vertex -10.8253 36.4206 86.25
    endloop
  endfacet
  facet normal 0.874643 0 0.484767
    outer loop
      vertex -10.8253 34.3295 86.25
      vertex -11.0368 36.3559 86.6316
      vertex -11.0368 34.2649 86.6316
    endloop
  endfacet
  facet normal 0.874643 -0 0.484767
    outer loop
      vertex -11.0368 37.99 86.6316
      vertex -10.8253 47.99 86.25
      vertex -11.0368 47.99 86.6316
    endloop
  endfacet
  facet normal 0.874643 0 0.484767
    outer loop
      vertex -10.8253 47.99 86.25
      vertex -11.0368 37.99 86.6316
      vertex -10.8253 37.99 86.25
    endloop
  endfacet
  facet normal 0.89101 0 0.453984
    outer loop
      vertex -11.2349 36.2954 87.0204
      vertex -11.0368 34.2649 86.6316
      vertex -11.0368 36.3559 86.6316
    endloop
  endfacet
  facet normal 0.890989 -9.91598e-06 0.454025
    outer loop
      vertex -11.2349 36.2954 87.0204
      vertex -11.1246 34.238 86.8039
      vertex -11.0368 34.2649 86.6316
    endloop
  endfacet
  facet normal 0.891027 0 0.45395
    outer loop
      vertex -11.1246 34.238 86.8039
      vertex -11.2349 36.2954 87.0204
      vertex -11.2349 34.2001 87.0204
    endloop
  endfacet
  facet normal 0.89101 -0 0.453984
    outer loop
      vertex -11.2349 37.99 87.0204
      vertex -11.0368 47.99 86.6316
      vertex -11.2349 47.99 87.0204
    endloop
  endfacet
  facet normal 0.89101 0 0.453984
    outer loop
      vertex -11.0368 47.99 86.6316
      vertex -11.2349 37.99 87.0204
      vertex -11.0368 37.99 86.6316
    endloop
  endfacet
  facet normal 0.906289 0 0.42266
    outer loop
      vertex -11.4193 36.239 87.4158
      vertex -11.2349 34.2001 87.0204
      vertex -11.2349 36.2954 87.0204
    endloop
  endfacet
  facet normal 0.906289 0 0.42266
    outer loop
      vertex -11.2349 34.2001 87.0204
      vertex -11.4193 36.239 87.4158
      vertex -11.4193 34.1366 87.4158
    endloop
  endfacet
  facet normal 0.906289 -0 0.42266
    outer loop
      vertex -11.4193 37.99 87.4158
      vertex -11.2349 47.99 87.0204
      vertex -11.4193 47.99 87.4158
    endloop
  endfacet
  facet normal 0.906289 0 0.42266
    outer loop
      vertex -11.2349 47.99 87.0204
      vertex -11.4193 37.99 87.4158
      vertex -11.2349 37.99 87.0204
    endloop
  endfacet
  facet normal 0.920479 0 0.390791
    outer loop
      vertex -11.5898 36.1869 87.8174
      vertex -11.4193 34.1366 87.4158
      vertex -11.4193 36.239 87.4158
    endloop
  endfacet
  facet normal 0.920479 0 0.390791
    outer loop
      vertex -11.4193 34.1366 87.4158
      vertex -11.5898 36.1869 87.8174
      vertex -11.5898 34.0779 87.8174
    endloop
  endfacet
  facet normal 0.920479 -0 0.390791
    outer loop
      vertex -11.5898 37.99 87.8174
      vertex -11.4193 47.99 87.4158
      vertex -11.5898 47.99 87.8174
    endloop
  endfacet
  facet normal 0.920479 0 0.390791
    outer loop
      vertex -11.4193 47.99 87.4158
      vertex -11.5898 37.99 87.8174
      vertex -11.4193 37.99 87.4158
    endloop
  endfacet
  facet normal 0.931301 -0.00132919 0.364249
    outer loop
      vertex -11.5898 34.0779 87.8174
      vertex -11.7426 36.1401 88.2156
      vertex -11.7462 36.1389 88.2248
    endloop
  endfacet
  facet normal 0.933623 0 0.358256
    outer loop
      vertex -11.7426 36.1401 88.2156
      vertex -11.5898 34.0779 87.8174
      vertex -11.5898 36.1869 87.8174
    endloop
  endfacet
  facet normal 0.93357 0 0.358395
    outer loop
      vertex -11.5898 34.0779 87.8174
      vertex -11.7462 36.1389 88.2248
      vertex -11.7462 34.024 88.2248
    endloop
  endfacet
  facet normal 0.93357 -0 0.358395
    outer loop
      vertex -11.7462 37.99 88.2248
      vertex -11.5898 47.99 87.8174
      vertex -11.7462 47.99 88.2248
    endloop
  endfacet
  facet normal 0.93357 0 0.358395
    outer loop
      vertex -11.5898 47.99 87.8174
      vertex -11.7462 37.99 88.2248
      vertex -11.5898 37.99 87.8174
    endloop
  endfacet
  facet normal 0.945543 0 0.325496
    outer loop
      vertex -11.8882 36.09 88.6373
      vertex -11.7462 34.024 88.2248
      vertex -11.7462 36.1389 88.2248
    endloop
  endfacet
  facet normal 0.945543 0 0.325496
    outer loop
      vertex -11.7462 34.024 88.2248
      vertex -11.8882 36.09 88.6373
      vertex -11.8882 33.9751 88.6373
    endloop
  endfacet
  facet normal 0.945543 -0 0.325496
    outer loop
      vertex -11.8882 37.99 88.6373
      vertex -11.7462 47.99 88.2248
      vertex -11.8882 47.99 88.6373
    endloop
  endfacet
  facet normal 0.945543 0 0.325496
    outer loop
      vertex -11.7462 47.99 88.2248
      vertex -11.8882 37.99 88.6373
      vertex -11.7462 37.99 88.2248
    endloop
  endfacet
  facet normal 0.956273 0 0.292475
    outer loop
      vertex -12.0158 36.0461 89.0545
      vertex -11.8882 33.9751 88.6373
      vertex -11.8882 36.09 88.6373
    endloop
  endfacet
  facet normal 0.956273 0 0.292475
    outer loop
      vertex -11.8882 33.9751 88.6373
      vertex -12.0158 36.0461 89.0545
      vertex -12.0158 33.9312 89.0545
    endloop
  endfacet
  facet normal 0.956273 -0 0.292475
    outer loop
      vertex -12.0158 37.99 89.0545
      vertex -11.8882 47.99 88.6373
      vertex -12.0158 47.99 89.0545
    endloop
  endfacet
  facet normal 0.956273 0 0.292475
    outer loop
      vertex -11.8882 47.99 88.6373
      vertex -12.0158 37.99 89.0545
      vertex -11.8882 37.99 88.6373
    endloop
  endfacet
  facet normal 0.965949 0 0.258732
    outer loop
      vertex -12.1287 36.0072 89.476
      vertex -12.0158 33.9312 89.0545
      vertex -12.0158 36.0461 89.0545
    endloop
  endfacet
  facet normal 0.965949 0 0.258732
    outer loop
      vertex -12.0158 33.9312 89.0545
      vertex -12.1287 36.0072 89.476
      vertex -12.1287 33.8923 89.476
    endloop
  endfacet
  facet normal 0.965949 -0 0.258732
    outer loop
      vertex -12.1287 37.99 89.476
      vertex -12.0158 47.99 89.0545
      vertex -12.1287 47.99 89.476
    endloop
  endfacet
  facet normal 0.965949 0 0.258732
    outer loop
      vertex -12.0158 47.99 89.0545
      vertex -12.1287 37.99 89.476
      vertex -12.0158 37.99 89.0545
    endloop
  endfacet
  facet normal 0.974391 0 0.22486
    outer loop
      vertex -12.2268 35.9734 89.9011
      vertex -12.1287 33.8923 89.476
      vertex -12.1287 36.0072 89.476
    endloop
  endfacet
  facet normal 0.974391 0 0.22486
    outer loop
      vertex -12.1287 33.8923 89.476
      vertex -12.2268 35.9734 89.9011
      vertex -12.2268 33.8585 89.9011
    endloop
  endfacet
  facet normal 0.974391 -0 0.22486
    outer loop
      vertex -12.2268 37.99 89.9011
      vertex -12.1287 47.99 89.476
      vertex -12.2268 47.99 89.9011
    endloop
  endfacet
  facet normal 0.974391 0 0.22486
    outer loop
      vertex -12.1287 47.99 89.476
      vertex -12.2268 37.99 89.9011
      vertex -12.1287 37.99 89.476
    endloop
  endfacet
  facet normal 0.981607 0 0.190913
    outer loop
      vertex -12.3101 35.9448 90.3294
      vertex -12.2268 33.8585 89.9011
      vertex -12.2268 35.9734 89.9011
    endloop
  endfacet
  facet normal 0.981607 0 0.190913
    outer loop
      vertex -12.2268 33.8585 89.9011
      vertex -12.3101 35.9448 90.3294
      vertex -12.3101 33.8298 90.3294
    endloop
  endfacet
  facet normal 0.981607 -0 0.190913
    outer loop
      vertex -12.3101 37.99 90.3294
      vertex -12.2268 47.99 89.9011
      vertex -12.3101 47.99 90.3294
    endloop
  endfacet
  facet normal 0.981607 0 0.190913
    outer loop
      vertex -12.2268 47.99 89.9011
      vertex -12.3101 37.99 90.3294
      vertex -12.2268 37.99 89.9011
    endloop
  endfacet
  facet normal 0.987705 1.27669e-05 0.156328
    outer loop
      vertex -12.3127 33.8289 90.346
      vertex -12.3101 35.9448 90.3294
      vertex -12.3783 35.9213 90.7603
    endloop
  endfacet
  facet normal 0.987955 0 0.15474
    outer loop
      vertex -12.3101 35.9448 90.3294
      vertex -12.3127 33.8289 90.346
      vertex -12.3101 33.8298 90.3294
    endloop
  endfacet
  facet normal 0.987695 0 0.156391
    outer loop
      vertex -12.3127 33.8289 90.346
      vertex -12.3783 35.9213 90.7603
      vertex -12.3783 33.8037 90.7603
    endloop
  endfacet
  facet normal 0.987705 -0 0.156327
    outer loop
      vertex -12.3783 37.99 90.7603
      vertex -12.3101 47.99 90.3294
      vertex -12.3783 47.99 90.7603
    endloop
  endfacet
  facet normal 0.987705 0 0.156327
    outer loop
      vertex -12.3101 47.99 90.3294
      vertex -12.3783 37.99 90.7603
      vertex -12.3101 37.99 90.3294
    endloop
  endfacet
  facet normal 0.99254 0 0.121919
    outer loop
      vertex -12.4315 35.903 91.1934
      vertex -12.3783 33.8037 90.7603
      vertex -12.3783 35.9213 90.7603
    endloop
  endfacet
  facet normal 0.99254 0 0.121919
    outer loop
      vertex -12.3783 33.8037 90.7603
      vertex -12.4315 35.903 91.1934
      vertex -12.4315 33.7833 91.1934
    endloop
  endfacet
  facet normal 0.99254 -0 0.121919
    outer loop
      vertex -12.4315 37.99 91.1934
      vertex -12.3783 47.99 90.7603
      vertex -12.4315 47.99 91.1934
    endloop
  endfacet
  facet normal 0.99254 0 0.121919
    outer loop
      vertex -12.3783 47.99 90.7603
      vertex -12.4315 37.99 91.1934
      vertex -12.3783 37.99 90.7603
    endloop
  endfacet
  facet normal 0.996201 0 0.0870845
    outer loop
      vertex -12.4695 35.8899 91.6281
      vertex -12.4315 33.7833 91.1934
      vertex -12.4315 35.903 91.1934
    endloop
  endfacet
  facet normal 0.996201 0 0.0870845
    outer loop
      vertex -12.4315 33.7833 91.1934
      vertex -12.4695 35.8899 91.6281
      vertex -12.4695 33.7687 91.6281
    endloop
  endfacet
  facet normal 0.996201 -0 0.0870845
    outer loop
      vertex -12.4695 37.99 91.6281
      vertex -12.4315 47.99 91.1934
      vertex -12.4695 47.99 91.6281
    endloop
  endfacet
  facet normal 0.996201 0 0.0870845
    outer loop
      vertex -12.4315 47.99 91.1934
      vertex -12.4695 37.99 91.6281
      vertex -12.4315 37.99 91.1934
    endloop
  endfacet
  facet normal 0.998622 0 0.0524867
    outer loop
      vertex -12.4924 35.882 92.0638
      vertex -12.4695 33.7687 91.6281
      vertex -12.4695 35.8899 91.6281
    endloop
  endfacet
  facet normal 0.998622 0 0.0524867
    outer loop
      vertex -12.4695 33.7687 91.6281
      vertex -12.4924 35.882 92.0638
      vertex -12.4924 33.76 92.0638
    endloop
  endfacet
  facet normal 0.998622 -0 0.0524867
    outer loop
      vertex -12.4924 37.99 92.0638
      vertex -12.4695 47.99 91.6281
      vertex -12.4924 47.99 92.0638
    endloop
  endfacet
  facet normal 0.998622 0 0.0524867
    outer loop
      vertex -12.4695 47.99 91.6281
      vertex -12.4924 37.99 92.0638
      vertex -12.4695 37.99 91.6281
    endloop
  endfacet
  facet normal 0.999848 0 0.0174206
    outer loop
      vertex -12.5 35.8794 92.5
      vertex -12.4924 33.76 92.0638
      vertex -12.4924 35.882 92.0638
    endloop
  endfacet
  facet normal 0.999848 0 0.0174206
    outer loop
      vertex -12.4924 33.76 92.0638
      vertex -12.5 35.8794 92.5
      vertex -12.5 33.757 92.5
    endloop
  endfacet
  facet normal 0.999848 -0 0.0174206
    outer loop
      vertex -12.5 37.99 92.5
      vertex -12.4924 47.99 92.0638
      vertex -12.5 47.99 92.5
    endloop
  endfacet
  facet normal 0.999848 0 0.0174206
    outer loop
      vertex -12.4924 47.99 92.0638
      vertex -12.5 37.99 92.5
      vertex -12.4924 37.99 92.0638
    endloop
  endfacet
  facet normal 0.999848 0 -0.0174206
    outer loop
      vertex -12.4924 33.76 92.9362
      vertex -12.5 35.8794 92.5
      vertex -12.4924 35.882 92.9362
    endloop
  endfacet
  facet normal 0.999848 0 -0.0174206
    outer loop
      vertex -12.5 35.8794 92.5
      vertex -12.4924 33.76 92.9362
      vertex -12.5 33.757 92.5
    endloop
  endfacet
  facet normal 0.999848 0 -0.0174206
    outer loop
      vertex -12.4924 37.99 92.9362
      vertex -12.5 47.99 92.5
      vertex -12.4924 47.99 92.9362
    endloop
  endfacet
  facet normal 0.999848 0 -0.0174206
    outer loop
      vertex -12.5 47.99 92.5
      vertex -12.4924 37.99 92.9362
      vertex -12.5 37.99 92.5
    endloop
  endfacet
  facet normal 0.998622 0 -0.0524867
    outer loop
      vertex -12.4695 33.7687 93.3719
      vertex -12.4924 35.882 92.9362
      vertex -12.4695 35.8899 93.3719
    endloop
  endfacet
  facet normal 0.998622 0 -0.0524867
    outer loop
      vertex -12.4924 35.882 92.9362
      vertex -12.4695 33.7687 93.3719
      vertex -12.4924 33.76 92.9362
    endloop
  endfacet
  facet normal 0.998622 0 -0.0524867
    outer loop
      vertex -12.4695 37.99 93.3719
      vertex -12.4924 47.99 92.9362
      vertex -12.4695 47.99 93.3719
    endloop
  endfacet
  facet normal 0.998622 0 -0.0524867
    outer loop
      vertex -12.4924 47.99 92.9362
      vertex -12.4695 37.99 93.3719
      vertex -12.4924 37.99 92.9362
    endloop
  endfacet
  facet normal 0.996201 0 -0.0870845
    outer loop
      vertex -12.4315 33.7833 93.8066
      vertex -12.4695 35.8899 93.3719
      vertex -12.4315 35.903 93.8066
    endloop
  endfacet
  facet normal 0.996201 0 -0.0870845
    outer loop
      vertex -12.4695 35.8899 93.3719
      vertex -12.4315 33.7833 93.8066
      vertex -12.4695 33.7687 93.3719
    endloop
  endfacet
  facet normal 0.996201 0 -0.0870845
    outer loop
      vertex -12.4315 37.99 93.8066
      vertex -12.4695 47.99 93.3719
      vertex -12.4315 47.99 93.8066
    endloop
  endfacet
  facet normal 0.996201 0 -0.0870845
    outer loop
      vertex -12.4695 47.99 93.3719
      vertex -12.4315 37.99 93.8066
      vertex -12.4695 37.99 93.3719
    endloop
  endfacet
  facet normal 0.99254 0 -0.121919
    outer loop
      vertex -12.3783 33.8037 94.2397
      vertex -12.4315 35.903 93.8066
      vertex -12.3783 35.9213 94.2397
    endloop
  endfacet
  facet normal 0.99254 0 -0.121919
    outer loop
      vertex -12.4315 35.903 93.8066
      vertex -12.3783 33.8037 94.2397
      vertex -12.4315 33.7833 93.8066
    endloop
  endfacet
  facet normal 0.99254 0 -0.121919
    outer loop
      vertex -12.3783 37.99 94.2397
      vertex -12.4315 47.99 93.8066
      vertex -12.3783 47.99 94.2397
    endloop
  endfacet
  facet normal 0.99254 0 -0.121919
    outer loop
      vertex -12.4315 47.99 93.8066
      vertex -12.3783 37.99 94.2397
      vertex -12.4315 37.99 93.8066
    endloop
  endfacet
  facet normal 0.987955 0 -0.15474
    outer loop
      vertex -12.3127 33.8289 94.654
      vertex -12.3101 35.9448 94.6706
      vertex -12.3101 33.8298 94.6706
    endloop
  endfacet
  facet normal 0.987705 1.27669e-05 -0.156328
    outer loop
      vertex -12.3101 35.9448 94.6706
      vertex -12.3127 33.8289 94.654
      vertex -12.3783 35.9213 94.2397
    endloop
  endfacet
  facet normal 0.987695 0 -0.156391
    outer loop
      vertex -12.3783 35.9213 94.2397
      vertex -12.3127 33.8289 94.654
      vertex -12.3783 33.8037 94.2397
    endloop
  endfacet
  facet normal 0.987705 0 -0.156327
    outer loop
      vertex -12.3101 37.99 94.6706
      vertex -12.3783 47.99 94.2397
      vertex -12.3101 47.99 94.6706
    endloop
  endfacet
  facet normal 0.987705 0 -0.156327
    outer loop
      vertex -12.3783 47.99 94.2397
      vertex -12.3101 37.99 94.6706
      vertex -12.3783 37.99 94.2397
    endloop
  endfacet
  facet normal 0.981607 0 -0.190913
    outer loop
      vertex -12.2268 33.8585 95.0989
      vertex -12.3101 35.9448 94.6706
      vertex -12.2268 35.9734 95.0989
    endloop
  endfacet
  facet normal 0.981607 0 -0.190913
    outer loop
      vertex -12.3101 35.9448 94.6706
      vertex -12.2268 33.8585 95.0989
      vertex -12.3101 33.8298 94.6706
    endloop
  endfacet
  facet normal 0.981607 0 -0.190913
    outer loop
      vertex -12.2268 37.99 95.0989
      vertex -12.3101 47.99 94.6706
      vertex -12.2268 47.99 95.0989
    endloop
  endfacet
  facet normal 0.981607 0 -0.190913
    outer loop
      vertex -12.3101 47.99 94.6706
      vertex -12.2268 37.99 95.0989
      vertex -12.3101 37.99 94.6706
    endloop
  endfacet
  facet normal 0.974391 0 -0.22486
    outer loop
      vertex -12.1287 33.8923 95.524
      vertex -12.2268 35.9734 95.0989
      vertex -12.1287 36.0072 95.524
    endloop
  endfacet
  facet normal 0.974391 0 -0.22486
    outer loop
      vertex -12.2268 35.9734 95.0989
      vertex -12.1287 33.8923 95.524
      vertex -12.2268 33.8585 95.0989
    endloop
  endfacet
  facet normal 0.974391 0 -0.22486
    outer loop
      vertex -12.1287 37.99 95.524
      vertex -12.2268 47.99 95.0989
      vertex -12.1287 47.99 95.524
    endloop
  endfacet
  facet normal 0.974391 0 -0.22486
    outer loop
      vertex -12.2268 47.99 95.0989
      vertex -12.1287 37.99 95.524
      vertex -12.2268 37.99 95.0989
    endloop
  endfacet
  facet normal 0.965949 0 -0.258732
    outer loop
      vertex -12.0158 33.9312 95.9455
      vertex -12.1287 36.0072 95.524
      vertex -12.0158 36.0461 95.9455
    endloop
  endfacet
  facet normal 0.965949 0 -0.258732
    outer loop
      vertex -12.1287 36.0072 95.524
      vertex -12.0158 33.9312 95.9455
      vertex -12.1287 33.8923 95.524
    endloop
  endfacet
  facet normal 0.965949 0 -0.258732
    outer loop
      vertex -12.0158 37.99 95.9455
      vertex -12.1287 47.99 95.524
      vertex -12.0158 47.99 95.9455
    endloop
  endfacet
  facet normal 0.965949 0 -0.258732
    outer loop
      vertex -12.1287 47.99 95.524
      vertex -12.0158 37.99 95.9455
      vertex -12.1287 37.99 95.524
    endloop
  endfacet
  facet normal 0.956273 0 -0.292475
    outer loop
      vertex -11.8882 33.9751 96.3627
      vertex -12.0158 36.0461 95.9455
      vertex -11.8882 36.09 96.3627
    endloop
  endfacet
  facet normal 0.956273 0 -0.292475
    outer loop
      vertex -12.0158 36.0461 95.9455
      vertex -11.8882 33.9751 96.3627
      vertex -12.0158 33.9312 95.9455
    endloop
  endfacet
  facet normal 0.956273 0 -0.292475
    outer loop
      vertex -11.8882 37.99 96.3627
      vertex -12.0158 47.99 95.9455
      vertex -11.8882 47.99 96.3627
    endloop
  endfacet
  facet normal 0.956273 0 -0.292475
    outer loop
      vertex -12.0158 47.99 95.9455
      vertex -11.8882 37.99 96.3627
      vertex -12.0158 37.99 95.9455
    endloop
  endfacet
  facet normal 0.945543 0 -0.325496
    outer loop
      vertex -11.7462 34.024 96.7752
      vertex -11.8882 36.09 96.3627
      vertex -11.7462 36.1389 96.7752
    endloop
  endfacet
  facet normal 0.945543 0 -0.325496
    outer loop
      vertex -11.8882 36.09 96.3627
      vertex -11.7462 34.024 96.7752
      vertex -11.8882 33.9751 96.3627
    endloop
  endfacet
  facet normal 0.945543 0 -0.325496
    outer loop
      vertex -11.7462 37.99 96.7752
      vertex -11.8882 47.99 96.3627
      vertex -11.7462 47.99 96.7752
    endloop
  endfacet
  facet normal 0.945543 0 -0.325496
    outer loop
      vertex -11.8882 47.99 96.3627
      vertex -11.7462 37.99 96.7752
      vertex -11.8882 37.99 96.3627
    endloop
  endfacet
  facet normal 0.933623 0 -0.358256
    outer loop
      vertex -11.5898 34.0779 97.1826
      vertex -11.7426 36.1401 96.7844
      vertex -11.5898 36.1869 97.1826
    endloop
  endfacet
  facet normal 0.931301 -0.00132919 -0.364249
    outer loop
      vertex -11.7426 36.1401 96.7844
      vertex -11.5898 34.0779 97.1826
      vertex -11.7462 36.1389 96.7752
    endloop
  endfacet
  facet normal 0.93357 0 -0.358395
    outer loop
      vertex -11.7462 36.1389 96.7752
      vertex -11.5898 34.0779 97.1826
      vertex -11.7462 34.024 96.7752
    endloop
  endfacet
  facet normal 0.93357 0 -0.358395
    outer loop
      vertex -11.5898 37.99 97.1826
      vertex -11.7462 47.99 96.7752
      vertex -11.5898 47.99 97.1826
    endloop
  endfacet
  facet normal 0.93357 0 -0.358395
    outer loop
      vertex -11.7462 47.99 96.7752
      vertex -11.5898 37.99 97.1826
      vertex -11.7462 37.99 96.7752
    endloop
  endfacet
  facet normal 0.920479 0 -0.390791
    outer loop
      vertex -11.4193 34.1366 97.5842
      vertex -11.5898 36.1869 97.1826
      vertex -11.4193 36.239 97.5842
    endloop
  endfacet
  facet normal 0.920479 0 -0.390791
    outer loop
      vertex -11.5898 36.1869 97.1826
      vertex -11.4193 34.1366 97.5842
      vertex -11.5898 34.0779 97.1826
    endloop
  endfacet
  facet normal 0.920479 0 -0.390791
    outer loop
      vertex -11.4193 37.99 97.5842
      vertex -11.5898 47.99 97.1826
      vertex -11.4193 47.99 97.5842
    endloop
  endfacet
  facet normal 0.920479 0 -0.390791
    outer loop
      vertex -11.5898 47.99 97.1826
      vertex -11.4193 37.99 97.5842
      vertex -11.5898 37.99 97.1826
    endloop
  endfacet
  facet normal 0.906289 0 -0.42266
    outer loop
      vertex -11.2349 34.2001 97.9796
      vertex -11.4193 36.239 97.5842
      vertex -11.2349 36.2954 97.9796
    endloop
  endfacet
  facet normal 0.906289 0 -0.42266
    outer loop
      vertex -11.4193 36.239 97.5842
      vertex -11.2349 34.2001 97.9796
      vertex -11.4193 34.1366 97.5842
    endloop
  endfacet
  facet normal 0.906289 0 -0.42266
    outer loop
      vertex -11.2349 37.99 97.9796
      vertex -11.4193 47.99 97.5842
      vertex -11.2349 47.99 97.9796
    endloop
  endfacet
  facet normal 0.906289 0 -0.42266
    outer loop
      vertex -11.4193 47.99 97.5842
      vertex -11.2349 37.99 97.9796
      vertex -11.4193 37.99 97.5842
    endloop
  endfacet
  facet normal 0.89101 0 -0.453984
    outer loop
      vertex -11.0368 34.2649 98.3684
      vertex -11.2349 36.2954 97.9796
      vertex -11.0368 36.3559 98.3684
    endloop
  endfacet
  facet normal 0.890989 -9.91598e-06 -0.454025
    outer loop
      vertex -11.1246 34.238 98.1961
      vertex -11.2349 36.2954 97.9796
      vertex -11.0368 34.2649 98.3684
    endloop
  endfacet
  facet normal 0.891027 0 -0.45395
    outer loop
      vertex -11.2349 36.2954 97.9796
      vertex -11.1246 34.238 98.1961
      vertex -11.2349 34.2001 97.9796
    endloop
  endfacet
  facet normal 0.89101 0 -0.453984
    outer loop
      vertex -11.0368 37.99 98.3684
      vertex -11.2349 47.99 97.9796
      vertex -11.0368 47.99 98.3684
    endloop
  endfacet
  facet normal 0.89101 0 -0.453984
    outer loop
      vertex -11.2349 47.99 97.9796
      vertex -11.0368 37.99 98.3684
      vertex -11.2349 37.99 97.9796
    endloop
  endfacet
  facet normal 0.874643 0 -0.484767
    outer loop
      vertex -10.8253 34.3295 98.75
      vertex -11.0368 36.3559 98.3684
      vertex -10.8253 36.4206 98.75
    endloop
  endfacet
  facet normal 0.874643 0 -0.484767
    outer loop
      vertex -11.0368 36.3559 98.3684
      vertex -10.8253 34.3295 98.75
      vertex -11.0368 34.2649 98.3684
    endloop
  endfacet
  facet normal 0.874643 0 -0.484767
    outer loop
      vertex -10.8253 37.99 98.75
      vertex -11.0368 47.99 98.3684
      vertex -10.8253 47.99 98.75
    endloop
  endfacet
  facet normal 0.874643 0 -0.484767
    outer loop
      vertex -11.0368 47.99 98.3684
      vertex -10.8253 37.99 98.75
      vertex -11.0368 37.99 98.3684
    endloop
  endfacet
  facet normal 0.857189 0 -0.515001
    outer loop
      vertex -10.6006 34.3982 99.124
      vertex -10.8253 36.4206 98.75
      vertex -10.6006 36.4893 99.124
    endloop
  endfacet
  facet normal 0.857189 0 -0.515001
    outer loop
      vertex -10.8253 36.4206 98.75
      vertex -10.6006 34.3982 99.124
      vertex -10.8253 34.3295 98.75
    endloop
  endfacet
  facet normal 0.857189 0 -0.515001
    outer loop
      vertex -10.6006 37.99 99.124
      vertex -10.8253 47.99 98.75
      vertex -10.6006 47.99 99.124
    endloop
  endfacet
  facet normal 0.857189 0 -0.515001
    outer loop
      vertex -10.8253 47.99 98.75
      vertex -10.6006 37.99 99.124
      vertex -10.8253 37.99 98.75
    endloop
  endfacet
  facet normal 0.838768 0 -0.544489
    outer loop
      vertex -10.363 34.4709 99.4899
      vertex -10.4742 36.5279 99.3186
      vertex -10.363 36.5578 99.4899
    endloop
  endfacet
  facet normal 0.838623 -2.63806e-05 -0.544712
    outer loop
      vertex -10.4742 36.5279 99.3186
      vertex -10.363 34.4709 99.4899
      vertex -10.6006 36.4893 99.124
    endloop
  endfacet
  facet normal 0.83869 0 -0.54461
    outer loop
      vertex -10.6006 36.4893 99.124
      vertex -10.363 34.4709 99.4899
      vertex -10.6006 34.3982 99.124
    endloop
  endfacet
  facet normal 0.83869 0 -0.54461
    outer loop
      vertex -10.363 37.99 99.4899
      vertex -10.6006 47.99 99.124
      vertex -10.363 47.99 99.4899
    endloop
  endfacet
  facet normal 0.83869 0 -0.54461
    outer loop
      vertex -10.6006 47.99 99.124
      vertex -10.363 37.99 99.4899
      vertex -10.6006 37.99 99.124
    endloop
  endfacet
  facet normal 0.819103 0 -0.573647
    outer loop
      vertex -10.1127 34.5474 99.8473
      vertex -10.363 36.5578 99.4899
      vertex -10.1127 36.6248 99.8473
    endloop
  endfacet
  facet normal 0.819103 0 -0.573647
    outer loop
      vertex -10.363 36.5578 99.4899
      vertex -10.1127 34.5474 99.8473
      vertex -10.363 34.4709 99.4899
    endloop
  endfacet
  facet normal 0.819103 0 -0.573647
    outer loop
      vertex -10.1127 37.99 99.8473
      vertex -10.363 47.99 99.4899
      vertex -10.1127 47.99 99.8473
    endloop
  endfacet
  facet normal 0.819103 0 -0.573647
    outer loop
      vertex -10.363 47.99 99.4899
      vertex -10.1127 37.99 99.8473
      vertex -10.363 37.99 99.4899
    endloop
  endfacet
  facet normal 0.798849 0 -0.601531
    outer loop
      vertex -9.85013 34.6249 100.196
      vertex -10.1127 36.6248 99.8473
      vertex -9.85013 36.6952 100.196
    endloop
  endfacet
  facet normal 0.799732 0.000320399 -0.600358
    outer loop
      vertex -9.92294 34.6054 100.099
      vertex -10.1127 36.6248 99.8473
      vertex -9.85013 34.6249 100.196
    endloop
  endfacet
  facet normal 0.798498 0 -0.601998
    outer loop
      vertex -10.1127 36.6248 99.8473
      vertex -9.92294 34.6054 100.099
      vertex -10.1127 34.5474 99.8473
    endloop
  endfacet
  facet normal 0.798849 0 -0.601531
    outer loop
      vertex -9.85013 37.99 100.196
      vertex -10.1127 47.99 99.8473
      vertex -9.85013 47.99 100.196
    endloop
  endfacet
  facet normal 0.798849 0 -0.601531
    outer loop
      vertex -10.1127 47.99 99.8473
      vertex -9.85013 37.99 100.196
      vertex -10.1127 37.99 99.8473
    endloop
  endfacet
  facet normal 0.777075 0 -0.629408
    outer loop
      vertex -9.57555 34.6985 100.535
      vertex -9.85013 36.6952 100.196
      vertex -9.57555 36.7687 100.535
    endloop
  endfacet
  facet normal 0.777075 0 -0.629408
    outer loop
      vertex -9.85013 36.6952 100.196
      vertex -9.57555 34.6985 100.535
      vertex -9.85013 34.6249 100.196
    endloop
  endfacet
  facet normal 0.777075 0 -0.629408
    outer loop
      vertex -9.57555 37.99 100.535
      vertex -9.85013 47.99 100.196
      vertex -9.57555 47.99 100.535
    endloop
  endfacet
  facet normal 0.777075 0 -0.629408
    outer loop
      vertex -9.85013 47.99 100.196
      vertex -9.57555 37.99 100.535
      vertex -9.85013 37.99 100.196
    endloop
  endfacet
  facet normal 0.754432 0 -0.656379
    outer loop
      vertex -9.28931 37.99 100.864
      vertex -9.57555 47.99 100.535
      vertex -9.28931 47.99 100.864
    endloop
  endfacet
  facet normal 0.754432 0 -0.656379
    outer loop
      vertex -9.57555 47.99 100.535
      vertex -9.28931 37.99 100.864
      vertex -9.57555 37.99 100.535
    endloop
  endfacet
  facet normal 0.754432 0 -0.656379
    outer loop
      vertex -9.28931 34.7752 100.864
      vertex -9.57555 36.7687 100.535
      vertex -9.28931 36.8454 100.864
    endloop
  endfacet
  facet normal 0.754432 0 -0.656379
    outer loop
      vertex -9.57555 36.7687 100.535
      vertex -9.28931 34.7752 100.864
      vertex -9.57555 34.6985 100.535
    endloop
  endfacet
  facet normal 0.731579 0 -0.681757
    outer loop
      vertex -8.99174 34.8549 101.183
      vertex -9.19303 36.8712 100.967
      vertex -8.99174 36.9177 101.183
    endloop
  endfacet
  facet normal 0.730563 -0.000217917 -0.682845
    outer loop
      vertex -9.19303 36.8712 100.967
      vertex -8.99174 34.8549 101.183
      vertex -9.28931 36.8454 100.864
    endloop
  endfacet
  facet normal 0.731242 0 -0.682118
    outer loop
      vertex -9.28931 36.8454 100.864
      vertex -8.99174 34.8549 101.183
      vertex -9.28931 34.7752 100.864
    endloop
  endfacet
  facet normal 0.731242 0 -0.682118
    outer loop
      vertex -8.99174 37.99 101.183
      vertex -9.28931 47.99 100.864
      vertex -8.99174 47.99 101.183
    endloop
  endfacet
  facet normal 0.731242 0 -0.682118
    outer loop
      vertex -9.28931 47.99 100.864
      vertex -8.99174 37.99 101.183
      vertex -9.28931 37.99 100.864
    endloop
  endfacet
  facet normal 0.706533 0 -0.70768
    outer loop
      vertex -8.83749 37.99 101.337
      vertex -8.99174 47.99 101.183
      vertex -8.83749 47.99 101.337
    endloop
  endfacet
  facet normal 0.706533 0 -0.70768
    outer loop
      vertex -8.99174 47.99 101.183
      vertex -8.83749 37.99 101.337
      vertex -8.99174 37.99 101.183
    endloop
  endfacet
  facet normal 0.706533 0 -0.70768
    outer loop
      vertex -8.83749 34.8963 101.337
      vertex -8.99174 36.9177 101.183
      vertex -8.83749 36.9533 101.337
    endloop
  endfacet
  facet normal 0.706533 0 -0.70768
    outer loop
      vertex -8.99174 36.9177 101.183
      vertex -8.83749 34.8963 101.337
      vertex -8.99174 34.8549 101.183
    endloop
  endfacet
  facet normal 0.710108 1.51427e-05 -0.704092
    outer loop
      vertex 0 47.99 110.25
      vertex -0.57289 37.99 109.672
      vertex -8.83749 47.99 101.337
    endloop
  endfacet
  facet normal 0.709771 0.00011591 -0.704433
    outer loop
      vertex -1.25638 35.9781 108.983
      vertex -1.32618 37.9769 108.913
      vertex -0.57289 37.99 109.672
    endloop
  endfacet
  facet normal 0.710134 0.000141456 -0.704066
    outer loop
      vertex -1.32618 37.9769 108.913
      vertex -1.25638 35.9781 108.983
      vertex -2.65075 37.9074 107.577
    endloop
  endfacet
  facet normal 0.710197 0.000263826 -0.704003
    outer loop
      vertex -2.65075 37.9074 107.577
      vertex -2.51123 35.9123 107.717
      vertex -3.97208 37.7918 106.244
    endloop
  endfacet
  facet normal 0.709976 -8.23898e-05 -0.704225
    outer loop
      vertex -3.76302 35.8028 106.455
      vertex -3.97208 37.7918 106.244
      vertex -2.51123 35.9123 107.717
    endloop
  endfacet
  facet normal 0.71013 0.000264932 -0.704071
    outer loop
      vertex -5.01023 35.6497 105.197
      vertex -5.28858 37.6302 104.917
      vertex -3.76302 35.8028 106.455
    endloop
  endfacet
  facet normal 0.710286 0.000309107 -0.703914
    outer loop
      vertex -5.28858 37.6302 104.917
      vertex -5.01023 35.6497 105.197
      vertex -6.59863 37.4227 103.595
    endloop
  endfacet
  facet normal 0.710239 0 -0.70396
    outer loop
      vertex 0 36 110.25
      vertex -0.57289 37.99 109.672
      vertex 0 47.99 110.25
    endloop
  endfacet
  facet normal 0.710077 -9.41571e-05 -0.704124
    outer loop
      vertex -1.25638 35.9781 108.983
      vertex -0.57289 37.99 109.672
      vertex 0 36 110.25
    endloop
  endfacet
  facet normal 0.71022 0.000267087 -0.703979
    outer loop
      vertex -2.65075 37.9074 107.577
      vertex -1.25638 35.9781 108.983
      vertex -2.51123 35.9123 107.717
    endloop
  endfacet
  facet normal 0.709916 -9.52962e-05 -0.704287
    outer loop
      vertex -3.97208 37.7918 106.244
      vertex -3.76302 35.8028 106.455
      vertex -5.28858 37.6302 104.917
    endloop
  endfacet
  facet normal 0.709936 -0.000323384 -0.704267
    outer loop
      vertex -6.25133 35.4531 103.946
      vertex -6.59863 37.4227 103.595
      vertex -5.01023 35.6497 105.197
    endloop
  endfacet
  facet normal 0.710098 -0.000265627 -0.704103
    outer loop
      vertex -6.59863 37.4227 103.595
      vertex -6.25133 35.4531 103.946
      vertex -7.90064 37.1696 102.282
    endloop
  endfacet
  facet normal 0.710121 -0.000220157 -0.704079
    outer loop
      vertex -7.48482 35.2133 102.702
      vertex -7.90064 37.1696 102.282
      vertex -6.25133 35.4531 103.946
    endloop
  endfacet
  facet normal 0.710185 -0.000193003 -0.704016
    outer loop
      vertex -7.90064 37.1696 102.282
      vertex -7.48482 35.2133 102.702
      vertex -8.83749 36.9533 101.337
    endloop
  endfacet
  facet normal 0.710179 -0.000201052 -0.704021
    outer loop
      vertex -8.70919 34.9306 101.467
      vertex -8.83749 36.9533 101.337
      vertex -7.48482 35.2133 102.702
    endloop
  endfacet
  facet normal 0.711745 0 -0.702438
    outer loop
      vertex -8.83749 36.9533 101.337
      vertex -8.70919 34.9306 101.467
      vertex -8.83749 34.8963 101.337
    endloop
  endfacet
  facet normal 0.710099 0 -0.704102
    outer loop
      vertex -8.83749 47.99 101.337
      vertex -0.57289 37.99 109.672
      vertex -8.83749 37.99 101.337
    endloop
  endfacet
  facet normal -0.998631 -0.0523161 0
    outer loop
      vertex 22.986 0.802688 0
      vertex 22.944 1.6044 1.5
      vertex 22.944 1.6044 0
    endloop
  endfacet
  facet normal -0.998631 -0.0523161 0
    outer loop
      vertex 22.944 1.6044 1.5
      vertex 22.986 0.802688 0
      vertex 22.986 0.802688 1.5
    endloop
  endfacet
  facet normal -0.999848 -0.0174387 0
    outer loop
      vertex 23 0 0
      vertex 22.986 0.802688 1.5
      vertex 22.986 0.802688 0
    endloop
  endfacet
  facet normal -0.999848 -0.0174387 0
    outer loop
      vertex 22.986 0.802688 1.5
      vertex 23 0 0
      vertex 23 0 1.5
    endloop
  endfacet
  facet normal -0.996191 -0.087194 0
    outer loop
      vertex 22.944 1.6044 0
      vertex 22.874 2.40415 1.5
      vertex 22.874 2.40415 0
    endloop
  endfacet
  facet normal -0.996191 -0.087194 0
    outer loop
      vertex 22.874 2.40415 1.5
      vertex 22.944 1.6044 0
      vertex 22.944 1.6044 1.5
    endloop
  endfacet
  facet normal -0.390749 -0.920497 0
    outer loop
      vertex 8.61595 21.3252 0
      vertex 9.35494 21.0115 1.5
      vertex 8.61595 21.3252 1.5
    endloop
  endfacet
  facet normal -0.390749 -0.920497 -0
    outer loop
      vertex 9.35494 21.0115 1.5
      vertex 8.61595 21.3252 0
      vertex 9.35494 21.0115 0
    endloop
  endfacet
  facet normal 0.945507 0.325603 0
    outer loop
      vertex -21.6129 -7.86646 1.5
      vertex -21.8743 -7.10739 0
      vertex -21.8743 -7.10739 1.5
    endloop
  endfacet
  facet normal 0.945507 0.325603 0
    outer loop
      vertex -21.8743 -7.10739 0
      vertex -21.6129 -7.86646 1.5
      vertex -21.6129 -7.86646 0
    endloop
  endfacet
  facet normal -0.544599 0.838697 0
    outer loop
      vertex 12.8614 -19.0679 0
      vertex 12.1881 -19.5051 1.5
      vertex 12.8614 -19.0679 1.5
    endloop
  endfacet
  facet normal -0.544599 0.838697 0
    outer loop
      vertex 12.1881 -19.5051 1.5
      vertex 12.8614 -19.0679 0
      vertex 12.1881 -19.5051 0
    endloop
  endfacet
  facet normal -0.890988 -0.454027 0
    outer loop
      vertex 20.6723 10.0825 0
      vertex 20.3078 10.7978 1.5
      vertex 20.3078 10.7978 0
    endloop
  endfacet
  facet normal -0.890988 -0.454027 0
    outer loop
      vertex 20.3078 10.7978 1.5
      vertex 20.6723 10.0825 0
      vertex 20.6723 10.0825 1.5
    endloop
  endfacet
  facet normal 0.156449 0.987686 -0
    outer loop
      vertex -3.20098 -22.7762 0
      vertex -3.99391 -22.6506 1.5
      vertex -3.20098 -22.7762 1.5
    endloop
  endfacet
  facet normal 0.156449 0.987686 0
    outer loop
      vertex -3.99391 -22.6506 1.5
      vertex -3.20098 -22.7762 0
      vertex -3.99391 -22.6506 0
    endloop
  endfacet
  facet normal -0.087194 0.996191 0
    outer loop
      vertex 2.40415 -22.874 0
      vertex 1.6044 -22.944 1.5
      vertex 2.40415 -22.874 1.5
    endloop
  endfacet
  facet normal -0.087194 0.996191 0
    outer loop
      vertex 1.6044 -22.944 1.5
      vertex 2.40415 -22.874 0
      vertex 1.6044 -22.944 0
    endloop
  endfacet
  facet normal -0.190829 0.981623 0
    outer loop
      vertex 4.78197 -22.4974 0
      vertex 3.99391 -22.6506 1.5
      vertex 4.78197 -22.4974 1.5
    endloop
  endfacet
  facet normal -0.190829 0.981623 0
    outer loop
      vertex 3.99391 -22.6506 1.5
      vertex 4.78197 -22.4974 0
      vertex 3.99391 -22.6506 0
    endloop
  endfacet
  facet normal -0.190829 -0.981623 0
    outer loop
      vertex 3.99391 22.6506 0
      vertex 4.78197 22.4974 1.5
      vertex 3.99391 22.6506 1.5
    endloop
  endfacet
  facet normal -0.190829 -0.981623 -0
    outer loop
      vertex 4.78197 22.4974 1.5
      vertex 3.99391 22.6506 0
      vertex 4.78197 22.4974 0
    endloop
  endfacet
  facet normal -0.965921 -0.258838 0
    outer loop
      vertex 22.3168 5.5642 0
      vertex 22.109 6.33966 1.5
      vertex 22.109 6.33966 0
    endloop
  endfacet
  facet normal -0.965921 -0.258838 0
    outer loop
      vertex 22.109 6.33966 1.5
      vertex 22.3168 5.5642 0
      vertex 22.3168 5.5642 1.5
    endloop
  endfacet
  facet normal -0.682012 -0.731341 0
    outer loop
      vertex 15.39 17.0923 0
      vertex 15.9771 16.5448 1.5
      vertex 15.39 17.0923 1.5
    endloop
  endfacet
  facet normal -0.682012 -0.731341 -0
    outer loop
      vertex 15.9771 16.5448 1.5
      vertex 15.39 17.0923 0
      vertex 15.9771 16.5448 0
    endloop
  endfacet
  facet normal 0.90634 -0.42255 0
    outer loop
      vertex -21.0115 9.35494 1.5
      vertex -20.6723 10.0825 0
      vertex -20.6723 10.0825 1.5
    endloop
  endfacet
  facet normal 0.90634 -0.42255 0
    outer loop
      vertex -20.6723 10.0825 0
      vertex -21.0115 9.35494 1.5
      vertex -21.0115 9.35494 0
    endloop
  endfacet
  facet normal -0.956311 -0.29235 0
    outer loop
      vertex 22.109 6.33966 0
      vertex 21.8743 7.10739 1.5
      vertex 21.8743 7.10739 0
    endloop
  endfacet
  facet normal -0.956311 -0.29235 0
    outer loop
      vertex 21.8743 7.10739 1.5
      vertex 22.109 6.33966 0
      vertex 22.109 6.33966 1.5
    endloop
  endfacet
  facet normal 0.731341 -0.682012 0
    outer loop
      vertex -17.0923 15.39 1.5
      vertex -16.5448 15.9771 0
      vertex -16.5448 15.9771 1.5
    endloop
  endfacet
  facet normal 0.731341 -0.682012 0
    outer loop
      vertex -16.5448 15.9771 0
      vertex -17.0923 15.39 1.5
      vertex -17.0923 15.39 0
    endloop
  endfacet
  facet normal 0.156449 -0.987686 0
    outer loop
      vertex -3.99391 22.6506 0
      vertex -3.20098 22.7762 1.5
      vertex -3.99391 22.6506 1.5
    endloop
  endfacet
  facet normal 0.156449 -0.987686 0
    outer loop
      vertex -3.20098 22.7762 1.5
      vertex -3.99391 22.6506 0
      vertex -3.20098 22.7762 0
    endloop
  endfacet
  facet normal 0.656058 -0.75471 0
    outer loop
      vertex -15.39 17.0923 0
      vertex -14.7841 17.619 1.5
      vertex -15.39 17.0923 1.5
    endloop
  endfacet
  facet normal 0.656058 -0.75471 0
    outer loop
      vertex -14.7841 17.619 1.5
      vertex -15.39 17.0923 0
      vertex -14.7841 17.619 0
    endloop
  endfacet
  facet normal -0.484775 0.874639 0
    outer loop
      vertex 11.5 -19.9186 0
      vertex 10.7978 -20.3078 1.5
      vertex 11.5 -19.9186 1.5
    endloop
  endfacet
  facet normal -0.484775 0.874639 0
    outer loop
      vertex 10.7978 -20.3078 1.5
      vertex 11.5 -19.9186 0
      vertex 10.7978 -20.3078 0
    endloop
  endfacet
  facet normal 0.996191 0.087194 0
    outer loop
      vertex -22.874 -2.40415 1.5
      vertex -22.944 -1.6044 0
      vertex -22.944 -1.6044 1.5
    endloop
  endfacet
  facet normal 0.996191 0.087194 0
    outer loop
      vertex -22.944 -1.6044 0
      vertex -22.874 -2.40415 1.5
      vertex -22.874 -2.40415 0
    endloop
  endfacet
  facet normal -0.325603 0.945507 0
    outer loop
      vertex 7.86646 -21.6129 0
      vertex 7.10739 -21.8743 1.5
      vertex 7.86646 -21.6129 1.5
    endloop
  endfacet
  facet normal -0.325603 0.945507 0
    outer loop
      vertex 7.10739 -21.8743 1.5
      vertex 7.86646 -21.6129 0
      vertex 7.10739 -21.8743 0
    endloop
  endfacet
  facet normal 0.819168 -0.573554 0
    outer loop
      vertex -19.0679 12.8614 1.5
      vertex -18.6074 13.5191 0
      vertex -18.6074 13.5191 1.5
    endloop
  endfacet
  facet normal 0.819168 -0.573554 0
    outer loop
      vertex -18.6074 13.5191 0
      vertex -19.0679 12.8614 1.5
      vertex -19.0679 12.8614 0
    endloop
  endfacet
  facet normal -0.325603 -0.945507 0
    outer loop
      vertex 7.10739 21.8743 0
      vertex 7.86646 21.6129 1.5
      vertex 7.10739 21.8743 1.5
    endloop
  endfacet
  facet normal -0.325603 -0.945507 -0
    outer loop
      vertex 7.86646 21.6129 1.5
      vertex 7.10739 21.8743 0
      vertex 7.86646 21.6129 0
    endloop
  endfacet
  facet normal 0.258838 0.965921 -0
    outer loop
      vertex -5.5642 -22.3168 0
      vertex -6.33966 -22.109 1.5
      vertex -5.5642 -22.3168 1.5
    endloop
  endfacet
  facet normal 0.258838 0.965921 0
    outer loop
      vertex -6.33966 -22.109 1.5
      vertex -5.5642 -22.3168 0
      vertex -6.33966 -22.109 0
    endloop
  endfacet
  facet normal 0.933581 -0.358366 0
    outer loop
      vertex -21.6129 7.86646 1.5
      vertex -21.3252 8.61595 0
      vertex -21.3252 8.61595 1.5
    endloop
  endfacet
  facet normal 0.933581 -0.358366 0
    outer loop
      vertex -21.3252 8.61595 0
      vertex -21.6129 7.86646 1.5
      vertex -21.6129 7.86646 0
    endloop
  endfacet
  facet normal -0.731341 0.682012 0
    outer loop
      vertex 16.5448 -15.9771 0
      vertex 17.0923 -15.39 1.5
      vertex 17.0923 -15.39 0
    endloop
  endfacet
  facet normal -0.731341 0.682012 0
    outer loop
      vertex 17.0923 -15.39 1.5
      vertex 16.5448 -15.9771 0
      vertex 16.5448 -15.9771 1.5
    endloop
  endfacet
  facet normal -0.933581 -0.358366 0
    outer loop
      vertex 21.6129 7.86646 0
      vertex 21.3252 8.61595 1.5
      vertex 21.3252 8.61595 0
    endloop
  endfacet
  facet normal -0.933581 -0.358366 0
    outer loop
      vertex 21.3252 8.61595 1.5
      vertex 21.6129 7.86646 0
      vertex 21.6129 7.86646 1.5
    endloop
  endfacet
  facet normal -0.874639 -0.484775 0
    outer loop
      vertex 20.3078 10.7978 0
      vertex 19.9186 11.5 1.5
      vertex 19.9186 11.5 0
    endloop
  endfacet
  facet normal -0.874639 -0.484775 0
    outer loop
      vertex 19.9186 11.5 1.5
      vertex 20.3078 10.7978 0
      vertex 20.3078 10.7978 1.5
    endloop
  endfacet
  facet normal -0.629302 -0.777161 0
    outer loop
      vertex 14.1602 18.1242 0
      vertex 14.7841 17.619 1.5
      vertex 14.1602 18.1242 1.5
    endloop
  endfacet
  facet normal -0.629302 -0.777161 -0
    outer loop
      vertex 14.7841 17.619 1.5
      vertex 14.1602 18.1242 0
      vertex 14.7841 17.619 0
    endloop
  endfacet
  facet normal 0.573554 -0.819168 0
    outer loop
      vertex -13.5191 18.6074 0
      vertex -12.8614 19.0679 1.5
      vertex -13.5191 18.6074 1.5
    endloop
  endfacet
  facet normal 0.573554 -0.819168 0
    outer loop
      vertex -12.8614 19.0679 1.5
      vertex -13.5191 18.6074 0
      vertex -12.8614 19.0679 0
    endloop
  endfacet
  facet normal -0.90634 -0.42255 0
    outer loop
      vertex 21.0115 9.35494 0
      vertex 20.6723 10.0825 1.5
      vertex 20.6723 10.0825 0
    endloop
  endfacet
  facet normal -0.90634 -0.42255 0
    outer loop
      vertex 20.6723 10.0825 1.5
      vertex 21.0115 9.35494 0
      vertex 21.0115 9.35494 1.5
    endloop
  endfacet
  facet normal -0.601892 0.798578 0
    outer loop
      vertex 14.1602 -18.1242 0
      vertex 13.5191 -18.6074 1.5
      vertex 14.1602 -18.1242 1.5
    endloop
  endfacet
  facet normal -0.601892 0.798578 0
    outer loop
      vertex 13.5191 -18.6074 1.5
      vertex 14.1602 -18.1242 0
      vertex 13.5191 -18.6074 0
    endloop
  endfacet
  facet normal 0.731341 0.682012 0
    outer loop
      vertex -16.5448 -15.9771 1.5
      vertex -17.0923 -15.39 0
      vertex -17.0923 -15.39 1.5
    endloop
  endfacet
  facet normal 0.731341 0.682012 0
    outer loop
      vertex -17.0923 -15.39 0
      vertex -16.5448 -15.9771 1.5
      vertex -16.5448 -15.9771 0
    endloop
  endfacet
  facet normal -0.515082 -0.857141 0
    outer loop
      vertex 11.5 19.9186 0
      vertex 12.1881 19.5051 1.5
      vertex 11.5 19.9186 1.5
    endloop
  endfacet
  facet normal -0.515082 -0.857141 -0
    outer loop
      vertex 12.1881 19.5051 1.5
      vertex 11.5 19.9186 0
      vertex 12.1881 19.5051 0
    endloop
  endfacet
  facet normal -0.777161 -0.629302 0
    outer loop
      vertex 18.1242 14.1602 0
      vertex 17.619 14.7841 1.5
      vertex 17.619 14.7841 0
    endloop
  endfacet
  facet normal -0.777161 -0.629302 0
    outer loop
      vertex 17.619 14.7841 1.5
      vertex 18.1242 14.1602 0
      vertex 18.1242 14.1602 1.5
    endloop
  endfacet
  facet normal 0.544599 -0.838697 0
    outer loop
      vertex -12.8614 19.0679 0
      vertex -12.1881 19.5051 1.5
      vertex -12.8614 19.0679 1.5
    endloop
  endfacet
  facet normal 0.544599 -0.838697 0
    outer loop
      vertex -12.1881 19.5051 1.5
      vertex -12.8614 19.0679 0
      vertex -12.1881 19.5051 0
    endloop
  endfacet
  facet normal -0.454027 0.890988 0
    outer loop
      vertex 10.7978 -20.3078 0
      vertex 10.0825 -20.6723 1.5
      vertex 10.7978 -20.3078 1.5
    endloop
  endfacet
  facet normal -0.454027 0.890988 0
    outer loop
      vertex 10.0825 -20.6723 1.5
      vertex 10.7978 -20.3078 0
      vertex 10.0825 -20.6723 0
    endloop
  endfacet
  facet normal 0.75471 0.656058 0
    outer loop
      vertex -17.0923 -15.39 1.5
      vertex -17.619 -14.7841 0
      vertex -17.619 -14.7841 1.5
    endloop
  endfacet
  facet normal 0.75471 0.656058 0
    outer loop
      vertex -17.619 -14.7841 0
      vertex -17.0923 -15.39 1.5
      vertex -17.0923 -15.39 0
    endloop
  endfacet
  facet normal -0.0174387 0.999848 0
    outer loop
      vertex 0.802688 -22.986 0
      vertex 0 -23 1.5
      vertex 0.802688 -22.986 1.5
    endloop
  endfacet
  facet normal -0.0174387 0.999848 0
    outer loop
      vertex 0 -23 1.5
      vertex 0.802688 -22.986 0
      vertex 0 -23 0
    endloop
  endfacet
  facet normal 0.75471 -0.656058 0
    outer loop
      vertex -17.619 14.7841 1.5
      vertex -17.0923 15.39 0
      vertex -17.0923 15.39 1.5
    endloop
  endfacet
  facet normal 0.75471 -0.656058 0
    outer loop
      vertex -17.0923 15.39 0
      vertex -17.619 14.7841 1.5
      vertex -17.619 14.7841 0
    endloop
  endfacet
  facet normal 0.358366 0.933581 -0
    outer loop
      vertex -7.86646 -21.6129 0
      vertex -8.61595 -21.3252 1.5
      vertex -7.86646 -21.6129 1.5
    endloop
  endfacet
  facet normal 0.358366 0.933581 0
    outer loop
      vertex -8.61595 -21.3252 1.5
      vertex -7.86646 -21.6129 0
      vertex -8.61595 -21.3252 0
    endloop
  endfacet
  facet normal -0.121822 -0.992552 0
    outer loop
      vertex 2.40415 22.874 0
      vertex 3.20098 22.7762 1.5
      vertex 2.40415 22.874 1.5
    endloop
  endfacet
  facet normal -0.121822 -0.992552 -0
    outer loop
      vertex 3.20098 22.7762 1.5
      vertex 2.40415 22.874 0
      vertex 3.20098 22.7762 0
    endloop
  endfacet
  facet normal 0.998631 0.0523161 0
    outer loop
      vertex -22.944 -1.6044 1.5
      vertex -22.986 -0.802688 0
      vertex -22.986 -0.802688 1.5
    endloop
  endfacet
  facet normal 0.998631 0.0523161 0
    outer loop
      vertex -22.986 -0.802688 0
      vertex -22.944 -1.6044 1.5
      vertex -22.944 -1.6044 0
    endloop
  endfacet
  facet normal 0.920497 0.390749 0
    outer loop
      vertex -21.0115 -9.35494 1.5
      vertex -21.3252 -8.61595 0
      vertex -21.3252 -8.61595 1.5
    endloop
  endfacet
  facet normal 0.920497 0.390749 0
    outer loop
      vertex -21.3252 -8.61595 0
      vertex -21.0115 -9.35494 1.5
      vertex -21.0115 -9.35494 0
    endloop
  endfacet
  facet normal -0.656058 0.75471 0
    outer loop
      vertex 15.39 -17.0923 0
      vertex 14.7841 -17.619 1.5
      vertex 15.39 -17.0923 1.5
    endloop
  endfacet
  facet normal -0.656058 0.75471 0
    outer loop
      vertex 14.7841 -17.619 1.5
      vertex 15.39 -17.0923 0
      vertex 14.7841 -17.619 0
    endloop
  endfacet
  facet normal -0.544599 -0.838697 0
    outer loop
      vertex 12.1881 19.5051 0
      vertex 12.8614 19.0679 1.5
      vertex 12.1881 19.5051 1.5
    endloop
  endfacet
  facet normal -0.544599 -0.838697 -0
    outer loop
      vertex 12.8614 19.0679 1.5
      vertex 12.1881 19.5051 0
      vertex 12.8614 19.0679 0
    endloop
  endfacet
  facet normal -0.838697 0.544599 0
    outer loop
      vertex 19.0679 -12.8614 0
      vertex 19.5051 -12.1881 1.5
      vertex 19.5051 -12.1881 0
    endloop
  endfacet
  facet normal -0.838697 0.544599 0
    outer loop
      vertex 19.5051 -12.1881 1.5
      vertex 19.0679 -12.8614 0
      vertex 19.0679 -12.8614 1.5
    endloop
  endfacet
  facet normal -0.996191 0.087194 0
    outer loop
      vertex 22.874 -2.40415 0
      vertex 22.944 -1.6044 1.5
      vertex 22.944 -1.6044 0
    endloop
  endfacet
  facet normal -0.996191 0.087194 0
    outer loop
      vertex 22.944 -1.6044 1.5
      vertex 22.874 -2.40415 0
      vertex 22.874 -2.40415 1.5
    endloop
  endfacet
  facet normal 0.121822 -0.992552 0
    outer loop
      vertex -3.20098 22.7762 0
      vertex -2.40415 22.874 1.5
      vertex -3.20098 22.7762 1.5
    endloop
  endfacet
  facet normal 0.121822 -0.992552 0
    outer loop
      vertex -2.40415 22.874 1.5
      vertex -3.20098 22.7762 0
      vertex -2.40415 22.874 0
    endloop
  endfacet
  facet normal -0.0174387 -0.999848 0
    outer loop
      vertex 0 23 0
      vertex 0.802688 22.986 1.5
      vertex 0 23 1.5
    endloop
  endfacet
  facet normal -0.0174387 -0.999848 -0
    outer loop
      vertex 0.802688 22.986 1.5
      vertex 0 23 0
      vertex 0.802688 22.986 0
    endloop
  endfacet
  facet normal -0.874639 0.484775 0
    outer loop
      vertex 19.9186 -11.5 0
      vertex 20.3078 -10.7978 1.5
      vertex 20.3078 -10.7978 0
    endloop
  endfacet
  facet normal -0.874639 0.484775 0
    outer loop
      vertex 20.3078 -10.7978 1.5
      vertex 19.9186 -11.5 0
      vertex 19.9186 -11.5 1.5
    endloop
  endfacet
  facet normal -0.999848 0.0174387 0
    outer loop
      vertex 22.986 -0.802688 0
      vertex 23 0 1.5
      vertex 23 0 0
    endloop
  endfacet
  facet normal -0.999848 0.0174387 0
    outer loop
      vertex 23 0 1.5
      vertex 22.986 -0.802688 0
      vertex 22.986 -0.802688 1.5
    endloop
  endfacet
  facet normal -0.573554 0.819168 0
    outer loop
      vertex 13.5191 -18.6074 0
      vertex 12.8614 -19.0679 1.5
      vertex 13.5191 -18.6074 1.5
    endloop
  endfacet
  facet normal -0.573554 0.819168 0
    outer loop
      vertex 12.8614 -19.0679 1.5
      vertex 13.5191 -18.6074 0
      vertex 12.8614 -19.0679 0
    endloop
  endfacet
  facet normal -0.974368 -0.22496 0
    outer loop
      vertex 22.4974 4.78197 0
      vertex 22.3168 5.5642 1.5
      vertex 22.3168 5.5642 0
    endloop
  endfacet
  facet normal -0.974368 -0.22496 0
    outer loop
      vertex 22.3168 5.5642 1.5
      vertex 22.4974 4.78197 0
      vertex 22.4974 4.78197 1.5
    endloop
  endfacet
  facet normal 0.874639 -0.484775 0
    outer loop
      vertex -20.3078 10.7978 1.5
      vertex -19.9186 11.5 0
      vertex -19.9186 11.5 1.5
    endloop
  endfacet
  facet normal 0.874639 -0.484775 0
    outer loop
      vertex -19.9186 11.5 0
      vertex -20.3078 10.7978 1.5
      vertex -20.3078 10.7978 0
    endloop
  endfacet
  facet normal 0.981623 0.190829 0
    outer loop
      vertex -22.4974 -4.78197 1.5
      vertex -22.6506 -3.99391 0
      vertex -22.6506 -3.99391 1.5
    endloop
  endfacet
  facet normal 0.981623 0.190829 0
    outer loop
      vertex -22.6506 -3.99391 0
      vertex -22.4974 -4.78197 1.5
      vertex -22.4974 -4.78197 0
    endloop
  endfacet
  facet normal 0.987686 -0.156449 0
    outer loop
      vertex -22.7762 3.20098 1.5
      vertex -22.6506 3.99391 0
      vertex -22.6506 3.99391 1.5
    endloop
  endfacet
  facet normal 0.987686 -0.156449 0
    outer loop
      vertex -22.6506 3.99391 0
      vertex -22.7762 3.20098 1.5
      vertex -22.7762 3.20098 0
    endloop
  endfacet
  facet normal -0.121822 0.992552 0
    outer loop
      vertex 3.20098 -22.7762 0
      vertex 2.40415 -22.874 1.5
      vertex 3.20098 -22.7762 1.5
    endloop
  endfacet
  facet normal -0.121822 0.992552 0
    outer loop
      vertex 2.40415 -22.874 1.5
      vertex 3.20098 -22.7762 0
      vertex 2.40415 -22.874 0
    endloop
  endfacet
  facet normal -0.819168 -0.573554 0
    outer loop
      vertex 19.0679 12.8614 0
      vertex 18.6074 13.5191 1.5
      vertex 18.6074 13.5191 0
    endloop
  endfacet
  facet normal -0.819168 -0.573554 0
    outer loop
      vertex 18.6074 13.5191 1.5
      vertex 19.0679 12.8614 0
      vertex 19.0679 12.8614 1.5
    endloop
  endfacet
  facet normal 0.22496 -0.974368 0
    outer loop
      vertex -5.5642 22.3168 0
      vertex -4.78197 22.4974 1.5
      vertex -5.5642 22.3168 1.5
    endloop
  endfacet
  facet normal 0.22496 -0.974368 0
    outer loop
      vertex -4.78197 22.4974 1.5
      vertex -5.5642 22.3168 0
      vertex -4.78197 22.4974 0
    endloop
  endfacet
  facet normal -0.981623 -0.190829 0
    outer loop
      vertex 22.6506 3.99391 0
      vertex 22.4974 4.78197 1.5
      vertex 22.4974 4.78197 0
    endloop
  endfacet
  facet normal -0.981623 -0.190829 0
    outer loop
      vertex 22.4974 4.78197 1.5
      vertex 22.6506 3.99391 0
      vertex 22.6506 3.99391 1.5
    endloop
  endfacet
  facet normal 0.981623 -0.190829 0
    outer loop
      vertex -22.6506 3.99391 1.5
      vertex -22.4974 4.78197 0
      vertex -22.4974 4.78197 1.5
    endloop
  endfacet
  facet normal 0.981623 -0.190829 0
    outer loop
      vertex -22.4974 4.78197 0
      vertex -22.6506 3.99391 1.5
      vertex -22.6506 3.99391 0
    endloop
  endfacet
  facet normal 0.656058 0.75471 -0
    outer loop
      vertex -14.7841 -17.619 0
      vertex -15.39 -17.0923 1.5
      vertex -14.7841 -17.619 1.5
    endloop
  endfacet
  facet normal 0.656058 0.75471 0
    outer loop
      vertex -15.39 -17.0923 1.5
      vertex -14.7841 -17.619 0
      vertex -15.39 -17.0923 0
    endloop
  endfacet
  facet normal -0.992552 0.121822 0
    outer loop
      vertex 22.7762 -3.20098 0
      vertex 22.874 -2.40415 1.5
      vertex 22.874 -2.40415 0
    endloop
  endfacet
  facet normal -0.992552 0.121822 0
    outer loop
      vertex 22.874 -2.40415 1.5
      vertex 22.7762 -3.20098 0
      vertex 22.7762 -3.20098 1.5
    endloop
  endfacet
  facet normal -0.682012 0.731341 0
    outer loop
      vertex 15.9771 -16.5448 0
      vertex 15.39 -17.0923 1.5
      vertex 15.9771 -16.5448 1.5
    endloop
  endfacet
  facet normal -0.682012 0.731341 0
    outer loop
      vertex 15.39 -17.0923 1.5
      vertex 15.9771 -16.5448 0
      vertex 15.39 -17.0923 0
    endloop
  endfacet
  facet normal 0.999848 0.0174387 0
    outer loop
      vertex -22.986 -0.802688 1.5
      vertex -23 0 0
      vertex -23 0 1.5
    endloop
  endfacet
  facet normal 0.999848 0.0174387 0
    outer loop
      vertex -23 0 0
      vertex -22.986 -0.802688 1.5
      vertex -22.986 -0.802688 0
    endloop
  endfacet
  facet normal -0.156449 -0.987686 0
    outer loop
      vertex 3.20098 22.7762 0
      vertex 3.99391 22.6506 1.5
      vertex 3.20098 22.7762 1.5
    endloop
  endfacet
  facet normal -0.156449 -0.987686 -0
    outer loop
      vertex 3.99391 22.6506 1.5
      vertex 3.20098 22.7762 0
      vertex 3.99391 22.6506 0
    endloop
  endfacet
  facet normal 0.325603 0.945507 -0
    outer loop
      vertex -7.10739 -21.8743 0
      vertex -7.86646 -21.6129 1.5
      vertex -7.10739 -21.8743 1.5
    endloop
  endfacet
  facet normal 0.325603 0.945507 0
    outer loop
      vertex -7.86646 -21.6129 1.5
      vertex -7.10739 -21.8743 0
      vertex -7.86646 -21.6129 0
    endloop
  endfacet
  facet normal -0.42255 -0.90634 0
    outer loop
      vertex 9.35494 21.0115 0
      vertex 10.0825 20.6723 1.5
      vertex 9.35494 21.0115 1.5
    endloop
  endfacet
  facet normal -0.42255 -0.90634 -0
    outer loop
      vertex 10.0825 20.6723 1.5
      vertex 9.35494 21.0115 0
      vertex 10.0825 20.6723 0
    endloop
  endfacet
  facet normal -0.857141 -0.515082 0
    outer loop
      vertex 19.9186 11.5 0
      vertex 19.5051 12.1881 1.5
      vertex 19.5051 12.1881 0
    endloop
  endfacet
  facet normal -0.857141 -0.515082 0
    outer loop
      vertex 19.5051 12.1881 1.5
      vertex 19.9186 11.5 0
      vertex 19.9186 11.5 1.5
    endloop
  endfacet
  facet normal 0.798578 0.601892 0
    outer loop
      vertex -18.1242 -14.1602 1.5
      vertex -18.6074 -13.5191 0
      vertex -18.6074 -13.5191 1.5
    endloop
  endfacet
  facet normal 0.798578 0.601892 0
    outer loop
      vertex -18.6074 -13.5191 0
      vertex -18.1242 -14.1602 1.5
      vertex -18.1242 -14.1602 0
    endloop
  endfacet
  facet normal 0.90634 0.42255 0
    outer loop
      vertex -20.6723 -10.0825 1.5
      vertex -21.0115 -9.35494 0
      vertex -21.0115 -9.35494 1.5
    endloop
  endfacet
  facet normal 0.90634 0.42255 0
    outer loop
      vertex -21.0115 -9.35494 0
      vertex -20.6723 -10.0825 1.5
      vertex -20.6723 -10.0825 0
    endloop
  endfacet
  facet normal -0.573554 -0.819168 0
    outer loop
      vertex 12.8614 19.0679 0
      vertex 13.5191 18.6074 1.5
      vertex 12.8614 19.0679 1.5
    endloop
  endfacet
  facet normal -0.573554 -0.819168 -0
    outer loop
      vertex 13.5191 18.6074 1.5
      vertex 12.8614 19.0679 0
      vertex 13.5191 18.6074 0
    endloop
  endfacet
  facet normal -0.390749 0.920497 0
    outer loop
      vertex 9.35494 -21.0115 0
      vertex 8.61595 -21.3252 1.5
      vertex 9.35494 -21.0115 1.5
    endloop
  endfacet
  facet normal -0.390749 0.920497 0
    outer loop
      vertex 8.61595 -21.3252 1.5
      vertex 9.35494 -21.0115 0
      vertex 8.61595 -21.3252 0
    endloop
  endfacet
  facet normal 0.629302 0.777161 -0
    outer loop
      vertex -14.1602 -18.1242 0
      vertex -14.7841 -17.619 1.5
      vertex -14.1602 -18.1242 1.5
    endloop
  endfacet
  facet normal 0.629302 0.777161 0
    outer loop
      vertex -14.7841 -17.619 1.5
      vertex -14.1602 -18.1242 0
      vertex -14.7841 -17.619 0
    endloop
  endfacet
  facet normal 0.390749 -0.920497 0
    outer loop
      vertex -9.35494 21.0115 0
      vertex -8.61595 21.3252 1.5
      vertex -9.35494 21.0115 1.5
    endloop
  endfacet
  facet normal 0.390749 -0.920497 0
    outer loop
      vertex -8.61595 21.3252 1.5
      vertex -9.35494 21.0115 0
      vertex -8.61595 21.3252 0
    endloop
  endfacet
  facet normal 0.29235 -0.956311 0
    outer loop
      vertex -7.10739 21.8743 0
      vertex -6.33966 22.109 1.5
      vertex -7.10739 21.8743 1.5
    endloop
  endfacet
  facet normal 0.29235 -0.956311 0
    outer loop
      vertex -6.33966 22.109 1.5
      vertex -7.10739 21.8743 0
      vertex -6.33966 22.109 0
    endloop
  endfacet
  facet normal -0.75471 -0.656058 0
    outer loop
      vertex 17.619 14.7841 0
      vertex 17.0923 15.39 1.5
      vertex 17.0923 15.39 0
    endloop
  endfacet
  facet normal -0.75471 -0.656058 0
    outer loop
      vertex 17.0923 15.39 1.5
      vertex 17.619 14.7841 0
      vertex 17.619 14.7841 1.5
    endloop
  endfacet
  facet normal -0.22496 -0.974368 0
    outer loop
      vertex 4.78197 22.4974 0
      vertex 5.5642 22.3168 1.5
      vertex 4.78197 22.4974 1.5
    endloop
  endfacet
  facet normal -0.22496 -0.974368 -0
    outer loop
      vertex 5.5642 22.3168 1.5
      vertex 4.78197 22.4974 0
      vertex 5.5642 22.3168 0
    endloop
  endfacet
  facet normal 0.0174387 -0.999848 0
    outer loop
      vertex -0.802688 22.986 0
      vertex 0 23 1.5
      vertex -0.802688 22.986 1.5
    endloop
  endfacet
  facet normal 0.0174387 -0.999848 0
    outer loop
      vertex 0 23 1.5
      vertex -0.802688 22.986 0
      vertex 0 23 0
    endloop
  endfacet
  facet normal -0.90634 0.42255 0
    outer loop
      vertex 20.6723 -10.0825 0
      vertex 21.0115 -9.35494 1.5
      vertex 21.0115 -9.35494 0
    endloop
  endfacet
  facet normal -0.90634 0.42255 0
    outer loop
      vertex 21.0115 -9.35494 1.5
      vertex 20.6723 -10.0825 0
      vertex 20.6723 -10.0825 1.5
    endloop
  endfacet
  facet normal 0.998631 -0.0523161 0
    outer loop
      vertex -22.986 0.802688 1.5
      vertex -22.944 1.6044 0
      vertex -22.944 1.6044 1.5
    endloop
  endfacet
  facet normal 0.998631 -0.0523161 0
    outer loop
      vertex -22.944 1.6044 0
      vertex -22.986 0.802688 1.5
      vertex -22.986 0.802688 0
    endloop
  endfacet
  facet normal -0.857141 0.515082 0
    outer loop
      vertex 19.5051 -12.1881 0
      vertex 19.9186 -11.5 1.5
      vertex 19.9186 -11.5 0
    endloop
  endfacet
  facet normal -0.857141 0.515082 0
    outer loop
      vertex 19.9186 -11.5 1.5
      vertex 19.5051 -12.1881 0
      vertex 19.5051 -12.1881 1.5
    endloop
  endfacet
  facet normal -0.0523161 0.998631 0
    outer loop
      vertex 1.6044 -22.944 0
      vertex 0.802688 -22.986 1.5
      vertex 1.6044 -22.944 1.5
    endloop
  endfacet
  facet normal -0.0523161 0.998631 0
    outer loop
      vertex 0.802688 -22.986 1.5
      vertex 1.6044 -22.944 0
      vertex 0.802688 -22.986 0
    endloop
  endfacet
  facet normal 0.890988 0.454027 0
    outer loop
      vertex -20.3078 -10.7978 1.5
      vertex -20.6723 -10.0825 0
      vertex -20.6723 -10.0825 1.5
    endloop
  endfacet
  facet normal 0.890988 0.454027 0
    outer loop
      vertex -20.6723 -10.0825 0
      vertex -20.3078 -10.7978 1.5
      vertex -20.3078 -10.7978 0
    endloop
  endfacet
  facet normal -0.956311 0.29235 0
    outer loop
      vertex 21.8743 -7.10739 0
      vertex 22.109 -6.33966 1.5
      vertex 22.109 -6.33966 0
    endloop
  endfacet
  facet normal -0.956311 0.29235 0
    outer loop
      vertex 22.109 -6.33966 1.5
      vertex 21.8743 -7.10739 0
      vertex 21.8743 -7.10739 1.5
    endloop
  endfacet
  facet normal 0.390749 0.920497 -0
    outer loop
      vertex -8.61595 -21.3252 0
      vertex -9.35494 -21.0115 1.5
      vertex -8.61595 -21.3252 1.5
    endloop
  endfacet
  facet normal 0.390749 0.920497 0
    outer loop
      vertex -9.35494 -21.0115 1.5
      vertex -8.61595 -21.3252 0
      vertex -9.35494 -21.0115 0
    endloop
  endfacet
  facet normal 0.965921 0.258838 0
    outer loop
      vertex -22.109 -6.33966 1.5
      vertex -22.3168 -5.5642 0
      vertex -22.3168 -5.5642 1.5
    endloop
  endfacet
  facet normal 0.965921 0.258838 0
    outer loop
      vertex -22.3168 -5.5642 0
      vertex -22.109 -6.33966 1.5
      vertex -22.109 -6.33966 0
    endloop
  endfacet
  facet normal -0.75471 0.656058 0
    outer loop
      vertex 17.0923 -15.39 0
      vertex 17.619 -14.7841 1.5
      vertex 17.619 -14.7841 0
    endloop
  endfacet
  facet normal -0.75471 0.656058 0
    outer loop
      vertex 17.619 -14.7841 1.5
      vertex 17.0923 -15.39 0
      vertex 17.0923 -15.39 1.5
    endloop
  endfacet
  facet normal 0.515082 -0.857141 0
    outer loop
      vertex -12.1881 19.5051 0
      vertex -11.5 19.9186 1.5
      vertex -12.1881 19.5051 1.5
    endloop
  endfacet
  facet normal 0.515082 -0.857141 0
    outer loop
      vertex -11.5 19.9186 1.5
      vertex -12.1881 19.5051 0
      vertex -11.5 19.9186 0
    endloop
  endfacet
  facet normal -0.087194 -0.996191 0
    outer loop
      vertex 1.6044 22.944 0
      vertex 2.40415 22.874 1.5
      vertex 1.6044 22.944 1.5
    endloop
  endfacet
  facet normal -0.087194 -0.996191 -0
    outer loop
      vertex 2.40415 22.874 1.5
      vertex 1.6044 22.944 0
      vertex 2.40415 22.874 0
    endloop
  endfacet
  facet normal 0.358366 -0.933581 0
    outer loop
      vertex -8.61595 21.3252 0
      vertex -7.86646 21.6129 1.5
      vertex -8.61595 21.3252 1.5
    endloop
  endfacet
  facet normal 0.358366 -0.933581 0
    outer loop
      vertex -7.86646 21.6129 1.5
      vertex -8.61595 21.3252 0
      vertex -7.86646 21.6129 0
    endloop
  endfacet
  facet normal -0.974368 0.22496 0
    outer loop
      vertex 22.3168 -5.5642 0
      vertex 22.4974 -4.78197 1.5
      vertex 22.4974 -4.78197 0
    endloop
  endfacet
  facet normal -0.974368 0.22496 0
    outer loop
      vertex 22.4974 -4.78197 1.5
      vertex 22.3168 -5.5642 0
      vertex 22.3168 -5.5642 1.5
    endloop
  endfacet
  facet normal -0.629302 0.777161 0
    outer loop
      vertex 14.7841 -17.619 0
      vertex 14.1602 -18.1242 1.5
      vertex 14.7841 -17.619 1.5
    endloop
  endfacet
  facet normal -0.629302 0.777161 0
    outer loop
      vertex 14.1602 -18.1242 1.5
      vertex 14.7841 -17.619 0
      vertex 14.1602 -18.1242 0
    endloop
  endfacet
  facet normal -0.992552 -0.121822 0
    outer loop
      vertex 22.874 2.40415 0
      vertex 22.7762 3.20098 1.5
      vertex 22.7762 3.20098 0
    endloop
  endfacet
  facet normal -0.992552 -0.121822 0
    outer loop
      vertex 22.7762 3.20098 1.5
      vertex 22.874 2.40415 0
      vertex 22.874 2.40415 1.5
    endloop
  endfacet
  facet normal 0.121822 0.992552 -0
    outer loop
      vertex -2.40415 -22.874 0
      vertex -3.20098 -22.7762 1.5
      vertex -2.40415 -22.874 1.5
    endloop
  endfacet
  facet normal 0.121822 0.992552 0
    outer loop
      vertex -3.20098 -22.7762 1.5
      vertex -2.40415 -22.874 0
      vertex -3.20098 -22.7762 0
    endloop
  endfacet
  facet normal 0.0174387 0.999848 -0
    outer loop
      vertex 0 -23 0
      vertex -0.802688 -22.986 1.5
      vertex 0 -23 1.5
    endloop
  endfacet
  facet normal 0.0174387 0.999848 0
    outer loop
      vertex -0.802688 -22.986 1.5
      vertex 0 -23 0
      vertex -0.802688 -22.986 0
    endloop
  endfacet
  facet normal -0.798578 0.601892 0
    outer loop
      vertex 18.1242 -14.1602 0
      vertex 18.6074 -13.5191 1.5
      vertex 18.6074 -13.5191 0
    endloop
  endfacet
  facet normal -0.798578 0.601892 0
    outer loop
      vertex 18.6074 -13.5191 1.5
      vertex 18.1242 -14.1602 0
      vertex 18.1242 -14.1602 1.5
    endloop
  endfacet
  facet normal -0.945507 -0.325603 0
    outer loop
      vertex 21.8743 7.10739 0
      vertex 21.6129 7.86646 1.5
      vertex 21.6129 7.86646 0
    endloop
  endfacet
  facet normal -0.945507 -0.325603 0
    outer loop
      vertex 21.6129 7.86646 1.5
      vertex 21.8743 7.10739 0
      vertex 21.8743 7.10739 1.5
    endloop
  endfacet
  facet normal 0.974368 0.22496 0
    outer loop
      vertex -22.3168 -5.5642 1.5
      vertex -22.4974 -4.78197 0
      vertex -22.4974 -4.78197 1.5
    endloop
  endfacet
  facet normal 0.974368 0.22496 0
    outer loop
      vertex -22.4974 -4.78197 0
      vertex -22.3168 -5.5642 1.5
      vertex -22.3168 -5.5642 0
    endloop
  endfacet
  facet normal 0.920497 -0.390749 0
    outer loop
      vertex -21.3252 8.61595 1.5
      vertex -21.0115 9.35494 0
      vertex -21.0115 9.35494 1.5
    endloop
  endfacet
  facet normal 0.920497 -0.390749 0
    outer loop
      vertex -21.0115 9.35494 0
      vertex -21.3252 8.61595 1.5
      vertex -21.3252 8.61595 0
    endloop
  endfacet
  facet normal 0.857141 -0.515082 0
    outer loop
      vertex -19.9186 11.5 1.5
      vertex -19.5051 12.1881 0
      vertex -19.5051 12.1881 1.5
    endloop
  endfacet
  facet normal 0.857141 -0.515082 0
    outer loop
      vertex -19.5051 12.1881 0
      vertex -19.9186 11.5 1.5
      vertex -19.9186 11.5 0
    endloop
  endfacet
  facet normal 0.682012 -0.731341 0
    outer loop
      vertex -15.9771 16.5448 0
      vertex -15.39 17.0923 1.5
      vertex -15.9771 16.5448 1.5
    endloop
  endfacet
  facet normal 0.682012 -0.731341 0
    outer loop
      vertex -15.39 17.0923 1.5
      vertex -15.9771 16.5448 0
      vertex -15.39 17.0923 0
    endloop
  endfacet
  facet normal -0.601892 -0.798578 0
    outer loop
      vertex 13.5191 18.6074 0
      vertex 14.1602 18.1242 1.5
      vertex 13.5191 18.6074 1.5
    endloop
  endfacet
  facet normal -0.601892 -0.798578 -0
    outer loop
      vertex 14.1602 18.1242 1.5
      vertex 13.5191 18.6074 0
      vertex 14.1602 18.1242 0
    endloop
  endfacet
  facet normal 0.819168 0.573554 0
    outer loop
      vertex -18.6074 -13.5191 1.5
      vertex -19.0679 -12.8614 0
      vertex -19.0679 -12.8614 1.5
    endloop
  endfacet
  facet normal 0.819168 0.573554 0
    outer loop
      vertex -19.0679 -12.8614 0
      vertex -18.6074 -13.5191 1.5
      vertex -18.6074 -13.5191 0
    endloop
  endfacet
  facet normal -0.29235 0.956311 0
    outer loop
      vertex 7.10739 -21.8743 0
      vertex 6.33966 -22.109 1.5
      vertex 7.10739 -21.8743 1.5
    endloop
  endfacet
  facet normal -0.29235 0.956311 0
    outer loop
      vertex 6.33966 -22.109 1.5
      vertex 7.10739 -21.8743 0
      vertex 6.33966 -22.109 0
    endloop
  endfacet
  facet normal -0.731341 -0.682012 0
    outer loop
      vertex 17.0923 15.39 0
      vertex 16.5448 15.9771 1.5
      vertex 16.5448 15.9771 0
    endloop
  endfacet
  facet normal -0.731341 -0.682012 0
    outer loop
      vertex 16.5448 15.9771 1.5
      vertex 17.0923 15.39 0
      vertex 17.0923 15.39 1.5
    endloop
  endfacet
  facet normal 0.857141 0.515082 0
    outer loop
      vertex -19.5051 -12.1881 1.5
      vertex -19.9186 -11.5 0
      vertex -19.9186 -11.5 1.5
    endloop
  endfacet
  facet normal 0.857141 0.515082 0
    outer loop
      vertex -19.9186 -11.5 0
      vertex -19.5051 -12.1881 1.5
      vertex -19.5051 -12.1881 0
    endloop
  endfacet
  facet normal 0.956311 0.29235 0
    outer loop
      vertex -21.8743 -7.10739 1.5
      vertex -22.109 -6.33966 0
      vertex -22.109 -6.33966 1.5
    endloop
  endfacet
  facet normal 0.956311 0.29235 0
    outer loop
      vertex -22.109 -6.33966 0
      vertex -21.8743 -7.10739 1.5
      vertex -21.8743 -7.10739 0
    endloop
  endfacet
  facet normal 0.087194 -0.996191 0
    outer loop
      vertex -2.40415 22.874 0
      vertex -1.6044 22.944 1.5
      vertex -2.40415 22.874 1.5
    endloop
  endfacet
  facet normal 0.087194 -0.996191 0
    outer loop
      vertex -1.6044 22.944 1.5
      vertex -2.40415 22.874 0
      vertex -1.6044 22.944 0
    endloop
  endfacet
  facet normal 0.601892 -0.798578 0
    outer loop
      vertex -14.1602 18.1242 0
      vertex -13.5191 18.6074 1.5
      vertex -14.1602 18.1242 1.5
    endloop
  endfacet
  facet normal 0.601892 -0.798578 0
    outer loop
      vertex -13.5191 18.6074 1.5
      vertex -14.1602 18.1242 0
      vertex -13.5191 18.6074 0
    endloop
  endfacet
  facet normal 0.29235 0.956311 -0
    outer loop
      vertex -6.33966 -22.109 0
      vertex -7.10739 -21.8743 1.5
      vertex -6.33966 -22.109 1.5
    endloop
  endfacet
  facet normal 0.29235 0.956311 0
    outer loop
      vertex -7.10739 -21.8743 1.5
      vertex -6.33966 -22.109 0
      vertex -7.10739 -21.8743 0
    endloop
  endfacet
  facet normal -0.981623 0.190829 0
    outer loop
      vertex 22.4974 -4.78197 0
      vertex 22.6506 -3.99391 1.5
      vertex 22.6506 -3.99391 0
    endloop
  endfacet
  facet normal -0.981623 0.190829 0
    outer loop
      vertex 22.6506 -3.99391 1.5
      vertex 22.4974 -4.78197 0
      vertex 22.4974 -4.78197 1.5
    endloop
  endfacet
  facet normal -0.454027 -0.890988 0
    outer loop
      vertex 10.0825 20.6723 0
      vertex 10.7978 20.3078 1.5
      vertex 10.0825 20.6723 1.5
    endloop
  endfacet
  facet normal -0.454027 -0.890988 -0
    outer loop
      vertex 10.7978 20.3078 1.5
      vertex 10.0825 20.6723 0
      vertex 10.7978 20.3078 0
    endloop
  endfacet
  facet normal 0.965921 -0.258838 0
    outer loop
      vertex -22.3168 5.5642 1.5
      vertex -22.109 6.33966 0
      vertex -22.109 6.33966 1.5
    endloop
  endfacet
  facet normal 0.965921 -0.258838 0
    outer loop
      vertex -22.109 6.33966 0
      vertex -22.3168 5.5642 1.5
      vertex -22.3168 5.5642 0
    endloop
  endfacet
  facet normal 0.190829 -0.981623 0
    outer loop
      vertex -4.78197 22.4974 0
      vertex -3.99391 22.6506 1.5
      vertex -4.78197 22.4974 1.5
    endloop
  endfacet
  facet normal 0.190829 -0.981623 0
    outer loop
      vertex -3.99391 22.6506 1.5
      vertex -4.78197 22.4974 0
      vertex -3.99391 22.6506 0
    endloop
  endfacet
  facet normal -0.656058 -0.75471 0
    outer loop
      vertex 14.7841 17.619 0
      vertex 15.39 17.0923 1.5
      vertex 14.7841 17.619 1.5
    endloop
  endfacet
  facet normal -0.656058 -0.75471 -0
    outer loop
      vertex 15.39 17.0923 1.5
      vertex 14.7841 17.619 0
      vertex 15.39 17.0923 0
    endloop
  endfacet
  facet normal -0.933581 0.358366 0
    outer loop
      vertex 21.3252 -8.61595 0
      vertex 21.6129 -7.86646 1.5
      vertex 21.6129 -7.86646 0
    endloop
  endfacet
  facet normal -0.933581 0.358366 0
    outer loop
      vertex 21.6129 -7.86646 1.5
      vertex 21.3252 -8.61595 0
      vertex 21.3252 -8.61595 1.5
    endloop
  endfacet
  facet normal 0.992552 0.121822 0
    outer loop
      vertex -22.7762 -3.20098 1.5
      vertex -22.874 -2.40415 0
      vertex -22.874 -2.40415 1.5
    endloop
  endfacet
  facet normal 0.992552 0.121822 0
    outer loop
      vertex -22.874 -2.40415 0
      vertex -22.7762 -3.20098 1.5
      vertex -22.7762 -3.20098 0
    endloop
  endfacet
  facet normal 0.629302 -0.777161 0
    outer loop
      vertex -14.7841 17.619 0
      vertex -14.1602 18.1242 1.5
      vertex -14.7841 17.619 1.5
    endloop
  endfacet
  facet normal 0.629302 -0.777161 0
    outer loop
      vertex -14.1602 18.1242 1.5
      vertex -14.7841 17.619 0
      vertex -14.1602 18.1242 0
    endloop
  endfacet
  facet normal -0.515082 0.857141 0
    outer loop
      vertex 12.1881 -19.5051 0
      vertex 11.5 -19.9186 1.5
      vertex 12.1881 -19.5051 1.5
    endloop
  endfacet
  facet normal -0.515082 0.857141 0
    outer loop
      vertex 11.5 -19.9186 1.5
      vertex 12.1881 -19.5051 0
      vertex 11.5 -19.9186 0
    endloop
  endfacet
  facet normal 0.987686 0.156449 0
    outer loop
      vertex -22.6506 -3.99391 1.5
      vertex -22.7762 -3.20098 0
      vertex -22.7762 -3.20098 1.5
    endloop
  endfacet
  facet normal 0.987686 0.156449 0
    outer loop
      vertex -22.7762 -3.20098 0
      vertex -22.6506 -3.99391 1.5
      vertex -22.6506 -3.99391 0
    endloop
  endfacet
  facet normal 0.515082 0.857141 -0
    outer loop
      vertex -11.5 -19.9186 0
      vertex -12.1881 -19.5051 1.5
      vertex -11.5 -19.9186 1.5
    endloop
  endfacet
  facet normal 0.515082 0.857141 0
    outer loop
      vertex -12.1881 -19.5051 1.5
      vertex -11.5 -19.9186 0
      vertex -12.1881 -19.5051 0
    endloop
  endfacet
  facet normal -0.22496 0.974368 0
    outer loop
      vertex 5.5642 -22.3168 0
      vertex 4.78197 -22.4974 1.5
      vertex 5.5642 -22.3168 1.5
    endloop
  endfacet
  facet normal -0.22496 0.974368 0
    outer loop
      vertex 4.78197 -22.4974 1.5
      vertex 5.5642 -22.3168 0
      vertex 4.78197 -22.4974 0
    endloop
  endfacet
  facet normal 0.42255 -0.90634 0
    outer loop
      vertex -10.0825 20.6723 0
      vertex -9.35494 21.0115 1.5
      vertex -10.0825 20.6723 1.5
    endloop
  endfacet
  facet normal 0.42255 -0.90634 0
    outer loop
      vertex -9.35494 21.0115 1.5
      vertex -10.0825 20.6723 0
      vertex -9.35494 21.0115 0
    endloop
  endfacet
  facet normal 0.933581 0.358366 0
    outer loop
      vertex -21.3252 -8.61595 1.5
      vertex -21.6129 -7.86646 0
      vertex -21.6129 -7.86646 1.5
    endloop
  endfacet
  facet normal 0.933581 0.358366 0
    outer loop
      vertex -21.6129 -7.86646 0
      vertex -21.3252 -8.61595 1.5
      vertex -21.3252 -8.61595 0
    endloop
  endfacet
  facet normal -0.838697 -0.544599 0
    outer loop
      vertex 19.5051 12.1881 0
      vertex 19.0679 12.8614 1.5
      vertex 19.0679 12.8614 0
    endloop
  endfacet
  facet normal -0.838697 -0.544599 0
    outer loop
      vertex 19.0679 12.8614 1.5
      vertex 19.5051 12.1881 0
      vertex 19.5051 12.1881 1.5
    endloop
  endfacet
  facet normal -0.258838 -0.965921 0
    outer loop
      vertex 5.5642 22.3168 0
      vertex 6.33966 22.109 1.5
      vertex 5.5642 22.3168 1.5
    endloop
  endfacet
  facet normal -0.258838 -0.965921 -0
    outer loop
      vertex 6.33966 22.109 1.5
      vertex 5.5642 22.3168 0
      vertex 6.33966 22.109 0
    endloop
  endfacet
  facet normal 0.838697 0.544599 0
    outer loop
      vertex -19.0679 -12.8614 1.5
      vertex -19.5051 -12.1881 0
      vertex -19.5051 -12.1881 1.5
    endloop
  endfacet
  facet normal 0.838697 0.544599 0
    outer loop
      vertex -19.5051 -12.1881 0
      vertex -19.0679 -12.8614 1.5
      vertex -19.0679 -12.8614 0
    endloop
  endfacet
  facet normal -0.358366 0.933581 0
    outer loop
      vertex 8.61595 -21.3252 0
      vertex 7.86646 -21.6129 1.5
      vertex 8.61595 -21.3252 1.5
    endloop
  endfacet
  facet normal -0.358366 0.933581 0
    outer loop
      vertex 7.86646 -21.6129 1.5
      vertex 8.61595 -21.3252 0
      vertex 7.86646 -21.6129 0
    endloop
  endfacet
  facet normal 0.484775 -0.874639 0
    outer loop
      vertex -11.5 19.9186 0
      vertex -10.7978 20.3078 1.5
      vertex -11.5 19.9186 1.5
    endloop
  endfacet
  facet normal 0.484775 -0.874639 0
    outer loop
      vertex -10.7978 20.3078 1.5
      vertex -11.5 19.9186 0
      vertex -10.7978 20.3078 0
    endloop
  endfacet
  facet normal 0.544599 0.838697 -0
    outer loop
      vertex -12.1881 -19.5051 0
      vertex -12.8614 -19.0679 1.5
      vertex -12.1881 -19.5051 1.5
    endloop
  endfacet
  facet normal 0.544599 0.838697 0
    outer loop
      vertex -12.8614 -19.0679 1.5
      vertex -12.1881 -19.5051 0
      vertex -12.8614 -19.0679 0
    endloop
  endfacet
  facet normal -0.945507 0.325603 0
    outer loop
      vertex 21.6129 -7.86646 0
      vertex 21.8743 -7.10739 1.5
      vertex 21.8743 -7.10739 0
    endloop
  endfacet
  facet normal -0.945507 0.325603 0
    outer loop
      vertex 21.8743 -7.10739 1.5
      vertex 21.6129 -7.86646 0
      vertex 21.6129 -7.86646 1.5
    endloop
  endfacet
  facet normal -0.358366 -0.933581 0
    outer loop
      vertex 7.86646 21.6129 0
      vertex 8.61595 21.3252 1.5
      vertex 7.86646 21.6129 1.5
    endloop
  endfacet
  facet normal -0.358366 -0.933581 -0
    outer loop
      vertex 8.61595 21.3252 1.5
      vertex 7.86646 21.6129 0
      vertex 8.61595 21.3252 0
    endloop
  endfacet
  facet normal -0.707107 -0.707107 0
    outer loop
      vertex 16.5448 15.9771 0
      vertex 15.9771 16.5448 1.5
      vertex 15.9771 16.5448 0
    endloop
  endfacet
  facet normal -0.707107 -0.707107 0
    outer loop
      vertex 15.9771 16.5448 1.5
      vertex 16.5448 15.9771 0
      vertex 16.5448 15.9771 1.5
    endloop
  endfacet
  facet normal 0.325603 -0.945507 0
    outer loop
      vertex -7.86646 21.6129 0
      vertex -7.10739 21.8743 1.5
      vertex -7.86646 21.6129 1.5
    endloop
  endfacet
  facet normal 0.325603 -0.945507 0
    outer loop
      vertex -7.10739 21.8743 1.5
      vertex -7.86646 21.6129 0
      vertex -7.10739 21.8743 0
    endloop
  endfacet
  facet normal -0.42255 0.90634 0
    outer loop
      vertex 10.0825 -20.6723 0
      vertex 9.35494 -21.0115 1.5
      vertex 10.0825 -20.6723 1.5
    endloop
  endfacet
  facet normal -0.42255 0.90634 0
    outer loop
      vertex 9.35494 -21.0115 1.5
      vertex 10.0825 -20.6723 0
      vertex 9.35494 -21.0115 0
    endloop
  endfacet
  facet normal 0.777161 0.629302 0
    outer loop
      vertex -17.619 -14.7841 1.5
      vertex -18.1242 -14.1602 0
      vertex -18.1242 -14.1602 1.5
    endloop
  endfacet
  facet normal 0.777161 0.629302 0
    outer loop
      vertex -18.1242 -14.1602 0
      vertex -17.619 -14.7841 1.5
      vertex -17.619 -14.7841 0
    endloop
  endfacet
  facet normal -0.920497 -0.390749 0
    outer loop
      vertex 21.3252 8.61595 0
      vertex 21.0115 9.35494 1.5
      vertex 21.0115 9.35494 0
    endloop
  endfacet
  facet normal -0.920497 -0.390749 0
    outer loop
      vertex 21.0115 9.35494 1.5
      vertex 21.3252 8.61595 0
      vertex 21.3252 8.61595 1.5
    endloop
  endfacet
  facet normal 0.087194 0.996191 -0
    outer loop
      vertex -1.6044 -22.944 0
      vertex -2.40415 -22.874 1.5
      vertex -1.6044 -22.944 1.5
    endloop
  endfacet
  facet normal 0.087194 0.996191 0
    outer loop
      vertex -2.40415 -22.874 1.5
      vertex -1.6044 -22.944 0
      vertex -2.40415 -22.874 0
    endloop
  endfacet
  facet normal 0.707107 0.707107 0
    outer loop
      vertex -15.9771 -16.5448 1.5
      vertex -16.5448 -15.9771 0
      vertex -16.5448 -15.9771 1.5
    endloop
  endfacet
  facet normal 0.707107 0.707107 0
    outer loop
      vertex -16.5448 -15.9771 0
      vertex -15.9771 -16.5448 1.5
      vertex -15.9771 -16.5448 0
    endloop
  endfacet
  facet normal -0.484775 -0.874639 0
    outer loop
      vertex 10.7978 20.3078 0
      vertex 11.5 19.9186 1.5
      vertex 10.7978 20.3078 1.5
    endloop
  endfacet
  facet normal -0.484775 -0.874639 -0
    outer loop
      vertex 11.5 19.9186 1.5
      vertex 10.7978 20.3078 0
      vertex 11.5 19.9186 0
    endloop
  endfacet
  facet normal 0.838697 -0.544599 0
    outer loop
      vertex -19.5051 12.1881 1.5
      vertex -19.0679 12.8614 0
      vertex -19.0679 12.8614 1.5
    endloop
  endfacet
  facet normal 0.838697 -0.544599 0
    outer loop
      vertex -19.0679 12.8614 0
      vertex -19.5051 12.1881 1.5
      vertex -19.5051 12.1881 0
    endloop
  endfacet
  facet normal 0.22496 0.974368 -0
    outer loop
      vertex -4.78197 -22.4974 0
      vertex -5.5642 -22.3168 1.5
      vertex -4.78197 -22.4974 1.5
    endloop
  endfacet
  facet normal 0.22496 0.974368 0
    outer loop
      vertex -5.5642 -22.3168 1.5
      vertex -4.78197 -22.4974 0
      vertex -5.5642 -22.3168 0
    endloop
  endfacet
  facet normal 0.956311 -0.29235 0
    outer loop
      vertex -22.109 6.33966 1.5
      vertex -21.8743 7.10739 0
      vertex -21.8743 7.10739 1.5
    endloop
  endfacet
  facet normal 0.956311 -0.29235 0
    outer loop
      vertex -21.8743 7.10739 0
      vertex -22.109 6.33966 1.5
      vertex -22.109 6.33966 0
    endloop
  endfacet
  facet normal 0.0523161 -0.998631 0
    outer loop
      vertex -1.6044 22.944 0
      vertex -0.802688 22.986 1.5
      vertex -1.6044 22.944 1.5
    endloop
  endfacet
  facet normal 0.0523161 -0.998631 0
    outer loop
      vertex -0.802688 22.986 1.5
      vertex -1.6044 22.944 0
      vertex -0.802688 22.986 0
    endloop
  endfacet
  facet normal -0.156449 0.987686 0
    outer loop
      vertex 3.99391 -22.6506 0
      vertex 3.20098 -22.7762 1.5
      vertex 3.99391 -22.6506 1.5
    endloop
  endfacet
  facet normal -0.156449 0.987686 0
    outer loop
      vertex 3.20098 -22.7762 1.5
      vertex 3.99391 -22.6506 0
      vertex 3.20098 -22.7762 0
    endloop
  endfacet
  facet normal 0.454027 0.890988 -0
    outer loop
      vertex -10.0825 -20.6723 0
      vertex -10.7978 -20.3078 1.5
      vertex -10.0825 -20.6723 1.5
    endloop
  endfacet
  facet normal 0.454027 0.890988 0
    outer loop
      vertex -10.7978 -20.3078 1.5
      vertex -10.0825 -20.6723 0
      vertex -10.7978 -20.3078 0
    endloop
  endfacet
  facet normal 0.999848 -0.0174387 0
    outer loop
      vertex -23 0 1.5
      vertex -22.986 0.802688 0
      vertex -22.986 0.802688 1.5
    endloop
  endfacet
  facet normal 0.999848 -0.0174387 0
    outer loop
      vertex -22.986 0.802688 0
      vertex -23 0 1.5
      vertex -23 0 0
    endloop
  endfacet
  facet normal 0.258838 -0.965921 0
    outer loop
      vertex -6.33966 22.109 0
      vertex -5.5642 22.3168 1.5
      vertex -6.33966 22.109 1.5
    endloop
  endfacet
  facet normal 0.258838 -0.965921 0
    outer loop
      vertex -5.5642 22.3168 1.5
      vertex -6.33966 22.109 0
      vertex -5.5642 22.3168 0
    endloop
  endfacet
  facet normal 0.992552 -0.121822 0
    outer loop
      vertex -22.874 2.40415 1.5
      vertex -22.7762 3.20098 0
      vertex -22.7762 3.20098 1.5
    endloop
  endfacet
  facet normal 0.992552 -0.121822 0
    outer loop
      vertex -22.7762 3.20098 0
      vertex -22.874 2.40415 1.5
      vertex -22.874 2.40415 0
    endloop
  endfacet
  facet normal 0.484775 0.874639 -0
    outer loop
      vertex -10.7978 -20.3078 0
      vertex -11.5 -19.9186 1.5
      vertex -10.7978 -20.3078 1.5
    endloop
  endfacet
  facet normal 0.484775 0.874639 0
    outer loop
      vertex -11.5 -19.9186 1.5
      vertex -10.7978 -20.3078 0
      vertex -11.5 -19.9186 0
    endloop
  endfacet
  facet normal 0.890988 -0.454027 0
    outer loop
      vertex -20.6723 10.0825 1.5
      vertex -20.3078 10.7978 0
      vertex -20.3078 10.7978 1.5
    endloop
  endfacet
  facet normal 0.890988 -0.454027 0
    outer loop
      vertex -20.3078 10.7978 0
      vertex -20.6723 10.0825 1.5
      vertex -20.6723 10.0825 0
    endloop
  endfacet
  facet normal -0.707107 0.707107 0
    outer loop
      vertex 15.9771 -16.5448 0
      vertex 16.5448 -15.9771 1.5
      vertex 16.5448 -15.9771 0
    endloop
  endfacet
  facet normal -0.707107 0.707107 0
    outer loop
      vertex 16.5448 -15.9771 1.5
      vertex 15.9771 -16.5448 0
      vertex 15.9771 -16.5448 1.5
    endloop
  endfacet
  facet normal 0.777161 -0.629302 0
    outer loop
      vertex -18.1242 14.1602 1.5
      vertex -17.619 14.7841 0
      vertex -17.619 14.7841 1.5
    endloop
  endfacet
  facet normal 0.777161 -0.629302 0
    outer loop
      vertex -17.619 14.7841 0
      vertex -18.1242 14.1602 1.5
      vertex -18.1242 14.1602 0
    endloop
  endfacet
  facet normal -0.998631 0.0523161 0
    outer loop
      vertex 22.944 -1.6044 0
      vertex 22.986 -0.802688 1.5
      vertex 22.986 -0.802688 0
    endloop
  endfacet
  facet normal -0.998631 0.0523161 0
    outer loop
      vertex 22.986 -0.802688 1.5
      vertex 22.944 -1.6044 0
      vertex 22.944 -1.6044 1.5
    endloop
  endfacet
  facet normal 0.874639 0.484775 0
    outer loop
      vertex -19.9186 -11.5 1.5
      vertex -20.3078 -10.7978 0
      vertex -20.3078 -10.7978 1.5
    endloop
  endfacet
  facet normal 0.874639 0.484775 0
    outer loop
      vertex -20.3078 -10.7978 0
      vertex -19.9186 -11.5 1.5
      vertex -19.9186 -11.5 0
    endloop
  endfacet
  facet normal 0.798578 -0.601892 0
    outer loop
      vertex -18.6074 13.5191 1.5
      vertex -18.1242 14.1602 0
      vertex -18.1242 14.1602 1.5
    endloop
  endfacet
  facet normal 0.798578 -0.601892 0
    outer loop
      vertex -18.1242 14.1602 0
      vertex -18.6074 13.5191 1.5
      vertex -18.6074 13.5191 0
    endloop
  endfacet
  facet normal -0.920497 0.390749 0
    outer loop
      vertex 21.0115 -9.35494 0
      vertex 21.3252 -8.61595 1.5
      vertex 21.3252 -8.61595 0
    endloop
  endfacet
  facet normal -0.920497 0.390749 0
    outer loop
      vertex 21.3252 -8.61595 1.5
      vertex 21.0115 -9.35494 0
      vertex 21.0115 -9.35494 1.5
    endloop
  endfacet
  facet normal -0.258838 0.965921 0
    outer loop
      vertex 6.33966 -22.109 0
      vertex 5.5642 -22.3168 1.5
      vertex 6.33966 -22.109 1.5
    endloop
  endfacet
  facet normal -0.258838 0.965921 0
    outer loop
      vertex 5.5642 -22.3168 1.5
      vertex 6.33966 -22.109 0
      vertex 5.5642 -22.3168 0
    endloop
  endfacet
  facet normal -0.777161 0.629302 0
    outer loop
      vertex 17.619 -14.7841 0
      vertex 18.1242 -14.1602 1.5
      vertex 18.1242 -14.1602 0
    endloop
  endfacet
  facet normal -0.777161 0.629302 0
    outer loop
      vertex 18.1242 -14.1602 1.5
      vertex 17.619 -14.7841 0
      vertex 17.619 -14.7841 1.5
    endloop
  endfacet
  facet normal -0.987686 0.156449 0
    outer loop
      vertex 22.6506 -3.99391 0
      vertex 22.7762 -3.20098 1.5
      vertex 22.7762 -3.20098 0
    endloop
  endfacet
  facet normal -0.987686 0.156449 0
    outer loop
      vertex 22.7762 -3.20098 1.5
      vertex 22.6506 -3.99391 0
      vertex 22.6506 -3.99391 1.5
    endloop
  endfacet
  facet normal -0.965921 0.258838 0
    outer loop
      vertex 22.109 -6.33966 0
      vertex 22.3168 -5.5642 1.5
      vertex 22.3168 -5.5642 0
    endloop
  endfacet
  facet normal -0.965921 0.258838 0
    outer loop
      vertex 22.3168 -5.5642 1.5
      vertex 22.109 -6.33966 0
      vertex 22.109 -6.33966 1.5
    endloop
  endfacet
  facet normal -0.29235 -0.956311 0
    outer loop
      vertex 6.33966 22.109 0
      vertex 7.10739 21.8743 1.5
      vertex 6.33966 22.109 1.5
    endloop
  endfacet
  facet normal -0.29235 -0.956311 -0
    outer loop
      vertex 7.10739 21.8743 1.5
      vertex 6.33966 22.109 0
      vertex 7.10739 21.8743 0
    endloop
  endfacet
  facet normal 0.707107 -0.707107 0
    outer loop
      vertex -16.5448 15.9771 1.5
      vertex -15.9771 16.5448 0
      vertex -15.9771 16.5448 1.5
    endloop
  endfacet
  facet normal 0.707107 -0.707107 0
    outer loop
      vertex -15.9771 16.5448 0
      vertex -16.5448 15.9771 1.5
      vertex -16.5448 15.9771 0
    endloop
  endfacet
  facet normal -0.987686 -0.156449 0
    outer loop
      vertex 22.7762 3.20098 0
      vertex 22.6506 3.99391 1.5
      vertex 22.6506 3.99391 0
    endloop
  endfacet
  facet normal -0.987686 -0.156449 0
    outer loop
      vertex 22.6506 3.99391 1.5
      vertex 22.7762 3.20098 0
      vertex 22.7762 3.20098 1.5
    endloop
  endfacet
  facet normal 0.682012 0.731341 -0
    outer loop
      vertex -15.39 -17.0923 0
      vertex -15.9771 -16.5448 1.5
      vertex -15.39 -17.0923 1.5
    endloop
  endfacet
  facet normal 0.682012 0.731341 0
    outer loop
      vertex -15.9771 -16.5448 1.5
      vertex -15.39 -17.0923 0
      vertex -15.9771 -16.5448 0
    endloop
  endfacet
  facet normal 0.0523161 0.998631 -0
    outer loop
      vertex -0.802688 -22.986 0
      vertex -1.6044 -22.944 1.5
      vertex -0.802688 -22.986 1.5
    endloop
  endfacet
  facet normal 0.0523161 0.998631 0
    outer loop
      vertex -1.6044 -22.944 1.5
      vertex -0.802688 -22.986 0
      vertex -1.6044 -22.944 0
    endloop
  endfacet
  facet normal -0.0523161 -0.998631 0
    outer loop
      vertex 0.802688 22.986 0
      vertex 1.6044 22.944 1.5
      vertex 0.802688 22.986 1.5
    endloop
  endfacet
  facet normal -0.0523161 -0.998631 -0
    outer loop
      vertex 1.6044 22.944 1.5
      vertex 0.802688 22.986 0
      vertex 1.6044 22.944 0
    endloop
  endfacet
  facet normal 0.974368 -0.22496 0
    outer loop
      vertex -22.4974 4.78197 1.5
      vertex -22.3168 5.5642 0
      vertex -22.3168 5.5642 1.5
    endloop
  endfacet
  facet normal 0.974368 -0.22496 0
    outer loop
      vertex -22.3168 5.5642 0
      vertex -22.4974 4.78197 1.5
      vertex -22.4974 4.78197 0
    endloop
  endfacet
  facet normal 0 0 -1
    outer loop
      vertex 22.986 -0.802688 1.5
      vertex 22.986 0.802688 1.5
      vertex 23 0 1.5
    endloop
  endfacet
  facet normal 0 0 -1
    outer loop
      vertex 22.944 -1.6044 1.5
      vertex 22.986 0.802688 1.5
      vertex 22.986 -0.802688 1.5
    endloop
  endfacet
  facet normal 0 0 -1
    outer loop
      vertex 22.944 -1.6044 1.5
      vertex 22.944 1.6044 1.5
      vertex 22.986 0.802688 1.5
    endloop
  endfacet
  facet normal 0 0 -1
    outer loop
      vertex 22.874 -2.40415 1.5
      vertex 22.944 1.6044 1.5
      vertex 22.944 -1.6044 1.5
    endloop
  endfacet
  facet normal 0 0 -1
    outer loop
      vertex 22.874 -2.40415 1.5
      vertex 22.874 2.40415 1.5
      vertex 22.944 1.6044 1.5
    endloop
  endfacet
  facet normal 0 0 -1
    outer loop
      vertex 22.7762 -3.20098 1.5
      vertex 22.874 2.40415 1.5
      vertex 22.874 -2.40415 1.5
    endloop
  endfacet
  facet normal 0 0 -1
    outer loop
      vertex 22.7762 -3.20098 1.5
      vertex 22.7762 3.20098 1.5
      vertex 22.874 2.40415 1.5
    endloop
  endfacet
  facet normal 0 0 -1
    outer loop
      vertex 22.6506 -3.99391 1.5
      vertex 22.7762 3.20098 1.5
      vertex 22.7762 -3.20098 1.5
    endloop
  endfacet
  facet normal 0 0 -1
    outer loop
      vertex 22.6506 -3.99391 1.5
      vertex 22.6506 3.99391 1.5
      vertex 22.7762 3.20098 1.5
    endloop
  endfacet
  facet normal 0 0 -1
    outer loop
      vertex 22.4974 -4.78197 1.5
      vertex 22.6506 3.99391 1.5
      vertex 22.6506 -3.99391 1.5
    endloop
  endfacet
  facet normal 0 0 -1
    outer loop
      vertex 22.4974 -4.78197 1.5
      vertex 22.4974 4.78197 1.5
      vertex 22.6506 3.99391 1.5
    endloop
  endfacet
  facet normal 0 0 -1
    outer loop
      vertex 22.3168 -5.5642 1.5
      vertex 22.4974 4.78197 1.5
      vertex 22.4974 -4.78197 1.5
    endloop
  endfacet
  facet normal 0 0 -1
    outer loop
      vertex 22.3168 -5.5642 1.5
      vertex 22.3168 5.5642 1.5
      vertex 22.4974 4.78197 1.5
    endloop
  endfacet
  facet normal 0 0 -1
    outer loop
      vertex 22.109 -6.33966 1.5
      vertex 22.3168 5.5642 1.5
      vertex 22.3168 -5.5642 1.5
    endloop
  endfacet
  facet normal 0 0 -1
    outer loop
      vertex 22.109 -6.33966 1.5
      vertex 22.109 6.33966 1.5
      vertex 22.3168 5.5642 1.5
    endloop
  endfacet
  facet normal 0 0 -1
    outer loop
      vertex 21.8743 -7.10739 1.5
      vertex 22.109 6.33966 1.5
      vertex 22.109 -6.33966 1.5
    endloop
  endfacet
  facet normal 0 0 -1
    outer loop
      vertex 21.8743 -7.10739 1.5
      vertex 21.8743 7.10739 1.5
      vertex 22.109 6.33966 1.5
    endloop
  endfacet
  facet normal 0 0 -1
    outer loop
      vertex 21.6129 -7.86646 1.5
      vertex 21.8743 7.10739 1.5
      vertex 21.8743 -7.10739 1.5
    endloop
  endfacet
  facet normal 0 0 -1
    outer loop
      vertex 21.6129 -7.86646 1.5
      vertex 21.6129 7.86646 1.5
      vertex 21.8743 7.10739 1.5
    endloop
  endfacet
  facet normal 0 0 -1
    outer loop
      vertex 21.3252 -8.61595 1.5
      vertex 21.6129 7.86646 1.5
      vertex 21.6129 -7.86646 1.5
    endloop
  endfacet
  facet normal 0 0 -1
    outer loop
      vertex 21.3252 -8.61595 1.5
      vertex 21.3252 8.61595 1.5
      vertex 21.6129 7.86646 1.5
    endloop
  endfacet
  facet normal 0 0 -1
    outer loop
      vertex 21.0115 -9.35494 1.5
      vertex 21.3252 8.61595 1.5
      vertex 21.3252 -8.61595 1.5
    endloop
  endfacet
  facet normal 0 0 -1
    outer loop
      vertex 21.0115 -9.35494 1.5
      vertex 21.0115 9.35494 1.5
      vertex 21.3252 8.61595 1.5
    endloop
  endfacet
  facet normal 0 0 -1
    outer loop
      vertex 20.6723 -10.0825 1.5
      vertex 21.0115 9.35494 1.5
      vertex 21.0115 -9.35494 1.5
    endloop
  endfacet
  facet normal 0 0 -1
    outer loop
      vertex 20.6723 -10.0825 1.5
      vertex 20.6723 10.0825 1.5
      vertex 21.0115 9.35494 1.5
    endloop
  endfacet
  facet normal 0 0 -1
    outer loop
      vertex 20.3078 -10.7978 1.5
      vertex 20.6723 10.0825 1.5
      vertex 20.6723 -10.0825 1.5
    endloop
  endfacet
  facet normal 0 0 -1
    outer loop
      vertex 20.3078 -10.7978 1.5
      vertex 20.3078 10.7978 1.5
      vertex 20.6723 10.0825 1.5
    endloop
  endfacet
  facet normal 0 0 -1
    outer loop
      vertex 19.9186 -11.5 1.5
      vertex 20.3078 10.7978 1.5
      vertex 20.3078 -10.7978 1.5
    endloop
  endfacet
  facet normal 0 0 -1
    outer loop
      vertex 19.9186 -11.5 1.5
      vertex 19.9186 11.5 1.5
      vertex 20.3078 10.7978 1.5
    endloop
  endfacet
  facet normal 0 0 -1
    outer loop
      vertex 19.5051 -12.1881 1.5
      vertex 19.9186 11.5 1.5
      vertex 19.9186 -11.5 1.5
    endloop
  endfacet
  facet normal 0 0 -1
    outer loop
      vertex 19.5051 -12.1881 1.5
      vertex 19.5051 12.1881 1.5
      vertex 19.9186 11.5 1.5
    endloop
  endfacet
  facet normal 0 0 -1
    outer loop
      vertex 19.0679 -12.8614 1.5
      vertex 19.5051 12.1881 1.5
      vertex 19.5051 -12.1881 1.5
    endloop
  endfacet
  facet normal 0 0 -1
    outer loop
      vertex 19.0679 -12.8614 1.5
      vertex 19.0679 12.8614 1.5
      vertex 19.5051 12.1881 1.5
    endloop
  endfacet
  facet normal 0 0 -1
    outer loop
      vertex 18.6074 -13.5191 1.5
      vertex 19.0679 12.8614 1.5
      vertex 19.0679 -12.8614 1.5
    endloop
  endfacet
  facet normal 0 0 -1
    outer loop
      vertex 18.6074 -13.5191 1.5
      vertex 18.6074 13.5191 1.5
      vertex 19.0679 12.8614 1.5
    endloop
  endfacet
  facet normal 0 0 -1
    outer loop
      vertex 18.1242 -14.1602 1.5
      vertex 18.6074 13.5191 1.5
      vertex 18.6074 -13.5191 1.5
    endloop
  endfacet
  facet normal 0 0 -1
    outer loop
      vertex 18.1242 -14.1602 1.5
      vertex 18.1242 14.1602 1.5
      vertex 18.6074 13.5191 1.5
    endloop
  endfacet
  facet normal 0 0 -1
    outer loop
      vertex 17.619 -14.7841 1.5
      vertex 18.1242 14.1602 1.5
      vertex 18.1242 -14.1602 1.5
    endloop
  endfacet
  facet normal 0 0 -1
    outer loop
      vertex 17.619 -14.7841 1.5
      vertex 17.619 14.7841 1.5
      vertex 18.1242 14.1602 1.5
    endloop
  endfacet
  facet normal 0 0 -1
    outer loop
      vertex 17.0923 -15.39 1.5
      vertex 17.619 14.7841 1.5
      vertex 17.619 -14.7841 1.5
    endloop
  endfacet
  facet normal 0 0 -1
    outer loop
      vertex 17.0923 -15.39 1.5
      vertex 17.0923 15.39 1.5
      vertex 17.619 14.7841 1.5
    endloop
  endfacet
  facet normal 0 0 -1
    outer loop
      vertex 16.5448 -15.9771 1.5
      vertex 17.0923 15.39 1.5
      vertex 17.0923 -15.39 1.5
    endloop
  endfacet
  facet normal 0 0 -1
    outer loop
      vertex 16.5448 -15.9771 1.5
      vertex 16.5448 15.9771 1.5
      vertex 17.0923 15.39 1.5
    endloop
  endfacet
  facet normal 0 0 -1
    outer loop
      vertex 15.9771 -16.5448 1.5
      vertex 16.5448 15.9771 1.5
      vertex 16.5448 -15.9771 1.5
    endloop
  endfacet
  facet normal 0 0 -1
    outer loop
      vertex 15.9771 -16.5448 1.5
      vertex 15.9771 16.5448 1.5
      vertex 16.5448 15.9771 1.5
    endloop
  endfacet
  facet normal 0 0 -1
    outer loop
      vertex 15.39 -17.0923 1.5
      vertex 15.9771 16.5448 1.5
      vertex 15.9771 -16.5448 1.5
    endloop
  endfacet
  facet normal 0 0 -1
    outer loop
      vertex 15.39 -17.0923 1.5
      vertex 15.39 17.0923 1.5
      vertex 15.9771 16.5448 1.5
    endloop
  endfacet
  facet normal 0 0 -1
    outer loop
      vertex 14.7841 -17.619 1.5
      vertex 15.39 17.0923 1.5
      vertex 15.39 -17.0923 1.5
    endloop
  endfacet
  facet normal 0 0 -1
    outer loop
      vertex 14.7841 -17.619 1.5
      vertex 14.7841 17.619 1.5
      vertex 15.39 17.0923 1.5
    endloop
  endfacet
  facet normal 0 0 -1
    outer loop
      vertex 14.1602 -18.1242 1.5
      vertex 14.7841 17.619 1.5
      vertex 14.7841 -17.619 1.5
    endloop
  endfacet
  facet normal 0 0 -1
    outer loop
      vertex 14.1602 -18.1242 1.5
      vertex 14.1602 18.1242 1.5
      vertex 14.7841 17.619 1.5
    endloop
  endfacet
  facet normal 0 0 -1
    outer loop
      vertex 13.5191 -18.6074 1.5
      vertex 14.1602 18.1242 1.5
      vertex 14.1602 -18.1242 1.5
    endloop
  endfacet
  facet normal 0 0 -1
    outer loop
      vertex 13.5191 -18.6074 1.5
      vertex 13.5191 18.6074 1.5
      vertex 14.1602 18.1242 1.5
    endloop
  endfacet
  facet normal 0 0 -1
    outer loop
      vertex 12.8614 -19.0679 1.5
      vertex 13.5191 18.6074 1.5
      vertex 13.5191 -18.6074 1.5
    endloop
  endfacet
  facet normal 0 0 -1
    outer loop
      vertex 12.8614 -19.0679 1.5
      vertex 12.8614 19.0679 1.5
      vertex 13.5191 18.6074 1.5
    endloop
  endfacet
  facet normal 0 0 -1
    outer loop
      vertex 12.1881 -19.5051 1.5
      vertex 12.8614 19.0679 1.5
      vertex 12.8614 -19.0679 1.5
    endloop
  endfacet
  facet normal 0 0 -1
    outer loop
      vertex 12.1881 -19.5051 1.5
      vertex 12.1881 19.5051 1.5
      vertex 12.8614 19.0679 1.5
    endloop
  endfacet
  facet normal 0 0 -1
    outer loop
      vertex 11.5 -19.9186 1.5
      vertex 12.1881 19.5051 1.5
      vertex 12.1881 -19.5051 1.5
    endloop
  endfacet
  facet normal 0 0 -1
    outer loop
      vertex 11.5 -19.9186 1.5
      vertex 11.5 19.9186 1.5
      vertex 12.1881 19.5051 1.5
    endloop
  endfacet
  facet normal 0 0 -1
    outer loop
      vertex 10.7978 -20.3078 1.5
      vertex 11.5 19.9186 1.5
      vertex 11.5 -19.9186 1.5
    endloop
  endfacet
  facet normal 0 0 -1
    outer loop
      vertex 10.7978 -20.3078 1.5
      vertex 10.7978 20.3078 1.5
      vertex 11.5 19.9186 1.5
    endloop
  endfacet
  facet normal 0 0 -1
    outer loop
      vertex 10.0825 -20.6723 1.5
      vertex 10.7978 20.3078 1.5
      vertex 10.7978 -20.3078 1.5
    endloop
  endfacet
  facet normal 0 0 -1
    outer loop
      vertex 10.0825 -20.6723 1.5
      vertex 10.0825 20.6723 1.5
      vertex 10.7978 20.3078 1.5
    endloop
  endfacet
  facet normal 0 0 -1
    outer loop
      vertex 9.35494 -21.0115 1.5
      vertex 10.0825 20.6723 1.5
      vertex 10.0825 -20.6723 1.5
    endloop
  endfacet
  facet normal 0 0 -1
    outer loop
      vertex 9.35494 -21.0115 1.5
      vertex 9.35494 21.0115 1.5
      vertex 10.0825 20.6723 1.5
    endloop
  endfacet
  facet normal 0 0 -1
    outer loop
      vertex 8.61595 -21.3252 1.5
      vertex 9.35494 21.0115 1.5
      vertex 9.35494 -21.0115 1.5
    endloop
  endfacet
  facet normal 0 0 -1
    outer loop
      vertex 8.61595 -21.3252 1.5
      vertex 8.61595 21.3252 1.5
      vertex 9.35494 21.0115 1.5
    endloop
  endfacet
  facet normal 0 0 -1
    outer loop
      vertex 7.86646 -21.6129 1.5
      vertex 8.61595 21.3252 1.5
      vertex 8.61595 -21.3252 1.5
    endloop
  endfacet
  facet normal 0 0 -1
    outer loop
      vertex 7.86646 -21.6129 1.5
      vertex 7.86646 21.6129 1.5
      vertex 8.61595 21.3252 1.5
    endloop
  endfacet
  facet normal 0 0 -1
    outer loop
      vertex 7.10739 -21.8743 1.5
      vertex 7.86646 21.6129 1.5
      vertex 7.86646 -21.6129 1.5
    endloop
  endfacet
  facet normal 0 0 -1
    outer loop
      vertex 7.10739 -21.8743 1.5
      vertex 7.10739 21.8743 1.5
      vertex 7.86646 21.6129 1.5
    endloop
  endfacet
  facet normal 0 0 -1
    outer loop
      vertex 6.33966 -22.109 1.5
      vertex 7.10739 21.8743 1.5
      vertex 7.10739 -21.8743 1.5
    endloop
  endfacet
  facet normal 0 0 -1
    outer loop
      vertex 6.33966 -22.109 1.5
      vertex 6.33966 22.109 1.5
      vertex 7.10739 21.8743 1.5
    endloop
  endfacet
  facet normal 0 0 -1
    outer loop
      vertex 5.5642 -22.3168 1.5
      vertex 6.33966 22.109 1.5
      vertex 6.33966 -22.109 1.5
    endloop
  endfacet
  facet normal 0 0 -1
    outer loop
      vertex 5.5642 -22.3168 1.5
      vertex 5.5642 22.3168 1.5
      vertex 6.33966 22.109 1.5
    endloop
  endfacet
  facet normal 0 0 -1
    outer loop
      vertex 4.78197 -22.4974 1.5
      vertex 5.5642 22.3168 1.5
      vertex 5.5642 -22.3168 1.5
    endloop
  endfacet
  facet normal 0 0 -1
    outer loop
      vertex 4.78197 -22.4974 1.5
      vertex 4.78197 22.4974 1.5
      vertex 5.5642 22.3168 1.5
    endloop
  endfacet
  facet normal 0 0 -1
    outer loop
      vertex 3.99391 -22.6506 1.5
      vertex 4.78197 22.4974 1.5
      vertex 4.78197 -22.4974 1.5
    endloop
  endfacet
  facet normal 0 0 -1
    outer loop
      vertex 3.99391 -22.6506 1.5
      vertex 3.99391 22.6506 1.5
      vertex 4.78197 22.4974 1.5
    endloop
  endfacet
  facet normal 0 0 -1
    outer loop
      vertex 3.20098 -22.7762 1.5
      vertex 3.99391 22.6506 1.5
      vertex 3.99391 -22.6506 1.5
    endloop
  endfacet
  facet normal 0 0 -1
    outer loop
      vertex 3.20098 -22.7762 1.5
      vertex 3.20098 22.7762 1.5
      vertex 3.99391 22.6506 1.5
    endloop
  endfacet
  facet normal 0 0 -1
    outer loop
      vertex 2.40415 -22.874 1.5
      vertex 3.20098 22.7762 1.5
      vertex 3.20098 -22.7762 1.5
    endloop
  endfacet
  facet normal 0 0 -1
    outer loop
      vertex 2.40415 -22.874 1.5
      vertex 2.40415 22.874 1.5
      vertex 3.20098 22.7762 1.5
    endloop
  endfacet
  facet normal 0 0 -1
    outer loop
      vertex 1.6044 -22.944 1.5
      vertex 2.40415 22.874 1.5
      vertex 2.40415 -22.874 1.5
    endloop
  endfacet
  facet normal 0 0 -1
    outer loop
      vertex 1.6044 -22.944 1.5
      vertex 1.6044 22.944 1.5
      vertex 2.40415 22.874 1.5
    endloop
  endfacet
  facet normal 0 0 -1
    outer loop
      vertex 0.802688 -22.986 1.5
      vertex 1.6044 22.944 1.5
      vertex 1.6044 -22.944 1.5
    endloop
  endfacet
  facet normal 0 0 -1
    outer loop
      vertex 0.802688 -22.986 1.5
      vertex 0.802688 22.986 1.5
      vertex 1.6044 22.944 1.5
    endloop
  endfacet
  facet normal 0 0 -1
    outer loop
      vertex 0 -23 1.5
      vertex 0.802688 22.986 1.5
      vertex 0.802688 -22.986 1.5
    endloop
  endfacet
  facet normal 0 0 -1
    outer loop
      vertex 0 -23 1.5
      vertex 0 23 1.5
      vertex 0.802688 22.986 1.5
    endloop
  endfacet
  facet normal 0 0 -1
    outer loop
      vertex -0.802688 -22.986 1.5
      vertex 0 23 1.5
      vertex 0 -23 1.5
    endloop
  endfacet
  facet normal 0 0 -1
    outer loop
      vertex -0.802688 -22.986 1.5
      vertex -0.802688 22.986 1.5
      vertex 0 23 1.5
    endloop
  endfacet
  facet normal 0 0 -1
    outer loop
      vertex -1.6044 -22.944 1.5
      vertex -0.802688 22.986 1.5
      vertex -0.802688 -22.986 1.5
    endloop
  endfacet
  facet normal 0 0 -1
    outer loop
      vertex -1.6044 -22.944 1.5
      vertex -1.6044 22.944 1.5
      vertex -0.802688 22.986 1.5
    endloop
  endfacet
  facet normal 0 0 -1
    outer loop
      vertex -2.40415 -22.874 1.5
      vertex -1.6044 22.944 1.5
      vertex -1.6044 -22.944 1.5
    endloop
  endfacet
  facet normal 0 0 -1
    outer loop
      vertex -2.40415 -22.874 1.5
      vertex -2.40415 22.874 1.5
      vertex -1.6044 22.944 1.5
    endloop
  endfacet
  facet normal 0 0 -1
    outer loop
      vertex -3.20098 -22.7762 1.5
      vertex -2.40415 22.874 1.5
      vertex -2.40415 -22.874 1.5
    endloop
  endfacet
  facet normal 0 0 -1
    outer loop
      vertex -3.20098 -22.7762 1.5
      vertex -3.20098 22.7762 1.5
      vertex -2.40415 22.874 1.5
    endloop
  endfacet
  facet normal 0 0 -1
    outer loop
      vertex -3.99391 -22.6506 1.5
      vertex -3.20098 22.7762 1.5
      vertex -3.20098 -22.7762 1.5
    endloop
  endfacet
  facet normal 0 0 -1
    outer loop
      vertex -3.99391 -22.6506 1.5
      vertex -3.99391 22.6506 1.5
      vertex -3.20098 22.7762 1.5
    endloop
  endfacet
  facet normal 0 0 -1
    outer loop
      vertex -4.78197 -22.4974 1.5
      vertex -3.99391 22.6506 1.5
      vertex -3.99391 -22.6506 1.5
    endloop
  endfacet
  facet normal 0 0 -1
    outer loop
      vertex -4.78197 -22.4974 1.5
      vertex -4.78197 22.4974 1.5
      vertex -3.99391 22.6506 1.5
    endloop
  endfacet
  facet normal 0 0 -1
    outer loop
      vertex -5.5642 -22.3168 1.5
      vertex -4.78197 22.4974 1.5
      vertex -4.78197 -22.4974 1.5
    endloop
  endfacet
  facet normal 0 0 -1
    outer loop
      vertex -5.5642 -22.3168 1.5
      vertex -5.5642 22.3168 1.5
      vertex -4.78197 22.4974 1.5
    endloop
  endfacet
  facet normal 0 0 -1
    outer loop
      vertex -6.33966 -22.109 1.5
      vertex -5.5642 22.3168 1.5
      vertex -5.5642 -22.3168 1.5
    endloop
  endfacet
  facet normal 0 0 -1
    outer loop
      vertex -6.33966 -22.109 1.5
      vertex -6.33966 22.109 1.5
      vertex -5.5642 22.3168 1.5
    endloop
  endfacet
  facet normal 0 0 -1
    outer loop
      vertex -7.10739 -21.8743 1.5
      vertex -6.33966 22.109 1.5
      vertex -6.33966 -22.109 1.5
    endloop
  endfacet
  facet normal 0 0 -1
    outer loop
      vertex -7.10739 -21.8743 1.5
      vertex -7.10739 21.8743 1.5
      vertex -6.33966 22.109 1.5
    endloop
  endfacet
  facet normal 0 0 -1
    outer loop
      vertex -7.86646 -21.6129 1.5
      vertex -7.10739 21.8743 1.5
      vertex -7.10739 -21.8743 1.5
    endloop
  endfacet
  facet normal 0 0 -1
    outer loop
      vertex -7.86646 -21.6129 1.5
      vertex -7.86646 21.6129 1.5
      vertex -7.10739 21.8743 1.5
    endloop
  endfacet
  facet normal 0 0 -1
    outer loop
      vertex -8.61595 -21.3252 1.5
      vertex -7.86646 21.6129 1.5
      vertex -7.86646 -21.6129 1.5
    endloop
  endfacet
  facet normal 0 0 -1
    outer loop
      vertex -8.61595 -21.3252 1.5
      vertex -8.61595 21.3252 1.5
      vertex -7.86646 21.6129 1.5
    endloop
  endfacet
  facet normal 0 0 -1
    outer loop
      vertex -9.35494 -21.0115 1.5
      vertex -8.61595 21.3252 1.5
      vertex -8.61595 -21.3252 1.5
    endloop
  endfacet
  facet normal 0 0 -1
    outer loop
      vertex -9.35494 -21.0115 1.5
      vertex -9.35494 21.0115 1.5
      vertex -8.61595 21.3252 1.5
    endloop
  endfacet
  facet normal 0 0 -1
    outer loop
      vertex -10.0825 -20.6723 1.5
      vertex -9.35494 21.0115 1.5
      vertex -9.35494 -21.0115 1.5
    endloop
  endfacet
  facet normal 0 0 -1
    outer loop
      vertex -10.0825 -20.6723 1.5
      vertex -10.0825 20.6723 1.5
      vertex -9.35494 21.0115 1.5
    endloop
  endfacet
  facet normal 0 0 -1
    outer loop
      vertex -10.7978 -20.3078 1.5
      vertex -10.0825 20.6723 1.5
      vertex -10.0825 -20.6723 1.5
    endloop
  endfacet
  facet normal 0 0 -1
    outer loop
      vertex -10.7978 -20.3078 1.5
      vertex -10.7978 20.3078 1.5
      vertex -10.0825 20.6723 1.5
    endloop
  endfacet
  facet normal 0 0 -1
    outer loop
      vertex -11.5 -19.9186 1.5
      vertex -10.7978 20.3078 1.5
      vertex -10.7978 -20.3078 1.5
    endloop
  endfacet
  facet normal 0 0 -1
    outer loop
      vertex -11.5 -19.9186 1.5
      vertex -11.5 19.9186 1.5
      vertex -10.7978 20.3078 1.5
    endloop
  endfacet
  facet normal 0 0 -1
    outer loop
      vertex -12.1881 -19.5051 1.5
      vertex -11.5 19.9186 1.5
      vertex -11.5 -19.9186 1.5
    endloop
  endfacet
  facet normal 0 0 -1
    outer loop
      vertex -12.1881 -19.5051 1.5
      vertex -12.1881 19.5051 1.5
      vertex -11.5 19.9186 1.5
    endloop
  endfacet
  facet normal 0 0 -1
    outer loop
      vertex -12.8614 -19.0679 1.5
      vertex -12.1881 19.5051 1.5
      vertex -12.1881 -19.5051 1.5
    endloop
  endfacet
  facet normal 0 0 -1
    outer loop
      vertex -12.8614 -19.0679 1.5
      vertex -12.8614 19.0679 1.5
      vertex -12.1881 19.5051 1.5
    endloop
  endfacet
  facet normal 0 0 -1
    outer loop
      vertex -13.5191 -18.6074 1.5
      vertex -12.8614 19.0679 1.5
      vertex -12.8614 -19.0679 1.5
    endloop
  endfacet
  facet normal 0 0 -1
    outer loop
      vertex -13.5191 -18.6074 1.5
      vertex -13.5191 18.6074 1.5
      vertex -12.8614 19.0679 1.5
    endloop
  endfacet
  facet normal 0 0 -1
    outer loop
      vertex -14.1602 -18.1242 1.5
      vertex -13.5191 18.6074 1.5
      vertex -13.5191 -18.6074 1.5
    endloop
  endfacet
  facet normal 0 0 -1
    outer loop
      vertex -14.1602 -18.1242 1.5
      vertex -14.1602 18.1242 1.5
      vertex -13.5191 18.6074 1.5
    endloop
  endfacet
  facet normal 0 0 -1
    outer loop
      vertex -14.7841 -17.619 1.5
      vertex -14.1602 18.1242 1.5
      vertex -14.1602 -18.1242 1.5
    endloop
  endfacet
  facet normal 0 0 -1
    outer loop
      vertex -14.7841 -17.619 1.5
      vertex -14.7841 17.619 1.5
      vertex -14.1602 18.1242 1.5
    endloop
  endfacet
  facet normal 0 0 -1
    outer loop
      vertex -15.39 -17.0923 1.5
      vertex -14.7841 17.619 1.5
      vertex -14.7841 -17.619 1.5
    endloop
  endfacet
  facet normal 0 0 -1
    outer loop
      vertex -15.39 -17.0923 1.5
      vertex -15.39 17.0923 1.5
      vertex -14.7841 17.619 1.5
    endloop
  endfacet
  facet normal 0 0 -1
    outer loop
      vertex -15.9771 -16.5448 1.5
      vertex -15.39 17.0923 1.5
      vertex -15.39 -17.0923 1.5
    endloop
  endfacet
  facet normal 0 0 -1
    outer loop
      vertex -15.9771 -16.5448 1.5
      vertex -15.9771 16.5448 1.5
      vertex -15.39 17.0923 1.5
    endloop
  endfacet
  facet normal 0 0 -1
    outer loop
      vertex -16.5448 -15.9771 1.5
      vertex -15.9771 16.5448 1.5
      vertex -15.9771 -16.5448 1.5
    endloop
  endfacet
  facet normal 0 0 -1
    outer loop
      vertex -16.5448 -15.9771 1.5
      vertex -16.5448 15.9771 1.5
      vertex -15.9771 16.5448 1.5
    endloop
  endfacet
  facet normal 0 0 -1
    outer loop
      vertex -17.0923 -15.39 1.5
      vertex -16.5448 15.9771 1.5
      vertex -16.5448 -15.9771 1.5
    endloop
  endfacet
  facet normal 0 0 -1
    outer loop
      vertex -17.0923 -15.39 1.5
      vertex -17.0923 15.39 1.5
      vertex -16.5448 15.9771 1.5
    endloop
  endfacet
  facet normal 0 0 -1
    outer loop
      vertex -17.619 -14.7841 1.5
      vertex -17.0923 15.39 1.5
      vertex -17.0923 -15.39 1.5
    endloop
  endfacet
  facet normal 0 0 -1
    outer loop
      vertex -17.619 -14.7841 1.5
      vertex -17.619 14.7841 1.5
      vertex -17.0923 15.39 1.5
    endloop
  endfacet
  facet normal 0 0 -1
    outer loop
      vertex -18.1242 -14.1602 1.5
      vertex -17.619 14.7841 1.5
      vertex -17.619 -14.7841 1.5
    endloop
  endfacet
  facet normal 0 0 -1
    outer loop
      vertex -18.1242 -14.1602 1.5
      vertex -18.1242 14.1602 1.5
      vertex -17.619 14.7841 1.5
    endloop
  endfacet
  facet normal 0 0 -1
    outer loop
      vertex -18.6074 -13.5191 1.5
      vertex -18.1242 14.1602 1.5
      vertex -18.1242 -14.1602 1.5
    endloop
  endfacet
  facet normal 0 0 -1
    outer loop
      vertex -18.6074 -13.5191 1.5
      vertex -18.6074 13.5191 1.5
      vertex -18.1242 14.1602 1.5
    endloop
  endfacet
  facet normal 0 0 -1
    outer loop
      vertex -19.0679 -12.8614 1.5
      vertex -18.6074 13.5191 1.5
      vertex -18.6074 -13.5191 1.5
    endloop
  endfacet
  facet normal 0 0 -1
    outer loop
      vertex -19.0679 -12.8614 1.5
      vertex -19.0679 12.8614 1.5
      vertex -18.6074 13.5191 1.5
    endloop
  endfacet
  facet normal 0 0 -1
    outer loop
      vertex -19.5051 -12.1881 1.5
      vertex -19.0679 12.8614 1.5
      vertex -19.0679 -12.8614 1.5
    endloop
  endfacet
  facet normal 0 0 -1
    outer loop
      vertex -19.5051 -12.1881 1.5
      vertex -19.5051 12.1881 1.5
      vertex -19.0679 12.8614 1.5
    endloop
  endfacet
  facet normal 0 0 -1
    outer loop
      vertex -19.9186 -11.5 1.5
      vertex -19.5051 12.1881 1.5
      vertex -19.5051 -12.1881 1.5
    endloop
  endfacet
  facet normal 0 0 -1
    outer loop
      vertex -19.9186 -11.5 1.5
      vertex -19.9186 11.5 1.5
      vertex -19.5051 12.1881 1.5
    endloop
  endfacet
  facet normal 0 0 -1
    outer loop
      vertex -20.3078 -10.7978 1.5
      vertex -19.9186 11.5 1.5
      vertex -19.9186 -11.5 1.5
    endloop
  endfacet
  facet normal 0 0 -1
    outer loop
      vertex -20.3078 -10.7978 1.5
      vertex -20.3078 10.7978 1.5
      vertex -19.9186 11.5 1.5
    endloop
  endfacet
  facet normal 0 0 -1
    outer loop
      vertex -20.6723 -10.0825 1.5
      vertex -20.3078 10.7978 1.5
      vertex -20.3078 -10.7978 1.5
    endloop
  endfacet
  facet normal 0 0 -1
    outer loop
      vertex -20.6723 -10.0825 1.5
      vertex -20.6723 10.0825 1.5
      vertex -20.3078 10.7978 1.5
    endloop
  endfacet
  facet normal 0 0 -1
    outer loop
      vertex -21.0115 -9.35494 1.5
      vertex -20.6723 10.0825 1.5
      vertex -20.6723 -10.0825 1.5
    endloop
  endfacet
  facet normal 0 0 -1
    outer loop
      vertex -21.0115 -9.35494 1.5
      vertex -21.0115 9.35494 1.5
      vertex -20.6723 10.0825 1.5
    endloop
  endfacet
  facet normal 0 0 -1
    outer loop
      vertex -21.3252 -8.61595 1.5
      vertex -21.0115 9.35494 1.5
      vertex -21.0115 -9.35494 1.5
    endloop
  endfacet
  facet normal 0 0 -1
    outer loop
      vertex -21.3252 -8.61595 1.5
      vertex -21.3252 8.61595 1.5
      vertex -21.0115 9.35494 1.5
    endloop
  endfacet
  facet normal 0 0 -1
    outer loop
      vertex -21.6129 -7.86646 1.5
      vertex -21.3252 8.61595 1.5
      vertex -21.3252 -8.61595 1.5
    endloop
  endfacet
  facet normal 0 0 -1
    outer loop
      vertex -21.6129 -7.86646 1.5
      vertex -21.6129 7.86646 1.5
      vertex -21.3252 8.61595 1.5
    endloop
  endfacet
  facet normal 0 0 -1
    outer loop
      vertex -21.8743 -7.10739 1.5
      vertex -21.6129 7.86646 1.5
      vertex -21.6129 -7.86646 1.5
    endloop
  endfacet
  facet normal 0 0 -1
    outer loop
      vertex -21.8743 -7.10739 1.5
      vertex -21.8743 7.10739 1.5
      vertex -21.6129 7.86646 1.5
    endloop
  endfacet
  facet normal 0 0 -1
    outer loop
      vertex -22.109 -6.33966 1.5
      vertex -21.8743 7.10739 1.5
      vertex -21.8743 -7.10739 1.5
    endloop
  endfacet
  facet normal 0 0 -1
    outer loop
      vertex -22.109 -6.33966 1.5
      vertex -22.109 6.33966 1.5
      vertex -21.8743 7.10739 1.5
    endloop
  endfacet
  facet normal 0 0 -1
    outer loop
      vertex -22.3168 -5.5642 1.5
      vertex -22.109 6.33966 1.5
      vertex -22.109 -6.33966 1.5
    endloop
  endfacet
  facet normal 0 0 -1
    outer loop
      vertex -22.3168 -5.5642 1.5
      vertex -22.3168 5.5642 1.5
      vertex -22.109 6.33966 1.5
    endloop
  endfacet
  facet normal 0 0 -1
    outer loop
      vertex -22.4974 -4.78197 1.5
      vertex -22.3168 5.5642 1.5
      vertex -22.3168 -5.5642 1.5
    endloop
  endfacet
  facet normal 0 0 -1
    outer loop
      vertex -22.4974 -4.78197 1.5
      vertex -22.4974 4.78197 1.5
      vertex -22.3168 5.5642 1.5
    endloop
  endfacet
  facet normal 0 0 -1
    outer loop
      vertex -22.6506 -3.99391 1.5
      vertex -22.4974 4.78197 1.5
      vertex -22.4974 -4.78197 1.5
    endloop
  endfacet
  facet normal 0 0 -1
    outer loop
      vertex -22.6506 -3.99391 1.5
      vertex -22.6506 3.99391 1.5
      vertex -22.4974 4.78197 1.5
    endloop
  endfacet
  facet normal 0 0 -1
    outer loop
      vertex -22.7762 -3.20098 1.5
      vertex -22.6506 3.99391 1.5
      vertex -22.6506 -3.99391 1.5
    endloop
  endfacet
  facet normal 0 0 -1
    outer loop
      vertex -22.7762 -3.20098 1.5
      vertex -22.7762 3.20098 1.5
      vertex -22.6506 3.99391 1.5
    endloop
  endfacet
  facet normal 0 0 -1
    outer loop
      vertex -22.874 -2.40415 1.5
      vertex -22.7762 3.20098 1.5
      vertex -22.7762 -3.20098 1.5
    endloop
  endfacet
  facet normal 0 0 -1
    outer loop
      vertex -22.874 -2.40415 1.5
      vertex -22.874 2.40415 1.5
      vertex -22.7762 3.20098 1.5
    endloop
  endfacet
  facet normal 0 0 -1
    outer loop
      vertex -22.944 -1.6044 1.5
      vertex -22.874 2.40415 1.5
      vertex -22.874 -2.40415 1.5
    endloop
  endfacet
  facet normal 0 0 -1
    outer loop
      vertex -22.944 -1.6044 1.5
      vertex -22.944 1.6044 1.5
      vertex -22.874 2.40415 1.5
    endloop
  endfacet
  facet normal 0 0 -1
    outer loop
      vertex -22.986 -0.802688 1.5
      vertex -22.944 1.6044 1.5
      vertex -22.944 -1.6044 1.5
    endloop
  endfacet
  facet normal 0 0 -1
    outer loop
      vertex -22.986 -0.802688 1.5
      vertex -22.986 0.802688 1.5
      vertex -22.944 1.6044 1.5
    endloop
  endfacet
  facet normal 0 -0 -1
    outer loop
      vertex -22.986 0.802688 1.5
      vertex -22.986 -0.802688 1.5
      vertex -23 0 1.5
    endloop
  endfacet
  facet normal -0.890988 0.454027 0
    outer loop
      vertex 20.3078 -10.7978 0
      vertex 20.6723 -10.0825 1.5
      vertex 20.6723 -10.0825 0
    endloop
  endfacet
  facet normal -0.890988 0.454027 0
    outer loop
      vertex 20.6723 -10.0825 1.5
      vertex 20.3078 -10.7978 0
      vertex 20.3078 -10.7978 1.5
    endloop
  endfacet
  facet normal 0.573554 0.819168 -0
    outer loop
      vertex -12.8614 -19.0679 0
      vertex -13.5191 -18.6074 1.5
      vertex -12.8614 -19.0679 1.5
    endloop
  endfacet
  facet normal 0.573554 0.819168 0
    outer loop
      vertex -13.5191 -18.6074 1.5
      vertex -12.8614 -19.0679 0
      vertex -13.5191 -18.6074 0
    endloop
  endfacet
  facet normal 0.42255 0.90634 -0
    outer loop
      vertex -9.35494 -21.0115 0
      vertex -10.0825 -20.6723 1.5
      vertex -9.35494 -21.0115 1.5
    endloop
  endfacet
  facet normal 0.42255 0.90634 0
    outer loop
      vertex -10.0825 -20.6723 1.5
      vertex -9.35494 -21.0115 0
      vertex -10.0825 -20.6723 0
    endloop
  endfacet
  facet normal 0.190829 0.981623 -0
    outer loop
      vertex -3.99391 -22.6506 0
      vertex -4.78197 -22.4974 1.5
      vertex -3.99391 -22.6506 1.5
    endloop
  endfacet
  facet normal 0.190829 0.981623 0
    outer loop
      vertex -4.78197 -22.4974 1.5
      vertex -3.99391 -22.6506 0
      vertex -4.78197 -22.4974 0
    endloop
  endfacet
  facet normal -0.798578 -0.601892 0
    outer loop
      vertex 18.6074 13.5191 0
      vertex 18.1242 14.1602 1.5
      vertex 18.1242 14.1602 0
    endloop
  endfacet
  facet normal -0.798578 -0.601892 0
    outer loop
      vertex 18.1242 14.1602 1.5
      vertex 18.6074 13.5191 0
      vertex 18.6074 13.5191 1.5
    endloop
  endfacet
  facet normal 0.996191 -0.087194 0
    outer loop
      vertex -22.944 1.6044 1.5
      vertex -22.874 2.40415 0
      vertex -22.874 2.40415 1.5
    endloop
  endfacet
  facet normal 0.996191 -0.087194 0
    outer loop
      vertex -22.874 2.40415 0
      vertex -22.944 1.6044 1.5
      vertex -22.944 1.6044 0
    endloop
  endfacet
  facet normal 0.454027 -0.890988 0
    outer loop
      vertex -10.7978 20.3078 0
      vertex -10.0825 20.6723 1.5
      vertex -10.7978 20.3078 1.5
    endloop
  endfacet
  facet normal 0.454027 -0.890988 0
    outer loop
      vertex -10.0825 20.6723 1.5
      vertex -10.7978 20.3078 0
      vertex -10.0825 20.6723 0
    endloop
  endfacet
  facet normal -0.819168 0.573554 0
    outer loop
      vertex 18.6074 -13.5191 0
      vertex 19.0679 -12.8614 1.5
      vertex 19.0679 -12.8614 0
    endloop
  endfacet
  facet normal -0.819168 0.573554 0
    outer loop
      vertex 19.0679 -12.8614 1.5
      vertex 18.6074 -13.5191 0
      vertex 18.6074 -13.5191 1.5
    endloop
  endfacet
  facet normal 0.945507 -0.325603 0
    outer loop
      vertex -21.8743 7.10739 1.5
      vertex -21.6129 7.86646 0
      vertex -21.6129 7.86646 1.5
    endloop
  endfacet
  facet normal 0.945507 -0.325603 0
    outer loop
      vertex -21.6129 7.86646 0
      vertex -21.8743 7.10739 1.5
      vertex -21.8743 7.10739 0
    endloop
  endfacet
  facet normal 0.601892 0.798578 -0
    outer loop
      vertex -13.5191 -18.6074 0
      vertex -14.1602 -18.1242 1.5
      vertex -13.5191 -18.6074 1.5
    endloop
  endfacet
  facet normal 0.601892 0.798578 0
    outer loop
      vertex -14.1602 -18.1242 1.5
      vertex -13.5191 -18.6074 0
      vertex -14.1602 -18.1242 0
    endloop
  endfacet
  facet normal -1 0 0
    outer loop
      vertex 3.4 -37.8419 113.5
      vertex 3.4 -35.99 119.5
      vertex 3.4 -35.99 113.5
    endloop
  endfacet
  facet normal -1 -0 0
    outer loop
      vertex 3.4 -35.99 119.5
      vertex 3.4 -37.8419 113.5
      vertex 3.4 -37.8419 119.5
    endloop
  endfacet
  facet normal 0 0 1
    outer loop
      vertex 3.4 -35.99 113.5
      vertex 2.65075 -37.9074 113.5
      vertex 3.4 -37.8419 113.5
    endloop
  endfacet
  facet normal -0 0 1
    outer loop
      vertex 0.5729 -35.99 113.5
      vertex 2.65075 -37.9074 113.5
      vertex 3.4 -35.99 113.5
    endloop
  endfacet
  facet normal 0 0 1
    outer loop
      vertex 2.65075 -37.9074 113.5
      vertex 0.5729 -35.99 113.5
      vertex 1.32618 -37.9769 113.5
    endloop
  endfacet
  facet normal 0 0 1
    outer loop
      vertex 0 -38 113.5
      vertex 0.5729 -35.99 113.5
      vertex 0 -36 113.5
    endloop
  endfacet
  facet normal 0 0 1
    outer loop
      vertex 0.5729 -35.99 113.5
      vertex 0 -38 113.5
      vertex 1.32618 -37.9769 113.5
    endloop
  endfacet
  facet normal 0 0 1
    outer loop
      vertex -0.5729 -35.99 113.5
      vertex 0 -38 113.5
      vertex 0 -36 113.5
    endloop
  endfacet
  facet normal 0 0 1
    outer loop
      vertex -0.5729 -35.99 113.5
      vertex -1.32618 -37.9769 113.5
      vertex 0 -38 113.5
    endloop
  endfacet
  facet normal 0 0 1
    outer loop
      vertex -0.5729 -35.99 113.5
      vertex -2.65075 -37.9074 113.5
      vertex -1.32618 -37.9769 113.5
    endloop
  endfacet
  facet normal -0 0 1
    outer loop
      vertex -3.4 -35.99 113.5
      vertex -2.65075 -37.9074 113.5
      vertex -0.5729 -35.99 113.5
    endloop
  endfacet
  facet normal 0 0 1
    outer loop
      vertex -2.65075 -37.9074 113.5
      vertex -3.4 -35.99 113.5
      vertex -3.4 -37.8419 113.5
    endloop
  endfacet
  facet normal 1 -0 0
    outer loop
      vertex -3.4 -37.8419 119.5
      vertex -3.4 -35.99 113.5
      vertex -3.4 -35.99 119.5
    endloop
  endfacet
  facet normal 1 0 0
    outer loop
      vertex -3.4 -35.99 113.5
      vertex -3.4 -37.8419 119.5
      vertex -3.4 -37.8419 113.5
    endloop
  endfacet
  facet normal 0 -1 0
    outer loop
      vertex 0.5729 -35.99 113.5
      vertex 3.4 -35.99 119.5
      vertex 0.5729 -35.99 119.5
    endloop
  endfacet
  facet normal 0 -1 -0
    outer loop
      vertex 3.4 -35.99 119.5
      vertex 0.5729 -35.99 113.5
      vertex 3.4 -35.99 113.5
    endloop
  endfacet
  facet normal 0 -1 0
    outer loop
      vertex -3.4 -35.99 113.5
      vertex -0.5729 -35.99 119.5
      vertex -3.4 -35.99 119.5
    endloop
  endfacet
  facet normal 0 -1 -0
    outer loop
      vertex -0.5729 -35.99 119.5
      vertex -3.4 -35.99 113.5
      vertex -0.5729 -35.99 113.5
    endloop
  endfacet
endsolid OpenSCAD_Model
