solid OpenSCAD_Model
  facet normal 0.998636 0.0522055 0
    outer loop
      vertex 17.989 0.62819 2
      vertex 17.9562 1.25562 0
      vertex 17.9562 1.25562 2
    endloop
  endfacet
  facet normal 0.998636 0.0522055 0
    outer loop
      vertex 17.9562 1.25562 0
      vertex 17.989 0.62819 2
      vertex 17.989 0.62819 0
    endloop
  endfacet
  facet normal 0.999847 0.0175079 0
    outer loop
      vertex 18 0 2
      vertex 17.989 0.62819 0
      vertex 17.989 0.62819 2
    endloop
  endfacet
  facet normal 0.999847 0.0175079 0
    outer loop
      vertex 17.989 0.62819 0
      vertex 18 0 2
      vertex 18 0 0
    endloop
  endfacet
  facet normal 0.996189 0.0872216 0
    outer loop
      vertex 17.9562 1.25562 2
      vertex 17.9014 1.88151 0
      vertex 17.9014 1.88151 2
    endloop
  endfacet
  facet normal 0.996189 0.0872216 0
    outer loop
      vertex 17.9014 1.88151 0
      vertex 17.9562 1.25562 2
      vertex 17.9562 1.25562 0
    endloop
  endfacet
  facet normal 0.390744 -0.9205 0
    outer loop
      vertex 6.74292 -16.6893 0
      vertex 7.32126 -16.4438 2
      vertex 6.74292 -16.6893 2
    endloop
  endfacet
  facet normal 0.390744 -0.9205 0
    outer loop
      vertex 7.32126 -16.4438 2
      vertex 6.74292 -16.6893 0
      vertex 7.32126 -16.4438 0
    endloop
  endfacet
  facet normal -0.3255 0.945542 0
    outer loop
      vertex -5.56231 17.119 0
      vertex -6.15636 16.9145 2
      vertex -5.56231 17.119 2
    endloop
  endfacet
  facet normal -0.3255 0.945542 0
    outer loop
      vertex -6.15636 16.9145 2
      vertex -5.56231 17.119 0
      vertex -6.15636 16.9145 0
    endloop
  endfacet
  facet normal -0.515046 0.857163 0
    outer loop
      vertex -9 15.5885 0
      vertex -9.53855 15.2649 2
      vertex -9 15.5885 2
    endloop
  endfacet
  facet normal -0.515046 0.857163 0
    outer loop
      vertex -9.53855 15.2649 2
      vertex -9 15.5885 0
      vertex -9.53855 15.2649 0
    endloop
  endfacet
  facet normal -0.573655 0.819097 0
    outer loop
      vertex -10.0655 14.9227 0
      vertex -10.5801 14.5623 2
      vertex -10.0655 14.9227 2
    endloop
  endfacet
  facet normal -0.573655 0.819097 0
    outer loop
      vertex -10.5801 14.5623 2
      vertex -10.0655 14.9227 0
      vertex -10.5801 14.5623 0
    endloop
  endfacet
  facet normal 0.99254 0.121917 0
    outer loop
      vertex 17.9014 1.88151 2
      vertex 17.8248 2.50512 0
      vertex 17.8248 2.50512 2
    endloop
  endfacet
  facet normal 0.99254 0.121917 0
    outer loop
      vertex 17.8248 2.50512 0
      vertex 17.9014 1.88151 2
      vertex 17.9014 1.88151 0
    endloop
  endfacet
  facet normal -0.838674 -0.544633 0
    outer loop
      vertex -14.9227 -10.0655 0
      vertex -15.2649 -9.53855 2
      vertex -15.2649 -9.53855 0
    endloop
  endfacet
  facet normal -0.838674 -0.544633 0
    outer loop
      vertex -15.2649 -9.53855 2
      vertex -14.9227 -10.0655 0
      vertex -14.9227 -10.0655 2
    endloop
  endfacet
  facet normal -0.77716 0.629304 0
    outer loop
      vertex -14.1842 11.0819 0
      vertex -13.7888 11.5702 2
      vertex -13.7888 11.5702 0
    endloop
  endfacet
  facet normal -0.77716 0.629304 0
    outer loop
      vertex -13.7888 11.5702 2
      vertex -14.1842 11.0819 0
      vertex -14.1842 11.0819 2
    endloop
  endfacet
  facet normal 0.190683 -0.981652 0
    outer loop
      vertex 3.12567 -17.7265 0
      vertex 3.74241 -17.6067 2
      vertex 3.12567 -17.7265 2
    endloop
  endfacet
  facet normal 0.190683 -0.981652 0
    outer loop
      vertex 3.74241 -17.6067 2
      vertex 3.12567 -17.7265 0
      vertex 3.74241 -17.6067 0
    endloop
  endfacet
  facet normal -0.891031 0.453943 0
    outer loop
      vertex -16.1783 7.89068 0
      vertex -15.8931 8.45049 2
      vertex -15.8931 8.45049 0
    endloop
  endfacet
  facet normal -0.891031 0.453943 0
    outer loop
      vertex -15.8931 8.45049 2
      vertex -16.1783 7.89068 0
      vertex -16.1783 7.89068 2
    endloop
  endfacet
  facet normal -0.390744 -0.9205 0
    outer loop
      vertex -7.32126 -16.4438 0
      vertex -6.74292 -16.6893 2
      vertex -7.32126 -16.4438 2
    endloop
  endfacet
  facet normal -0.390744 -0.9205 -0
    outer loop
      vertex -6.74292 -16.6893 2
      vertex -7.32126 -16.4438 0
      vertex -6.74292 -16.6893 0
    endloop
  endfacet
  facet normal 0.891031 -0.453943 0
    outer loop
      vertex 15.8931 -8.45049 2
      vertex 16.1783 -7.89068 0
      vertex 16.1783 -7.89068 2
    endloop
  endfacet
  facet normal 0.891031 -0.453943 0
    outer loop
      vertex 16.1783 -7.89068 0
      vertex 15.8931 -8.45049 2
      vertex 15.8931 -8.45049 0
    endloop
  endfacet
  facet normal 0.9205 -0.390744 0
    outer loop
      vertex 16.4438 -7.32126 2
      vertex 16.6893 -6.74292 0
      vertex 16.6893 -6.74292 2
    endloop
  endfacet
  facet normal 0.9205 -0.390744 0
    outer loop
      vertex 16.6893 -6.74292 0
      vertex 16.4438 -7.32126 2
      vertex 16.4438 -7.32126 0
    endloop
  endfacet
  facet normal 0.0872216 0.996189 -0
    outer loop
      vertex 1.88151 17.9014 0
      vertex 1.25562 17.9562 2
      vertex 1.88151 17.9014 2
    endloop
  endfacet
  facet normal 0.0872216 0.996189 0
    outer loop
      vertex 1.25562 17.9562 2
      vertex 1.88151 17.9014 0
      vertex 1.25562 17.9562 0
    endloop
  endfacet
  facet normal -0.0522055 -0.998636 0
    outer loop
      vertex -1.25562 -17.9562 0
      vertex -0.62819 -17.989 2
      vertex -1.25562 -17.9562 2
    endloop
  endfacet
  facet normal -0.0522055 -0.998636 -0
    outer loop
      vertex -0.62819 -17.989 2
      vertex -1.25562 -17.9562 0
      vertex -0.62819 -17.989 0
    endloop
  endfacet
  facet normal -0.121917 0.99254 0
    outer loop
      vertex -1.88151 17.9014 0
      vertex -2.50512 17.8248 2
      vertex -1.88151 17.9014 2
    endloop
  endfacet
  facet normal -0.121917 0.99254 0
    outer loop
      vertex -2.50512 17.8248 2
      vertex -1.88151 17.9014 0
      vertex -2.50512 17.8248 0
    endloop
  endfacet
  facet normal 0.974347 0.225052 0
    outer loop
      vertex 17.6067 3.74241 2
      vertex 17.4653 4.35459 0
      vertex 17.4653 4.35459 2
    endloop
  endfacet
  facet normal 0.974347 0.225052 0
    outer loop
      vertex 17.4653 4.35459 0
      vertex 17.6067 3.74241 2
      vertex 17.6067 3.74241 0
    endloop
  endfacet
  facet normal -0.190683 -0.981652 0
    outer loop
      vertex -3.74241 -17.6067 0
      vertex -3.12567 -17.7265 2
      vertex -3.74241 -17.6067 2
    endloop
  endfacet
  facet normal -0.190683 -0.981652 -0
    outer loop
      vertex -3.12567 -17.7265 2
      vertex -3.74241 -17.6067 0
      vertex -3.12567 -17.7265 0
    endloop
  endfacet
  facet normal 0.0175079 0.999847 -0
    outer loop
      vertex 0.62819 17.989 0
      vertex 0 18 2
      vertex 0.62819 17.989 2
    endloop
  endfacet
  facet normal 0.0175079 0.999847 0
    outer loop
      vertex 0 18 2
      vertex 0.62819 17.989 0
      vertex 0 18 0
    endloop
  endfacet
  facet normal 0.974347 -0.225052 0
    outer loop
      vertex 17.4653 -4.35459 2
      vertex 17.6067 -3.74241 0
      vertex 17.6067 -3.74241 2
    endloop
  endfacet
  facet normal 0.974347 -0.225052 0
    outer loop
      vertex 17.6067 -3.74241 0
      vertex 17.4653 -4.35459 2
      vertex 17.4653 -4.35459 0
    endloop
  endfacet
  facet normal -0.156457 -0.987685 0
    outer loop
      vertex -3.12567 -17.7265 0
      vertex -2.50512 -17.8248 2
      vertex -3.12567 -17.7265 2
    endloop
  endfacet
  facet normal -0.156457 -0.987685 -0
    outer loop
      vertex -2.50512 -17.8248 2
      vertex -3.12567 -17.7265 0
      vertex -2.50512 -17.8248 0
    endloop
  endfacet
  facet normal -0.453943 0.891031 0
    outer loop
      vertex -7.89068 16.1783 0
      vertex -8.45049 15.8931 2
      vertex -7.89068 16.1783 2
    endloop
  endfacet
  facet normal -0.453943 0.891031 0
    outer loop
      vertex -8.45049 15.8931 2
      vertex -7.89068 16.1783 0
      vertex -8.45049 15.8931 0
    endloop
  endfacet
  facet normal -0.292379 0.956303 0
    outer loop
      vertex -4.96147 17.3027 0
      vertex -5.56231 17.119 2
      vertex -4.96147 17.3027 2
    endloop
  endfacet
  facet normal -0.292379 0.956303 0
    outer loop
      vertex -5.56231 17.119 2
      vertex -4.96147 17.3027 0
      vertex -5.56231 17.119 0
    endloop
  endfacet
  facet normal 0.484812 0.874619 -0
    outer loop
      vertex 9 15.5885 0
      vertex 8.45049 15.8931 2
      vertex 9 15.5885 2
    endloop
  endfacet
  facet normal 0.484812 0.874619 0
    outer loop
      vertex 8.45049 15.8931 2
      vertex 9 15.5885 0
      vertex 8.45049 15.8931 0
    endloop
  endfacet
  facet normal 0.0175079 -0.999847 0
    outer loop
      vertex 0 -18 0
      vertex 0.62819 -17.989 2
      vertex 0 -18 2
    endloop
  endfacet
  facet normal 0.0175079 -0.999847 0
    outer loop
      vertex 0.62819 -17.989 2
      vertex 0 -18 0
      vertex 0.62819 -17.989 0
    endloop
  endfacet
  facet normal 0.996189 -0.0872216 0
    outer loop
      vertex 17.9014 -1.88151 2
      vertex 17.9562 -1.25562 0
      vertex 17.9562 -1.25562 2
    endloop
  endfacet
  facet normal 0.996189 -0.0872216 0
    outer loop
      vertex 17.9562 -1.25562 0
      vertex 17.9014 -1.88151 2
      vertex 17.9014 -1.88151 0
    endloop
  endfacet
  facet normal -0.981652 -0.190683 0
    outer loop
      vertex -17.6067 -3.74241 0
      vertex -17.7265 -3.12567 2
      vertex -17.7265 -3.12567 0
    endloop
  endfacet
  facet normal -0.981652 -0.190683 0
    outer loop
      vertex -17.7265 -3.12567 2
      vertex -17.6067 -3.74241 0
      vertex -17.6067 -3.74241 2
    endloop
  endfacet
  facet normal -0.798661 0.601781 0
    outer loop
      vertex -14.5623 10.5801 0
      vertex -14.1842 11.0819 2
      vertex -14.1842 11.0819 0
    endloop
  endfacet
  facet normal -0.798661 0.601781 0
    outer loop
      vertex -14.1842 11.0819 2
      vertex -14.5623 10.5801 0
      vertex -14.5623 10.5801 2
    endloop
  endfacet
  facet normal 0.573655 0.819097 -0
    outer loop
      vertex 10.5801 14.5623 0
      vertex 10.0655 14.9227 2
      vertex 10.5801 14.5623 2
    endloop
  endfacet
  facet normal 0.573655 0.819097 0
    outer loop
      vertex 10.0655 14.9227 2
      vertex 10.5801 14.5623 0
      vertex 10.0655 14.9227 0
    endloop
  endfacet
  facet normal -0.754722 0.656045 0
    outer loop
      vertex -13.7888 11.5702 0
      vertex -13.3766 12.0444 2
      vertex -13.3766 12.0444 0
    endloop
  endfacet
  facet normal -0.754722 0.656045 0
    outer loop
      vertex -13.3766 12.0444 2
      vertex -13.7888 11.5702 0
      vertex -13.7888 11.5702 2
    endloop
  endfacet
  facet normal 0.933559 -0.358424 0
    outer loop
      vertex 16.6893 -6.74292 2
      vertex 16.9145 -6.15636 0
      vertex 16.9145 -6.15636 2
    endloop
  endfacet
  facet normal 0.933559 -0.358424 0
    outer loop
      vertex 16.9145 -6.15636 0
      vertex 16.6893 -6.74292 2
      vertex 16.6893 -6.74292 0
    endloop
  endfacet
  facet normal 0.121917 0.99254 -0
    outer loop
      vertex 2.50512 17.8248 0
      vertex 1.88151 17.9014 2
      vertex 2.50512 17.8248 2
    endloop
  endfacet
  facet normal 0.121917 0.99254 0
    outer loop
      vertex 1.88151 17.9014 2
      vertex 2.50512 17.8248 0
      vertex 1.88151 17.9014 0
    endloop
  endfacet
  facet normal 0.629304 -0.77716 0
    outer loop
      vertex 11.0819 -14.1842 0
      vertex 11.5702 -13.7888 2
      vertex 11.0819 -14.1842 2
    endloop
  endfacet
  facet normal 0.629304 -0.77716 0
    outer loop
      vertex 11.5702 -13.7888 2
      vertex 11.0819 -14.1842 0
      vertex 11.5702 -13.7888 0
    endloop
  endfacet
  facet normal 0.9205 0.390744 0
    outer loop
      vertex 16.6893 6.74292 2
      vertex 16.4438 7.32126 0
      vertex 16.4438 7.32126 2
    endloop
  endfacet
  facet normal 0.9205 0.390744 0
    outer loop
      vertex 16.4438 7.32126 0
      vertex 16.6893 6.74292 2
      vertex 16.6893 6.74292 0
    endloop
  endfacet
  facet normal 0.999847 -0.0175079 0
    outer loop
      vertex 17.989 -0.62819 2
      vertex 18 0 0
      vertex 18 0 2
    endloop
  endfacet
  facet normal 0.999847 -0.0175079 0
    outer loop
      vertex 18 0 0
      vertex 17.989 -0.62819 2
      vertex 17.989 -0.62819 0
    endloop
  endfacet
  facet normal -0.906323 0.422586 0
    outer loop
      vertex -16.4438 7.32126 0
      vertex -16.1783 7.89068 2
      vertex -16.1783 7.89068 0
    endloop
  endfacet
  facet normal -0.906323 0.422586 0
    outer loop
      vertex -16.1783 7.89068 2
      vertex -16.4438 7.32126 0
      vertex -16.4438 7.32126 2
    endloop
  endfacet
  facet normal -0.358424 0.933559 0
    outer loop
      vertex -6.15636 16.9145 0
      vertex -6.74292 16.6893 2
      vertex -6.15636 16.9145 2
    endloop
  endfacet
  facet normal -0.358424 0.933559 0
    outer loop
      vertex -6.74292 16.6893 2
      vertex -6.15636 16.9145 0
      vertex -6.74292 16.6893 0
    endloop
  endfacet
  facet normal 0.945542 0.3255 0
    outer loop
      vertex 17.119 5.56231 2
      vertex 16.9145 6.15636 0
      vertex 16.9145 6.15636 2
    endloop
  endfacet
  facet normal 0.945542 0.3255 0
    outer loop
      vertex 16.9145 6.15636 0
      vertex 17.119 5.56231 2
      vertex 17.119 5.56231 0
    endloop
  endfacet
  facet normal 0.956303 0.292379 0
    outer loop
      vertex 17.3027 4.96147 2
      vertex 17.119 5.56231 0
      vertex 17.119 5.56231 2
    endloop
  endfacet
  facet normal 0.956303 0.292379 0
    outer loop
      vertex 17.119 5.56231 0
      vertex 17.3027 4.96147 2
      vertex 17.3027 4.96147 0
    endloop
  endfacet
  facet normal -0.731272 -0.682086 0
    outer loop
      vertex -12.9481 -12.5038 0
      vertex -13.3766 -12.0444 2
      vertex -13.3766 -12.0444 0
    endloop
  endfacet
  facet normal -0.731272 -0.682086 0
    outer loop
      vertex -13.3766 -12.0444 2
      vertex -12.9481 -12.5038 0
      vertex -12.9481 -12.5038 2
    endloop
  endfacet
  facet normal 0.945542 -0.3255 0
    outer loop
      vertex 16.9145 -6.15636 2
      vertex 17.119 -5.56231 0
      vertex 17.119 -5.56231 2
    endloop
  endfacet
  facet normal 0.945542 -0.3255 0
    outer loop
      vertex 17.119 -5.56231 0
      vertex 16.9145 -6.15636 2
      vertex 16.9145 -6.15636 0
    endloop
  endfacet
  facet normal -0.819097 0.573655 0
    outer loop
      vertex -14.9227 10.0655 0
      vertex -14.5623 10.5801 2
      vertex -14.5623 10.5801 0
    endloop
  endfacet
  facet normal -0.819097 0.573655 0
    outer loop
      vertex -14.5623 10.5801 2
      vertex -14.9227 10.0655 0
      vertex -14.9227 10.0655 2
    endloop
  endfacet
  facet normal 0.998636 -0.0522055 0
    outer loop
      vertex 17.9562 -1.25562 2
      vertex 17.989 -0.62819 0
      vertex 17.989 -0.62819 2
    endloop
  endfacet
  facet normal 0.998636 -0.0522055 0
    outer loop
      vertex 17.989 -0.62819 0
      vertex 17.9562 -1.25562 2
      vertex 17.9562 -1.25562 0
    endloop
  endfacet
  facet normal 0.707107 0.707107 0
    outer loop
      vertex 12.9481 12.5038 2
      vertex 12.5038 12.9481 0
      vertex 12.5038 12.9481 2
    endloop
  endfacet
  facet normal 0.707107 0.707107 0
    outer loop
      vertex 12.5038 12.9481 0
      vertex 12.9481 12.5038 2
      vertex 12.9481 12.5038 0
    endloop
  endfacet
  facet normal 0.358424 0.933559 -0
    outer loop
      vertex 6.74292 16.6893 0
      vertex 6.15636 16.9145 2
      vertex 6.74292 16.6893 2
    endloop
  endfacet
  facet normal 0.358424 0.933559 0
    outer loop
      vertex 6.15636 16.9145 2
      vertex 6.74292 16.6893 0
      vertex 6.15636 16.9145 0
    endloop
  endfacet
  facet normal -0.9205 0.390744 0
    outer loop
      vertex -16.6893 6.74292 0
      vertex -16.4438 7.32126 2
      vertex -16.4438 7.32126 0
    endloop
  endfacet
  facet normal -0.9205 0.390744 0
    outer loop
      vertex -16.4438 7.32126 2
      vertex -16.6893 6.74292 0
      vertex -16.6893 6.74292 2
    endloop
  endfacet
  facet normal 0.573655 -0.819097 0
    outer loop
      vertex 10.0655 -14.9227 0
      vertex 10.5801 -14.5623 2
      vertex 10.0655 -14.9227 2
    endloop
  endfacet
  facet normal 0.573655 -0.819097 0
    outer loop
      vertex 10.5801 -14.5623 2
      vertex 10.0655 -14.9227 0
      vertex 10.5801 -14.5623 0
    endloop
  endfacet
  facet normal -0.974347 0.225052 0
    outer loop
      vertex -17.6067 3.74241 0
      vertex -17.4653 4.35459 2
      vertex -17.4653 4.35459 0
    endloop
  endfacet
  facet normal -0.974347 0.225052 0
    outer loop
      vertex -17.4653 4.35459 2
      vertex -17.6067 3.74241 0
      vertex -17.6067 3.74241 2
    endloop
  endfacet
  facet normal 0.358424 -0.933559 0
    outer loop
      vertex 6.15636 -16.9145 0
      vertex 6.74292 -16.6893 2
      vertex 6.15636 -16.9145 2
    endloop
  endfacet
  facet normal 0.358424 -0.933559 0
    outer loop
      vertex 6.74292 -16.6893 2
      vertex 6.15636 -16.9145 0
      vertex 6.74292 -16.6893 0
    endloop
  endfacet
  facet normal -0.945542 -0.3255 0
    outer loop
      vertex -16.9145 -6.15636 0
      vertex -17.119 -5.56231 2
      vertex -17.119 -5.56231 0
    endloop
  endfacet
  facet normal -0.945542 -0.3255 0
    outer loop
      vertex -17.119 -5.56231 2
      vertex -16.9145 -6.15636 0
      vertex -16.9145 -6.15636 2
    endloop
  endfacet
  facet normal -0.358424 -0.933559 0
    outer loop
      vertex -6.74292 -16.6893 0
      vertex -6.15636 -16.9145 2
      vertex -6.74292 -16.6893 2
    endloop
  endfacet
  facet normal -0.358424 -0.933559 -0
    outer loop
      vertex -6.15636 -16.9145 2
      vertex -6.74292 -16.6893 0
      vertex -6.15636 -16.9145 0
    endloop
  endfacet
  facet normal 0.77716 0.629304 0
    outer loop
      vertex 14.1842 11.0819 2
      vertex 13.7888 11.5702 0
      vertex 13.7888 11.5702 2
    endloop
  endfacet
  facet normal 0.77716 0.629304 0
    outer loop
      vertex 13.7888 11.5702 0
      vertex 14.1842 11.0819 2
      vertex 14.1842 11.0819 0
    endloop
  endfacet
  facet normal -0.544633 -0.838674 0
    outer loop
      vertex -10.0655 -14.9227 0
      vertex -9.53855 -15.2649 2
      vertex -10.0655 -14.9227 2
    endloop
  endfacet
  facet normal -0.544633 -0.838674 -0
    outer loop
      vertex -9.53855 -15.2649 2
      vertex -10.0655 -14.9227 0
      vertex -9.53855 -15.2649 0
    endloop
  endfacet
  facet normal 0.453943 0.891031 -0
    outer loop
      vertex 8.45049 15.8931 0
      vertex 7.89068 16.1783 2
      vertex 8.45049 15.8931 2
    endloop
  endfacet
  facet normal 0.453943 0.891031 0
    outer loop
      vertex 7.89068 16.1783 2
      vertex 8.45049 15.8931 0
      vertex 7.89068 16.1783 0
    endloop
  endfacet
  facet normal 0.601781 -0.798661 0
    outer loop
      vertex 10.5801 -14.5623 0
      vertex 11.0819 -14.1842 2
      vertex 10.5801 -14.5623 2
    endloop
  endfacet
  facet normal 0.601781 -0.798661 0
    outer loop
      vertex 11.0819 -14.1842 2
      vertex 10.5801 -14.5623 0
      vertex 11.0819 -14.1842 0
    endloop
  endfacet
  facet normal -0.0175079 -0.999847 0
    outer loop
      vertex -0.62819 -17.989 0
      vertex 0 -18 2
      vertex -0.62819 -17.989 2
    endloop
  endfacet
  facet normal -0.0175079 -0.999847 -0
    outer loop
      vertex 0 -18 2
      vertex -0.62819 -17.989 0
      vertex 0 -18 0
    endloop
  endfacet
  facet normal 0.891031 0.453943 0
    outer loop
      vertex 16.1783 7.89068 2
      vertex 15.8931 8.45049 0
      vertex 15.8931 8.45049 2
    endloop
  endfacet
  facet normal 0.891031 0.453943 0
    outer loop
      vertex 15.8931 8.45049 0
      vertex 16.1783 7.89068 2
      vertex 16.1783 7.89068 0
    endloop
  endfacet
  facet normal 0.2588 -0.965931 0
    outer loop
      vertex 4.35459 -17.4653 0
      vertex 4.96147 -17.3027 2
      vertex 4.35459 -17.4653 2
    endloop
  endfacet
  facet normal 0.2588 -0.965931 0
    outer loop
      vertex 4.96147 -17.3027 2
      vertex 4.35459 -17.4653 0
      vertex 4.96147 -17.3027 0
    endloop
  endfacet
  facet normal 0.731272 -0.682086 0
    outer loop
      vertex 12.9481 -12.5038 2
      vertex 13.3766 -12.0444 0
      vertex 13.3766 -12.0444 2
    endloop
  endfacet
  facet normal 0.731272 -0.682086 0
    outer loop
      vertex 13.3766 -12.0444 0
      vertex 12.9481 -12.5038 2
      vertex 12.9481 -12.5038 0
    endloop
  endfacet
  facet normal -0.422586 -0.906323 0
    outer loop
      vertex -7.89068 -16.1783 0
      vertex -7.32126 -16.4438 2
      vertex -7.89068 -16.1783 2
    endloop
  endfacet
  facet normal -0.422586 -0.906323 -0
    outer loop
      vertex -7.32126 -16.4438 2
      vertex -7.89068 -16.1783 0
      vertex -7.32126 -16.4438 0
    endloop
  endfacet
  facet normal -0.731272 0.682086 0
    outer loop
      vertex -13.3766 12.0444 0
      vertex -12.9481 12.5038 2
      vertex -12.9481 12.5038 0
    endloop
  endfacet
  facet normal -0.731272 0.682086 0
    outer loop
      vertex -12.9481 12.5038 2
      vertex -13.3766 12.0444 0
      vertex -13.3766 12.0444 2
    endloop
  endfacet
  facet normal 0.819097 0.573655 0
    outer loop
      vertex 14.9227 10.0655 2
      vertex 14.5623 10.5801 0
      vertex 14.5623 10.5801 2
    endloop
  endfacet
  facet normal 0.819097 0.573655 0
    outer loop
      vertex 14.5623 10.5801 0
      vertex 14.9227 10.0655 2
      vertex 14.9227 10.0655 0
    endloop
  endfacet
  facet normal 0 0 -1
    outer loop
      vertex 14.5 0 0
      vertex 18 0 0
      vertex 17.989 -0.62819 0
    endloop
  endfacet
  facet normal 0 0 -1
    outer loop
      vertex 14.4912 -0.506042 0
      vertex 17.989 -0.62819 0
      vertex 17.9562 -1.25562 0
    endloop
  endfacet
  facet normal 0 0 -1
    outer loop
      vertex 18 0 0
      vertex 14.5 0 0
      vertex 17.989 0.62819 0
    endloop
  endfacet
  facet normal 0 0 -1
    outer loop
      vertex 14.4647 -1.01147 0
      vertex 17.9562 -1.25562 0
      vertex 17.9014 -1.88151 0
    endloop
  endfacet
  facet normal 0 0 -1
    outer loop
      vertex 14.4912 0.506042 0
      vertex 17.989 0.62819 0
      vertex 14.5 0 0
    endloop
  endfacet
  facet normal 0 0 -1
    outer loop
      vertex 14.4206 -1.51566 0
      vertex 17.9014 -1.88151 0
      vertex 17.8248 -2.50512 0
    endloop
  endfacet
  facet normal -0 0 -1
    outer loop
      vertex 17.989 0.62819 0
      vertex 14.4912 0.506042 0
      vertex 17.9562 1.25562 0
    endloop
  endfacet
  facet normal 0 0 -1
    outer loop
      vertex 14.3589 -2.01801 0
      vertex 17.8248 -2.50512 0
      vertex 17.7265 -3.12567 0
    endloop
  endfacet
  facet normal 0 0 -1
    outer loop
      vertex 14.4647 1.01147 0
      vertex 17.9562 1.25562 0
      vertex 14.4912 0.506042 0
    endloop
  endfacet
  facet normal 0 0 -1
    outer loop
      vertex 14.2797 -2.5179 0
      vertex 17.7265 -3.12567 0
      vertex 17.6067 -3.74241 0
    endloop
  endfacet
  facet normal -0 0 -1
    outer loop
      vertex 17.9562 1.25562 0
      vertex 14.4647 1.01147 0
      vertex 17.9014 1.88151 0
    endloop
  endfacet
  facet normal 0 0 -1
    outer loop
      vertex 14.1831 -3.01472 0
      vertex 17.6067 -3.74241 0
      vertex 17.4653 -4.35459 0
    endloop
  endfacet
  facet normal 0 0 -1
    outer loop
      vertex 14.4206 1.51566 0
      vertex 17.9014 1.88151 0
      vertex 14.4647 1.01147 0
    endloop
  endfacet
  facet normal 0 0 -1
    outer loop
      vertex 14.0693 -3.50787 0
      vertex 17.4653 -4.35459 0
      vertex 17.3027 -4.96147 0
    endloop
  endfacet
  facet normal -0 0 -1
    outer loop
      vertex 17.9014 1.88151 0
      vertex 14.4206 1.51566 0
      vertex 17.8248 2.50512 0
    endloop
  endfacet
  facet normal 0 0 -1
    outer loop
      vertex 13.9383 -3.99674 0
      vertex 17.3027 -4.96147 0
      vertex 17.119 -5.56231 0
    endloop
  endfacet
  facet normal 0 0 -1
    outer loop
      vertex 14.3589 2.01801 0
      vertex 17.8248 2.50512 0
      vertex 14.4206 1.51566 0
    endloop
  endfacet
  facet normal 0 0 -1
    outer loop
      vertex 13.7903 -4.48075 0
      vertex 17.119 -5.56231 0
      vertex 16.9145 -6.15636 0
    endloop
  endfacet
  facet normal -0 0 -1
    outer loop
      vertex 17.8248 2.50512 0
      vertex 14.3589 2.01801 0
      vertex 17.7265 3.12567 0
    endloop
  endfacet
  facet normal 0 0 -1
    outer loop
      vertex 13.6255 -4.95929 0
      vertex 16.9145 -6.15636 0
      vertex 16.6893 -6.74292 0
    endloop
  endfacet
  facet normal 0 0 -1
    outer loop
      vertex 14.2797 2.5179 0
      vertex 17.7265 3.12567 0
      vertex 14.3589 2.01801 0
    endloop
  endfacet
  facet normal 0 0 -1
    outer loop
      vertex 13.4442 -5.4318 0
      vertex 16.6893 -6.74292 0
      vertex 16.4438 -7.32126 0
    endloop
  endfacet
  facet normal -0 0 -1
    outer loop
      vertex 17.7265 3.12567 0
      vertex 14.2797 2.5179 0
      vertex 17.6067 3.74241 0
    endloop
  endfacet
  facet normal 0 0 -1
    outer loop
      vertex 13.2464 -5.89768 0
      vertex 16.4438 -7.32126 0
      vertex 16.1783 -7.89068 0
    endloop
  endfacet
  facet normal 0 0 -1
    outer loop
      vertex 14.1831 3.01472 0
      vertex 17.6067 3.74241 0
      vertex 14.2797 2.5179 0
    endloop
  endfacet
  facet normal 0 0 -1
    outer loop
      vertex 13.0325 -6.35638 0
      vertex 16.1783 -7.89068 0
      vertex 15.8931 -8.45049 0
    endloop
  endfacet
  facet normal -0 0 -1
    outer loop
      vertex 17.6067 3.74241 0
      vertex 14.1831 3.01472 0
      vertex 17.4653 4.35459 0
    endloop
  endfacet
  facet normal 0 0 -1
    outer loop
      vertex 12.8027 -6.80734 0
      vertex 15.8931 -8.45049 0
      vertex 15.5885 -9 0
    endloop
  endfacet
  facet normal 0 0 -1
    outer loop
      vertex 14.0693 3.50787 0
      vertex 17.4653 4.35459 0
      vertex 14.1831 3.01472 0
    endloop
  endfacet
  facet normal 0 0 -1
    outer loop
      vertex 12.5574 -7.25 0
      vertex 15.5885 -9 0
      vertex 15.2649 -9.53855 0
    endloop
  endfacet
  facet normal -0 0 -1
    outer loop
      vertex 17.4653 4.35459 0
      vertex 14.0693 3.50787 0
      vertex 17.3027 4.96147 0
    endloop
  endfacet
  facet normal 0 0 -1
    outer loop
      vertex 12.2967 -7.68383 0
      vertex 15.2649 -9.53855 0
      vertex 14.9227 -10.0655 0
    endloop
  endfacet
  facet normal 0 0 -1
    outer loop
      vertex 13.9383 3.99674 0
      vertex 17.3027 4.96147 0
      vertex 14.0693 3.50787 0
    endloop
  endfacet
  facet normal 0 0 -1
    outer loop
      vertex 12.021 -8.1083 0
      vertex 14.9227 -10.0655 0
      vertex 14.5623 -10.5801 0
    endloop
  endfacet
  facet normal -0 0 -1
    outer loop
      vertex 17.3027 4.96147 0
      vertex 13.9383 3.99674 0
      vertex 17.119 5.56231 0
    endloop
  endfacet
  facet normal 0 0 -1
    outer loop
      vertex 13.7903 4.48075 0
      vertex 17.119 5.56231 0
      vertex 13.9383 3.99674 0
    endloop
  endfacet
  facet normal 0 0 -1
    outer loop
      vertex 17.989 -0.62819 0
      vertex 14.4912 -0.506042 0
      vertex 14.5 0 0
    endloop
  endfacet
  facet normal 0 0 -1
    outer loop
      vertex 17.9562 -1.25562 0
      vertex 14.4647 -1.01147 0
      vertex 14.4912 -0.506042 0
    endloop
  endfacet
  facet normal 0 0 -1
    outer loop
      vertex 17.9014 -1.88151 0
      vertex 14.4206 -1.51566 0
      vertex 14.4647 -1.01147 0
    endloop
  endfacet
  facet normal 0 0 -1
    outer loop
      vertex 17.8248 -2.50512 0
      vertex 14.3589 -2.01801 0
      vertex 14.4206 -1.51566 0
    endloop
  endfacet
  facet normal 0 0 -1
    outer loop
      vertex 17.7265 -3.12567 0
      vertex 14.2797 -2.5179 0
      vertex 14.3589 -2.01801 0
    endloop
  endfacet
  facet normal 0 0 -1
    outer loop
      vertex 11.7307 -8.52289 0
      vertex 14.5623 -10.5801 0
      vertex 14.1842 -11.0819 0
    endloop
  endfacet
  facet normal 0 0 -1
    outer loop
      vertex 17.6067 -3.74241 0
      vertex 14.1831 -3.01472 0
      vertex 14.2797 -2.5179 0
    endloop
  endfacet
  facet normal 0 0 -1
    outer loop
      vertex 17.4653 -4.35459 0
      vertex 14.0693 -3.50787 0
      vertex 14.1831 -3.01472 0
    endloop
  endfacet
  facet normal 0 0 -1
    outer loop
      vertex 17.3027 -4.96147 0
      vertex 13.9383 -3.99674 0
      vertex 14.0693 -3.50787 0
    endloop
  endfacet
  facet normal 0 0 -1
    outer loop
      vertex 17.119 -5.56231 0
      vertex 13.7903 -4.48075 0
      vertex 13.9383 -3.99674 0
    endloop
  endfacet
  facet normal 0 0 -1
    outer loop
      vertex 11.4262 -8.92709 0
      vertex 14.1842 -11.0819 0
      vertex 13.7888 -11.5702 0
    endloop
  endfacet
  facet normal 0 0 -1
    outer loop
      vertex 16.9145 -6.15636 0
      vertex 13.6255 -4.95929 0
      vertex 13.7903 -4.48075 0
    endloop
  endfacet
  facet normal 0 0 -1
    outer loop
      vertex 16.6893 -6.74292 0
      vertex 13.4442 -5.4318 0
      vertex 13.6255 -4.95929 0
    endloop
  endfacet
  facet normal 0 0 -1
    outer loop
      vertex 11.1076 -9.32042 0
      vertex 13.7888 -11.5702 0
      vertex 13.3766 -12.0444 0
    endloop
  endfacet
  facet normal 0 0 -1
    outer loop
      vertex 16.4438 -7.32126 0
      vertex 13.2464 -5.89768 0
      vertex 13.4442 -5.4318 0
    endloop
  endfacet
  facet normal 0 0 -1
    outer loop
      vertex 16.1783 -7.89068 0
      vertex 13.0325 -6.35638 0
      vertex 13.2464 -5.89768 0
    endloop
  endfacet
  facet normal 0 0 -1
    outer loop
      vertex 10.7756 -9.70239 0
      vertex 13.3766 -12.0444 0
      vertex 12.9481 -12.5038 0
    endloop
  endfacet
  facet normal 0 0 -1
    outer loop
      vertex 15.8931 -8.45049 0
      vertex 12.8027 -6.80734 0
      vertex 13.0325 -6.35638 0
    endloop
  endfacet
  facet normal 0 0 -1
    outer loop
      vertex 15.5885 -9 0
      vertex 12.5574 -7.25 0
      vertex 12.8027 -6.80734 0
    endloop
  endfacet
  facet normal 0 0 -1
    outer loop
      vertex 10.4304 -10.0725 0
      vertex 12.9481 -12.5038 0
      vertex 12.5038 -12.9481 0
    endloop
  endfacet
  facet normal 0 0 -1
    outer loop
      vertex 15.2649 -9.53855 0
      vertex 12.2967 -7.68383 0
      vertex 12.5574 -7.25 0
    endloop
  endfacet
  facet normal 0 0 -1
    outer loop
      vertex 10.0725 -10.4304 0
      vertex 12.5038 -12.9481 0
      vertex 12.0444 -13.3766 0
    endloop
  endfacet
  facet normal 0 0 -1
    outer loop
      vertex 14.9227 -10.0655 0
      vertex 12.021 -8.1083 0
      vertex 12.2967 -7.68383 0
    endloop
  endfacet
  facet normal 0 0 -1
    outer loop
      vertex 14.5623 -10.5801 0
      vertex 11.7307 -8.52289 0
      vertex 12.021 -8.1083 0
    endloop
  endfacet
  facet normal 0 0 -1
    outer loop
      vertex 9.70239 -10.7756 0
      vertex 12.0444 -13.3766 0
      vertex 11.5702 -13.7888 0
    endloop
  endfacet
  facet normal 0 0 -1
    outer loop
      vertex 14.1842 -11.0819 0
      vertex 11.4262 -8.92709 0
      vertex 11.7307 -8.52289 0
    endloop
  endfacet
  facet normal 0 0 -1
    outer loop
      vertex 13.7888 -11.5702 0
      vertex 11.1076 -9.32042 0
      vertex 11.4262 -8.92709 0
    endloop
  endfacet
  facet normal 0 0 -1
    outer loop
      vertex 9.32042 -11.1076 0
      vertex 11.5702 -13.7888 0
      vertex 11.0819 -14.1842 0
    endloop
  endfacet
  facet normal 0 0 -1
    outer loop
      vertex 13.3766 -12.0444 0
      vertex 10.7756 -9.70239 0
      vertex 11.1076 -9.32042 0
    endloop
  endfacet
  facet normal 0 0 -1
    outer loop
      vertex 8.92709 -11.4262 0
      vertex 11.0819 -14.1842 0
      vertex 10.5801 -14.5623 0
    endloop
  endfacet
  facet normal 0 0 -1
    outer loop
      vertex 12.9481 -12.5038 0
      vertex 10.4304 -10.0725 0
      vertex 10.7756 -9.70239 0
    endloop
  endfacet
  facet normal 0 0 -1
    outer loop
      vertex 12.5038 -12.9481 0
      vertex 10.0725 -10.4304 0
      vertex 10.4304 -10.0725 0
    endloop
  endfacet
  facet normal 0 0 -1
    outer loop
      vertex 8.52289 -11.7307 0
      vertex 10.5801 -14.5623 0
      vertex 10.0655 -14.9227 0
    endloop
  endfacet
  facet normal 0 0 -1
    outer loop
      vertex 12.0444 -13.3766 0
      vertex 9.70239 -10.7756 0
      vertex 10.0725 -10.4304 0
    endloop
  endfacet
  facet normal 0 0 -1
    outer loop
      vertex 8.1083 -12.021 0
      vertex 10.0655 -14.9227 0
      vertex 9.53855 -15.2649 0
    endloop
  endfacet
  facet normal 0 0 -1
    outer loop
      vertex 11.5702 -13.7888 0
      vertex 9.32042 -11.1076 0
      vertex 9.70239 -10.7756 0
    endloop
  endfacet
  facet normal 0 0 -1
    outer loop
      vertex 7.68383 -12.2967 0
      vertex 9.53855 -15.2649 0
      vertex 9 -15.5885 0
    endloop
  endfacet
  facet normal 0 0 -1
    outer loop
      vertex 11.0819 -14.1842 0
      vertex 8.92709 -11.4262 0
      vertex 9.32042 -11.1076 0
    endloop
  endfacet
  facet normal 0 0 -1
    outer loop
      vertex 10.5801 -14.5623 0
      vertex 8.52289 -11.7307 0
      vertex 8.92709 -11.4262 0
    endloop
  endfacet
  facet normal 0 0 -1
    outer loop
      vertex 7.25 -12.5574 0
      vertex 9 -15.5885 0
      vertex 8.45049 -15.8931 0
    endloop
  endfacet
  facet normal 0 0 -1
    outer loop
      vertex 10.0655 -14.9227 0
      vertex 8.1083 -12.021 0
      vertex 8.52289 -11.7307 0
    endloop
  endfacet
  facet normal 0 0 -1
    outer loop
      vertex 6.80734 -12.8027 0
      vertex 8.45049 -15.8931 0
      vertex 7.89068 -16.1783 0
    endloop
  endfacet
  facet normal 0 0 -1
    outer loop
      vertex 9.53855 -15.2649 0
      vertex 7.68383 -12.2967 0
      vertex 8.1083 -12.021 0
    endloop
  endfacet
  facet normal 0 0 -1
    outer loop
      vertex 6.35638 -13.0325 0
      vertex 7.89068 -16.1783 0
      vertex 7.32126 -16.4438 0
    endloop
  endfacet
  facet normal 0 0 -1
    outer loop
      vertex 9 -15.5885 0
      vertex 7.25 -12.5574 0
      vertex 7.68383 -12.2967 0
    endloop
  endfacet
  facet normal 0 0 -1
    outer loop
      vertex 8.45049 -15.8931 0
      vertex 6.80734 -12.8027 0
      vertex 7.25 -12.5574 0
    endloop
  endfacet
  facet normal 0 0 -1
    outer loop
      vertex 5.89768 -13.2464 0
      vertex 7.32126 -16.4438 0
      vertex 6.74292 -16.6893 0
    endloop
  endfacet
  facet normal 0 0 -1
    outer loop
      vertex 7.89068 -16.1783 0
      vertex 6.35638 -13.0325 0
      vertex 6.80734 -12.8027 0
    endloop
  endfacet
  facet normal 0 0 -1
    outer loop
      vertex 5.4318 -13.4442 0
      vertex 6.74292 -16.6893 0
      vertex 6.15636 -16.9145 0
    endloop
  endfacet
  facet normal 0 0 -1
    outer loop
      vertex 7.32126 -16.4438 0
      vertex 5.89768 -13.2464 0
      vertex 6.35638 -13.0325 0
    endloop
  endfacet
  facet normal 0 0 -1
    outer loop
      vertex 4.95929 -13.6255 0
      vertex 6.15636 -16.9145 0
      vertex 5.56231 -17.119 0
    endloop
  endfacet
  facet normal 0 0 -1
    outer loop
      vertex 6.74292 -16.6893 0
      vertex 5.4318 -13.4442 0
      vertex 5.89768 -13.2464 0
    endloop
  endfacet
  facet normal 0 0 -1
    outer loop
      vertex 4.48075 -13.7903 0
      vertex 5.56231 -17.119 0
      vertex 4.96147 -17.3027 0
    endloop
  endfacet
  facet normal 0 0 -1
    outer loop
      vertex 6.15636 -16.9145 0
      vertex 4.95929 -13.6255 0
      vertex 5.4318 -13.4442 0
    endloop
  endfacet
  facet normal 0 0 -1
    outer loop
      vertex 5.56231 -17.119 0
      vertex 4.48075 -13.7903 0
      vertex 4.95929 -13.6255 0
    endloop
  endfacet
  facet normal 0 0 -1
    outer loop
      vertex 3.99674 -13.9383 0
      vertex 4.96147 -17.3027 0
      vertex 4.35459 -17.4653 0
    endloop
  endfacet
  facet normal 0 0 -1
    outer loop
      vertex 4.96147 -17.3027 0
      vertex 3.99674 -13.9383 0
      vertex 4.48075 -13.7903 0
    endloop
  endfacet
  facet normal 0 0 -1
    outer loop
      vertex 3.50787 -14.0693 0
      vertex 4.35459 -17.4653 0
      vertex 3.74241 -17.6067 0
    endloop
  endfacet
  facet normal 0 0 -1
    outer loop
      vertex 4.35459 -17.4653 0
      vertex 3.50787 -14.0693 0
      vertex 3.99674 -13.9383 0
    endloop
  endfacet
  facet normal 0 0 -1
    outer loop
      vertex 3.01472 -14.1831 0
      vertex 3.74241 -17.6067 0
      vertex 3.12567 -17.7265 0
    endloop
  endfacet
  facet normal 0 0 -1
    outer loop
      vertex 3.74241 -17.6067 0
      vertex 3.01472 -14.1831 0
      vertex 3.50787 -14.0693 0
    endloop
  endfacet
  facet normal 0 0 -1
    outer loop
      vertex 3.12567 -17.7265 0
      vertex 2.5179 -14.2797 0
      vertex 3.01472 -14.1831 0
    endloop
  endfacet
  facet normal 0 0 -1
    outer loop
      vertex 2.50512 -17.8248 0
      vertex 2.5179 -14.2797 0
      vertex 3.12567 -17.7265 0
    endloop
  endfacet
  facet normal 0 0 -1
    outer loop
      vertex 2.50512 -17.8248 0
      vertex 2.01801 -14.3589 0
      vertex 2.5179 -14.2797 0
    endloop
  endfacet
  facet normal 0 0 -1
    outer loop
      vertex 1.88151 -17.9014 0
      vertex 2.01801 -14.3589 0
      vertex 2.50512 -17.8248 0
    endloop
  endfacet
  facet normal 0 0 -1
    outer loop
      vertex 1.88151 -17.9014 0
      vertex 1.51566 -14.4206 0
      vertex 2.01801 -14.3589 0
    endloop
  endfacet
  facet normal 0 0 -1
    outer loop
      vertex 1.25562 -17.9562 0
      vertex 1.51566 -14.4206 0
      vertex 1.88151 -17.9014 0
    endloop
  endfacet
  facet normal 0 0 -1
    outer loop
      vertex 1.25562 -17.9562 0
      vertex 1.01147 -14.4647 0
      vertex 1.51566 -14.4206 0
    endloop
  endfacet
  facet normal 0 0 -1
    outer loop
      vertex 0.62819 -17.989 0
      vertex 1.01147 -14.4647 0
      vertex 1.25562 -17.9562 0
    endloop
  endfacet
  facet normal 0 0 -1
    outer loop
      vertex 0.62819 -17.989 0
      vertex 0.506042 -14.4912 0
      vertex 1.01147 -14.4647 0
    endloop
  endfacet
  facet normal 0 0 -1
    outer loop
      vertex 0 -18 0
      vertex 0.506042 -14.4912 0
      vertex 0.62819 -17.989 0
    endloop
  endfacet
  facet normal 0 0 -1
    outer loop
      vertex 0 -18 0
      vertex 0 -14.5 0
      vertex 0.506042 -14.4912 0
    endloop
  endfacet
  facet normal 0 0 -1
    outer loop
      vertex 0 -18 0
      vertex -0.506042 -14.4912 0
      vertex 0 -14.5 0
    endloop
  endfacet
  facet normal 0 0 -1
    outer loop
      vertex -0.62819 -17.989 0
      vertex -0.506042 -14.4912 0
      vertex 0 -18 0
    endloop
  endfacet
  facet normal 0 0 -1
    outer loop
      vertex -0.62819 -17.989 0
      vertex -1.01147 -14.4647 0
      vertex -0.506042 -14.4912 0
    endloop
  endfacet
  facet normal 0 0 -1
    outer loop
      vertex -1.25562 -17.9562 0
      vertex -1.01147 -14.4647 0
      vertex -0.62819 -17.989 0
    endloop
  endfacet
  facet normal 0 0 -1
    outer loop
      vertex -1.25562 -17.9562 0
      vertex -1.51566 -14.4206 0
      vertex -1.01147 -14.4647 0
    endloop
  endfacet
  facet normal 0 0 -1
    outer loop
      vertex -1.88151 -17.9014 0
      vertex -1.51566 -14.4206 0
      vertex -1.25562 -17.9562 0
    endloop
  endfacet
  facet normal 0 0 -1
    outer loop
      vertex -1.88151 -17.9014 0
      vertex -2.01801 -14.3589 0
      vertex -1.51566 -14.4206 0
    endloop
  endfacet
  facet normal 0 0 -1
    outer loop
      vertex -2.50512 -17.8248 0
      vertex -2.01801 -14.3589 0
      vertex -1.88151 -17.9014 0
    endloop
  endfacet
  facet normal 0 0 -1
    outer loop
      vertex -2.50512 -17.8248 0
      vertex -2.5179 -14.2797 0
      vertex -2.01801 -14.3589 0
    endloop
  endfacet
  facet normal 0 0 -1
    outer loop
      vertex -3.12567 -17.7265 0
      vertex -2.5179 -14.2797 0
      vertex -2.50512 -17.8248 0
    endloop
  endfacet
  facet normal -0 0 -1
    outer loop
      vertex -2.5179 -14.2797 0
      vertex -3.12567 -17.7265 0
      vertex -3.01472 -14.1831 0
    endloop
  endfacet
  facet normal 0 0 -1
    outer loop
      vertex -3.74241 -17.6067 0
      vertex -3.01472 -14.1831 0
      vertex -3.12567 -17.7265 0
    endloop
  endfacet
  facet normal -0 0 -1
    outer loop
      vertex -3.01472 -14.1831 0
      vertex -3.74241 -17.6067 0
      vertex -3.50787 -14.0693 0
    endloop
  endfacet
  facet normal 0 0 -1
    outer loop
      vertex -4.35459 -17.4653 0
      vertex -3.50787 -14.0693 0
      vertex -3.74241 -17.6067 0
    endloop
  endfacet
  facet normal -0 0 -1
    outer loop
      vertex -3.50787 -14.0693 0
      vertex -4.35459 -17.4653 0
      vertex -3.99674 -13.9383 0
    endloop
  endfacet
  facet normal 0 0 -1
    outer loop
      vertex -4.96147 -17.3027 0
      vertex -3.99674 -13.9383 0
      vertex -4.35459 -17.4653 0
    endloop
  endfacet
  facet normal -0 0 -1
    outer loop
      vertex -3.99674 -13.9383 0
      vertex -4.96147 -17.3027 0
      vertex -4.48075 -13.7903 0
    endloop
  endfacet
  facet normal 0 0 -1
    outer loop
      vertex -5.56231 -17.119 0
      vertex -4.48075 -13.7903 0
      vertex -4.96147 -17.3027 0
    endloop
  endfacet
  facet normal -0 0 -1
    outer loop
      vertex -4.48075 -13.7903 0
      vertex -5.56231 -17.119 0
      vertex -4.95929 -13.6255 0
    endloop
  endfacet
  facet normal 0 0 -1
    outer loop
      vertex -6.15636 -16.9145 0
      vertex -4.95929 -13.6255 0
      vertex -5.56231 -17.119 0
    endloop
  endfacet
  facet normal -0 0 -1
    outer loop
      vertex -4.95929 -13.6255 0
      vertex -6.15636 -16.9145 0
      vertex -5.4318 -13.4442 0
    endloop
  endfacet
  facet normal 0 0 -1
    outer loop
      vertex -6.74292 -16.6893 0
      vertex -5.4318 -13.4442 0
      vertex -6.15636 -16.9145 0
    endloop
  endfacet
  facet normal -0 0 -1
    outer loop
      vertex -5.4318 -13.4442 0
      vertex -6.74292 -16.6893 0
      vertex -5.89768 -13.2464 0
    endloop
  endfacet
  facet normal 0 0 -1
    outer loop
      vertex -7.32126 -16.4438 0
      vertex -5.89768 -13.2464 0
      vertex -6.74292 -16.6893 0
    endloop
  endfacet
  facet normal -0 0 -1
    outer loop
      vertex -5.89768 -13.2464 0
      vertex -7.32126 -16.4438 0
      vertex -6.35638 -13.0325 0
    endloop
  endfacet
  facet normal 0 0 -1
    outer loop
      vertex -7.89068 -16.1783 0
      vertex -6.35638 -13.0325 0
      vertex -7.32126 -16.4438 0
    endloop
  endfacet
  facet normal -0 0 -1
    outer loop
      vertex -6.35638 -13.0325 0
      vertex -7.89068 -16.1783 0
      vertex -6.80734 -12.8027 0
    endloop
  endfacet
  facet normal 0 0 -1
    outer loop
      vertex -8.45049 -15.8931 0
      vertex -6.80734 -12.8027 0
      vertex -7.89068 -16.1783 0
    endloop
  endfacet
  facet normal -0 0 -1
    outer loop
      vertex -6.80734 -12.8027 0
      vertex -8.45049 -15.8931 0
      vertex -7.25 -12.5574 0
    endloop
  endfacet
  facet normal 0 0 -1
    outer loop
      vertex -9 -15.5885 0
      vertex -7.25 -12.5574 0
      vertex -8.45049 -15.8931 0
    endloop
  endfacet
  facet normal -0 0 -1
    outer loop
      vertex -7.25 -12.5574 0
      vertex -9 -15.5885 0
      vertex -7.68383 -12.2967 0
    endloop
  endfacet
  facet normal 0 0 -1
    outer loop
      vertex -9.53855 -15.2649 0
      vertex -7.68383 -12.2967 0
      vertex -9 -15.5885 0
    endloop
  endfacet
  facet normal -0 0 -1
    outer loop
      vertex -7.68383 -12.2967 0
      vertex -9.53855 -15.2649 0
      vertex -8.1083 -12.021 0
    endloop
  endfacet
  facet normal 0 0 -1
    outer loop
      vertex -10.0655 -14.9227 0
      vertex -8.1083 -12.021 0
      vertex -9.53855 -15.2649 0
    endloop
  endfacet
  facet normal -0 0 -1
    outer loop
      vertex -8.1083 -12.021 0
      vertex -10.0655 -14.9227 0
      vertex -8.52289 -11.7307 0
    endloop
  endfacet
  facet normal 0 0 -1
    outer loop
      vertex -10.5801 -14.5623 0
      vertex -8.52289 -11.7307 0
      vertex -10.0655 -14.9227 0
    endloop
  endfacet
  facet normal -0 0 -1
    outer loop
      vertex -8.52289 -11.7307 0
      vertex -10.5801 -14.5623 0
      vertex -8.92709 -11.4262 0
    endloop
  endfacet
  facet normal 0 0 -1
    outer loop
      vertex -11.0819 -14.1842 0
      vertex -8.92709 -11.4262 0
      vertex -10.5801 -14.5623 0
    endloop
  endfacet
  facet normal -0 0 -1
    outer loop
      vertex -8.92709 -11.4262 0
      vertex -11.0819 -14.1842 0
      vertex -9.32042 -11.1076 0
    endloop
  endfacet
  facet normal 0 0 -1
    outer loop
      vertex -11.5702 -13.7888 0
      vertex -9.32042 -11.1076 0
      vertex -11.0819 -14.1842 0
    endloop
  endfacet
  facet normal -0 0 -1
    outer loop
      vertex -9.32042 -11.1076 0
      vertex -11.5702 -13.7888 0
      vertex -9.70239 -10.7756 0
    endloop
  endfacet
  facet normal 0 0 -1
    outer loop
      vertex -12.0444 -13.3766 0
      vertex -9.70239 -10.7756 0
      vertex -11.5702 -13.7888 0
    endloop
  endfacet
  facet normal -0 0 -1
    outer loop
      vertex -9.70239 -10.7756 0
      vertex -12.0444 -13.3766 0
      vertex -10.0725 -10.4304 0
    endloop
  endfacet
  facet normal 0 0 -1
    outer loop
      vertex -12.5038 -12.9481 0
      vertex -10.0725 -10.4304 0
      vertex -12.0444 -13.3766 0
    endloop
  endfacet
  facet normal -0 0 -1
    outer loop
      vertex -10.0725 -10.4304 0
      vertex -12.5038 -12.9481 0
      vertex -10.4304 -10.0725 0
    endloop
  endfacet
  facet normal 0 0 -1
    outer loop
      vertex -12.9481 -12.5038 0
      vertex -10.4304 -10.0725 0
      vertex -12.5038 -12.9481 0
    endloop
  endfacet
  facet normal -0 0 -1
    outer loop
      vertex -10.4304 -10.0725 0
      vertex -12.9481 -12.5038 0
      vertex -10.7756 -9.70239 0
    endloop
  endfacet
  facet normal 0 0 -1
    outer loop
      vertex -13.3766 -12.0444 0
      vertex -10.7756 -9.70239 0
      vertex -12.9481 -12.5038 0
    endloop
  endfacet
  facet normal -0 0 -1
    outer loop
      vertex -10.7756 -9.70239 0
      vertex -13.3766 -12.0444 0
      vertex -11.1076 -9.32042 0
    endloop
  endfacet
  facet normal 0 0 -1
    outer loop
      vertex -13.7888 -11.5702 0
      vertex -11.1076 -9.32042 0
      vertex -13.3766 -12.0444 0
    endloop
  endfacet
  facet normal -0 0 -1
    outer loop
      vertex -11.1076 -9.32042 0
      vertex -13.7888 -11.5702 0
      vertex -11.4262 -8.92709 0
    endloop
  endfacet
  facet normal 0 0 -1
    outer loop
      vertex -14.1842 -11.0819 0
      vertex -11.4262 -8.92709 0
      vertex -13.7888 -11.5702 0
    endloop
  endfacet
  facet normal -0 0 -1
    outer loop
      vertex -11.4262 -8.92709 0
      vertex -14.1842 -11.0819 0
      vertex -11.7307 -8.52289 0
    endloop
  endfacet
  facet normal 0 0 -1
    outer loop
      vertex -14.5623 -10.5801 0
      vertex -11.7307 -8.52289 0
      vertex -14.1842 -11.0819 0
    endloop
  endfacet
  facet normal -0 0 -1
    outer loop
      vertex -11.7307 -8.52289 0
      vertex -14.5623 -10.5801 0
      vertex -12.021 -8.1083 0
    endloop
  endfacet
  facet normal 0 0 -1
    outer loop
      vertex -14.9227 -10.0655 0
      vertex -12.021 -8.1083 0
      vertex -14.5623 -10.5801 0
    endloop
  endfacet
  facet normal -0 0 -1
    outer loop
      vertex -12.021 -8.1083 0
      vertex -14.9227 -10.0655 0
      vertex -12.2967 -7.68383 0
    endloop
  endfacet
  facet normal 0 0 -1
    outer loop
      vertex -15.2649 -9.53855 0
      vertex -12.2967 -7.68383 0
      vertex -14.9227 -10.0655 0
    endloop
  endfacet
  facet normal -0 0 -1
    outer loop
      vertex -12.2967 -7.68383 0
      vertex -15.2649 -9.53855 0
      vertex -12.5574 -7.25 0
    endloop
  endfacet
  facet normal 0 0 -1
    outer loop
      vertex -15.5885 -9 0
      vertex -12.5574 -7.25 0
      vertex -15.2649 -9.53855 0
    endloop
  endfacet
  facet normal -0 0 -1
    outer loop
      vertex -12.5574 -7.25 0
      vertex -15.5885 -9 0
      vertex -12.8027 -6.80734 0
    endloop
  endfacet
  facet normal 0 0 -1
    outer loop
      vertex -15.8931 -8.45049 0
      vertex -12.8027 -6.80734 0
      vertex -15.5885 -9 0
    endloop
  endfacet
  facet normal -0 0 -1
    outer loop
      vertex -12.8027 -6.80734 0
      vertex -15.8931 -8.45049 0
      vertex -13.0325 -6.35638 0
    endloop
  endfacet
  facet normal 0 0 -1
    outer loop
      vertex -16.1783 -7.89068 0
      vertex -13.0325 -6.35638 0
      vertex -15.8931 -8.45049 0
    endloop
  endfacet
  facet normal -0 0 -1
    outer loop
      vertex -13.0325 -6.35638 0
      vertex -16.1783 -7.89068 0
      vertex -13.2464 -5.89768 0
    endloop
  endfacet
  facet normal 0 0 -1
    outer loop
      vertex -16.4438 -7.32126 0
      vertex -13.2464 -5.89768 0
      vertex -16.1783 -7.89068 0
    endloop
  endfacet
  facet normal -0 0 -1
    outer loop
      vertex -13.2464 -5.89768 0
      vertex -16.4438 -7.32126 0
      vertex -13.4442 -5.4318 0
    endloop
  endfacet
  facet normal 0 0 -1
    outer loop
      vertex -16.6893 -6.74292 0
      vertex -13.4442 -5.4318 0
      vertex -16.4438 -7.32126 0
    endloop
  endfacet
  facet normal -0 0 -1
    outer loop
      vertex -13.4442 -5.4318 0
      vertex -16.6893 -6.74292 0
      vertex -13.6255 -4.95929 0
    endloop
  endfacet
  facet normal 0 0 -1
    outer loop
      vertex -16.9145 -6.15636 0
      vertex -13.6255 -4.95929 0
      vertex -16.6893 -6.74292 0
    endloop
  endfacet
  facet normal 0 0 -1
    outer loop
      vertex -17.119 -5.56231 0
      vertex -13.7903 -4.48075 0
      vertex -16.9145 -6.15636 0
    endloop
  endfacet
  facet normal -0 0 -1
    outer loop
      vertex -13.6255 -4.95929 0
      vertex -16.9145 -6.15636 0
      vertex -13.7903 -4.48075 0
    endloop
  endfacet
  facet normal -0 0 -1
    outer loop
      vertex 17.119 5.56231 0
      vertex 13.7903 4.48075 0
      vertex 16.9145 6.15636 0
    endloop
  endfacet
  facet normal 0 0 -1
    outer loop
      vertex 13.6255 4.95929 0
      vertex 16.9145 6.15636 0
      vertex 13.7903 4.48075 0
    endloop
  endfacet
  facet normal -0 0 -1
    outer loop
      vertex 16.9145 6.15636 0
      vertex 13.6255 4.95929 0
      vertex 16.6893 6.74292 0
    endloop
  endfacet
  facet normal 0 0 -1
    outer loop
      vertex 13.4442 5.4318 0
      vertex 16.6893 6.74292 0
      vertex 13.6255 4.95929 0
    endloop
  endfacet
  facet normal -0 0 -1
    outer loop
      vertex 16.6893 6.74292 0
      vertex 13.4442 5.4318 0
      vertex 16.4438 7.32126 0
    endloop
  endfacet
  facet normal 0 0 -1
    outer loop
      vertex 13.2464 5.89768 0
      vertex 16.4438 7.32126 0
      vertex 13.4442 5.4318 0
    endloop
  endfacet
  facet normal -0 0 -1
    outer loop
      vertex 16.4438 7.32126 0
      vertex 13.2464 5.89768 0
      vertex 16.1783 7.89068 0
    endloop
  endfacet
  facet normal 0 0 -1
    outer loop
      vertex 13.0325 6.35638 0
      vertex 16.1783 7.89068 0
      vertex 13.2464 5.89768 0
    endloop
  endfacet
  facet normal -0 0 -1
    outer loop
      vertex 16.1783 7.89068 0
      vertex 13.0325 6.35638 0
      vertex 15.8931 8.45049 0
    endloop
  endfacet
  facet normal 0 0 -1
    outer loop
      vertex 12.8027 6.80734 0
      vertex 15.8931 8.45049 0
      vertex 13.0325 6.35638 0
    endloop
  endfacet
  facet normal -0 0 -1
    outer loop
      vertex 15.8931 8.45049 0
      vertex 12.8027 6.80734 0
      vertex 15.5885 9 0
    endloop
  endfacet
  facet normal 0 0 -1
    outer loop
      vertex 12.5574 7.25 0
      vertex 15.5885 9 0
      vertex 12.8027 6.80734 0
    endloop
  endfacet
  facet normal -0 0 -1
    outer loop
      vertex 15.5885 9 0
      vertex 12.5574 7.25 0
      vertex 15.2649 9.53855 0
    endloop
  endfacet
  facet normal 0 0 -1
    outer loop
      vertex 12.2967 7.68383 0
      vertex 15.2649 9.53855 0
      vertex 12.5574 7.25 0
    endloop
  endfacet
  facet normal -0 0 -1
    outer loop
      vertex 15.2649 9.53855 0
      vertex 12.2967 7.68383 0
      vertex 14.9227 10.0655 0
    endloop
  endfacet
  facet normal 0 0 -1
    outer loop
      vertex 12.021 8.1083 0
      vertex 14.9227 10.0655 0
      vertex 12.2967 7.68383 0
    endloop
  endfacet
  facet normal -0 0 -1
    outer loop
      vertex 14.9227 10.0655 0
      vertex 12.021 8.1083 0
      vertex 14.5623 10.5801 0
    endloop
  endfacet
  facet normal 0 0 -1
    outer loop
      vertex 11.7307 8.52289 0
      vertex 14.5623 10.5801 0
      vertex 12.021 8.1083 0
    endloop
  endfacet
  facet normal -0 0 -1
    outer loop
      vertex 14.5623 10.5801 0
      vertex 11.7307 8.52289 0
      vertex 14.1842 11.0819 0
    endloop
  endfacet
  facet normal 0 0 -1
    outer loop
      vertex 11.4262 8.92709 0
      vertex 14.1842 11.0819 0
      vertex 11.7307 8.52289 0
    endloop
  endfacet
  facet normal -0 0 -1
    outer loop
      vertex 14.1842 11.0819 0
      vertex 11.4262 8.92709 0
      vertex 13.7888 11.5702 0
    endloop
  endfacet
  facet normal 0 0 -1
    outer loop
      vertex 11.1076 9.32042 0
      vertex 13.7888 11.5702 0
      vertex 11.4262 8.92709 0
    endloop
  endfacet
  facet normal -0 0 -1
    outer loop
      vertex 13.7888 11.5702 0
      vertex 11.1076 9.32042 0
      vertex 13.3766 12.0444 0
    endloop
  endfacet
  facet normal 0 0 -1
    outer loop
      vertex 10.7756 9.70239 0
      vertex 13.3766 12.0444 0
      vertex 11.1076 9.32042 0
    endloop
  endfacet
  facet normal -0 0 -1
    outer loop
      vertex 13.3766 12.0444 0
      vertex 10.7756 9.70239 0
      vertex 12.9481 12.5038 0
    endloop
  endfacet
  facet normal 0 0 -1
    outer loop
      vertex 10.4304 10.0725 0
      vertex 12.9481 12.5038 0
      vertex 10.7756 9.70239 0
    endloop
  endfacet
  facet normal -0 0 -1
    outer loop
      vertex 12.9481 12.5038 0
      vertex 10.4304 10.0725 0
      vertex 12.5038 12.9481 0
    endloop
  endfacet
  facet normal 0 0 -1
    outer loop
      vertex 10.0725 10.4304 0
      vertex 12.5038 12.9481 0
      vertex 10.4304 10.0725 0
    endloop
  endfacet
  facet normal -0 0 -1
    outer loop
      vertex 12.5038 12.9481 0
      vertex 10.0725 10.4304 0
      vertex 12.0444 13.3766 0
    endloop
  endfacet
  facet normal 0 0 -1
    outer loop
      vertex 9.70239 10.7756 0
      vertex 12.0444 13.3766 0
      vertex 10.0725 10.4304 0
    endloop
  endfacet
  facet normal -0 0 -1
    outer loop
      vertex 12.0444 13.3766 0
      vertex 9.70239 10.7756 0
      vertex 11.5702 13.7888 0
    endloop
  endfacet
  facet normal 0 0 -1
    outer loop
      vertex 9.32042 11.1076 0
      vertex 11.5702 13.7888 0
      vertex 9.70239 10.7756 0
    endloop
  endfacet
  facet normal -0 0 -1
    outer loop
      vertex 11.5702 13.7888 0
      vertex 9.32042 11.1076 0
      vertex 11.0819 14.1842 0
    endloop
  endfacet
  facet normal 0 0 -1
    outer loop
      vertex 8.92709 11.4262 0
      vertex 11.0819 14.1842 0
      vertex 9.32042 11.1076 0
    endloop
  endfacet
  facet normal -0 0 -1
    outer loop
      vertex 11.0819 14.1842 0
      vertex 8.92709 11.4262 0
      vertex 10.5801 14.5623 0
    endloop
  endfacet
  facet normal 0 0 -1
    outer loop
      vertex 8.52289 11.7307 0
      vertex 10.5801 14.5623 0
      vertex 8.92709 11.4262 0
    endloop
  endfacet
  facet normal -0 0 -1
    outer loop
      vertex 10.5801 14.5623 0
      vertex 8.52289 11.7307 0
      vertex 10.0655 14.9227 0
    endloop
  endfacet
  facet normal 0 0 -1
    outer loop
      vertex 8.1083 12.021 0
      vertex 10.0655 14.9227 0
      vertex 8.52289 11.7307 0
    endloop
  endfacet
  facet normal -0 0 -1
    outer loop
      vertex 10.0655 14.9227 0
      vertex 8.1083 12.021 0
      vertex 9.53855 15.2649 0
    endloop
  endfacet
  facet normal 0 0 -1
    outer loop
      vertex 7.68383 12.2967 0
      vertex 9.53855 15.2649 0
      vertex 8.1083 12.021 0
    endloop
  endfacet
  facet normal -0 0 -1
    outer loop
      vertex 9.53855 15.2649 0
      vertex 7.68383 12.2967 0
      vertex 9 15.5885 0
    endloop
  endfacet
  facet normal 0 0 -1
    outer loop
      vertex 7.25 12.5574 0
      vertex 9 15.5885 0
      vertex 7.68383 12.2967 0
    endloop
  endfacet
  facet normal -0 0 -1
    outer loop
      vertex 9 15.5885 0
      vertex 7.25 12.5574 0
      vertex 8.45049 15.8931 0
    endloop
  endfacet
  facet normal 0 0 -1
    outer loop
      vertex 6.80734 12.8027 0
      vertex 8.45049 15.8931 0
      vertex 7.25 12.5574 0
    endloop
  endfacet
  facet normal -0 0 -1
    outer loop
      vertex 8.45049 15.8931 0
      vertex 6.80734 12.8027 0
      vertex 7.89068 16.1783 0
    endloop
  endfacet
  facet normal 0 0 -1
    outer loop
      vertex 6.35638 13.0325 0
      vertex 7.89068 16.1783 0
      vertex 6.80734 12.8027 0
    endloop
  endfacet
  facet normal -0 0 -1
    outer loop
      vertex 7.89068 16.1783 0
      vertex 6.35638 13.0325 0
      vertex 7.32126 16.4438 0
    endloop
  endfacet
  facet normal 0 0 -1
    outer loop
      vertex 5.89768 13.2464 0
      vertex 7.32126 16.4438 0
      vertex 6.35638 13.0325 0
    endloop
  endfacet
  facet normal -0 0 -1
    outer loop
      vertex 7.32126 16.4438 0
      vertex 5.89768 13.2464 0
      vertex 6.74292 16.6893 0
    endloop
  endfacet
  facet normal 0 0 -1
    outer loop
      vertex 5.4318 13.4442 0
      vertex 6.74292 16.6893 0
      vertex 5.89768 13.2464 0
    endloop
  endfacet
  facet normal -0 0 -1
    outer loop
      vertex 6.74292 16.6893 0
      vertex 5.4318 13.4442 0
      vertex 6.15636 16.9145 0
    endloop
  endfacet
  facet normal 0 0 -1
    outer loop
      vertex 4.95929 13.6255 0
      vertex 6.15636 16.9145 0
      vertex 5.4318 13.4442 0
    endloop
  endfacet
  facet normal -0 0 -1
    outer loop
      vertex 6.15636 16.9145 0
      vertex 4.95929 13.6255 0
      vertex 5.56231 17.119 0
    endloop
  endfacet
  facet normal 0 0 -1
    outer loop
      vertex 4.48075 13.7903 0
      vertex 5.56231 17.119 0
      vertex 4.95929 13.6255 0
    endloop
  endfacet
  facet normal -0 0 -1
    outer loop
      vertex 5.56231 17.119 0
      vertex 4.48075 13.7903 0
      vertex 4.96147 17.3027 0
    endloop
  endfacet
  facet normal 0 0 -1
    outer loop
      vertex 3.99674 13.9383 0
      vertex 4.96147 17.3027 0
      vertex 4.48075 13.7903 0
    endloop
  endfacet
  facet normal -0 0 -1
    outer loop
      vertex 4.96147 17.3027 0
      vertex 3.99674 13.9383 0
      vertex 4.35459 17.4653 0
    endloop
  endfacet
  facet normal 0 0 -1
    outer loop
      vertex 3.50787 14.0693 0
      vertex 4.35459 17.4653 0
      vertex 3.99674 13.9383 0
    endloop
  endfacet
  facet normal -0 0 -1
    outer loop
      vertex 4.35459 17.4653 0
      vertex 3.50787 14.0693 0
      vertex 3.74241 17.6067 0
    endloop
  endfacet
  facet normal 0 0 -1
    outer loop
      vertex 3.01472 14.1831 0
      vertex 3.74241 17.6067 0
      vertex 3.50787 14.0693 0
    endloop
  endfacet
  facet normal -0 0 -1
    outer loop
      vertex 3.74241 17.6067 0
      vertex 3.01472 14.1831 0
      vertex 3.12567 17.7265 0
    endloop
  endfacet
  facet normal 0 0 -1
    outer loop
      vertex 2.5179 14.2797 0
      vertex 3.12567 17.7265 0
      vertex 3.01472 14.1831 0
    endloop
  endfacet
  facet normal 0 0 -1
    outer loop
      vertex 2.5179 14.2797 0
      vertex 2.50512 17.8248 0
      vertex 3.12567 17.7265 0
    endloop
  endfacet
  facet normal 0 0 -1
    outer loop
      vertex 2.01801 14.3589 0
      vertex 2.50512 17.8248 0
      vertex 2.5179 14.2797 0
    endloop
  endfacet
  facet normal 0 0 -1
    outer loop
      vertex 2.01801 14.3589 0
      vertex 1.88151 17.9014 0
      vertex 2.50512 17.8248 0
    endloop
  endfacet
  facet normal 0 0 -1
    outer loop
      vertex 1.51566 14.4206 0
      vertex 1.88151 17.9014 0
      vertex 2.01801 14.3589 0
    endloop
  endfacet
  facet normal 0 0 -1
    outer loop
      vertex 1.51566 14.4206 0
      vertex 1.25562 17.9562 0
      vertex 1.88151 17.9014 0
    endloop
  endfacet
  facet normal 0 0 -1
    outer loop
      vertex 1.01147 14.4647 0
      vertex 1.25562 17.9562 0
      vertex 1.51566 14.4206 0
    endloop
  endfacet
  facet normal 0 0 -1
    outer loop
      vertex 1.01147 14.4647 0
      vertex 0.62819 17.989 0
      vertex 1.25562 17.9562 0
    endloop
  endfacet
  facet normal 0 0 -1
    outer loop
      vertex 0.506042 14.4912 0
      vertex 0.62819 17.989 0
      vertex 1.01147 14.4647 0
    endloop
  endfacet
  facet normal 0 0 -1
    outer loop
      vertex 0 14.5 0
      vertex 0.62819 17.989 0
      vertex 0.506042 14.4912 0
    endloop
  endfacet
  facet normal 0 0 -1
    outer loop
      vertex 0 14.5 0
      vertex 0 18 0
      vertex 0.62819 17.989 0
    endloop
  endfacet
  facet normal 0 0 -1
    outer loop
      vertex -0.506042 14.4912 0
      vertex 0 18 0
      vertex 0 14.5 0
    endloop
  endfacet
  facet normal 0 0 -1
    outer loop
      vertex -0.506042 14.4912 0
      vertex -0.62819 17.989 0
      vertex 0 18 0
    endloop
  endfacet
  facet normal 0 0 -1
    outer loop
      vertex -1.01147 14.4647 0
      vertex -0.62819 17.989 0
      vertex -0.506042 14.4912 0
    endloop
  endfacet
  facet normal 0 0 -1
    outer loop
      vertex -1.01147 14.4647 0
      vertex -1.25562 17.9562 0
      vertex -0.62819 17.989 0
    endloop
  endfacet
  facet normal 0 0 -1
    outer loop
      vertex -1.51566 14.4206 0
      vertex -1.25562 17.9562 0
      vertex -1.01147 14.4647 0
    endloop
  endfacet
  facet normal 0 0 -1
    outer loop
      vertex -1.51566 14.4206 0
      vertex -1.88151 17.9014 0
      vertex -1.25562 17.9562 0
    endloop
  endfacet
  facet normal 0 0 -1
    outer loop
      vertex -2.01801 14.3589 0
      vertex -1.88151 17.9014 0
      vertex -1.51566 14.4206 0
    endloop
  endfacet
  facet normal 0 0 -1
    outer loop
      vertex -2.01801 14.3589 0
      vertex -2.50512 17.8248 0
      vertex -1.88151 17.9014 0
    endloop
  endfacet
  facet normal 0 0 -1
    outer loop
      vertex -2.5179 14.2797 0
      vertex -2.50512 17.8248 0
      vertex -2.01801 14.3589 0
    endloop
  endfacet
  facet normal 0 0 -1
    outer loop
      vertex -3.12567 17.7265 0
      vertex -2.5179 14.2797 0
      vertex -3.01472 14.1831 0
    endloop
  endfacet
  facet normal 0 0 -1
    outer loop
      vertex -2.5179 14.2797 0
      vertex -3.12567 17.7265 0
      vertex -2.50512 17.8248 0
    endloop
  endfacet
  facet normal 0 0 -1
    outer loop
      vertex -3.74241 17.6067 0
      vertex -3.01472 14.1831 0
      vertex -3.50787 14.0693 0
    endloop
  endfacet
  facet normal 0 0 -1
    outer loop
      vertex -3.01472 14.1831 0
      vertex -3.74241 17.6067 0
      vertex -3.12567 17.7265 0
    endloop
  endfacet
  facet normal 0 0 -1
    outer loop
      vertex -4.35459 17.4653 0
      vertex -3.50787 14.0693 0
      vertex -3.99674 13.9383 0
    endloop
  endfacet
  facet normal 0 0 -1
    outer loop
      vertex -3.50787 14.0693 0
      vertex -4.35459 17.4653 0
      vertex -3.74241 17.6067 0
    endloop
  endfacet
  facet normal 0 0 -1
    outer loop
      vertex -4.96147 17.3027 0
      vertex -3.99674 13.9383 0
      vertex -4.48075 13.7903 0
    endloop
  endfacet
  facet normal 0 0 -1
    outer loop
      vertex -5.56231 17.119 0
      vertex -4.48075 13.7903 0
      vertex -4.95929 13.6255 0
    endloop
  endfacet
  facet normal 0 0 -1
    outer loop
      vertex -3.99674 13.9383 0
      vertex -4.96147 17.3027 0
      vertex -4.35459 17.4653 0
    endloop
  endfacet
  facet normal 0 0 -1
    outer loop
      vertex -6.15636 16.9145 0
      vertex -4.95929 13.6255 0
      vertex -5.4318 13.4442 0
    endloop
  endfacet
  facet normal 0 0 -1
    outer loop
      vertex -4.48075 13.7903 0
      vertex -5.56231 17.119 0
      vertex -4.96147 17.3027 0
    endloop
  endfacet
  facet normal 0 0 -1
    outer loop
      vertex -6.74292 16.6893 0
      vertex -5.4318 13.4442 0
      vertex -5.89768 13.2464 0
    endloop
  endfacet
  facet normal 0 0 -1
    outer loop
      vertex -4.95929 13.6255 0
      vertex -6.15636 16.9145 0
      vertex -5.56231 17.119 0
    endloop
  endfacet
  facet normal 0 0 -1
    outer loop
      vertex -7.32126 16.4438 0
      vertex -5.89768 13.2464 0
      vertex -6.35638 13.0325 0
    endloop
  endfacet
  facet normal 0 0 -1
    outer loop
      vertex -5.4318 13.4442 0
      vertex -6.74292 16.6893 0
      vertex -6.15636 16.9145 0
    endloop
  endfacet
  facet normal 0 0 -1
    outer loop
      vertex -7.89068 16.1783 0
      vertex -6.35638 13.0325 0
      vertex -6.80734 12.8027 0
    endloop
  endfacet
  facet normal 0 0 -1
    outer loop
      vertex -8.45049 15.8931 0
      vertex -6.80734 12.8027 0
      vertex -7.25 12.5574 0
    endloop
  endfacet
  facet normal 0 0 -1
    outer loop
      vertex -5.89768 13.2464 0
      vertex -7.32126 16.4438 0
      vertex -6.74292 16.6893 0
    endloop
  endfacet
  facet normal 0 0 -1
    outer loop
      vertex -9 15.5885 0
      vertex -7.25 12.5574 0
      vertex -7.68383 12.2967 0
    endloop
  endfacet
  facet normal 0 0 -1
    outer loop
      vertex -6.35638 13.0325 0
      vertex -7.89068 16.1783 0
      vertex -7.32126 16.4438 0
    endloop
  endfacet
  facet normal 0 0 -1
    outer loop
      vertex -9.53855 15.2649 0
      vertex -7.68383 12.2967 0
      vertex -8.1083 12.021 0
    endloop
  endfacet
  facet normal 0 0 -1
    outer loop
      vertex -6.80734 12.8027 0
      vertex -8.45049 15.8931 0
      vertex -7.89068 16.1783 0
    endloop
  endfacet
  facet normal 0 0 -1
    outer loop
      vertex -10.0655 14.9227 0
      vertex -8.1083 12.021 0
      vertex -8.52289 11.7307 0
    endloop
  endfacet
  facet normal 0 0 -1
    outer loop
      vertex -10.5801 14.5623 0
      vertex -8.52289 11.7307 0
      vertex -8.92709 11.4262 0
    endloop
  endfacet
  facet normal 0 0 -1
    outer loop
      vertex -7.25 12.5574 0
      vertex -9 15.5885 0
      vertex -8.45049 15.8931 0
    endloop
  endfacet
  facet normal 0 0 -1
    outer loop
      vertex -11.0819 14.1842 0
      vertex -8.92709 11.4262 0
      vertex -9.32042 11.1076 0
    endloop
  endfacet
  facet normal 0 0 -1
    outer loop
      vertex -7.68383 12.2967 0
      vertex -9.53855 15.2649 0
      vertex -9 15.5885 0
    endloop
  endfacet
  facet normal 0 0 -1
    outer loop
      vertex -11.5702 13.7888 0
      vertex -9.32042 11.1076 0
      vertex -9.70239 10.7756 0
    endloop
  endfacet
  facet normal 0 0 -1
    outer loop
      vertex -8.1083 12.021 0
      vertex -10.0655 14.9227 0
      vertex -9.53855 15.2649 0
    endloop
  endfacet
  facet normal 0 0 -1
    outer loop
      vertex -12.0444 13.3766 0
      vertex -9.70239 10.7756 0
      vertex -10.0725 10.4304 0
    endloop
  endfacet
  facet normal 0 0 -1
    outer loop
      vertex -12.5038 12.9481 0
      vertex -10.0725 10.4304 0
      vertex -10.4304 10.0725 0
    endloop
  endfacet
  facet normal 0 0 -1
    outer loop
      vertex -8.52289 11.7307 0
      vertex -10.5801 14.5623 0
      vertex -10.0655 14.9227 0
    endloop
  endfacet
  facet normal 0 0 -1
    outer loop
      vertex -12.9481 12.5038 0
      vertex -10.4304 10.0725 0
      vertex -10.7756 9.70239 0
    endloop
  endfacet
  facet normal 0 0 -1
    outer loop
      vertex -8.92709 11.4262 0
      vertex -11.0819 14.1842 0
      vertex -10.5801 14.5623 0
    endloop
  endfacet
  facet normal 0 0 -1
    outer loop
      vertex -13.3766 12.0444 0
      vertex -10.7756 9.70239 0
      vertex -11.1076 9.32042 0
    endloop
  endfacet
  facet normal 0 0 -1
    outer loop
      vertex -13.7888 11.5702 0
      vertex -11.1076 9.32042 0
      vertex -11.4262 8.92709 0
    endloop
  endfacet
  facet normal 0 0 -1
    outer loop
      vertex -9.32042 11.1076 0
      vertex -11.5702 13.7888 0
      vertex -11.0819 14.1842 0
    endloop
  endfacet
  facet normal 0 0 -1
    outer loop
      vertex -14.1842 11.0819 0
      vertex -11.4262 8.92709 0
      vertex -11.7307 8.52289 0
    endloop
  endfacet
  facet normal 0 0 -1
    outer loop
      vertex -14.5623 10.5801 0
      vertex -11.7307 8.52289 0
      vertex -12.021 8.1083 0
    endloop
  endfacet
  facet normal 0 0 -1
    outer loop
      vertex -9.70239 10.7756 0
      vertex -12.0444 13.3766 0
      vertex -11.5702 13.7888 0
    endloop
  endfacet
  facet normal 0 0 -1
    outer loop
      vertex -14.9227 10.0655 0
      vertex -12.021 8.1083 0
      vertex -12.2967 7.68383 0
    endloop
  endfacet
  facet normal 0 0 -1
    outer loop
      vertex -10.0725 10.4304 0
      vertex -12.5038 12.9481 0
      vertex -12.0444 13.3766 0
    endloop
  endfacet
  facet normal 0 0 -1
    outer loop
      vertex -15.2649 9.53855 0
      vertex -12.2967 7.68383 0
      vertex -12.5574 7.25 0
    endloop
  endfacet
  facet normal 0 0 -1
    outer loop
      vertex -15.5885 9 0
      vertex -12.5574 7.25 0
      vertex -12.8027 6.80734 0
    endloop
  endfacet
  facet normal 0 0 -1
    outer loop
      vertex -10.4304 10.0725 0
      vertex -12.9481 12.5038 0
      vertex -12.5038 12.9481 0
    endloop
  endfacet
  facet normal 0 0 -1
    outer loop
      vertex -15.8931 8.45049 0
      vertex -12.8027 6.80734 0
      vertex -13.0325 6.35638 0
    endloop
  endfacet
  facet normal 0 0 -1
    outer loop
      vertex -16.1783 7.89068 0
      vertex -13.0325 6.35638 0
      vertex -13.2464 5.89768 0
    endloop
  endfacet
  facet normal 0 0 -1
    outer loop
      vertex -10.7756 9.70239 0
      vertex -13.3766 12.0444 0
      vertex -12.9481 12.5038 0
    endloop
  endfacet
  facet normal 0 0 -1
    outer loop
      vertex -16.4438 7.32126 0
      vertex -13.2464 5.89768 0
      vertex -13.4442 5.4318 0
    endloop
  endfacet
  facet normal 0 0 -1
    outer loop
      vertex -16.6893 6.74292 0
      vertex -13.4442 5.4318 0
      vertex -13.6255 4.95929 0
    endloop
  endfacet
  facet normal 0 0 -1
    outer loop
      vertex -11.1076 9.32042 0
      vertex -13.7888 11.5702 0
      vertex -13.3766 12.0444 0
    endloop
  endfacet
  facet normal 0 0 -1
    outer loop
      vertex -16.9145 6.15636 0
      vertex -13.6255 4.95929 0
      vertex -13.7903 4.48075 0
    endloop
  endfacet
  facet normal 0 0 -1
    outer loop
      vertex -17.119 5.56231 0
      vertex -13.7903 4.48075 0
      vertex -13.9383 3.99674 0
    endloop
  endfacet
  facet normal 0 0 -1
    outer loop
      vertex -17.3027 4.96147 0
      vertex -13.9383 3.99674 0
      vertex -14.0693 3.50787 0
    endloop
  endfacet
  facet normal 0 0 -1
    outer loop
      vertex -17.4653 4.35459 0
      vertex -14.0693 3.50787 0
      vertex -14.1831 3.01472 0
    endloop
  endfacet
  facet normal 0 0 -1
    outer loop
      vertex -11.4262 8.92709 0
      vertex -14.1842 11.0819 0
      vertex -13.7888 11.5702 0
    endloop
  endfacet
  facet normal 0 0 -1
    outer loop
      vertex -17.6067 3.74241 0
      vertex -14.1831 3.01472 0
      vertex -14.2797 2.5179 0
    endloop
  endfacet
  facet normal 0 0 -1
    outer loop
      vertex -17.7265 3.12567 0
      vertex -14.2797 2.5179 0
      vertex -14.3589 2.01801 0
    endloop
  endfacet
  facet normal 0 0 -1
    outer loop
      vertex -17.8248 2.50512 0
      vertex -14.3589 2.01801 0
      vertex -14.4206 1.51566 0
    endloop
  endfacet
  facet normal 0 0 -1
    outer loop
      vertex -17.9014 1.88151 0
      vertex -14.4206 1.51566 0
      vertex -14.4647 1.01147 0
    endloop
  endfacet
  facet normal 0 0 -1
    outer loop
      vertex -17.9562 1.25562 0
      vertex -14.4647 1.01147 0
      vertex -14.4912 0.506042 0
    endloop
  endfacet
  facet normal 0 0 -1
    outer loop
      vertex -11.7307 8.52289 0
      vertex -14.5623 10.5801 0
      vertex -14.1842 11.0819 0
    endloop
  endfacet
  facet normal 0 0 -1
    outer loop
      vertex -17.989 0.62819 0
      vertex -14.4912 0.506042 0
      vertex -14.5 0 0
    endloop
  endfacet
  facet normal -0 0 -1
    outer loop
      vertex -13.7903 -4.48075 0
      vertex -17.119 -5.56231 0
      vertex -13.9383 -3.99674 0
    endloop
  endfacet
  facet normal 0 0 -1
    outer loop
      vertex -17.3027 -4.96147 0
      vertex -13.9383 -3.99674 0
      vertex -17.119 -5.56231 0
    endloop
  endfacet
  facet normal 0 0 -1
    outer loop
      vertex -12.021 8.1083 0
      vertex -14.9227 10.0655 0
      vertex -14.5623 10.5801 0
    endloop
  endfacet
  facet normal -0 0 -1
    outer loop
      vertex -13.9383 -3.99674 0
      vertex -17.3027 -4.96147 0
      vertex -14.0693 -3.50787 0
    endloop
  endfacet
  facet normal 0 0 -1
    outer loop
      vertex -12.2967 7.68383 0
      vertex -15.2649 9.53855 0
      vertex -14.9227 10.0655 0
    endloop
  endfacet
  facet normal 0 0 -1
    outer loop
      vertex -17.4653 -4.35459 0
      vertex -14.0693 -3.50787 0
      vertex -17.3027 -4.96147 0
    endloop
  endfacet
  facet normal 0 0 -1
    outer loop
      vertex -12.5574 7.25 0
      vertex -15.5885 9 0
      vertex -15.2649 9.53855 0
    endloop
  endfacet
  facet normal -0 0 -1
    outer loop
      vertex -14.0693 -3.50787 0
      vertex -17.4653 -4.35459 0
      vertex -14.1831 -3.01472 0
    endloop
  endfacet
  facet normal 0 0 -1
    outer loop
      vertex -12.8027 6.80734 0
      vertex -15.8931 8.45049 0
      vertex -15.5885 9 0
    endloop
  endfacet
  facet normal 0 0 -1
    outer loop
      vertex -17.6067 -3.74241 0
      vertex -14.1831 -3.01472 0
      vertex -17.4653 -4.35459 0
    endloop
  endfacet
  facet normal 0 0 -1
    outer loop
      vertex -13.0325 6.35638 0
      vertex -16.1783 7.89068 0
      vertex -15.8931 8.45049 0
    endloop
  endfacet
  facet normal -0 0 -1
    outer loop
      vertex -14.1831 -3.01472 0
      vertex -17.6067 -3.74241 0
      vertex -14.2797 -2.5179 0
    endloop
  endfacet
  facet normal 0 0 -1
    outer loop
      vertex -13.2464 5.89768 0
      vertex -16.4438 7.32126 0
      vertex -16.1783 7.89068 0
    endloop
  endfacet
  facet normal 0 0 -1
    outer loop
      vertex -17.7265 -3.12567 0
      vertex -14.2797 -2.5179 0
      vertex -17.6067 -3.74241 0
    endloop
  endfacet
  facet normal 0 0 -1
    outer loop
      vertex -13.4442 5.4318 0
      vertex -16.6893 6.74292 0
      vertex -16.4438 7.32126 0
    endloop
  endfacet
  facet normal -0 0 -1
    outer loop
      vertex -14.2797 -2.5179 0
      vertex -17.7265 -3.12567 0
      vertex -14.3589 -2.01801 0
    endloop
  endfacet
  facet normal 0 0 -1
    outer loop
      vertex -13.6255 4.95929 0
      vertex -16.9145 6.15636 0
      vertex -16.6893 6.74292 0
    endloop
  endfacet
  facet normal 0 0 -1
    outer loop
      vertex -17.8248 -2.50512 0
      vertex -14.3589 -2.01801 0
      vertex -17.7265 -3.12567 0
    endloop
  endfacet
  facet normal 0 0 -1
    outer loop
      vertex -13.7903 4.48075 0
      vertex -17.119 5.56231 0
      vertex -16.9145 6.15636 0
    endloop
  endfacet
  facet normal -0 0 -1
    outer loop
      vertex -14.3589 -2.01801 0
      vertex -17.8248 -2.50512 0
      vertex -14.4206 -1.51566 0
    endloop
  endfacet
  facet normal 0 0 -1
    outer loop
      vertex -13.9383 3.99674 0
      vertex -17.3027 4.96147 0
      vertex -17.119 5.56231 0
    endloop
  endfacet
  facet normal 0 0 -1
    outer loop
      vertex -17.9014 -1.88151 0
      vertex -14.4206 -1.51566 0
      vertex -17.8248 -2.50512 0
    endloop
  endfacet
  facet normal 0 0 -1
    outer loop
      vertex -14.0693 3.50787 0
      vertex -17.4653 4.35459 0
      vertex -17.3027 4.96147 0
    endloop
  endfacet
  facet normal -0 0 -1
    outer loop
      vertex -14.4206 -1.51566 0
      vertex -17.9014 -1.88151 0
      vertex -14.4647 -1.01147 0
    endloop
  endfacet
  facet normal 0 0 -1
    outer loop
      vertex -14.1831 3.01472 0
      vertex -17.6067 3.74241 0
      vertex -17.4653 4.35459 0
    endloop
  endfacet
  facet normal 0 0 -1
    outer loop
      vertex -17.9562 -1.25562 0
      vertex -14.4647 -1.01147 0
      vertex -17.9014 -1.88151 0
    endloop
  endfacet
  facet normal 0 0 -1
    outer loop
      vertex -14.2797 2.5179 0
      vertex -17.7265 3.12567 0
      vertex -17.6067 3.74241 0
    endloop
  endfacet
  facet normal -0 0 -1
    outer loop
      vertex -14.4647 -1.01147 0
      vertex -17.9562 -1.25562 0
      vertex -14.4912 -0.506042 0
    endloop
  endfacet
  facet normal 0 0 -1
    outer loop
      vertex -14.3589 2.01801 0
      vertex -17.8248 2.50512 0
      vertex -17.7265 3.12567 0
    endloop
  endfacet
  facet normal 0 0 -1
    outer loop
      vertex -17.989 -0.62819 0
      vertex -14.4912 -0.506042 0
      vertex -17.9562 -1.25562 0
    endloop
  endfacet
  facet normal 0 0 -1
    outer loop
      vertex -14.4206 1.51566 0
      vertex -17.9014 1.88151 0
      vertex -17.8248 2.50512 0
    endloop
  endfacet
  facet normal -0 0 -1
    outer loop
      vertex -14.4912 -0.506042 0
      vertex -17.989 -0.62819 0
      vertex -14.5 0 0
    endloop
  endfacet
  facet normal 0 0 -1
    outer loop
      vertex -14.4647 1.01147 0
      vertex -17.9562 1.25562 0
      vertex -17.9014 1.88151 0
    endloop
  endfacet
  facet normal 0 0 -1
    outer loop
      vertex -18 0 0
      vertex -14.5 0 0
      vertex -17.989 -0.62819 0
    endloop
  endfacet
  facet normal 0 0 -1
    outer loop
      vertex -14.4912 0.506042 0
      vertex -17.989 0.62819 0
      vertex -17.9562 1.25562 0
    endloop
  endfacet
  facet normal 0 0 -1
    outer loop
      vertex -14.5 0 0
      vertex -18 0 0
      vertex -17.989 0.62819 0
    endloop
  endfacet
  facet normal -0.874619 0.484812 0
    outer loop
      vertex -15.8931 8.45049 0
      vertex -15.5885 9 2
      vertex -15.5885 9 0
    endloop
  endfacet
  facet normal -0.874619 0.484812 0
    outer loop
      vertex -15.5885 9 2
      vertex -15.8931 8.45049 0
      vertex -15.8931 8.45049 2
    endloop
  endfacet
  facet normal 0.601781 0.798661 -0
    outer loop
      vertex 11.0819 14.1842 0
      vertex 10.5801 14.5623 2
      vertex 11.0819 14.1842 2
    endloop
  endfacet
  facet normal 0.601781 0.798661 0
    outer loop
      vertex 10.5801 14.5623 2
      vertex 11.0819 14.1842 0
      vertex 10.5801 14.5623 0
    endloop
  endfacet
  facet normal -0.601781 0.798661 0
    outer loop
      vertex -10.5801 14.5623 0
      vertex -11.0819 14.1842 2
      vertex -10.5801 14.5623 2
    endloop
  endfacet
  facet normal -0.601781 0.798661 0
    outer loop
      vertex -11.0819 14.1842 2
      vertex -10.5801 14.5623 0
      vertex -11.0819 14.1842 0
    endloop
  endfacet
  facet normal -0.2588 0.965931 0
    outer loop
      vertex -4.35459 17.4653 0
      vertex -4.96147 17.3027 2
      vertex -4.35459 17.4653 2
    endloop
  endfacet
  facet normal -0.2588 0.965931 0
    outer loop
      vertex -4.96147 17.3027 2
      vertex -4.35459 17.4653 0
      vertex -4.96147 17.3027 0
    endloop
  endfacet
  facet normal -0.422586 0.906323 0
    outer loop
      vertex -7.32126 16.4438 0
      vertex -7.89068 16.1783 2
      vertex -7.32126 16.4438 2
    endloop
  endfacet
  facet normal -0.422586 0.906323 0
    outer loop
      vertex -7.89068 16.1783 2
      vertex -7.32126 16.4438 0
      vertex -7.89068 16.1783 0
    endloop
  endfacet
  facet normal 0.453943 -0.891031 0
    outer loop
      vertex 7.89068 -16.1783 0
      vertex 8.45049 -15.8931 2
      vertex 7.89068 -16.1783 2
    endloop
  endfacet
  facet normal 0.453943 -0.891031 0
    outer loop
      vertex 8.45049 -15.8931 2
      vertex 7.89068 -16.1783 0
      vertex 8.45049 -15.8931 0
    endloop
  endfacet
  facet normal 0.484812 -0.874619 0
    outer loop
      vertex 8.45049 -15.8931 0
      vertex 9 -15.5885 2
      vertex 8.45049 -15.8931 2
    endloop
  endfacet
  facet normal 0.484812 -0.874619 0
    outer loop
      vertex 9 -15.5885 2
      vertex 8.45049 -15.8931 0
      vertex 9 -15.5885 0
    endloop
  endfacet
  facet normal 0.156457 -0.987685 0
    outer loop
      vertex 2.50512 -17.8248 0
      vertex 3.12567 -17.7265 2
      vertex 2.50512 -17.8248 2
    endloop
  endfacet
  facet normal 0.156457 -0.987685 0
    outer loop
      vertex 3.12567 -17.7265 2
      vertex 2.50512 -17.8248 0
      vertex 3.12567 -17.7265 0
    endloop
  endfacet
  facet normal -0.656045 0.754722 0
    outer loop
      vertex -11.5702 13.7888 0
      vertex -12.0444 13.3766 2
      vertex -11.5702 13.7888 2
    endloop
  endfacet
  facet normal -0.656045 0.754722 0
    outer loop
      vertex -12.0444 13.3766 2
      vertex -11.5702 13.7888 0
      vertex -12.0444 13.3766 0
    endloop
  endfacet
  facet normal 0.754722 -0.656045 0
    outer loop
      vertex 13.3766 -12.0444 2
      vertex 13.7888 -11.5702 0
      vertex 13.7888 -11.5702 2
    endloop
  endfacet
  facet normal 0.754722 -0.656045 0
    outer loop
      vertex 13.7888 -11.5702 0
      vertex 13.3766 -12.0444 2
      vertex 13.3766 -12.0444 0
    endloop
  endfacet
  facet normal 0.981652 0.190683 0
    outer loop
      vertex 17.7265 3.12567 2
      vertex 17.6067 3.74241 0
      vertex 17.6067 3.74241 2
    endloop
  endfacet
  facet normal 0.981652 0.190683 0
    outer loop
      vertex 17.6067 3.74241 0
      vertex 17.7265 3.12567 2
      vertex 17.7265 3.12567 0
    endloop
  endfacet
  facet normal -0.156457 0.987685 0
    outer loop
      vertex -2.50512 17.8248 0
      vertex -3.12567 17.7265 2
      vertex -2.50512 17.8248 2
    endloop
  endfacet
  facet normal -0.156457 0.987685 0
    outer loop
      vertex -3.12567 17.7265 2
      vertex -2.50512 17.8248 0
      vertex -3.12567 17.7265 0
    endloop
  endfacet
  facet normal -0.390744 0.9205 0
    outer loop
      vertex -6.74292 16.6893 0
      vertex -7.32126 16.4438 2
      vertex -6.74292 16.6893 2
    endloop
  endfacet
  facet normal -0.390744 0.9205 0
    outer loop
      vertex -7.32126 16.4438 2
      vertex -6.74292 16.6893 0
      vertex -7.32126 16.4438 0
    endloop
  endfacet
  facet normal -0.225052 -0.974347 0
    outer loop
      vertex -4.35459 -17.4653 0
      vertex -3.74241 -17.6067 2
      vertex -4.35459 -17.4653 2
    endloop
  endfacet
  facet normal -0.225052 -0.974347 -0
    outer loop
      vertex -3.74241 -17.6067 2
      vertex -4.35459 -17.4653 0
      vertex -3.74241 -17.6067 0
    endloop
  endfacet
  facet normal 0.422586 0.906323 -0
    outer loop
      vertex 7.89068 16.1783 0
      vertex 7.32126 16.4438 2
      vertex 7.89068 16.1783 2
    endloop
  endfacet
  facet normal 0.422586 0.906323 0
    outer loop
      vertex 7.32126 16.4438 2
      vertex 7.89068 16.1783 0
      vertex 7.32126 16.4438 0
    endloop
  endfacet
  facet normal 0.965931 0.2588 0
    outer loop
      vertex 17.4653 4.35459 2
      vertex 17.3027 4.96147 0
      vertex 17.3027 4.96147 2
    endloop
  endfacet
  facet normal 0.965931 0.2588 0
    outer loop
      vertex 17.3027 4.96147 0
      vertex 17.4653 4.35459 2
      vertex 17.4653 4.35459 0
    endloop
  endfacet
  facet normal 0.390744 0.9205 -0
    outer loop
      vertex 7.32126 16.4438 0
      vertex 6.74292 16.6893 2
      vertex 7.32126 16.4438 2
    endloop
  endfacet
  facet normal 0.390744 0.9205 0
    outer loop
      vertex 6.74292 16.6893 2
      vertex 7.32126 16.4438 0
      vertex 6.74292 16.6893 0
    endloop
  endfacet
  facet normal 0.707107 -0.707107 0
    outer loop
      vertex 12.5038 -12.9481 2
      vertex 12.9481 -12.5038 0
      vertex 12.9481 -12.5038 2
    endloop
  endfacet
  facet normal 0.707107 -0.707107 0
    outer loop
      vertex 12.9481 -12.5038 0
      vertex 12.5038 -12.9481 2
      vertex 12.5038 -12.9481 0
    endloop
  endfacet
  facet normal 0.656045 0.754722 -0
    outer loop
      vertex 12.0444 13.3766 0
      vertex 11.5702 13.7888 2
      vertex 12.0444 13.3766 2
    endloop
  endfacet
  facet normal 0.656045 0.754722 0
    outer loop
      vertex 11.5702 13.7888 2
      vertex 12.0444 13.3766 0
      vertex 11.5702 13.7888 0
    endloop
  endfacet
  facet normal 0.906323 0.422586 0
    outer loop
      vertex 16.4438 7.32126 2
      vertex 16.1783 7.89068 0
      vertex 16.1783 7.89068 2
    endloop
  endfacet
  facet normal 0.906323 0.422586 0
    outer loop
      vertex 16.1783 7.89068 0
      vertex 16.4438 7.32126 2
      vertex 16.4438 7.32126 0
    endloop
  endfacet
  facet normal 0.731272 0.682086 0
    outer loop
      vertex 13.3766 12.0444 2
      vertex 12.9481 12.5038 0
      vertex 12.9481 12.5038 2
    endloop
  endfacet
  facet normal 0.731272 0.682086 0
    outer loop
      vertex 12.9481 12.5038 0
      vertex 13.3766 12.0444 2
      vertex 13.3766 12.0444 0
    endloop
  endfacet
  facet normal 0.544633 0.838674 -0
    outer loop
      vertex 10.0655 14.9227 0
      vertex 9.53855 15.2649 2
      vertex 10.0655 14.9227 2
    endloop
  endfacet
  facet normal 0.544633 0.838674 0
    outer loop
      vertex 9.53855 15.2649 2
      vertex 10.0655 14.9227 0
      vertex 9.53855 15.2649 0
    endloop
  endfacet
  facet normal -0.857163 0.515046 0
    outer loop
      vertex -15.5885 9 0
      vertex -15.2649 9.53855 2
      vertex -15.2649 9.53855 0
    endloop
  endfacet
  facet normal -0.857163 0.515046 0
    outer loop
      vertex -15.2649 9.53855 2
      vertex -15.5885 9 0
      vertex -15.5885 9 2
    endloop
  endfacet
  facet normal 0.933559 0.358424 0
    outer loop
      vertex 16.9145 6.15636 2
      vertex 16.6893 6.74292 0
      vertex 16.6893 6.74292 2
    endloop
  endfacet
  facet normal 0.933559 0.358424 0
    outer loop
      vertex 16.6893 6.74292 0
      vertex 16.9145 6.15636 2
      vertex 16.9145 6.15636 0
    endloop
  endfacet
  facet normal -0.601781 -0.798661 0
    outer loop
      vertex -11.0819 -14.1842 0
      vertex -10.5801 -14.5623 2
      vertex -11.0819 -14.1842 2
    endloop
  endfacet
  facet normal -0.601781 -0.798661 -0
    outer loop
      vertex -10.5801 -14.5623 2
      vertex -11.0819 -14.1842 0
      vertex -10.5801 -14.5623 0
    endloop
  endfacet
  facet normal -0.0175079 0.999847 0
    outer loop
      vertex 0 18 0
      vertex -0.62819 17.989 2
      vertex 0 18 2
    endloop
  endfacet
  facet normal -0.0175079 0.999847 0
    outer loop
      vertex -0.62819 17.989 2
      vertex 0 18 0
      vertex -0.62819 17.989 0
    endloop
  endfacet
  facet normal 0.3255 -0.945542 0
    outer loop
      vertex 5.56231 -17.119 0
      vertex 6.15636 -16.9145 2
      vertex 5.56231 -17.119 2
    endloop
  endfacet
  facet normal 0.3255 -0.945542 0
    outer loop
      vertex 6.15636 -16.9145 2
      vertex 5.56231 -17.119 0
      vertex 6.15636 -16.9145 0
    endloop
  endfacet
  facet normal -0.99254 -0.121917 0
    outer loop
      vertex -17.8248 -2.50512 0
      vertex -17.9014 -1.88151 2
      vertex -17.9014 -1.88151 0
    endloop
  endfacet
  facet normal -0.99254 -0.121917 0
    outer loop
      vertex -17.9014 -1.88151 2
      vertex -17.8248 -2.50512 0
      vertex -17.8248 -2.50512 2
    endloop
  endfacet
  facet normal -0.999847 -0.0175079 0
    outer loop
      vertex -17.989 -0.62819 0
      vertex -18 0 2
      vertex -18 0 0
    endloop
  endfacet
  facet normal -0.999847 -0.0175079 0
    outer loop
      vertex -18 0 2
      vertex -17.989 -0.62819 0
      vertex -17.989 -0.62819 2
    endloop
  endfacet
  facet normal 0.0872216 -0.996189 0
    outer loop
      vertex 1.25562 -17.9562 0
      vertex 1.88151 -17.9014 2
      vertex 1.25562 -17.9562 2
    endloop
  endfacet
  facet normal 0.0872216 -0.996189 0
    outer loop
      vertex 1.88151 -17.9014 2
      vertex 1.25562 -17.9562 0
      vertex 1.88151 -17.9014 0
    endloop
  endfacet
  facet normal -0.956303 -0.292379 0
    outer loop
      vertex -17.119 -5.56231 0
      vertex -17.3027 -4.96147 2
      vertex -17.3027 -4.96147 0
    endloop
  endfacet
  facet normal -0.956303 -0.292379 0
    outer loop
      vertex -17.3027 -4.96147 2
      vertex -17.119 -5.56231 0
      vertex -17.119 -5.56231 2
    endloop
  endfacet
  facet normal -0.77716 -0.629304 0
    outer loop
      vertex -13.7888 -11.5702 0
      vertex -14.1842 -11.0819 2
      vertex -14.1842 -11.0819 0
    endloop
  endfacet
  facet normal -0.77716 -0.629304 0
    outer loop
      vertex -14.1842 -11.0819 2
      vertex -13.7888 -11.5702 0
      vertex -13.7888 -11.5702 2
    endloop
  endfacet
  facet normal -0.965931 -0.2588 0
    outer loop
      vertex -17.3027 -4.96147 0
      vertex -17.4653 -4.35459 2
      vertex -17.4653 -4.35459 0
    endloop
  endfacet
  facet normal -0.965931 -0.2588 0
    outer loop
      vertex -17.4653 -4.35459 2
      vertex -17.3027 -4.96147 0
      vertex -17.3027 -4.96147 2
    endloop
  endfacet
  facet normal 0.798661 -0.601781 0
    outer loop
      vertex 14.1842 -11.0819 2
      vertex 14.5623 -10.5801 0
      vertex 14.5623 -10.5801 2
    endloop
  endfacet
  facet normal 0.798661 -0.601781 0
    outer loop
      vertex 14.5623 -10.5801 0
      vertex 14.1842 -11.0819 2
      vertex 14.1842 -11.0819 0
    endloop
  endfacet
  facet normal -0.0872216 0.996189 0
    outer loop
      vertex -1.25562 17.9562 0
      vertex -1.88151 17.9014 2
      vertex -1.25562 17.9562 2
    endloop
  endfacet
  facet normal -0.0872216 0.996189 0
    outer loop
      vertex -1.88151 17.9014 2
      vertex -1.25562 17.9562 0
      vertex -1.88151 17.9014 0
    endloop
  endfacet
  facet normal -0.987685 0.156457 0
    outer loop
      vertex -17.8248 2.50512 0
      vertex -17.7265 3.12567 2
      vertex -17.7265 3.12567 0
    endloop
  endfacet
  facet normal -0.987685 0.156457 0
    outer loop
      vertex -17.7265 3.12567 2
      vertex -17.8248 2.50512 0
      vertex -17.8248 2.50512 2
    endloop
  endfacet
  facet normal 0.121917 -0.99254 0
    outer loop
      vertex 1.88151 -17.9014 0
      vertex 2.50512 -17.8248 2
      vertex 1.88151 -17.9014 2
    endloop
  endfacet
  facet normal 0.121917 -0.99254 0
    outer loop
      vertex 2.50512 -17.8248 2
      vertex 1.88151 -17.9014 0
      vertex 2.50512 -17.8248 0
    endloop
  endfacet
  facet normal -0.515046 -0.857163 0
    outer loop
      vertex -9.53855 -15.2649 0
      vertex -9 -15.5885 2
      vertex -9.53855 -15.2649 2
    endloop
  endfacet
  facet normal -0.515046 -0.857163 -0
    outer loop
      vertex -9 -15.5885 2
      vertex -9.53855 -15.2649 0
      vertex -9 -15.5885 0
    endloop
  endfacet
  facet normal -0.998636 -0.0522055 0
    outer loop
      vertex -17.9562 -1.25562 0
      vertex -17.989 -0.62819 2
      vertex -17.989 -0.62819 0
    endloop
  endfacet
  facet normal -0.998636 -0.0522055 0
    outer loop
      vertex -17.989 -0.62819 2
      vertex -17.9562 -1.25562 0
      vertex -17.9562 -1.25562 2
    endloop
  endfacet
  facet normal 0.629304 0.77716 -0
    outer loop
      vertex 11.5702 13.7888 0
      vertex 11.0819 14.1842 2
      vertex 11.5702 13.7888 2
    endloop
  endfacet
  facet normal 0.629304 0.77716 0
    outer loop
      vertex 11.0819 14.1842 2
      vertex 11.5702 13.7888 0
      vertex 11.0819 14.1842 0
    endloop
  endfacet
  facet normal 0.682086 0.731272 -0
    outer loop
      vertex 12.5038 12.9481 0
      vertex 12.0444 13.3766 2
      vertex 12.5038 12.9481 2
    endloop
  endfacet
  facet normal 0.682086 0.731272 0
    outer loop
      vertex 12.0444 13.3766 2
      vertex 12.5038 12.9481 0
      vertex 12.0444 13.3766 0
    endloop
  endfacet
  facet normal -0.754722 -0.656045 0
    outer loop
      vertex -13.3766 -12.0444 0
      vertex -13.7888 -11.5702 2
      vertex -13.7888 -11.5702 0
    endloop
  endfacet
  facet normal -0.754722 -0.656045 0
    outer loop
      vertex -13.7888 -11.5702 2
      vertex -13.3766 -12.0444 0
      vertex -13.3766 -12.0444 2
    endloop
  endfacet
  facet normal 0.422586 -0.906323 0
    outer loop
      vertex 7.32126 -16.4438 0
      vertex 7.89068 -16.1783 2
      vertex 7.32126 -16.4438 2
    endloop
  endfacet
  facet normal 0.422586 -0.906323 0
    outer loop
      vertex 7.89068 -16.1783 2
      vertex 7.32126 -16.4438 0
      vertex 7.89068 -16.1783 0
    endloop
  endfacet
  facet normal -0.956303 0.292379 0
    outer loop
      vertex -17.3027 4.96147 0
      vertex -17.119 5.56231 2
      vertex -17.119 5.56231 0
    endloop
  endfacet
  facet normal -0.956303 0.292379 0
    outer loop
      vertex -17.119 5.56231 2
      vertex -17.3027 4.96147 0
      vertex -17.3027 4.96147 2
    endloop
  endfacet
  facet normal -0.682086 0.731272 0
    outer loop
      vertex -12.0444 13.3766 0
      vertex -12.5038 12.9481 2
      vertex -12.0444 13.3766 2
    endloop
  endfacet
  facet normal -0.682086 0.731272 0
    outer loop
      vertex -12.5038 12.9481 2
      vertex -12.0444 13.3766 0
      vertex -12.5038 12.9481 0
    endloop
  endfacet
  facet normal 0.225052 -0.974347 0
    outer loop
      vertex 3.74241 -17.6067 0
      vertex 4.35459 -17.4653 2
      vertex 3.74241 -17.6067 2
    endloop
  endfacet
  facet normal 0.225052 -0.974347 0
    outer loop
      vertex 4.35459 -17.4653 2
      vertex 3.74241 -17.6067 0
      vertex 4.35459 -17.4653 0
    endloop
  endfacet
  facet normal -0.190683 0.981652 0
    outer loop
      vertex -3.12567 17.7265 0
      vertex -3.74241 17.6067 2
      vertex -3.12567 17.7265 2
    endloop
  endfacet
  facet normal -0.190683 0.981652 0
    outer loop
      vertex -3.74241 17.6067 2
      vertex -3.12567 17.7265 0
      vertex -3.74241 17.6067 0
    endloop
  endfacet
  facet normal 0.874619 0.484812 0
    outer loop
      vertex 15.8931 8.45049 2
      vertex 15.5885 9 0
      vertex 15.5885 9 2
    endloop
  endfacet
  facet normal 0.874619 0.484812 0
    outer loop
      vertex 15.5885 9 0
      vertex 15.8931 8.45049 2
      vertex 15.8931 8.45049 0
    endloop
  endfacet
  facet normal 0.156457 0.987685 -0
    outer loop
      vertex 3.12567 17.7265 0
      vertex 2.50512 17.8248 2
      vertex 3.12567 17.7265 2
    endloop
  endfacet
  facet normal 0.156457 0.987685 0
    outer loop
      vertex 2.50512 17.8248 2
      vertex 3.12567 17.7265 0
      vertex 2.50512 17.8248 0
    endloop
  endfacet
  facet normal 0.99254 -0.121917 0
    outer loop
      vertex 17.8248 -2.50512 2
      vertex 17.9014 -1.88151 0
      vertex 17.9014 -1.88151 2
    endloop
  endfacet
  facet normal 0.99254 -0.121917 0
    outer loop
      vertex 17.9014 -1.88151 0
      vertex 17.8248 -2.50512 2
      vertex 17.8248 -2.50512 0
    endloop
  endfacet
  facet normal -0.9205 -0.390744 0
    outer loop
      vertex -16.4438 -7.32126 0
      vertex -16.6893 -6.74292 2
      vertex -16.6893 -6.74292 0
    endloop
  endfacet
  facet normal -0.9205 -0.390744 0
    outer loop
      vertex -16.6893 -6.74292 2
      vertex -16.4438 -7.32126 0
      vertex -16.4438 -7.32126 2
    endloop
  endfacet
  facet normal -0.933559 -0.358424 0
    outer loop
      vertex -16.6893 -6.74292 0
      vertex -16.9145 -6.15636 2
      vertex -16.9145 -6.15636 0
    endloop
  endfacet
  facet normal -0.933559 -0.358424 0
    outer loop
      vertex -16.9145 -6.15636 2
      vertex -16.6893 -6.74292 0
      vertex -16.6893 -6.74292 2
    endloop
  endfacet
  facet normal 0.682086 -0.731272 0
    outer loop
      vertex 12.0444 -13.3766 0
      vertex 12.5038 -12.9481 2
      vertex 12.0444 -13.3766 2
    endloop
  endfacet
  facet normal 0.682086 -0.731272 0
    outer loop
      vertex 12.5038 -12.9481 2
      vertex 12.0444 -13.3766 0
      vertex 12.5038 -12.9481 0
    endloop
  endfacet
  facet normal -0.484812 0.874619 0
    outer loop
      vertex -8.45049 15.8931 0
      vertex -9 15.5885 2
      vertex -8.45049 15.8931 2
    endloop
  endfacet
  facet normal -0.484812 0.874619 0
    outer loop
      vertex -9 15.5885 2
      vertex -8.45049 15.8931 0
      vertex -9 15.5885 0
    endloop
  endfacet
  facet normal -0.682086 -0.731272 0
    outer loop
      vertex -12.5038 -12.9481 0
      vertex -12.0444 -13.3766 2
      vertex -12.5038 -12.9481 2
    endloop
  endfacet
  facet normal -0.682086 -0.731272 -0
    outer loop
      vertex -12.0444 -13.3766 2
      vertex -12.5038 -12.9481 0
      vertex -12.0444 -13.3766 0
    endloop
  endfacet
  facet normal 0.857163 -0.515046 0
    outer loop
      vertex 15.2649 -9.53855 2
      vertex 15.5885 -9 0
      vertex 15.5885 -9 2
    endloop
  endfacet
  facet normal 0.857163 -0.515046 0
    outer loop
      vertex 15.5885 -9 0
      vertex 15.2649 -9.53855 2
      vertex 15.2649 -9.53855 0
    endloop
  endfacet
  facet normal 0.965931 -0.2588 0
    outer loop
      vertex 17.3027 -4.96147 2
      vertex 17.4653 -4.35459 0
      vertex 17.4653 -4.35459 2
    endloop
  endfacet
  facet normal 0.965931 -0.2588 0
    outer loop
      vertex 17.4653 -4.35459 0
      vertex 17.3027 -4.96147 2
      vertex 17.3027 -4.96147 0
    endloop
  endfacet
  facet normal -0.629304 -0.77716 0
    outer loop
      vertex -11.5702 -13.7888 0
      vertex -11.0819 -14.1842 2
      vertex -11.5702 -13.7888 2
    endloop
  endfacet
  facet normal -0.629304 -0.77716 -0
    outer loop
      vertex -11.0819 -14.1842 2
      vertex -11.5702 -13.7888 0
      vertex -11.0819 -14.1842 0
    endloop
  endfacet
  facet normal 0.0522055 0.998636 -0
    outer loop
      vertex 1.25562 17.9562 0
      vertex 0.62819 17.989 2
      vertex 1.25562 17.9562 2
    endloop
  endfacet
  facet normal 0.0522055 0.998636 0
    outer loop
      vertex 0.62819 17.989 2
      vertex 1.25562 17.9562 0
      vertex 0.62819 17.989 0
    endloop
  endfacet
  facet normal 0.77716 -0.629304 0
    outer loop
      vertex 13.7888 -11.5702 2
      vertex 14.1842 -11.0819 0
      vertex 14.1842 -11.0819 2
    endloop
  endfacet
  facet normal 0.77716 -0.629304 0
    outer loop
      vertex 14.1842 -11.0819 0
      vertex 13.7888 -11.5702 2
      vertex 13.7888 -11.5702 0
    endloop
  endfacet
  facet normal 0.956303 -0.292379 0
    outer loop
      vertex 17.119 -5.56231 2
      vertex 17.3027 -4.96147 0
      vertex 17.3027 -4.96147 2
    endloop
  endfacet
  facet normal 0.956303 -0.292379 0
    outer loop
      vertex 17.3027 -4.96147 0
      vertex 17.119 -5.56231 2
      vertex 17.119 -5.56231 0
    endloop
  endfacet
  facet normal 0.906323 -0.422586 0
    outer loop
      vertex 16.1783 -7.89068 2
      vertex 16.4438 -7.32126 0
      vertex 16.4438 -7.32126 2
    endloop
  endfacet
  facet normal 0.906323 -0.422586 0
    outer loop
      vertex 16.4438 -7.32126 0
      vertex 16.1783 -7.89068 2
      vertex 16.1783 -7.89068 0
    endloop
  endfacet
  facet normal -0.0522055 0.998636 0
    outer loop
      vertex -0.62819 17.989 0
      vertex -1.25562 17.9562 2
      vertex -0.62819 17.989 2
    endloop
  endfacet
  facet normal -0.0522055 0.998636 0
    outer loop
      vertex -1.25562 17.9562 2
      vertex -0.62819 17.989 0
      vertex -1.25562 17.9562 0
    endloop
  endfacet
  facet normal -0.945542 0.3255 0
    outer loop
      vertex -17.119 5.56231 0
      vertex -16.9145 6.15636 2
      vertex -16.9145 6.15636 0
    endloop
  endfacet
  facet normal -0.945542 0.3255 0
    outer loop
      vertex -16.9145 6.15636 2
      vertex -17.119 5.56231 0
      vertex -17.119 5.56231 2
    endloop
  endfacet
  facet normal 0.987685 0.156457 0
    outer loop
      vertex 17.8248 2.50512 2
      vertex 17.7265 3.12567 0
      vertex 17.7265 3.12567 2
    endloop
  endfacet
  facet normal 0.987685 0.156457 0
    outer loop
      vertex 17.7265 3.12567 0
      vertex 17.8248 2.50512 2
      vertex 17.8248 2.50512 0
    endloop
  endfacet
  facet normal 0.987685 -0.156457 0
    outer loop
      vertex 17.7265 -3.12567 2
      vertex 17.8248 -2.50512 0
      vertex 17.8248 -2.50512 2
    endloop
  endfacet
  facet normal 0.987685 -0.156457 0
    outer loop
      vertex 17.8248 -2.50512 0
      vertex 17.7265 -3.12567 2
      vertex 17.7265 -3.12567 0
    endloop
  endfacet
  facet normal -0.965931 0.2588 0
    outer loop
      vertex -17.4653 4.35459 0
      vertex -17.3027 4.96147 2
      vertex -17.3027 4.96147 0
    endloop
  endfacet
  facet normal -0.965931 0.2588 0
    outer loop
      vertex -17.3027 4.96147 2
      vertex -17.4653 4.35459 0
      vertex -17.4653 4.35459 2
    endloop
  endfacet
  facet normal 0.190683 0.981652 -0
    outer loop
      vertex 3.74241 17.6067 0
      vertex 3.12567 17.7265 2
      vertex 3.74241 17.6067 2
    endloop
  endfacet
  facet normal 0.190683 0.981652 0
    outer loop
      vertex 3.12567 17.7265 2
      vertex 3.74241 17.6067 0
      vertex 3.12567 17.7265 0
    endloop
  endfacet
  facet normal 0.225052 0.974347 -0
    outer loop
      vertex 4.35459 17.4653 0
      vertex 3.74241 17.6067 2
      vertex 4.35459 17.4653 2
    endloop
  endfacet
  facet normal 0.225052 0.974347 0
    outer loop
      vertex 3.74241 17.6067 2
      vertex 4.35459 17.4653 0
      vertex 3.74241 17.6067 0
    endloop
  endfacet
  facet normal -0.121917 -0.99254 0
    outer loop
      vertex -2.50512 -17.8248 0
      vertex -1.88151 -17.9014 2
      vertex -2.50512 -17.8248 2
    endloop
  endfacet
  facet normal -0.121917 -0.99254 -0
    outer loop
      vertex -1.88151 -17.9014 2
      vertex -2.50512 -17.8248 0
      vertex -1.88151 -17.9014 0
    endloop
  endfacet
  facet normal -0.707107 0.707107 0
    outer loop
      vertex -12.9481 12.5038 0
      vertex -12.5038 12.9481 2
      vertex -12.5038 12.9481 0
    endloop
  endfacet
  facet normal -0.707107 0.707107 0
    outer loop
      vertex -12.5038 12.9481 2
      vertex -12.9481 12.5038 0
      vertex -12.9481 12.5038 2
    endloop
  endfacet
  facet normal -0.573655 -0.819097 0
    outer loop
      vertex -10.5801 -14.5623 0
      vertex -10.0655 -14.9227 2
      vertex -10.5801 -14.5623 2
    endloop
  endfacet
  facet normal -0.573655 -0.819097 -0
    outer loop
      vertex -10.0655 -14.9227 2
      vertex -10.5801 -14.5623 0
      vertex -10.0655 -14.9227 0
    endloop
  endfacet
  facet normal -0.987685 -0.156457 0
    outer loop
      vertex -17.7265 -3.12567 0
      vertex -17.8248 -2.50512 2
      vertex -17.8248 -2.50512 0
    endloop
  endfacet
  facet normal -0.987685 -0.156457 0
    outer loop
      vertex -17.8248 -2.50512 2
      vertex -17.7265 -3.12567 0
      vertex -17.7265 -3.12567 2
    endloop
  endfacet
  facet normal 0.857163 0.515046 0
    outer loop
      vertex 15.5885 9 2
      vertex 15.2649 9.53855 0
      vertex 15.2649 9.53855 2
    endloop
  endfacet
  facet normal 0.857163 0.515046 0
    outer loop
      vertex 15.2649 9.53855 0
      vertex 15.5885 9 2
      vertex 15.5885 9 0
    endloop
  endfacet
  facet normal -0.544633 0.838674 0
    outer loop
      vertex -9.53855 15.2649 0
      vertex -10.0655 14.9227 2
      vertex -9.53855 15.2649 2
    endloop
  endfacet
  facet normal -0.544633 0.838674 0
    outer loop
      vertex -10.0655 14.9227 2
      vertex -9.53855 15.2649 0
      vertex -10.0655 14.9227 0
    endloop
  endfacet
  facet normal 0.754722 0.656045 0
    outer loop
      vertex 13.7888 11.5702 2
      vertex 13.3766 12.0444 0
      vertex 13.3766 12.0444 2
    endloop
  endfacet
  facet normal 0.754722 0.656045 0
    outer loop
      vertex 13.3766 12.0444 0
      vertex 13.7888 11.5702 2
      vertex 13.7888 11.5702 0
    endloop
  endfacet
  facet normal -0.996189 -0.0872216 0
    outer loop
      vertex -17.9014 -1.88151 0
      vertex -17.9562 -1.25562 2
      vertex -17.9562 -1.25562 0
    endloop
  endfacet
  facet normal -0.996189 -0.0872216 0
    outer loop
      vertex -17.9562 -1.25562 2
      vertex -17.9014 -1.88151 0
      vertex -17.9014 -1.88151 2
    endloop
  endfacet
  facet normal -0.2588 -0.965931 0
    outer loop
      vertex -4.96147 -17.3027 0
      vertex -4.35459 -17.4653 2
      vertex -4.96147 -17.3027 2
    endloop
  endfacet
  facet normal -0.2588 -0.965931 -0
    outer loop
      vertex -4.35459 -17.4653 2
      vertex -4.96147 -17.3027 0
      vertex -4.35459 -17.4653 0
    endloop
  endfacet
  facet normal -0.999847 0.0175079 0
    outer loop
      vertex -18 0 0
      vertex -17.989 0.62819 2
      vertex -17.989 0.62819 0
    endloop
  endfacet
  facet normal -0.999847 0.0175079 0
    outer loop
      vertex -17.989 0.62819 2
      vertex -18 0 0
      vertex -18 0 2
    endloop
  endfacet
  facet normal -0.225052 0.974347 0
    outer loop
      vertex -3.74241 17.6067 0
      vertex -4.35459 17.4653 2
      vertex -3.74241 17.6067 2
    endloop
  endfacet
  facet normal -0.225052 0.974347 0
    outer loop
      vertex -4.35459 17.4653 2
      vertex -3.74241 17.6067 0
      vertex -4.35459 17.4653 0
    endloop
  endfacet
  facet normal -0.981652 0.190683 0
    outer loop
      vertex -17.7265 3.12567 0
      vertex -17.6067 3.74241 2
      vertex -17.6067 3.74241 0
    endloop
  endfacet
  facet normal -0.981652 0.190683 0
    outer loop
      vertex -17.6067 3.74241 2
      vertex -17.7265 3.12567 0
      vertex -17.7265 3.12567 2
    endloop
  endfacet
  facet normal -0.998636 0.0522055 0
    outer loop
      vertex -17.989 0.62819 0
      vertex -17.9562 1.25562 2
      vertex -17.9562 1.25562 0
    endloop
  endfacet
  facet normal -0.998636 0.0522055 0
    outer loop
      vertex -17.9562 1.25562 2
      vertex -17.989 0.62819 0
      vertex -17.989 0.62819 2
    endloop
  endfacet
  facet normal -0.974347 -0.225052 0
    outer loop
      vertex -17.4653 -4.35459 0
      vertex -17.6067 -3.74241 2
      vertex -17.6067 -3.74241 0
    endloop
  endfacet
  facet normal -0.974347 -0.225052 0
    outer loop
      vertex -17.6067 -3.74241 2
      vertex -17.4653 -4.35459 0
      vertex -17.4653 -4.35459 2
    endloop
  endfacet
  facet normal 0.798661 0.601781 0
    outer loop
      vertex 14.5623 10.5801 2
      vertex 14.1842 11.0819 0
      vertex 14.1842 11.0819 2
    endloop
  endfacet
  facet normal 0.798661 0.601781 0
    outer loop
      vertex 14.1842 11.0819 0
      vertex 14.5623 10.5801 2
      vertex 14.5623 10.5801 0
    endloop
  endfacet
  facet normal -0.819097 -0.573655 0
    outer loop
      vertex -14.5623 -10.5801 0
      vertex -14.9227 -10.0655 2
      vertex -14.9227 -10.0655 0
    endloop
  endfacet
  facet normal -0.819097 -0.573655 0
    outer loop
      vertex -14.9227 -10.0655 2
      vertex -14.5623 -10.5801 0
      vertex -14.5623 -10.5801 2
    endloop
  endfacet
  facet normal -0.798661 -0.601781 0
    outer loop
      vertex -14.1842 -11.0819 0
      vertex -14.5623 -10.5801 2
      vertex -14.5623 -10.5801 0
    endloop
  endfacet
  facet normal -0.798661 -0.601781 0
    outer loop
      vertex -14.5623 -10.5801 2
      vertex -14.1842 -11.0819 0
      vertex -14.1842 -11.0819 2
    endloop
  endfacet
  facet normal 0.292379 -0.956303 0
    outer loop
      vertex 4.96147 -17.3027 0
      vertex 5.56231 -17.119 2
      vertex 4.96147 -17.3027 2
    endloop
  endfacet
  facet normal 0.292379 -0.956303 0
    outer loop
      vertex 5.56231 -17.119 2
      vertex 4.96147 -17.3027 0
      vertex 5.56231 -17.119 0
    endloop
  endfacet
  facet normal -0.874619 -0.484812 0
    outer loop
      vertex -15.5885 -9 0
      vertex -15.8931 -8.45049 2
      vertex -15.8931 -8.45049 0
    endloop
  endfacet
  facet normal -0.874619 -0.484812 0
    outer loop
      vertex -15.8931 -8.45049 2
      vertex -15.5885 -9 0
      vertex -15.5885 -9 2
    endloop
  endfacet
  facet normal -0.3255 -0.945542 0
    outer loop
      vertex -6.15636 -16.9145 0
      vertex -5.56231 -17.119 2
      vertex -6.15636 -16.9145 2
    endloop
  endfacet
  facet normal -0.3255 -0.945542 -0
    outer loop
      vertex -5.56231 -17.119 2
      vertex -6.15636 -16.9145 0
      vertex -5.56231 -17.119 0
    endloop
  endfacet
  facet normal 0.544633 -0.838674 0
    outer loop
      vertex 9.53855 -15.2649 0
      vertex 10.0655 -14.9227 2
      vertex 9.53855 -15.2649 2
    endloop
  endfacet
  facet normal 0.544633 -0.838674 0
    outer loop
      vertex 10.0655 -14.9227 2
      vertex 9.53855 -15.2649 0
      vertex 10.0655 -14.9227 0
    endloop
  endfacet
  facet normal 0.2588 0.965931 -0
    outer loop
      vertex 4.96147 17.3027 0
      vertex 4.35459 17.4653 2
      vertex 4.96147 17.3027 2
    endloop
  endfacet
  facet normal 0.2588 0.965931 0
    outer loop
      vertex 4.35459 17.4653 2
      vertex 4.96147 17.3027 0
      vertex 4.35459 17.4653 0
    endloop
  endfacet
  facet normal 0.515046 0.857163 -0
    outer loop
      vertex 9.53855 15.2649 0
      vertex 9 15.5885 2
      vertex 9.53855 15.2649 2
    endloop
  endfacet
  facet normal 0.515046 0.857163 0
    outer loop
      vertex 9 15.5885 2
      vertex 9.53855 15.2649 0
      vertex 9 15.5885 0
    endloop
  endfacet
  facet normal 0.0522055 -0.998636 0
    outer loop
      vertex 0.62819 -17.989 0
      vertex 1.25562 -17.9562 2
      vertex 0.62819 -17.989 2
    endloop
  endfacet
  facet normal 0.0522055 -0.998636 0
    outer loop
      vertex 1.25562 -17.9562 2
      vertex 0.62819 -17.989 0
      vertex 1.25562 -17.9562 0
    endloop
  endfacet
  facet normal 0.3255 0.945542 -0
    outer loop
      vertex 6.15636 16.9145 0
      vertex 5.56231 17.119 2
      vertex 6.15636 16.9145 2
    endloop
  endfacet
  facet normal 0.3255 0.945542 0
    outer loop
      vertex 5.56231 17.119 2
      vertex 6.15636 16.9145 0
      vertex 5.56231 17.119 0
    endloop
  endfacet
  facet normal -0.292379 -0.956303 0
    outer loop
      vertex -5.56231 -17.119 0
      vertex -4.96147 -17.3027 2
      vertex -5.56231 -17.119 2
    endloop
  endfacet
  facet normal -0.292379 -0.956303 -0
    outer loop
      vertex -4.96147 -17.3027 2
      vertex -5.56231 -17.119 0
      vertex -4.96147 -17.3027 0
    endloop
  endfacet
  facet normal -0.933559 0.358424 0
    outer loop
      vertex -16.9145 6.15636 0
      vertex -16.6893 6.74292 2
      vertex -16.6893 6.74292 0
    endloop
  endfacet
  facet normal -0.933559 0.358424 0
    outer loop
      vertex -16.6893 6.74292 2
      vertex -16.9145 6.15636 0
      vertex -16.9145 6.15636 2
    endloop
  endfacet
  facet normal 0.838674 0.544633 0
    outer loop
      vertex 15.2649 9.53855 2
      vertex 14.9227 10.0655 0
      vertex 14.9227 10.0655 2
    endloop
  endfacet
  facet normal 0.838674 0.544633 0
    outer loop
      vertex 14.9227 10.0655 0
      vertex 15.2649 9.53855 2
      vertex 15.2649 9.53855 0
    endloop
  endfacet
  facet normal -0.99254 0.121917 0
    outer loop
      vertex -17.9014 1.88151 0
      vertex -17.8248 2.50512 2
      vertex -17.8248 2.50512 0
    endloop
  endfacet
  facet normal -0.99254 0.121917 0
    outer loop
      vertex -17.8248 2.50512 2
      vertex -17.9014 1.88151 0
      vertex -17.9014 1.88151 2
    endloop
  endfacet
  facet normal 0.874619 -0.484812 0
    outer loop
      vertex 15.5885 -9 2
      vertex 15.8931 -8.45049 0
      vertex 15.8931 -8.45049 2
    endloop
  endfacet
  facet normal 0.874619 -0.484812 0
    outer loop
      vertex 15.8931 -8.45049 0
      vertex 15.5885 -9 2
      vertex 15.5885 -9 0
    endloop
  endfacet
  facet normal -0.707107 -0.707107 0
    outer loop
      vertex -12.5038 -12.9481 0
      vertex -12.9481 -12.5038 2
      vertex -12.9481 -12.5038 0
    endloop
  endfacet
  facet normal -0.707107 -0.707107 0
    outer loop
      vertex -12.9481 -12.5038 2
      vertex -12.5038 -12.9481 0
      vertex -12.5038 -12.9481 2
    endloop
  endfacet
  facet normal 0.292379 0.956303 -0
    outer loop
      vertex 5.56231 17.119 0
      vertex 4.96147 17.3027 2
      vertex 5.56231 17.119 2
    endloop
  endfacet
  facet normal 0.292379 0.956303 0
    outer loop
      vertex 4.96147 17.3027 2
      vertex 5.56231 17.119 0
      vertex 4.96147 17.3027 0
    endloop
  endfacet
  facet normal -0.0872216 -0.996189 0
    outer loop
      vertex -1.88151 -17.9014 0
      vertex -1.25562 -17.9562 2
      vertex -1.88151 -17.9014 2
    endloop
  endfacet
  facet normal -0.0872216 -0.996189 -0
    outer loop
      vertex -1.25562 -17.9562 2
      vertex -1.88151 -17.9014 0
      vertex -1.25562 -17.9562 0
    endloop
  endfacet
  facet normal 0.515046 -0.857163 0
    outer loop
      vertex 9 -15.5885 0
      vertex 9.53855 -15.2649 2
      vertex 9 -15.5885 2
    endloop
  endfacet
  facet normal 0.515046 -0.857163 0
    outer loop
      vertex 9.53855 -15.2649 2
      vertex 9 -15.5885 0
      vertex 9.53855 -15.2649 0
    endloop
  endfacet
  facet normal -0.629304 0.77716 0
    outer loop
      vertex -11.0819 14.1842 0
      vertex -11.5702 13.7888 2
      vertex -11.0819 14.1842 2
    endloop
  endfacet
  facet normal -0.629304 0.77716 0
    outer loop
      vertex -11.5702 13.7888 2
      vertex -11.0819 14.1842 0
      vertex -11.5702 13.7888 0
    endloop
  endfacet
  facet normal 0.981652 -0.190683 0
    outer loop
      vertex 17.6067 -3.74241 2
      vertex 17.7265 -3.12567 0
      vertex 17.7265 -3.12567 2
    endloop
  endfacet
  facet normal 0.981652 -0.190683 0
    outer loop
      vertex 17.7265 -3.12567 0
      vertex 17.6067 -3.74241 2
      vertex 17.6067 -3.74241 0
    endloop
  endfacet
  facet normal -0.857163 -0.515046 0
    outer loop
      vertex -15.2649 -9.53855 0
      vertex -15.5885 -9 2
      vertex -15.5885 -9 0
    endloop
  endfacet
  facet normal -0.857163 -0.515046 0
    outer loop
      vertex -15.5885 -9 2
      vertex -15.2649 -9.53855 0
      vertex -15.2649 -9.53855 2
    endloop
  endfacet
  facet normal -0.996189 0.0872216 0
    outer loop
      vertex -17.9562 1.25562 0
      vertex -17.9014 1.88151 2
      vertex -17.9014 1.88151 0
    endloop
  endfacet
  facet normal -0.996189 0.0872216 0
    outer loop
      vertex -17.9014 1.88151 2
      vertex -17.9562 1.25562 0
      vertex -17.9562 1.25562 2
    endloop
  endfacet
  facet normal -0.656045 -0.754722 0
    outer loop
      vertex -12.0444 -13.3766 0
      vertex -11.5702 -13.7888 2
      vertex -12.0444 -13.3766 2
    endloop
  endfacet
  facet normal -0.656045 -0.754722 -0
    outer loop
      vertex -11.5702 -13.7888 2
      vertex -12.0444 -13.3766 0
      vertex -11.5702 -13.7888 0
    endloop
  endfacet
  facet normal -0.838674 0.544633 0
    outer loop
      vertex -15.2649 9.53855 0
      vertex -14.9227 10.0655 2
      vertex -14.9227 10.0655 0
    endloop
  endfacet
  facet normal -0.838674 0.544633 0
    outer loop
      vertex -14.9227 10.0655 2
      vertex -15.2649 9.53855 0
      vertex -15.2649 9.53855 2
    endloop
  endfacet
  facet normal 0.819097 -0.573655 0
    outer loop
      vertex 14.5623 -10.5801 2
      vertex 14.9227 -10.0655 0
      vertex 14.9227 -10.0655 2
    endloop
  endfacet
  facet normal 0.819097 -0.573655 0
    outer loop
      vertex 14.9227 -10.0655 0
      vertex 14.5623 -10.5801 2
      vertex 14.5623 -10.5801 0
    endloop
  endfacet
  facet normal 0.838674 -0.544633 0
    outer loop
      vertex 14.9227 -10.0655 2
      vertex 15.2649 -9.53855 0
      vertex 15.2649 -9.53855 2
    endloop
  endfacet
  facet normal 0.838674 -0.544633 0
    outer loop
      vertex 15.2649 -9.53855 0
      vertex 14.9227 -10.0655 2
      vertex 14.9227 -10.0655 0
    endloop
  endfacet
  facet normal -0.906323 -0.422586 0
    outer loop
      vertex -16.1783 -7.89068 0
      vertex -16.4438 -7.32126 2
      vertex -16.4438 -7.32126 0
    endloop
  endfacet
  facet normal -0.906323 -0.422586 0
    outer loop
      vertex -16.4438 -7.32126 2
      vertex -16.1783 -7.89068 0
      vertex -16.1783 -7.89068 2
    endloop
  endfacet
  facet normal 0.656045 -0.754722 0
    outer loop
      vertex 11.5702 -13.7888 0
      vertex 12.0444 -13.3766 2
      vertex 11.5702 -13.7888 2
    endloop
  endfacet
  facet normal 0.656045 -0.754722 0
    outer loop
      vertex 12.0444 -13.3766 2
      vertex 11.5702 -13.7888 0
      vertex 12.0444 -13.3766 0
    endloop
  endfacet
  facet normal -0.453943 -0.891031 0
    outer loop
      vertex -8.45049 -15.8931 0
      vertex -7.89068 -16.1783 2
      vertex -8.45049 -15.8931 2
    endloop
  endfacet
  facet normal -0.453943 -0.891031 -0
    outer loop
      vertex -7.89068 -16.1783 2
      vertex -8.45049 -15.8931 0
      vertex -7.89068 -16.1783 0
    endloop
  endfacet
  facet normal -0.891031 -0.453943 0
    outer loop
      vertex -15.8931 -8.45049 0
      vertex -16.1783 -7.89068 2
      vertex -16.1783 -7.89068 0
    endloop
  endfacet
  facet normal -0.891031 -0.453943 0
    outer loop
      vertex -16.1783 -7.89068 2
      vertex -15.8931 -8.45049 0
      vertex -15.8931 -8.45049 2
    endloop
  endfacet
  facet normal 0 0 1
    outer loop
      vertex 14.5 0 2
      vertex 18 0 2
      vertex 17.989 0.62819 2
    endloop
  endfacet
  facet normal 0 0 1
    outer loop
      vertex 14.4912 0.506042 2
      vertex 17.989 0.62819 2
      vertex 17.9562 1.25562 2
    endloop
  endfacet
  facet normal 0 0 1
    outer loop
      vertex 18 0 2
      vertex 14.5 0 2
      vertex 17.989 -0.62819 2
    endloop
  endfacet
  facet normal 0 0 1
    outer loop
      vertex 14.4647 1.01147 2
      vertex 17.9562 1.25562 2
      vertex 17.9014 1.88151 2
    endloop
  endfacet
  facet normal -0 0 1
    outer loop
      vertex 14.4912 -0.506042 2
      vertex 17.989 -0.62819 2
      vertex 14.5 0 2
    endloop
  endfacet
  facet normal 0 0 1
    outer loop
      vertex 14.4206 1.51566 2
      vertex 17.9014 1.88151 2
      vertex 17.8248 2.50512 2
    endloop
  endfacet
  facet normal 0 0 1
    outer loop
      vertex 17.989 -0.62819 2
      vertex 14.4912 -0.506042 2
      vertex 17.9562 -1.25562 2
    endloop
  endfacet
  facet normal 0 0 1
    outer loop
      vertex 14.3589 2.01801 2
      vertex 17.8248 2.50512 2
      vertex 17.7265 3.12567 2
    endloop
  endfacet
  facet normal -0 0 1
    outer loop
      vertex 14.4647 -1.01147 2
      vertex 17.9562 -1.25562 2
      vertex 14.4912 -0.506042 2
    endloop
  endfacet
  facet normal 0 0 1
    outer loop
      vertex 14.2797 2.5179 2
      vertex 17.7265 3.12567 2
      vertex 17.6067 3.74241 2
    endloop
  endfacet
  facet normal 0 0 1
    outer loop
      vertex 17.9562 -1.25562 2
      vertex 14.4647 -1.01147 2
      vertex 17.9014 -1.88151 2
    endloop
  endfacet
  facet normal 0 0 1
    outer loop
      vertex 14.1831 3.01472 2
      vertex 17.6067 3.74241 2
      vertex 17.4653 4.35459 2
    endloop
  endfacet
  facet normal -0 0 1
    outer loop
      vertex 14.4206 -1.51566 2
      vertex 17.9014 -1.88151 2
      vertex 14.4647 -1.01147 2
    endloop
  endfacet
  facet normal 0 0 1
    outer loop
      vertex 14.0693 3.50787 2
      vertex 17.4653 4.35459 2
      vertex 17.3027 4.96147 2
    endloop
  endfacet
  facet normal 0 0 1
    outer loop
      vertex 17.9014 -1.88151 2
      vertex 14.4206 -1.51566 2
      vertex 17.8248 -2.50512 2
    endloop
  endfacet
  facet normal 0 0 1
    outer loop
      vertex 13.9383 3.99674 2
      vertex 17.3027 4.96147 2
      vertex 17.119 5.56231 2
    endloop
  endfacet
  facet normal -0 0 1
    outer loop
      vertex 14.3589 -2.01801 2
      vertex 17.8248 -2.50512 2
      vertex 14.4206 -1.51566 2
    endloop
  endfacet
  facet normal 0 0 1
    outer loop
      vertex 13.7903 4.48075 2
      vertex 17.119 5.56231 2
      vertex 16.9145 6.15636 2
    endloop
  endfacet
  facet normal 0 0 1
    outer loop
      vertex 17.8248 -2.50512 2
      vertex 14.3589 -2.01801 2
      vertex 17.7265 -3.12567 2
    endloop
  endfacet
  facet normal 0 0 1
    outer loop
      vertex 13.6255 4.95929 2
      vertex 16.9145 6.15636 2
      vertex 16.6893 6.74292 2
    endloop
  endfacet
  facet normal -0 0 1
    outer loop
      vertex 14.2797 -2.5179 2
      vertex 17.7265 -3.12567 2
      vertex 14.3589 -2.01801 2
    endloop
  endfacet
  facet normal 0 0 1
    outer loop
      vertex 13.4442 5.4318 2
      vertex 16.6893 6.74292 2
      vertex 16.4438 7.32126 2
    endloop
  endfacet
  facet normal 0 0 1
    outer loop
      vertex 17.7265 -3.12567 2
      vertex 14.2797 -2.5179 2
      vertex 17.6067 -3.74241 2
    endloop
  endfacet
  facet normal 0 0 1
    outer loop
      vertex 13.2464 5.89768 2
      vertex 16.4438 7.32126 2
      vertex 16.1783 7.89068 2
    endloop
  endfacet
  facet normal -0 0 1
    outer loop
      vertex 14.1831 -3.01472 2
      vertex 17.6067 -3.74241 2
      vertex 14.2797 -2.5179 2
    endloop
  endfacet
  facet normal 0 0 1
    outer loop
      vertex 13.0325 6.35638 2
      vertex 16.1783 7.89068 2
      vertex 15.8931 8.45049 2
    endloop
  endfacet
  facet normal 0 0 1
    outer loop
      vertex 17.6067 -3.74241 2
      vertex 14.1831 -3.01472 2
      vertex 17.4653 -4.35459 2
    endloop
  endfacet
  facet normal 0 0 1
    outer loop
      vertex 12.8027 6.80734 2
      vertex 15.8931 8.45049 2
      vertex 15.5885 9 2
    endloop
  endfacet
  facet normal -0 0 1
    outer loop
      vertex 14.0693 -3.50787 2
      vertex 17.4653 -4.35459 2
      vertex 14.1831 -3.01472 2
    endloop
  endfacet
  facet normal 0 0 1
    outer loop
      vertex 12.5574 7.25 2
      vertex 15.5885 9 2
      vertex 15.2649 9.53855 2
    endloop
  endfacet
  facet normal 0 0 1
    outer loop
      vertex 17.4653 -4.35459 2
      vertex 14.0693 -3.50787 2
      vertex 17.3027 -4.96147 2
    endloop
  endfacet
  facet normal 0 0 1
    outer loop
      vertex 12.2967 7.68383 2
      vertex 15.2649 9.53855 2
      vertex 14.9227 10.0655 2
    endloop
  endfacet
  facet normal -0 0 1
    outer loop
      vertex 13.9383 -3.99674 2
      vertex 17.3027 -4.96147 2
      vertex 14.0693 -3.50787 2
    endloop
  endfacet
  facet normal 0 0 1
    outer loop
      vertex 12.021 8.1083 2
      vertex 14.9227 10.0655 2
      vertex 14.5623 10.5801 2
    endloop
  endfacet
  facet normal 0 0 1
    outer loop
      vertex 17.3027 -4.96147 2
      vertex 13.9383 -3.99674 2
      vertex 17.119 -5.56231 2
    endloop
  endfacet
  facet normal -0 0 1
    outer loop
      vertex 13.7903 -4.48075 2
      vertex 17.119 -5.56231 2
      vertex 13.9383 -3.99674 2
    endloop
  endfacet
  facet normal 0 0 1
    outer loop
      vertex 17.989 0.62819 2
      vertex 14.4912 0.506042 2
      vertex 14.5 0 2
    endloop
  endfacet
  facet normal 0 0 1
    outer loop
      vertex 17.9562 1.25562 2
      vertex 14.4647 1.01147 2
      vertex 14.4912 0.506042 2
    endloop
  endfacet
  facet normal 0 0 1
    outer loop
      vertex 17.9014 1.88151 2
      vertex 14.4206 1.51566 2
      vertex 14.4647 1.01147 2
    endloop
  endfacet
  facet normal 0 0 1
    outer loop
      vertex 17.8248 2.50512 2
      vertex 14.3589 2.01801 2
      vertex 14.4206 1.51566 2
    endloop
  endfacet
  facet normal 0 0 1
    outer loop
      vertex 17.7265 3.12567 2
      vertex 14.2797 2.5179 2
      vertex 14.3589 2.01801 2
    endloop
  endfacet
  facet normal 0 0 1
    outer loop
      vertex 11.7307 8.52289 2
      vertex 14.5623 10.5801 2
      vertex 14.1842 11.0819 2
    endloop
  endfacet
  facet normal 0 0 1
    outer loop
      vertex 17.6067 3.74241 2
      vertex 14.1831 3.01472 2
      vertex 14.2797 2.5179 2
    endloop
  endfacet
  facet normal 0 0 1
    outer loop
      vertex 17.4653 4.35459 2
      vertex 14.0693 3.50787 2
      vertex 14.1831 3.01472 2
    endloop
  endfacet
  facet normal 0 0 1
    outer loop
      vertex 17.3027 4.96147 2
      vertex 13.9383 3.99674 2
      vertex 14.0693 3.50787 2
    endloop
  endfacet
  facet normal 0 0 1
    outer loop
      vertex 17.119 5.56231 2
      vertex 13.7903 4.48075 2
      vertex 13.9383 3.99674 2
    endloop
  endfacet
  facet normal 0 0 1
    outer loop
      vertex 11.4262 8.92709 2
      vertex 14.1842 11.0819 2
      vertex 13.7888 11.5702 2
    endloop
  endfacet
  facet normal 0 0 1
    outer loop
      vertex 16.9145 6.15636 2
      vertex 13.6255 4.95929 2
      vertex 13.7903 4.48075 2
    endloop
  endfacet
  facet normal 0 0 1
    outer loop
      vertex 16.6893 6.74292 2
      vertex 13.4442 5.4318 2
      vertex 13.6255 4.95929 2
    endloop
  endfacet
  facet normal 0 0 1
    outer loop
      vertex 11.1076 9.32042 2
      vertex 13.7888 11.5702 2
      vertex 13.3766 12.0444 2
    endloop
  endfacet
  facet normal 0 0 1
    outer loop
      vertex 16.4438 7.32126 2
      vertex 13.2464 5.89768 2
      vertex 13.4442 5.4318 2
    endloop
  endfacet
  facet normal 0 0 1
    outer loop
      vertex 16.1783 7.89068 2
      vertex 13.0325 6.35638 2
      vertex 13.2464 5.89768 2
    endloop
  endfacet
  facet normal 0 0 1
    outer loop
      vertex 10.7756 9.70239 2
      vertex 13.3766 12.0444 2
      vertex 12.9481 12.5038 2
    endloop
  endfacet
  facet normal 0 0 1
    outer loop
      vertex 15.8931 8.45049 2
      vertex 12.8027 6.80734 2
      vertex 13.0325 6.35638 2
    endloop
  endfacet
  facet normal 0 0 1
    outer loop
      vertex 15.5885 9 2
      vertex 12.5574 7.25 2
      vertex 12.8027 6.80734 2
    endloop
  endfacet
  facet normal 0 0 1
    outer loop
      vertex 10.4304 10.0725 2
      vertex 12.9481 12.5038 2
      vertex 12.5038 12.9481 2
    endloop
  endfacet
  facet normal 0 0 1
    outer loop
      vertex 15.2649 9.53855 2
      vertex 12.2967 7.68383 2
      vertex 12.5574 7.25 2
    endloop
  endfacet
  facet normal 0 0 1
    outer loop
      vertex 10.0725 10.4304 2
      vertex 12.5038 12.9481 2
      vertex 12.0444 13.3766 2
    endloop
  endfacet
  facet normal 0 0 1
    outer loop
      vertex 14.9227 10.0655 2
      vertex 12.021 8.1083 2
      vertex 12.2967 7.68383 2
    endloop
  endfacet
  facet normal 0 0 1
    outer loop
      vertex 14.5623 10.5801 2
      vertex 11.7307 8.52289 2
      vertex 12.021 8.1083 2
    endloop
  endfacet
  facet normal 0 0 1
    outer loop
      vertex 9.70239 10.7756 2
      vertex 12.0444 13.3766 2
      vertex 11.5702 13.7888 2
    endloop
  endfacet
  facet normal 0 0 1
    outer loop
      vertex 14.1842 11.0819 2
      vertex 11.4262 8.92709 2
      vertex 11.7307 8.52289 2
    endloop
  endfacet
  facet normal 0 0 1
    outer loop
      vertex 13.7888 11.5702 2
      vertex 11.1076 9.32042 2
      vertex 11.4262 8.92709 2
    endloop
  endfacet
  facet normal 0 0 1
    outer loop
      vertex 9.32042 11.1076 2
      vertex 11.5702 13.7888 2
      vertex 11.0819 14.1842 2
    endloop
  endfacet
  facet normal 0 0 1
    outer loop
      vertex 13.3766 12.0444 2
      vertex 10.7756 9.70239 2
      vertex 11.1076 9.32042 2
    endloop
  endfacet
  facet normal 0 0 1
    outer loop
      vertex 8.92709 11.4262 2
      vertex 11.0819 14.1842 2
      vertex 10.5801 14.5623 2
    endloop
  endfacet
  facet normal 0 0 1
    outer loop
      vertex 12.9481 12.5038 2
      vertex 10.4304 10.0725 2
      vertex 10.7756 9.70239 2
    endloop
  endfacet
  facet normal 0 0 1
    outer loop
      vertex 12.5038 12.9481 2
      vertex 10.0725 10.4304 2
      vertex 10.4304 10.0725 2
    endloop
  endfacet
  facet normal 0 0 1
    outer loop
      vertex 8.52289 11.7307 2
      vertex 10.5801 14.5623 2
      vertex 10.0655 14.9227 2
    endloop
  endfacet
  facet normal 0 0 1
    outer loop
      vertex 12.0444 13.3766 2
      vertex 9.70239 10.7756 2
      vertex 10.0725 10.4304 2
    endloop
  endfacet
  facet normal 0 0 1
    outer loop
      vertex 8.1083 12.021 2
      vertex 10.0655 14.9227 2
      vertex 9.53855 15.2649 2
    endloop
  endfacet
  facet normal 0 0 1
    outer loop
      vertex 11.5702 13.7888 2
      vertex 9.32042 11.1076 2
      vertex 9.70239 10.7756 2
    endloop
  endfacet
  facet normal 0 0 1
    outer loop
      vertex 7.68383 12.2967 2
      vertex 9.53855 15.2649 2
      vertex 9 15.5885 2
    endloop
  endfacet
  facet normal 0 0 1
    outer loop
      vertex 11.0819 14.1842 2
      vertex 8.92709 11.4262 2
      vertex 9.32042 11.1076 2
    endloop
  endfacet
  facet normal 0 0 1
    outer loop
      vertex 10.5801 14.5623 2
      vertex 8.52289 11.7307 2
      vertex 8.92709 11.4262 2
    endloop
  endfacet
  facet normal 0 0 1
    outer loop
      vertex 7.25 12.5574 2
      vertex 9 15.5885 2
      vertex 8.45049 15.8931 2
    endloop
  endfacet
  facet normal 0 0 1
    outer loop
      vertex 10.0655 14.9227 2
      vertex 8.1083 12.021 2
      vertex 8.52289 11.7307 2
    endloop
  endfacet
  facet normal 0 0 1
    outer loop
      vertex 6.80734 12.8027 2
      vertex 8.45049 15.8931 2
      vertex 7.89068 16.1783 2
    endloop
  endfacet
  facet normal 0 0 1
    outer loop
      vertex 9.53855 15.2649 2
      vertex 7.68383 12.2967 2
      vertex 8.1083 12.021 2
    endloop
  endfacet
  facet normal 0 0 1
    outer loop
      vertex 6.35638 13.0325 2
      vertex 7.89068 16.1783 2
      vertex 7.32126 16.4438 2
    endloop
  endfacet
  facet normal 0 0 1
    outer loop
      vertex 9 15.5885 2
      vertex 7.25 12.5574 2
      vertex 7.68383 12.2967 2
    endloop
  endfacet
  facet normal 0 0 1
    outer loop
      vertex 8.45049 15.8931 2
      vertex 6.80734 12.8027 2
      vertex 7.25 12.5574 2
    endloop
  endfacet
  facet normal 0 0 1
    outer loop
      vertex 5.89768 13.2464 2
      vertex 7.32126 16.4438 2
      vertex 6.74292 16.6893 2
    endloop
  endfacet
  facet normal 0 0 1
    outer loop
      vertex 7.89068 16.1783 2
      vertex 6.35638 13.0325 2
      vertex 6.80734 12.8027 2
    endloop
  endfacet
  facet normal 0 0 1
    outer loop
      vertex 5.4318 13.4442 2
      vertex 6.74292 16.6893 2
      vertex 6.15636 16.9145 2
    endloop
  endfacet
  facet normal 0 0 1
    outer loop
      vertex 7.32126 16.4438 2
      vertex 5.89768 13.2464 2
      vertex 6.35638 13.0325 2
    endloop
  endfacet
  facet normal 0 0 1
    outer loop
      vertex 4.95929 13.6255 2
      vertex 6.15636 16.9145 2
      vertex 5.56231 17.119 2
    endloop
  endfacet
  facet normal 0 0 1
    outer loop
      vertex 6.74292 16.6893 2
      vertex 5.4318 13.4442 2
      vertex 5.89768 13.2464 2
    endloop
  endfacet
  facet normal 0 0 1
    outer loop
      vertex 4.48075 13.7903 2
      vertex 5.56231 17.119 2
      vertex 4.96147 17.3027 2
    endloop
  endfacet
  facet normal 0 0 1
    outer loop
      vertex 6.15636 16.9145 2
      vertex 4.95929 13.6255 2
      vertex 5.4318 13.4442 2
    endloop
  endfacet
  facet normal 0 0 1
    outer loop
      vertex 5.56231 17.119 2
      vertex 4.48075 13.7903 2
      vertex 4.95929 13.6255 2
    endloop
  endfacet
  facet normal 0 0 1
    outer loop
      vertex 3.99674 13.9383 2
      vertex 4.96147 17.3027 2
      vertex 4.35459 17.4653 2
    endloop
  endfacet
  facet normal 0 0 1
    outer loop
      vertex 4.96147 17.3027 2
      vertex 3.99674 13.9383 2
      vertex 4.48075 13.7903 2
    endloop
  endfacet
  facet normal 0 0 1
    outer loop
      vertex 3.50787 14.0693 2
      vertex 4.35459 17.4653 2
      vertex 3.74241 17.6067 2
    endloop
  endfacet
  facet normal 0 0 1
    outer loop
      vertex 4.35459 17.4653 2
      vertex 3.50787 14.0693 2
      vertex 3.99674 13.9383 2
    endloop
  endfacet
  facet normal 0 0 1
    outer loop
      vertex 3.01472 14.1831 2
      vertex 3.74241 17.6067 2
      vertex 3.12567 17.7265 2
    endloop
  endfacet
  facet normal 0 0 1
    outer loop
      vertex 3.74241 17.6067 2
      vertex 3.01472 14.1831 2
      vertex 3.50787 14.0693 2
    endloop
  endfacet
  facet normal 0 0 1
    outer loop
      vertex 3.12567 17.7265 2
      vertex 2.5179 14.2797 2
      vertex 3.01472 14.1831 2
    endloop
  endfacet
  facet normal 0 0 1
    outer loop
      vertex 2.50512 17.8248 2
      vertex 2.5179 14.2797 2
      vertex 3.12567 17.7265 2
    endloop
  endfacet
  facet normal 0 0 1
    outer loop
      vertex 2.50512 17.8248 2
      vertex 2.01801 14.3589 2
      vertex 2.5179 14.2797 2
    endloop
  endfacet
  facet normal 0 0 1
    outer loop
      vertex 1.88151 17.9014 2
      vertex 2.01801 14.3589 2
      vertex 2.50512 17.8248 2
    endloop
  endfacet
  facet normal 0 0 1
    outer loop
      vertex 1.88151 17.9014 2
      vertex 1.51566 14.4206 2
      vertex 2.01801 14.3589 2
    endloop
  endfacet
  facet normal 0 0 1
    outer loop
      vertex 1.25562 17.9562 2
      vertex 1.51566 14.4206 2
      vertex 1.88151 17.9014 2
    endloop
  endfacet
  facet normal 0 0 1
    outer loop
      vertex 1.25562 17.9562 2
      vertex 1.01147 14.4647 2
      vertex 1.51566 14.4206 2
    endloop
  endfacet
  facet normal 0 0 1
    outer loop
      vertex 0.62819 17.989 2
      vertex 1.01147 14.4647 2
      vertex 1.25562 17.9562 2
    endloop
  endfacet
  facet normal 0 0 1
    outer loop
      vertex 0.62819 17.989 2
      vertex 0.506042 14.4912 2
      vertex 1.01147 14.4647 2
    endloop
  endfacet
  facet normal 0 0 1
    outer loop
      vertex 0 18 2
      vertex 0.506042 14.4912 2
      vertex 0.62819 17.989 2
    endloop
  endfacet
  facet normal 0 0 1
    outer loop
      vertex 0 18 2
      vertex 0 14.5 2
      vertex 0.506042 14.4912 2
    endloop
  endfacet
  facet normal 0 0 1
    outer loop
      vertex 0 18 2
      vertex -0.506042 14.4912 2
      vertex 0 14.5 2
    endloop
  endfacet
  facet normal -0 0 1
    outer loop
      vertex -0.62819 17.989 2
      vertex -0.506042 14.4912 2
      vertex 0 18 2
    endloop
  endfacet
  facet normal 0 0 1
    outer loop
      vertex -0.62819 17.989 2
      vertex -1.01147 14.4647 2
      vertex -0.506042 14.4912 2
    endloop
  endfacet
  facet normal -0 0 1
    outer loop
      vertex -1.25562 17.9562 2
      vertex -1.01147 14.4647 2
      vertex -0.62819 17.989 2
    endloop
  endfacet
  facet normal 0 0 1
    outer loop
      vertex -1.25562 17.9562 2
      vertex -1.51566 14.4206 2
      vertex -1.01147 14.4647 2
    endloop
  endfacet
  facet normal -0 0 1
    outer loop
      vertex -1.88151 17.9014 2
      vertex -1.51566 14.4206 2
      vertex -1.25562 17.9562 2
    endloop
  endfacet
  facet normal 0 0 1
    outer loop
      vertex -1.88151 17.9014 2
      vertex -2.01801 14.3589 2
      vertex -1.51566 14.4206 2
    endloop
  endfacet
  facet normal -0 0 1
    outer loop
      vertex -2.50512 17.8248 2
      vertex -2.01801 14.3589 2
      vertex -1.88151 17.9014 2
    endloop
  endfacet
  facet normal 0 0 1
    outer loop
      vertex -2.50512 17.8248 2
      vertex -2.5179 14.2797 2
      vertex -2.01801 14.3589 2
    endloop
  endfacet
  facet normal -0 0 1
    outer loop
      vertex -3.12567 17.7265 2
      vertex -2.5179 14.2797 2
      vertex -2.50512 17.8248 2
    endloop
  endfacet
  facet normal 0 0 1
    outer loop
      vertex -2.5179 14.2797 2
      vertex -3.12567 17.7265 2
      vertex -3.01472 14.1831 2
    endloop
  endfacet
  facet normal -0 0 1
    outer loop
      vertex -3.74241 17.6067 2
      vertex -3.01472 14.1831 2
      vertex -3.12567 17.7265 2
    endloop
  endfacet
  facet normal 0 0 1
    outer loop
      vertex -3.01472 14.1831 2
      vertex -3.74241 17.6067 2
      vertex -3.50787 14.0693 2
    endloop
  endfacet
  facet normal -0 0 1
    outer loop
      vertex -4.35459 17.4653 2
      vertex -3.50787 14.0693 2
      vertex -3.74241 17.6067 2
    endloop
  endfacet
  facet normal 0 0 1
    outer loop
      vertex -3.50787 14.0693 2
      vertex -4.35459 17.4653 2
      vertex -3.99674 13.9383 2
    endloop
  endfacet
  facet normal -0 0 1
    outer loop
      vertex -4.96147 17.3027 2
      vertex -3.99674 13.9383 2
      vertex -4.35459 17.4653 2
    endloop
  endfacet
  facet normal 0 0 1
    outer loop
      vertex -3.99674 13.9383 2
      vertex -4.96147 17.3027 2
      vertex -4.48075 13.7903 2
    endloop
  endfacet
  facet normal -0 0 1
    outer loop
      vertex -5.56231 17.119 2
      vertex -4.48075 13.7903 2
      vertex -4.96147 17.3027 2
    endloop
  endfacet
  facet normal 0 0 1
    outer loop
      vertex -4.48075 13.7903 2
      vertex -5.56231 17.119 2
      vertex -4.95929 13.6255 2
    endloop
  endfacet
  facet normal -0 0 1
    outer loop
      vertex -6.15636 16.9145 2
      vertex -4.95929 13.6255 2
      vertex -5.56231 17.119 2
    endloop
  endfacet
  facet normal 0 0 1
    outer loop
      vertex -4.95929 13.6255 2
      vertex -6.15636 16.9145 2
      vertex -5.4318 13.4442 2
    endloop
  endfacet
  facet normal -0 0 1
    outer loop
      vertex -6.74292 16.6893 2
      vertex -5.4318 13.4442 2
      vertex -6.15636 16.9145 2
    endloop
  endfacet
  facet normal 0 0 1
    outer loop
      vertex -5.4318 13.4442 2
      vertex -6.74292 16.6893 2
      vertex -5.89768 13.2464 2
    endloop
  endfacet
  facet normal -0 0 1
    outer loop
      vertex -7.32126 16.4438 2
      vertex -5.89768 13.2464 2
      vertex -6.74292 16.6893 2
    endloop
  endfacet
  facet normal 0 0 1
    outer loop
      vertex -5.89768 13.2464 2
      vertex -7.32126 16.4438 2
      vertex -6.35638 13.0325 2
    endloop
  endfacet
  facet normal -0 0 1
    outer loop
      vertex -7.89068 16.1783 2
      vertex -6.35638 13.0325 2
      vertex -7.32126 16.4438 2
    endloop
  endfacet
  facet normal 0 0 1
    outer loop
      vertex -6.35638 13.0325 2
      vertex -7.89068 16.1783 2
      vertex -6.80734 12.8027 2
    endloop
  endfacet
  facet normal -0 0 1
    outer loop
      vertex -8.45049 15.8931 2
      vertex -6.80734 12.8027 2
      vertex -7.89068 16.1783 2
    endloop
  endfacet
  facet normal 0 0 1
    outer loop
      vertex -6.80734 12.8027 2
      vertex -8.45049 15.8931 2
      vertex -7.25 12.5574 2
    endloop
  endfacet
  facet normal -0 0 1
    outer loop
      vertex -9 15.5885 2
      vertex -7.25 12.5574 2
      vertex -8.45049 15.8931 2
    endloop
  endfacet
  facet normal 0 0 1
    outer loop
      vertex -7.25 12.5574 2
      vertex -9 15.5885 2
      vertex -7.68383 12.2967 2
    endloop
  endfacet
  facet normal -0 0 1
    outer loop
      vertex -9.53855 15.2649 2
      vertex -7.68383 12.2967 2
      vertex -9 15.5885 2
    endloop
  endfacet
  facet normal 0 0 1
    outer loop
      vertex -7.68383 12.2967 2
      vertex -9.53855 15.2649 2
      vertex -8.1083 12.021 2
    endloop
  endfacet
  facet normal -0 0 1
    outer loop
      vertex -10.0655 14.9227 2
      vertex -8.1083 12.021 2
      vertex -9.53855 15.2649 2
    endloop
  endfacet
  facet normal 0 0 1
    outer loop
      vertex -8.1083 12.021 2
      vertex -10.0655 14.9227 2
      vertex -8.52289 11.7307 2
    endloop
  endfacet
  facet normal -0 0 1
    outer loop
      vertex -10.5801 14.5623 2
      vertex -8.52289 11.7307 2
      vertex -10.0655 14.9227 2
    endloop
  endfacet
  facet normal 0 0 1
    outer loop
      vertex -8.52289 11.7307 2
      vertex -10.5801 14.5623 2
      vertex -8.92709 11.4262 2
    endloop
  endfacet
  facet normal -0 0 1
    outer loop
      vertex -11.0819 14.1842 2
      vertex -8.92709 11.4262 2
      vertex -10.5801 14.5623 2
    endloop
  endfacet
  facet normal 0 0 1
    outer loop
      vertex -8.92709 11.4262 2
      vertex -11.0819 14.1842 2
      vertex -9.32042 11.1076 2
    endloop
  endfacet
  facet normal -0 0 1
    outer loop
      vertex -11.5702 13.7888 2
      vertex -9.32042 11.1076 2
      vertex -11.0819 14.1842 2
    endloop
  endfacet
  facet normal 0 0 1
    outer loop
      vertex -9.32042 11.1076 2
      vertex -11.5702 13.7888 2
      vertex -9.70239 10.7756 2
    endloop
  endfacet
  facet normal -0 0 1
    outer loop
      vertex -12.0444 13.3766 2
      vertex -9.70239 10.7756 2
      vertex -11.5702 13.7888 2
    endloop
  endfacet
  facet normal 0 0 1
    outer loop
      vertex -9.70239 10.7756 2
      vertex -12.0444 13.3766 2
      vertex -10.0725 10.4304 2
    endloop
  endfacet
  facet normal -0 0 1
    outer loop
      vertex -12.5038 12.9481 2
      vertex -10.0725 10.4304 2
      vertex -12.0444 13.3766 2
    endloop
  endfacet
  facet normal 0 0 1
    outer loop
      vertex -10.0725 10.4304 2
      vertex -12.5038 12.9481 2
      vertex -10.4304 10.0725 2
    endloop
  endfacet
  facet normal -0 0 1
    outer loop
      vertex -12.9481 12.5038 2
      vertex -10.4304 10.0725 2
      vertex -12.5038 12.9481 2
    endloop
  endfacet
  facet normal 0 0 1
    outer loop
      vertex -10.4304 10.0725 2
      vertex -12.9481 12.5038 2
      vertex -10.7756 9.70239 2
    endloop
  endfacet
  facet normal -0 0 1
    outer loop
      vertex -13.3766 12.0444 2
      vertex -10.7756 9.70239 2
      vertex -12.9481 12.5038 2
    endloop
  endfacet
  facet normal 0 0 1
    outer loop
      vertex -10.7756 9.70239 2
      vertex -13.3766 12.0444 2
      vertex -11.1076 9.32042 2
    endloop
  endfacet
  facet normal -0 0 1
    outer loop
      vertex -13.7888 11.5702 2
      vertex -11.1076 9.32042 2
      vertex -13.3766 12.0444 2
    endloop
  endfacet
  facet normal 0 0 1
    outer loop
      vertex -11.1076 9.32042 2
      vertex -13.7888 11.5702 2
      vertex -11.4262 8.92709 2
    endloop
  endfacet
  facet normal -0 0 1
    outer loop
      vertex -14.1842 11.0819 2
      vertex -11.4262 8.92709 2
      vertex -13.7888 11.5702 2
    endloop
  endfacet
  facet normal 0 0 1
    outer loop
      vertex -11.4262 8.92709 2
      vertex -14.1842 11.0819 2
      vertex -11.7307 8.52289 2
    endloop
  endfacet
  facet normal -0 0 1
    outer loop
      vertex -14.5623 10.5801 2
      vertex -11.7307 8.52289 2
      vertex -14.1842 11.0819 2
    endloop
  endfacet
  facet normal 0 0 1
    outer loop
      vertex -11.7307 8.52289 2
      vertex -14.5623 10.5801 2
      vertex -12.021 8.1083 2
    endloop
  endfacet
  facet normal -0 0 1
    outer loop
      vertex -14.9227 10.0655 2
      vertex -12.021 8.1083 2
      vertex -14.5623 10.5801 2
    endloop
  endfacet
  facet normal 0 0 1
    outer loop
      vertex -12.021 8.1083 2
      vertex -14.9227 10.0655 2
      vertex -12.2967 7.68383 2
    endloop
  endfacet
  facet normal -0 0 1
    outer loop
      vertex -15.2649 9.53855 2
      vertex -12.2967 7.68383 2
      vertex -14.9227 10.0655 2
    endloop
  endfacet
  facet normal 0 0 1
    outer loop
      vertex -12.2967 7.68383 2
      vertex -15.2649 9.53855 2
      vertex -12.5574 7.25 2
    endloop
  endfacet
  facet normal -0 0 1
    outer loop
      vertex -15.5885 9 2
      vertex -12.5574 7.25 2
      vertex -15.2649 9.53855 2
    endloop
  endfacet
  facet normal 0 0 1
    outer loop
      vertex -12.5574 7.25 2
      vertex -15.5885 9 2
      vertex -12.8027 6.80734 2
    endloop
  endfacet
  facet normal -0 0 1
    outer loop
      vertex -15.8931 8.45049 2
      vertex -12.8027 6.80734 2
      vertex -15.5885 9 2
    endloop
  endfacet
  facet normal 0 0 1
    outer loop
      vertex -12.8027 6.80734 2
      vertex -15.8931 8.45049 2
      vertex -13.0325 6.35638 2
    endloop
  endfacet
  facet normal -0 0 1
    outer loop
      vertex -16.1783 7.89068 2
      vertex -13.0325 6.35638 2
      vertex -15.8931 8.45049 2
    endloop
  endfacet
  facet normal 0 0 1
    outer loop
      vertex -13.0325 6.35638 2
      vertex -16.1783 7.89068 2
      vertex -13.2464 5.89768 2
    endloop
  endfacet
  facet normal -0 0 1
    outer loop
      vertex -16.4438 7.32126 2
      vertex -13.2464 5.89768 2
      vertex -16.1783 7.89068 2
    endloop
  endfacet
  facet normal 0 0 1
    outer loop
      vertex -13.2464 5.89768 2
      vertex -16.4438 7.32126 2
      vertex -13.4442 5.4318 2
    endloop
  endfacet
  facet normal -0 0 1
    outer loop
      vertex -16.6893 6.74292 2
      vertex -13.4442 5.4318 2
      vertex -16.4438 7.32126 2
    endloop
  endfacet
  facet normal 0 0 1
    outer loop
      vertex -13.4442 5.4318 2
      vertex -16.6893 6.74292 2
      vertex -13.6255 4.95929 2
    endloop
  endfacet
  facet normal -0 0 1
    outer loop
      vertex -16.9145 6.15636 2
      vertex -13.6255 4.95929 2
      vertex -16.6893 6.74292 2
    endloop
  endfacet
  facet normal -0 0 1
    outer loop
      vertex -17.119 5.56231 2
      vertex -13.7903 4.48075 2
      vertex -16.9145 6.15636 2
    endloop
  endfacet
  facet normal 0 0 1
    outer loop
      vertex -13.6255 4.95929 2
      vertex -16.9145 6.15636 2
      vertex -13.7903 4.48075 2
    endloop
  endfacet
  facet normal 0 0 1
    outer loop
      vertex 17.119 -5.56231 2
      vertex 13.7903 -4.48075 2
      vertex 16.9145 -6.15636 2
    endloop
  endfacet
  facet normal -0 0 1
    outer loop
      vertex 13.6255 -4.95929 2
      vertex 16.9145 -6.15636 2
      vertex 13.7903 -4.48075 2
    endloop
  endfacet
  facet normal 0 0 1
    outer loop
      vertex 16.9145 -6.15636 2
      vertex 13.6255 -4.95929 2
      vertex 16.6893 -6.74292 2
    endloop
  endfacet
  facet normal -0 0 1
    outer loop
      vertex 13.4442 -5.4318 2
      vertex 16.6893 -6.74292 2
      vertex 13.6255 -4.95929 2
    endloop
  endfacet
  facet normal 0 0 1
    outer loop
      vertex 16.6893 -6.74292 2
      vertex 13.4442 -5.4318 2
      vertex 16.4438 -7.32126 2
    endloop
  endfacet
  facet normal -0 0 1
    outer loop
      vertex 13.2464 -5.89768 2
      vertex 16.4438 -7.32126 2
      vertex 13.4442 -5.4318 2
    endloop
  endfacet
  facet normal 0 0 1
    outer loop
      vertex 16.4438 -7.32126 2
      vertex 13.2464 -5.89768 2
      vertex 16.1783 -7.89068 2
    endloop
  endfacet
  facet normal -0 0 1
    outer loop
      vertex 13.0325 -6.35638 2
      vertex 16.1783 -7.89068 2
      vertex 13.2464 -5.89768 2
    endloop
  endfacet
  facet normal 0 0 1
    outer loop
      vertex 16.1783 -7.89068 2
      vertex 13.0325 -6.35638 2
      vertex 15.8931 -8.45049 2
    endloop
  endfacet
  facet normal -0 0 1
    outer loop
      vertex 12.8027 -6.80734 2
      vertex 15.8931 -8.45049 2
      vertex 13.0325 -6.35638 2
    endloop
  endfacet
  facet normal 0 0 1
    outer loop
      vertex 15.8931 -8.45049 2
      vertex 12.8027 -6.80734 2
      vertex 15.5885 -9 2
    endloop
  endfacet
  facet normal -0 0 1
    outer loop
      vertex 12.5574 -7.25 2
      vertex 15.5885 -9 2
      vertex 12.8027 -6.80734 2
    endloop
  endfacet
  facet normal 0 0 1
    outer loop
      vertex 15.5885 -9 2
      vertex 12.5574 -7.25 2
      vertex 15.2649 -9.53855 2
    endloop
  endfacet
  facet normal -0 0 1
    outer loop
      vertex 12.2967 -7.68383 2
      vertex 15.2649 -9.53855 2
      vertex 12.5574 -7.25 2
    endloop
  endfacet
  facet normal 0 0 1
    outer loop
      vertex 15.2649 -9.53855 2
      vertex 12.2967 -7.68383 2
      vertex 14.9227 -10.0655 2
    endloop
  endfacet
  facet normal -0 0 1
    outer loop
      vertex 12.021 -8.1083 2
      vertex 14.9227 -10.0655 2
      vertex 12.2967 -7.68383 2
    endloop
  endfacet
  facet normal 0 0 1
    outer loop
      vertex 14.9227 -10.0655 2
      vertex 12.021 -8.1083 2
      vertex 14.5623 -10.5801 2
    endloop
  endfacet
  facet normal -0 0 1
    outer loop
      vertex 11.7307 -8.52289 2
      vertex 14.5623 -10.5801 2
      vertex 12.021 -8.1083 2
    endloop
  endfacet
  facet normal 0 0 1
    outer loop
      vertex 14.5623 -10.5801 2
      vertex 11.7307 -8.52289 2
      vertex 14.1842 -11.0819 2
    endloop
  endfacet
  facet normal -0 0 1
    outer loop
      vertex 11.4262 -8.92709 2
      vertex 14.1842 -11.0819 2
      vertex 11.7307 -8.52289 2
    endloop
  endfacet
  facet normal 0 0 1
    outer loop
      vertex 14.1842 -11.0819 2
      vertex 11.4262 -8.92709 2
      vertex 13.7888 -11.5702 2
    endloop
  endfacet
  facet normal -0 0 1
    outer loop
      vertex 11.1076 -9.32042 2
      vertex 13.7888 -11.5702 2
      vertex 11.4262 -8.92709 2
    endloop
  endfacet
  facet normal 0 0 1
    outer loop
      vertex 13.7888 -11.5702 2
      vertex 11.1076 -9.32042 2
      vertex 13.3766 -12.0444 2
    endloop
  endfacet
  facet normal -0 0 1
    outer loop
      vertex 10.7756 -9.70239 2
      vertex 13.3766 -12.0444 2
      vertex 11.1076 -9.32042 2
    endloop
  endfacet
  facet normal 0 0 1
    outer loop
      vertex 13.3766 -12.0444 2
      vertex 10.7756 -9.70239 2
      vertex 12.9481 -12.5038 2
    endloop
  endfacet
  facet normal -0 0 1
    outer loop
      vertex 10.4304 -10.0725 2
      vertex 12.9481 -12.5038 2
      vertex 10.7756 -9.70239 2
    endloop
  endfacet
  facet normal 0 0 1
    outer loop
      vertex 12.9481 -12.5038 2
      vertex 10.4304 -10.0725 2
      vertex 12.5038 -12.9481 2
    endloop
  endfacet
  facet normal -0 0 1
    outer loop
      vertex 10.0725 -10.4304 2
      vertex 12.5038 -12.9481 2
      vertex 10.4304 -10.0725 2
    endloop
  endfacet
  facet normal 0 0 1
    outer loop
      vertex 12.5038 -12.9481 2
      vertex 10.0725 -10.4304 2
      vertex 12.0444 -13.3766 2
    endloop
  endfacet
  facet normal -0 0 1
    outer loop
      vertex 9.70239 -10.7756 2
      vertex 12.0444 -13.3766 2
      vertex 10.0725 -10.4304 2
    endloop
  endfacet
  facet normal 0 0 1
    outer loop
      vertex 12.0444 -13.3766 2
      vertex 9.70239 -10.7756 2
      vertex 11.5702 -13.7888 2
    endloop
  endfacet
  facet normal -0 0 1
    outer loop
      vertex 9.32042 -11.1076 2
      vertex 11.5702 -13.7888 2
      vertex 9.70239 -10.7756 2
    endloop
  endfacet
  facet normal 0 0 1
    outer loop
      vertex 11.5702 -13.7888 2
      vertex 9.32042 -11.1076 2
      vertex 11.0819 -14.1842 2
    endloop
  endfacet
  facet normal -0 0 1
    outer loop
      vertex 8.92709 -11.4262 2
      vertex 11.0819 -14.1842 2
      vertex 9.32042 -11.1076 2
    endloop
  endfacet
  facet normal 0 0 1
    outer loop
      vertex 11.0819 -14.1842 2
      vertex 8.92709 -11.4262 2
      vertex 10.5801 -14.5623 2
    endloop
  endfacet
  facet normal -0 0 1
    outer loop
      vertex 8.52289 -11.7307 2
      vertex 10.5801 -14.5623 2
      vertex 8.92709 -11.4262 2
    endloop
  endfacet
  facet normal 0 0 1
    outer loop
      vertex 10.5801 -14.5623 2
      vertex 8.52289 -11.7307 2
      vertex 10.0655 -14.9227 2
    endloop
  endfacet
  facet normal -0 0 1
    outer loop
      vertex 8.1083 -12.021 2
      vertex 10.0655 -14.9227 2
      vertex 8.52289 -11.7307 2
    endloop
  endfacet
  facet normal 0 0 1
    outer loop
      vertex 10.0655 -14.9227 2
      vertex 8.1083 -12.021 2
      vertex 9.53855 -15.2649 2
    endloop
  endfacet
  facet normal -0 0 1
    outer loop
      vertex 7.68383 -12.2967 2
      vertex 9.53855 -15.2649 2
      vertex 8.1083 -12.021 2
    endloop
  endfacet
  facet normal 0 0 1
    outer loop
      vertex 9.53855 -15.2649 2
      vertex 7.68383 -12.2967 2
      vertex 9 -15.5885 2
    endloop
  endfacet
  facet normal -0 0 1
    outer loop
      vertex 7.25 -12.5574 2
      vertex 9 -15.5885 2
      vertex 7.68383 -12.2967 2
    endloop
  endfacet
  facet normal 0 0 1
    outer loop
      vertex 9 -15.5885 2
      vertex 7.25 -12.5574 2
      vertex 8.45049 -15.8931 2
    endloop
  endfacet
  facet normal -0 0 1
    outer loop
      vertex 6.80734 -12.8027 2
      vertex 8.45049 -15.8931 2
      vertex 7.25 -12.5574 2
    endloop
  endfacet
  facet normal 0 0 1
    outer loop
      vertex 8.45049 -15.8931 2
      vertex 6.80734 -12.8027 2
      vertex 7.89068 -16.1783 2
    endloop
  endfacet
  facet normal -0 0 1
    outer loop
      vertex 6.35638 -13.0325 2
      vertex 7.89068 -16.1783 2
      vertex 6.80734 -12.8027 2
    endloop
  endfacet
  facet normal 0 0 1
    outer loop
      vertex 7.89068 -16.1783 2
      vertex 6.35638 -13.0325 2
      vertex 7.32126 -16.4438 2
    endloop
  endfacet
  facet normal -0 0 1
    outer loop
      vertex 5.89768 -13.2464 2
      vertex 7.32126 -16.4438 2
      vertex 6.35638 -13.0325 2
    endloop
  endfacet
  facet normal 0 0 1
    outer loop
      vertex 7.32126 -16.4438 2
      vertex 5.89768 -13.2464 2
      vertex 6.74292 -16.6893 2
    endloop
  endfacet
  facet normal -0 0 1
    outer loop
      vertex 5.4318 -13.4442 2
      vertex 6.74292 -16.6893 2
      vertex 5.89768 -13.2464 2
    endloop
  endfacet
  facet normal 0 0 1
    outer loop
      vertex 6.74292 -16.6893 2
      vertex 5.4318 -13.4442 2
      vertex 6.15636 -16.9145 2
    endloop
  endfacet
  facet normal -0 0 1
    outer loop
      vertex 4.95929 -13.6255 2
      vertex 6.15636 -16.9145 2
      vertex 5.4318 -13.4442 2
    endloop
  endfacet
  facet normal 0 0 1
    outer loop
      vertex 6.15636 -16.9145 2
      vertex 4.95929 -13.6255 2
      vertex 5.56231 -17.119 2
    endloop
  endfacet
  facet normal -0 0 1
    outer loop
      vertex 4.48075 -13.7903 2
      vertex 5.56231 -17.119 2
      vertex 4.95929 -13.6255 2
    endloop
  endfacet
  facet normal 0 0 1
    outer loop
      vertex 5.56231 -17.119 2
      vertex 4.48075 -13.7903 2
      vertex 4.96147 -17.3027 2
    endloop
  endfacet
  facet normal -0 0 1
    outer loop
      vertex 3.99674 -13.9383 2
      vertex 4.96147 -17.3027 2
      vertex 4.48075 -13.7903 2
    endloop
  endfacet
  facet normal 0 0 1
    outer loop
      vertex 4.96147 -17.3027 2
      vertex 3.99674 -13.9383 2
      vertex 4.35459 -17.4653 2
    endloop
  endfacet
  facet normal -0 0 1
    outer loop
      vertex 3.50787 -14.0693 2
      vertex 4.35459 -17.4653 2
      vertex 3.99674 -13.9383 2
    endloop
  endfacet
  facet normal 0 0 1
    outer loop
      vertex 4.35459 -17.4653 2
      vertex 3.50787 -14.0693 2
      vertex 3.74241 -17.6067 2
    endloop
  endfacet
  facet normal -0 0 1
    outer loop
      vertex 3.01472 -14.1831 2
      vertex 3.74241 -17.6067 2
      vertex 3.50787 -14.0693 2
    endloop
  endfacet
  facet normal 0 0 1
    outer loop
      vertex 3.74241 -17.6067 2
      vertex 3.01472 -14.1831 2
      vertex 3.12567 -17.7265 2
    endloop
  endfacet
  facet normal -0 0 1
    outer loop
      vertex 2.5179 -14.2797 2
      vertex 3.12567 -17.7265 2
      vertex 3.01472 -14.1831 2
    endloop
  endfacet
  facet normal 0 0 1
    outer loop
      vertex 2.5179 -14.2797 2
      vertex 2.50512 -17.8248 2
      vertex 3.12567 -17.7265 2
    endloop
  endfacet
  facet normal -0 0 1
    outer loop
      vertex 2.01801 -14.3589 2
      vertex 2.50512 -17.8248 2
      vertex 2.5179 -14.2797 2
    endloop
  endfacet
  facet normal 0 0 1
    outer loop
      vertex 2.01801 -14.3589 2
      vertex 1.88151 -17.9014 2
      vertex 2.50512 -17.8248 2
    endloop
  endfacet
  facet normal -0 0 1
    outer loop
      vertex 1.51566 -14.4206 2
      vertex 1.88151 -17.9014 2
      vertex 2.01801 -14.3589 2
    endloop
  endfacet
  facet normal 0 0 1
    outer loop
      vertex 1.51566 -14.4206 2
      vertex 1.25562 -17.9562 2
      vertex 1.88151 -17.9014 2
    endloop
  endfacet
  facet normal -0 0 1
    outer loop
      vertex 1.01147 -14.4647 2
      vertex 1.25562 -17.9562 2
      vertex 1.51566 -14.4206 2
    endloop
  endfacet
  facet normal 0 0 1
    outer loop
      vertex 1.01147 -14.4647 2
      vertex 0.62819 -17.989 2
      vertex 1.25562 -17.9562 2
    endloop
  endfacet
  facet normal -0 0 1
    outer loop
      vertex 0.506042 -14.4912 2
      vertex 0.62819 -17.989 2
      vertex 1.01147 -14.4647 2
    endloop
  endfacet
  facet normal -0 0 1
    outer loop
      vertex 0 -14.5 2
      vertex 0.62819 -17.989 2
      vertex 0.506042 -14.4912 2
    endloop
  endfacet
  facet normal 0 0 1
    outer loop
      vertex 0 -14.5 2
      vertex 0 -18 2
      vertex 0.62819 -17.989 2
    endloop
  endfacet
  facet normal 0 0 1
    outer loop
      vertex -0.506042 -14.4912 2
      vertex 0 -18 2
      vertex 0 -14.5 2
    endloop
  endfacet
  facet normal 0 0 1
    outer loop
      vertex -0.506042 -14.4912 2
      vertex -0.62819 -17.989 2
      vertex 0 -18 2
    endloop
  endfacet
  facet normal 0 0 1
    outer loop
      vertex -1.01147 -14.4647 2
      vertex -0.62819 -17.989 2
      vertex -0.506042 -14.4912 2
    endloop
  endfacet
  facet normal 0 0 1
    outer loop
      vertex -1.01147 -14.4647 2
      vertex -1.25562 -17.9562 2
      vertex -0.62819 -17.989 2
    endloop
  endfacet
  facet normal 0 0 1
    outer loop
      vertex -1.51566 -14.4206 2
      vertex -1.25562 -17.9562 2
      vertex -1.01147 -14.4647 2
    endloop
  endfacet
  facet normal 0 0 1
    outer loop
      vertex -1.51566 -14.4206 2
      vertex -1.88151 -17.9014 2
      vertex -1.25562 -17.9562 2
    endloop
  endfacet
  facet normal 0 0 1
    outer loop
      vertex -2.01801 -14.3589 2
      vertex -1.88151 -17.9014 2
      vertex -1.51566 -14.4206 2
    endloop
  endfacet
  facet normal 0 0 1
    outer loop
      vertex -2.01801 -14.3589 2
      vertex -2.50512 -17.8248 2
      vertex -1.88151 -17.9014 2
    endloop
  endfacet
  facet normal 0 0 1
    outer loop
      vertex -2.5179 -14.2797 2
      vertex -2.50512 -17.8248 2
      vertex -2.01801 -14.3589 2
    endloop
  endfacet
  facet normal 0 0 1
    outer loop
      vertex -3.12567 -17.7265 2
      vertex -2.5179 -14.2797 2
      vertex -3.01472 -14.1831 2
    endloop
  endfacet
  facet normal 0 0 1
    outer loop
      vertex -2.5179 -14.2797 2
      vertex -3.12567 -17.7265 2
      vertex -2.50512 -17.8248 2
    endloop
  endfacet
  facet normal 0 0 1
    outer loop
      vertex -3.74241 -17.6067 2
      vertex -3.01472 -14.1831 2
      vertex -3.50787 -14.0693 2
    endloop
  endfacet
  facet normal 0 0 1
    outer loop
      vertex -3.01472 -14.1831 2
      vertex -3.74241 -17.6067 2
      vertex -3.12567 -17.7265 2
    endloop
  endfacet
  facet normal 0 0 1
    outer loop
      vertex -4.35459 -17.4653 2
      vertex -3.50787 -14.0693 2
      vertex -3.99674 -13.9383 2
    endloop
  endfacet
  facet normal 0 0 1
    outer loop
      vertex -3.50787 -14.0693 2
      vertex -4.35459 -17.4653 2
      vertex -3.74241 -17.6067 2
    endloop
  endfacet
  facet normal 0 0 1
    outer loop
      vertex -4.96147 -17.3027 2
      vertex -3.99674 -13.9383 2
      vertex -4.48075 -13.7903 2
    endloop
  endfacet
  facet normal 0 0 1
    outer loop
      vertex -5.56231 -17.119 2
      vertex -4.48075 -13.7903 2
      vertex -4.95929 -13.6255 2
    endloop
  endfacet
  facet normal 0 0 1
    outer loop
      vertex -3.99674 -13.9383 2
      vertex -4.96147 -17.3027 2
      vertex -4.35459 -17.4653 2
    endloop
  endfacet
  facet normal 0 0 1
    outer loop
      vertex -6.15636 -16.9145 2
      vertex -4.95929 -13.6255 2
      vertex -5.4318 -13.4442 2
    endloop
  endfacet
  facet normal 0 0 1
    outer loop
      vertex -4.48075 -13.7903 2
      vertex -5.56231 -17.119 2
      vertex -4.96147 -17.3027 2
    endloop
  endfacet
  facet normal 0 0 1
    outer loop
      vertex -6.74292 -16.6893 2
      vertex -5.4318 -13.4442 2
      vertex -5.89768 -13.2464 2
    endloop
  endfacet
  facet normal 0 0 1
    outer loop
      vertex -4.95929 -13.6255 2
      vertex -6.15636 -16.9145 2
      vertex -5.56231 -17.119 2
    endloop
  endfacet
  facet normal 0 0 1
    outer loop
      vertex -7.32126 -16.4438 2
      vertex -5.89768 -13.2464 2
      vertex -6.35638 -13.0325 2
    endloop
  endfacet
  facet normal 0 0 1
    outer loop
      vertex -5.4318 -13.4442 2
      vertex -6.74292 -16.6893 2
      vertex -6.15636 -16.9145 2
    endloop
  endfacet
  facet normal 0 0 1
    outer loop
      vertex -7.89068 -16.1783 2
      vertex -6.35638 -13.0325 2
      vertex -6.80734 -12.8027 2
    endloop
  endfacet
  facet normal 0 0 1
    outer loop
      vertex -8.45049 -15.8931 2
      vertex -6.80734 -12.8027 2
      vertex -7.25 -12.5574 2
    endloop
  endfacet
  facet normal 0 0 1
    outer loop
      vertex -5.89768 -13.2464 2
      vertex -7.32126 -16.4438 2
      vertex -6.74292 -16.6893 2
    endloop
  endfacet
  facet normal 0 0 1
    outer loop
      vertex -9 -15.5885 2
      vertex -7.25 -12.5574 2
      vertex -7.68383 -12.2967 2
    endloop
  endfacet
  facet normal 0 0 1
    outer loop
      vertex -6.35638 -13.0325 2
      vertex -7.89068 -16.1783 2
      vertex -7.32126 -16.4438 2
    endloop
  endfacet
  facet normal 0 0 1
    outer loop
      vertex -9.53855 -15.2649 2
      vertex -7.68383 -12.2967 2
      vertex -8.1083 -12.021 2
    endloop
  endfacet
  facet normal 0 0 1
    outer loop
      vertex -6.80734 -12.8027 2
      vertex -8.45049 -15.8931 2
      vertex -7.89068 -16.1783 2
    endloop
  endfacet
  facet normal 0 0 1
    outer loop
      vertex -10.0655 -14.9227 2
      vertex -8.1083 -12.021 2
      vertex -8.52289 -11.7307 2
    endloop
  endfacet
  facet normal 0 0 1
    outer loop
      vertex -10.5801 -14.5623 2
      vertex -8.52289 -11.7307 2
      vertex -8.92709 -11.4262 2
    endloop
  endfacet
  facet normal 0 0 1
    outer loop
      vertex -7.25 -12.5574 2
      vertex -9 -15.5885 2
      vertex -8.45049 -15.8931 2
    endloop
  endfacet
  facet normal 0 0 1
    outer loop
      vertex -11.0819 -14.1842 2
      vertex -8.92709 -11.4262 2
      vertex -9.32042 -11.1076 2
    endloop
  endfacet
  facet normal 0 0 1
    outer loop
      vertex -7.68383 -12.2967 2
      vertex -9.53855 -15.2649 2
      vertex -9 -15.5885 2
    endloop
  endfacet
  facet normal 0 0 1
    outer loop
      vertex -11.5702 -13.7888 2
      vertex -9.32042 -11.1076 2
      vertex -9.70239 -10.7756 2
    endloop
  endfacet
  facet normal 0 0 1
    outer loop
      vertex -8.1083 -12.021 2
      vertex -10.0655 -14.9227 2
      vertex -9.53855 -15.2649 2
    endloop
  endfacet
  facet normal 0 0 1
    outer loop
      vertex -12.0444 -13.3766 2
      vertex -9.70239 -10.7756 2
      vertex -10.0725 -10.4304 2
    endloop
  endfacet
  facet normal 0 0 1
    outer loop
      vertex -12.5038 -12.9481 2
      vertex -10.0725 -10.4304 2
      vertex -10.4304 -10.0725 2
    endloop
  endfacet
  facet normal 0 0 1
    outer loop
      vertex -8.52289 -11.7307 2
      vertex -10.5801 -14.5623 2
      vertex -10.0655 -14.9227 2
    endloop
  endfacet
  facet normal 0 0 1
    outer loop
      vertex -12.9481 -12.5038 2
      vertex -10.4304 -10.0725 2
      vertex -10.7756 -9.70239 2
    endloop
  endfacet
  facet normal 0 0 1
    outer loop
      vertex -8.92709 -11.4262 2
      vertex -11.0819 -14.1842 2
      vertex -10.5801 -14.5623 2
    endloop
  endfacet
  facet normal 0 0 1
    outer loop
      vertex -13.3766 -12.0444 2
      vertex -10.7756 -9.70239 2
      vertex -11.1076 -9.32042 2
    endloop
  endfacet
  facet normal 0 0 1
    outer loop
      vertex -13.7888 -11.5702 2
      vertex -11.1076 -9.32042 2
      vertex -11.4262 -8.92709 2
    endloop
  endfacet
  facet normal 0 0 1
    outer loop
      vertex -9.32042 -11.1076 2
      vertex -11.5702 -13.7888 2
      vertex -11.0819 -14.1842 2
    endloop
  endfacet
  facet normal 0 0 1
    outer loop
      vertex -14.1842 -11.0819 2
      vertex -11.4262 -8.92709 2
      vertex -11.7307 -8.52289 2
    endloop
  endfacet
  facet normal 0 0 1
    outer loop
      vertex -14.5623 -10.5801 2
      vertex -11.7307 -8.52289 2
      vertex -12.021 -8.1083 2
    endloop
  endfacet
  facet normal 0 0 1
    outer loop
      vertex -9.70239 -10.7756 2
      vertex -12.0444 -13.3766 2
      vertex -11.5702 -13.7888 2
    endloop
  endfacet
  facet normal 0 0 1
    outer loop
      vertex -14.9227 -10.0655 2
      vertex -12.021 -8.1083 2
      vertex -12.2967 -7.68383 2
    endloop
  endfacet
  facet normal 0 0 1
    outer loop
      vertex -10.0725 -10.4304 2
      vertex -12.5038 -12.9481 2
      vertex -12.0444 -13.3766 2
    endloop
  endfacet
  facet normal 0 0 1
    outer loop
      vertex -15.2649 -9.53855 2
      vertex -12.2967 -7.68383 2
      vertex -12.5574 -7.25 2
    endloop
  endfacet
  facet normal 0 0 1
    outer loop
      vertex -15.5885 -9 2
      vertex -12.5574 -7.25 2
      vertex -12.8027 -6.80734 2
    endloop
  endfacet
  facet normal 0 0 1
    outer loop
      vertex -10.4304 -10.0725 2
      vertex -12.9481 -12.5038 2
      vertex -12.5038 -12.9481 2
    endloop
  endfacet
  facet normal 0 0 1
    outer loop
      vertex -15.8931 -8.45049 2
      vertex -12.8027 -6.80734 2
      vertex -13.0325 -6.35638 2
    endloop
  endfacet
  facet normal 0 0 1
    outer loop
      vertex -16.1783 -7.89068 2
      vertex -13.0325 -6.35638 2
      vertex -13.2464 -5.89768 2
    endloop
  endfacet
  facet normal 0 0 1
    outer loop
      vertex -10.7756 -9.70239 2
      vertex -13.3766 -12.0444 2
      vertex -12.9481 -12.5038 2
    endloop
  endfacet
  facet normal 0 0 1
    outer loop
      vertex -16.4438 -7.32126 2
      vertex -13.2464 -5.89768 2
      vertex -13.4442 -5.4318 2
    endloop
  endfacet
  facet normal 0 0 1
    outer loop
      vertex -16.6893 -6.74292 2
      vertex -13.4442 -5.4318 2
      vertex -13.6255 -4.95929 2
    endloop
  endfacet
  facet normal 0 0 1
    outer loop
      vertex -11.1076 -9.32042 2
      vertex -13.7888 -11.5702 2
      vertex -13.3766 -12.0444 2
    endloop
  endfacet
  facet normal 0 0 1
    outer loop
      vertex -16.9145 -6.15636 2
      vertex -13.6255 -4.95929 2
      vertex -13.7903 -4.48075 2
    endloop
  endfacet
  facet normal 0 0 1
    outer loop
      vertex -17.119 -5.56231 2
      vertex -13.7903 -4.48075 2
      vertex -13.9383 -3.99674 2
    endloop
  endfacet
  facet normal 0 0 1
    outer loop
      vertex -17.3027 -4.96147 2
      vertex -13.9383 -3.99674 2
      vertex -14.0693 -3.50787 2
    endloop
  endfacet
  facet normal 0 0 1
    outer loop
      vertex -17.4653 -4.35459 2
      vertex -14.0693 -3.50787 2
      vertex -14.1831 -3.01472 2
    endloop
  endfacet
  facet normal 0 0 1
    outer loop
      vertex -11.4262 -8.92709 2
      vertex -14.1842 -11.0819 2
      vertex -13.7888 -11.5702 2
    endloop
  endfacet
  facet normal 0 0 1
    outer loop
      vertex -17.6067 -3.74241 2
      vertex -14.1831 -3.01472 2
      vertex -14.2797 -2.5179 2
    endloop
  endfacet
  facet normal 0 0 1
    outer loop
      vertex -17.7265 -3.12567 2
      vertex -14.2797 -2.5179 2
      vertex -14.3589 -2.01801 2
    endloop
  endfacet
  facet normal 0 0 1
    outer loop
      vertex -17.8248 -2.50512 2
      vertex -14.3589 -2.01801 2
      vertex -14.4206 -1.51566 2
    endloop
  endfacet
  facet normal 0 0 1
    outer loop
      vertex -17.9014 -1.88151 2
      vertex -14.4206 -1.51566 2
      vertex -14.4647 -1.01147 2
    endloop
  endfacet
  facet normal 0 0 1
    outer loop
      vertex -17.9562 -1.25562 2
      vertex -14.4647 -1.01147 2
      vertex -14.4912 -0.506042 2
    endloop
  endfacet
  facet normal 0 0 1
    outer loop
      vertex -11.7307 -8.52289 2
      vertex -14.5623 -10.5801 2
      vertex -14.1842 -11.0819 2
    endloop
  endfacet
  facet normal 0 0 1
    outer loop
      vertex -17.989 -0.62819 2
      vertex -14.4912 -0.506042 2
      vertex -14.5 0 2
    endloop
  endfacet
  facet normal 0 0 1
    outer loop
      vertex -13.7903 4.48075 2
      vertex -17.119 5.56231 2
      vertex -13.9383 3.99674 2
    endloop
  endfacet
  facet normal -0 0 1
    outer loop
      vertex -17.3027 4.96147 2
      vertex -13.9383 3.99674 2
      vertex -17.119 5.56231 2
    endloop
  endfacet
  facet normal 0 0 1
    outer loop
      vertex -12.021 -8.1083 2
      vertex -14.9227 -10.0655 2
      vertex -14.5623 -10.5801 2
    endloop
  endfacet
  facet normal 0 0 1
    outer loop
      vertex -13.9383 3.99674 2
      vertex -17.3027 4.96147 2
      vertex -14.0693 3.50787 2
    endloop
  endfacet
  facet normal 0 0 1
    outer loop
      vertex -12.2967 -7.68383 2
      vertex -15.2649 -9.53855 2
      vertex -14.9227 -10.0655 2
    endloop
  endfacet
  facet normal -0 0 1
    outer loop
      vertex -17.4653 4.35459 2
      vertex -14.0693 3.50787 2
      vertex -17.3027 4.96147 2
    endloop
  endfacet
  facet normal 0 0 1
    outer loop
      vertex -12.5574 -7.25 2
      vertex -15.5885 -9 2
      vertex -15.2649 -9.53855 2
    endloop
  endfacet
  facet normal 0 0 1
    outer loop
      vertex -14.0693 3.50787 2
      vertex -17.4653 4.35459 2
      vertex -14.1831 3.01472 2
    endloop
  endfacet
  facet normal 0 0 1
    outer loop
      vertex -12.8027 -6.80734 2
      vertex -15.8931 -8.45049 2
      vertex -15.5885 -9 2
    endloop
  endfacet
  facet normal -0 0 1
    outer loop
      vertex -17.6067 3.74241 2
      vertex -14.1831 3.01472 2
      vertex -17.4653 4.35459 2
    endloop
  endfacet
  facet normal 0 0 1
    outer loop
      vertex -13.0325 -6.35638 2
      vertex -16.1783 -7.89068 2
      vertex -15.8931 -8.45049 2
    endloop
  endfacet
  facet normal 0 0 1
    outer loop
      vertex -14.1831 3.01472 2
      vertex -17.6067 3.74241 2
      vertex -14.2797 2.5179 2
    endloop
  endfacet
  facet normal 0 0 1
    outer loop
      vertex -13.2464 -5.89768 2
      vertex -16.4438 -7.32126 2
      vertex -16.1783 -7.89068 2
    endloop
  endfacet
  facet normal -0 0 1
    outer loop
      vertex -17.7265 3.12567 2
      vertex -14.2797 2.5179 2
      vertex -17.6067 3.74241 2
    endloop
  endfacet
  facet normal 0 0 1
    outer loop
      vertex -13.4442 -5.4318 2
      vertex -16.6893 -6.74292 2
      vertex -16.4438 -7.32126 2
    endloop
  endfacet
  facet normal 0 0 1
    outer loop
      vertex -14.2797 2.5179 2
      vertex -17.7265 3.12567 2
      vertex -14.3589 2.01801 2
    endloop
  endfacet
  facet normal 0 0 1
    outer loop
      vertex -13.6255 -4.95929 2
      vertex -16.9145 -6.15636 2
      vertex -16.6893 -6.74292 2
    endloop
  endfacet
  facet normal -0 0 1
    outer loop
      vertex -17.8248 2.50512 2
      vertex -14.3589 2.01801 2
      vertex -17.7265 3.12567 2
    endloop
  endfacet
  facet normal 0 0 1
    outer loop
      vertex -13.7903 -4.48075 2
      vertex -17.119 -5.56231 2
      vertex -16.9145 -6.15636 2
    endloop
  endfacet
  facet normal 0 0 1
    outer loop
      vertex -14.3589 2.01801 2
      vertex -17.8248 2.50512 2
      vertex -14.4206 1.51566 2
    endloop
  endfacet
  facet normal 0 0 1
    outer loop
      vertex -13.9383 -3.99674 2
      vertex -17.3027 -4.96147 2
      vertex -17.119 -5.56231 2
    endloop
  endfacet
  facet normal -0 0 1
    outer loop
      vertex -17.9014 1.88151 2
      vertex -14.4206 1.51566 2
      vertex -17.8248 2.50512 2
    endloop
  endfacet
  facet normal 0 0 1
    outer loop
      vertex -14.0693 -3.50787 2
      vertex -17.4653 -4.35459 2
      vertex -17.3027 -4.96147 2
    endloop
  endfacet
  facet normal 0 0 1
    outer loop
      vertex -14.4206 1.51566 2
      vertex -17.9014 1.88151 2
      vertex -14.4647 1.01147 2
    endloop
  endfacet
  facet normal 0 0 1
    outer loop
      vertex -14.1831 -3.01472 2
      vertex -17.6067 -3.74241 2
      vertex -17.4653 -4.35459 2
    endloop
  endfacet
  facet normal -0 0 1
    outer loop
      vertex -17.9562 1.25562 2
      vertex -14.4647 1.01147 2
      vertex -17.9014 1.88151 2
    endloop
  endfacet
  facet normal 0 0 1
    outer loop
      vertex -14.2797 -2.5179 2
      vertex -17.7265 -3.12567 2
      vertex -17.6067 -3.74241 2
    endloop
  endfacet
  facet normal 0 0 1
    outer loop
      vertex -14.4647 1.01147 2
      vertex -17.9562 1.25562 2
      vertex -14.4912 0.506042 2
    endloop
  endfacet
  facet normal 0 0 1
    outer loop
      vertex -14.3589 -2.01801 2
      vertex -17.8248 -2.50512 2
      vertex -17.7265 -3.12567 2
    endloop
  endfacet
  facet normal -0 0 1
    outer loop
      vertex -17.989 0.62819 2
      vertex -14.4912 0.506042 2
      vertex -17.9562 1.25562 2
    endloop
  endfacet
  facet normal 0 0 1
    outer loop
      vertex -14.4206 -1.51566 2
      vertex -17.9014 -1.88151 2
      vertex -17.8248 -2.50512 2
    endloop
  endfacet
  facet normal 0 0 1
    outer loop
      vertex -14.4912 0.506042 2
      vertex -17.989 0.62819 2
      vertex -14.5 0 2
    endloop
  endfacet
  facet normal 0 0 1
    outer loop
      vertex -14.4647 -1.01147 2
      vertex -17.9562 -1.25562 2
      vertex -17.9014 -1.88151 2
    endloop
  endfacet
  facet normal 0 0 1
    outer loop
      vertex -18 0 2
      vertex -14.5 0 2
      vertex -17.989 0.62819 2
    endloop
  endfacet
  facet normal 0 0 1
    outer loop
      vertex -14.4912 -0.506042 2
      vertex -17.989 -0.62819 2
      vertex -17.9562 -1.25562 2
    endloop
  endfacet
  facet normal 0 0 1
    outer loop
      vertex -14.5 0 2
      vertex -18 0 2
      vertex -17.989 -0.62819 2
    endloop
  endfacet
  facet normal -0.484812 -0.874619 0
    outer loop
      vertex -9 -15.5885 0
      vertex -8.45049 -15.8931 2
      vertex -9 -15.5885 2
    endloop
  endfacet
  facet normal -0.484812 -0.874619 -0
    outer loop
      vertex -8.45049 -15.8931 2
      vertex -9 -15.5885 0
      vertex -8.45049 -15.8931 0
    endloop
  endfacet
  facet normal -0.998628 -0.0523589 0
    outer loop
      vertex 14.4912 0.506042 0
      vertex 14.4647 1.01147 2
      vertex 14.4647 1.01147 0
    endloop
  endfacet
  facet normal -0.998628 -0.0523589 0
    outer loop
      vertex 14.4647 1.01147 2
      vertex 14.4912 0.506042 0
      vertex 14.4912 0.506042 2
    endloop
  endfacet
  facet normal -0.999849 -0.0173872 0
    outer loop
      vertex 14.5 0 0
      vertex 14.4912 0.506042 2
      vertex 14.4912 0.506042 0
    endloop
  endfacet
  facet normal -0.999849 -0.0173872 0
    outer loop
      vertex 14.4912 0.506042 2
      vertex 14.5 0 0
      vertex 14.5 0 2
    endloop
  endfacet
  facet normal 0.484703 -0.874679 0
    outer loop
      vertex -7.25 12.5574 0
      vertex -6.80734 12.8027 2
      vertex -7.25 12.5574 2
    endloop
  endfacet
  facet normal 0.484703 -0.874679 0
    outer loop
      vertex -6.80734 12.8027 2
      vertex -7.25 12.5574 0
      vertex -6.80734 12.8027 0
    endloop
  endfacet
  facet normal 0.224852 0.974393 -0
    outer loop
      vertex -3.01472 -14.1831 0
      vertex -3.50787 -14.0693 2
      vertex -3.01472 -14.1831 2
    endloop
  endfacet
  facet normal 0.224852 0.974393 0
    outer loop
      vertex -3.50787 -14.0693 2
      vertex -3.01472 -14.1831 0
      vertex -3.50787 -14.0693 0
    endloop
  endfacet
  facet normal 0.707107 0.707107 0
    outer loop
      vertex -10.0725 -10.4304 2
      vertex -10.4304 -10.0725 0
      vertex -10.4304 -10.0725 2
    endloop
  endfacet
  facet normal 0.707107 0.707107 0
    outer loop
      vertex -10.4304 -10.0725 0
      vertex -10.0725 -10.4304 2
      vertex -10.0725 -10.4304 0
    endloop
  endfacet
  facet normal 0.325613 -0.945503 0
    outer loop
      vertex -4.95929 13.6255 0
      vertex -4.48075 13.7903 2
      vertex -4.95929 13.6255 2
    endloop
  endfacet
  facet normal 0.325613 -0.945503 0
    outer loop
      vertex -4.48075 13.7903 2
      vertex -4.95929 13.6255 0
      vertex -4.48075 13.7903 0
    endloop
  endfacet
  facet normal 0.906304 -0.422626 0
    outer loop
      vertex -13.2464 5.89768 2
      vertex -13.0325 6.35638 0
      vertex -13.0325 6.35638 2
    endloop
  endfacet
  facet normal 0.906304 -0.422626 0
    outer loop
      vertex -13.0325 6.35638 0
      vertex -13.2464 5.89768 2
      vertex -13.2464 5.89768 0
    endloop
  endfacet
  facet normal -0.0871344 0.996197 0
    outer loop
      vertex 1.51566 -14.4206 0
      vertex 1.01147 -14.4647 2
      vertex 1.51566 -14.4206 2
    endloop
  endfacet
  facet normal -0.0871344 0.996197 0
    outer loop
      vertex 1.01147 -14.4647 2
      vertex 1.51566 -14.4206 0
      vertex 1.01147 -14.4647 0
    endloop
  endfacet
  facet normal -0.258833 -0.965922 0
    outer loop
      vertex 3.50787 14.0693 0
      vertex 3.99674 13.9383 2
      vertex 3.50787 14.0693 2
    endloop
  endfacet
  facet normal -0.258833 -0.965922 -0
    outer loop
      vertex 3.99674 13.9383 2
      vertex 3.50787 14.0693 0
      vertex 3.99674 13.9383 0
    endloop
  endfacet
  facet normal 0.981617 0.190862 0
    outer loop
      vertex -14.1831 -3.01472 2
      vertex -14.2797 -2.5179 0
      vertex -14.2797 -2.5179 2
    endloop
  endfacet
  facet normal 0.981617 0.190862 0
    outer loop
      vertex -14.2797 -2.5179 0
      vertex -14.1831 -3.01472 2
      vertex -14.1831 -3.01472 0
    endloop
  endfacet
  facet normal -0.0871344 -0.996197 0
    outer loop
      vertex 1.01147 14.4647 0
      vertex 1.51566 14.4206 2
      vertex 1.01147 14.4647 2
    endloop
  endfacet
  facet normal -0.0871344 -0.996197 -0
    outer loop
      vertex 1.51566 14.4206 2
      vertex 1.01147 14.4647 0
      vertex 1.51566 14.4206 0
    endloop
  endfacet
  facet normal 0.573578 0.819151 -0
    outer loop
      vertex -8.1083 -12.021 0
      vertex -8.52289 -11.7307 2
      vertex -8.1083 -12.021 2
    endloop
  endfacet
  facet normal 0.573578 0.819151 0
    outer loop
      vertex -8.52289 -11.7307 2
      vertex -8.1083 -12.021 0
      vertex -8.52289 -11.7307 0
    endloop
  endfacet
  facet normal 0.121907 -0.992542 0
    outer loop
      vertex -2.01801 14.3589 0
      vertex -1.51566 14.4206 2
      vertex -2.01801 14.3589 2
    endloop
  endfacet
  facet normal 0.121907 -0.992542 0
    outer loop
      vertex -1.51566 14.4206 2
      vertex -2.01801 14.3589 0
      vertex -1.51566 14.4206 0
    endloop
  endfacet
  facet normal -0.358231 0.933633 0
    outer loop
      vertex 5.4318 -13.4442 0
      vertex 4.95929 -13.6255 2
      vertex 5.4318 -13.4442 2
    endloop
  endfacet
  facet normal -0.358231 0.933633 0
    outer loop
      vertex 4.95929 -13.6255 2
      vertex 5.4318 -13.4442 0
      vertex 4.95929 -13.6255 0
    endloop
  endfacet
  facet normal 0.874679 0.484703 0
    outer loop
      vertex -12.5574 -7.25 2
      vertex -12.8027 -6.80734 0
      vertex -12.8027 -6.80734 2
    endloop
  endfacet
  facet normal 0.874679 0.484703 0
    outer loop
      vertex -12.8027 -6.80734 0
      vertex -12.5574 -7.25 2
      vertex -12.5574 -7.25 0
    endloop
  endfacet
  facet normal 0.987681 0.156483 0
    outer loop
      vertex -14.2797 -2.5179 2
      vertex -14.3589 -2.01801 0
      vertex -14.3589 -2.01801 2
    endloop
  endfacet
  facet normal 0.987681 0.156483 0
    outer loop
      vertex -14.3589 -2.01801 0
      vertex -14.2797 -2.5179 2
      vertex -14.2797 -2.5179 0
    endloop
  endfacet
  facet normal 0.707107 -0.707107 0
    outer loop
      vertex -10.4304 10.0725 2
      vertex -10.0725 10.4304 0
      vertex -10.0725 10.4304 2
    endloop
  endfacet
  facet normal 0.707107 -0.707107 0
    outer loop
      vertex -10.0725 10.4304 0
      vertex -10.4304 10.0725 2
      vertex -10.4304 10.0725 0
    endloop
  endfacet
  facet normal -0.390808 0.920472 0
    outer loop
      vertex 5.89768 -13.2464 0
      vertex 5.4318 -13.4442 2
      vertex 5.89768 -13.2464 2
    endloop
  endfacet
  facet normal -0.390808 0.920472 0
    outer loop
      vertex 5.4318 -13.4442 2
      vertex 5.89768 -13.2464 0
      vertex 5.4318 -13.4442 0
    endloop
  endfacet
  facet normal -0.454029 -0.890987 0
    outer loop
      vertex 6.35638 13.0325 0
      vertex 6.80734 12.8027 2
      vertex 6.35638 13.0325 2
    endloop
  endfacet
  facet normal -0.454029 -0.890987 -0
    outer loop
      vertex 6.80734 12.8027 2
      vertex 6.35638 13.0325 0
      vertex 6.80734 12.8027 0
    endloop
  endfacet
  facet normal 0.258833 -0.965922 0
    outer loop
      vertex -3.99674 13.9383 0
      vertex -3.50787 14.0693 2
      vertex -3.99674 13.9383 2
    endloop
  endfacet
  facet normal 0.258833 -0.965922 0
    outer loop
      vertex -3.50787 14.0693 2
      vertex -3.99674 13.9383 0
      vertex -3.50787 14.0693 0
    endloop
  endfacet
  facet normal -0.999849 0.0173872 0
    outer loop
      vertex 14.4912 -0.506042 0
      vertex 14.5 0 2
      vertex 14.5 0 0
    endloop
  endfacet
  facet normal -0.999849 0.0173872 0
    outer loop
      vertex 14.5 0 2
      vertex 14.4912 -0.506042 0
      vertex 14.4912 -0.506042 2
    endloop
  endfacet
  facet normal 0.0871344 0.996197 -0
    outer loop
      vertex -1.01147 -14.4647 0
      vertex -1.51566 -14.4206 2
      vertex -1.01147 -14.4647 2
    endloop
  endfacet
  facet normal 0.0871344 0.996197 0
    outer loop
      vertex -1.51566 -14.4206 2
      vertex -1.01147 -14.4647 0
      vertex -1.51566 -14.4206 0
    endloop
  endfacet
  facet normal -0.224852 0.974393 0
    outer loop
      vertex 3.50787 -14.0693 0
      vertex 3.01472 -14.1831 2
      vertex 3.50787 -14.0693 2
    endloop
  endfacet
  facet normal -0.224852 0.974393 0
    outer loop
      vertex 3.01472 -14.1831 2
      vertex 3.50787 -14.0693 0
      vertex 3.01472 -14.1831 0
    endloop
  endfacet
  facet normal -0.857142 -0.51508 0
    outer loop
      vertex 12.5574 7.25 0
      vertex 12.2967 7.68383 2
      vertex 12.2967 7.68383 0
    endloop
  endfacet
  facet normal -0.857142 -0.51508 0
    outer loop
      vertex 12.2967 7.68383 2
      vertex 12.5574 7.25 0
      vertex 12.5574 7.25 2
    endloop
  endfacet
  facet normal -0.906304 -0.422626 0
    outer loop
      vertex 13.2464 5.89768 0
      vertex 13.0325 6.35638 2
      vertex 13.0325 6.35638 0
    endloop
  endfacet
  facet normal -0.906304 -0.422626 0
    outer loop
      vertex 13.0325 6.35638 2
      vertex 13.2464 5.89768 0
      vertex 13.2464 5.89768 2
    endloop
  endfacet
  facet normal 0.731288 -0.682069 0
    outer loop
      vertex -10.7756 9.70239 2
      vertex -10.4304 10.0725 0
      vertex -10.4304 10.0725 2
    endloop
  endfacet
  facet normal 0.731288 -0.682069 0
    outer loop
      vertex -10.4304 10.0725 0
      vertex -10.7756 9.70239 2
      vertex -10.7756 9.70239 0
    endloop
  endfacet
  facet normal -0.945503 0.325613 0
    outer loop
      vertex 13.6255 -4.95929 0
      vertex 13.7903 -4.48075 2
      vertex 13.7903 -4.48075 0
    endloop
  endfacet
  facet normal -0.945503 0.325613 0
    outer loop
      vertex 13.7903 -4.48075 2
      vertex 13.6255 -4.95929 0
      vertex 13.6255 -4.95929 2
    endloop
  endfacet
  facet normal -0.390808 -0.920472 0
    outer loop
      vertex 5.4318 13.4442 0
      vertex 5.89768 13.2464 2
      vertex 5.4318 13.4442 2
    endloop
  endfacet
  facet normal -0.390808 -0.920472 -0
    outer loop
      vertex 5.89768 13.2464 2
      vertex 5.4318 13.4442 0
      vertex 5.89768 13.2464 0
    endloop
  endfacet
  facet normal -0.601706 -0.798718 0
    outer loop
      vertex 8.52289 11.7307 0
      vertex 8.92709 11.4262 2
      vertex 8.52289 11.7307 2
    endloop
  endfacet
  facet normal -0.601706 -0.798718 -0
    outer loop
      vertex 8.92709 11.4262 2
      vertex 8.52289 11.7307 0
      vertex 8.92709 11.4262 0
    endloop
  endfacet
  facet normal -0.857142 0.51508 0
    outer loop
      vertex 12.2967 -7.68383 0
      vertex 12.5574 -7.25 2
      vertex 12.5574 -7.25 0
    endloop
  endfacet
  facet normal -0.857142 0.51508 0
    outer loop
      vertex 12.5574 -7.25 2
      vertex 12.2967 -7.68383 0
      vertex 12.2967 -7.68383 2
    endloop
  endfacet
  facet normal -0.573578 -0.819151 0
    outer loop
      vertex 8.1083 12.021 0
      vertex 8.52289 11.7307 2
      vertex 8.1083 12.021 2
    endloop
  endfacet
  facet normal -0.573578 -0.819151 -0
    outer loop
      vertex 8.52289 11.7307 2
      vertex 8.1083 12.021 0
      vertex 8.52289 11.7307 0
    endloop
  endfacet
  facet normal -0.956292 0.292414 0
    outer loop
      vertex 13.7903 -4.48075 0
      vertex 13.9383 -3.99674 2
      vertex 13.9383 -3.99674 0
    endloop
  endfacet
  facet normal -0.956292 0.292414 0
    outer loop
      vertex 13.9383 -3.99674 2
      vertex 13.7903 -4.48075 0
      vertex 13.7903 -4.48075 2
    endloop
  endfacet
  facet normal -0.422626 0.906304 0
    outer loop
      vertex 6.35638 -13.0325 0
      vertex 5.89768 -13.2464 2
      vertex 6.35638 -13.0325 2
    endloop
  endfacet
  facet normal -0.422626 0.906304 0
    outer loop
      vertex 5.89768 -13.2464 2
      vertex 6.35638 -13.0325 0
      vertex 5.89768 -13.2464 0
    endloop
  endfacet
  facet normal -0.974393 -0.224852 0
    outer loop
      vertex 14.1831 3.01472 0
      vertex 14.0693 3.50787 2
      vertex 14.0693 3.50787 0
    endloop
  endfacet
  facet normal -0.974393 -0.224852 0
    outer loop
      vertex 14.0693 3.50787 2
      vertex 14.1831 3.01472 0
      vertex 14.1831 3.01472 2
    endloop
  endfacet
  facet normal -0.51508 0.857142 0
    outer loop
      vertex 7.68383 -12.2967 0
      vertex 7.25 -12.5574 2
      vertex 7.68383 -12.2967 2
    endloop
  endfacet
  facet normal -0.51508 0.857142 0
    outer loop
      vertex 7.25 -12.5574 2
      vertex 7.68383 -12.2967 0
      vertex 7.25 -12.5574 0
    endloop
  endfacet
  facet normal -0.933633 -0.358231 0
    outer loop
      vertex 13.6255 4.95929 0
      vertex 13.4442 5.4318 2
      vertex 13.4442 5.4318 0
    endloop
  endfacet
  facet normal -0.933633 -0.358231 0
    outer loop
      vertex 13.4442 5.4318 2
      vertex 13.6255 4.95929 0
      vertex 13.6255 4.95929 2
    endloop
  endfacet
  facet normal -0.325613 0.945503 0
    outer loop
      vertex 4.95929 -13.6255 0
      vertex 4.48075 -13.7903 2
      vertex 4.95929 -13.6255 2
    endloop
  endfacet
  facet normal -0.325613 0.945503 0
    outer loop
      vertex 4.48075 -13.7903 2
      vertex 4.95929 -13.6255 0
      vertex 4.48075 -13.7903 0
    endloop
  endfacet
  facet normal 0.656012 -0.75475 0
    outer loop
      vertex -9.70239 10.7756 0
      vertex -9.32042 11.1076 2
      vertex -9.70239 10.7756 2
    endloop
  endfacet
  facet normal 0.656012 -0.75475 0
    outer loop
      vertex -9.32042 11.1076 2
      vertex -9.70239 10.7756 0
      vertex -9.32042 11.1076 0
    endloop
  endfacet
  facet normal -0.981617 0.190862 0
    outer loop
      vertex 14.1831 -3.01472 0
      vertex 14.2797 -2.5179 2
      vertex 14.2797 -2.5179 0
    endloop
  endfacet
  facet normal -0.981617 0.190862 0
    outer loop
      vertex 14.2797 -2.5179 2
      vertex 14.1831 -3.01472 0
      vertex 14.1831 -3.01472 2
    endloop
  endfacet
  facet normal 0.0523589 0.998628 -0
    outer loop
      vertex -0.506042 -14.4912 0
      vertex -1.01147 -14.4647 2
      vertex -0.506042 -14.4912 2
    endloop
  endfacet
  facet normal 0.0523589 0.998628 0
    outer loop
      vertex -1.01147 -14.4647 2
      vertex -0.506042 -14.4912 0
      vertex -1.01147 -14.4647 0
    endloop
  endfacet
  facet normal -0.874679 -0.484703 0
    outer loop
      vertex 12.8027 6.80734 0
      vertex 12.5574 7.25 2
      vertex 12.5574 7.25 0
    endloop
  endfacet
  facet normal -0.874679 -0.484703 0
    outer loop
      vertex 12.5574 7.25 2
      vertex 12.8027 6.80734 0
      vertex 12.8027 6.80734 2
    endloop
  endfacet
  facet normal 0.629425 -0.777061 0
    outer loop
      vertex -9.32042 11.1076 0
      vertex -8.92709 11.4262 2
      vertex -9.32042 11.1076 2
    endloop
  endfacet
  facet normal 0.629425 -0.777061 0
    outer loop
      vertex -8.92709 11.4262 2
      vertex -9.32042 11.1076 0
      vertex -8.92709 11.4262 0
    endloop
  endfacet
  facet normal 0.156483 0.987681 -0
    outer loop
      vertex -2.01801 -14.3589 0
      vertex -2.5179 -14.2797 2
      vertex -2.01801 -14.3589 2
    endloop
  endfacet
  facet normal 0.156483 0.987681 0
    outer loop
      vertex -2.5179 -14.2797 2
      vertex -2.01801 -14.3589 0
      vertex -2.5179 -14.2797 0
    endloop
  endfacet
  facet normal 0.390808 0.920472 -0
    outer loop
      vertex -5.4318 -13.4442 0
      vertex -5.89768 -13.2464 2
      vertex -5.4318 -13.4442 2
    endloop
  endfacet
  facet normal 0.390808 0.920472 0
    outer loop
      vertex -5.89768 -13.2464 2
      vertex -5.4318 -13.4442 0
      vertex -5.89768 -13.2464 0
    endloop
  endfacet
  facet normal 0.974393 -0.224852 0
    outer loop
      vertex -14.1831 3.01472 2
      vertex -14.0693 3.50787 0
      vertex -14.0693 3.50787 2
    endloop
  endfacet
  facet normal 0.974393 -0.224852 0
    outer loop
      vertex -14.0693 3.50787 0
      vertex -14.1831 3.01472 2
      vertex -14.1831 3.01472 0
    endloop
  endfacet
  facet normal -0.0523589 0.998628 0
    outer loop
      vertex 1.01147 -14.4647 0
      vertex 0.506042 -14.4912 2
      vertex 1.01147 -14.4647 2
    endloop
  endfacet
  facet normal -0.0523589 0.998628 0
    outer loop
      vertex 0.506042 -14.4912 2
      vertex 1.01147 -14.4647 0
      vertex 0.506042 -14.4912 0
    endloop
  endfacet
  facet normal 0.981617 -0.190862 0
    outer loop
      vertex -14.2797 2.5179 2
      vertex -14.1831 3.01472 0
      vertex -14.1831 3.01472 2
    endloop
  endfacet
  facet normal 0.981617 -0.190862 0
    outer loop
      vertex -14.1831 3.01472 0
      vertex -14.2797 2.5179 2
      vertex -14.2797 2.5179 0
    endloop
  endfacet
  facet normal -0.838629 -0.544703 0
    outer loop
      vertex 12.2967 7.68383 0
      vertex 12.021 8.1083 2
      vertex 12.021 8.1083 0
    endloop
  endfacet
  facet normal -0.838629 -0.544703 0
    outer loop
      vertex 12.021 8.1083 2
      vertex 12.2967 7.68383 0
      vertex 12.2967 7.68383 2
    endloop
  endfacet
  facet normal 0.874679 -0.484703 0
    outer loop
      vertex -12.8027 6.80734 2
      vertex -12.5574 7.25 0
      vertex -12.5574 7.25 2
    endloop
  endfacet
  facet normal 0.874679 -0.484703 0
    outer loop
      vertex -12.5574 7.25 0
      vertex -12.8027 6.80734 2
      vertex -12.8027 6.80734 0
    endloop
  endfacet
  facet normal -0.965922 0.258833 0
    outer loop
      vertex 13.9383 -3.99674 0
      vertex 14.0693 -3.50787 2
      vertex 14.0693 -3.50787 0
    endloop
  endfacet
  facet normal -0.965922 0.258833 0
    outer loop
      vertex 14.0693 -3.50787 2
      vertex 13.9383 -3.99674 0
      vertex 13.9383 -3.99674 2
    endloop
  endfacet
  facet normal -0.656012 -0.75475 0
    outer loop
      vertex 9.32042 11.1076 0
      vertex 9.70239 10.7756 2
      vertex 9.32042 11.1076 2
    endloop
  endfacet
  facet normal -0.656012 -0.75475 -0
    outer loop
      vertex 9.70239 10.7756 2
      vertex 9.32042 11.1076 0
      vertex 9.70239 10.7756 0
    endloop
  endfacet
  facet normal 0.544703 0.838629 -0
    outer loop
      vertex -7.68383 -12.2967 0
      vertex -8.1083 -12.021 2
      vertex -7.68383 -12.2967 2
    endloop
  endfacet
  facet normal 0.544703 0.838629 0
    outer loop
      vertex -8.1083 -12.021 2
      vertex -7.68383 -12.2967 0
      vertex -8.1083 -12.021 0
    endloop
  endfacet
  facet normal 0.656012 0.75475 -0
    outer loop
      vertex -9.32042 -11.1076 0
      vertex -9.70239 -10.7756 2
      vertex -9.32042 -11.1076 2
    endloop
  endfacet
  facet normal 0.656012 0.75475 0
    outer loop
      vertex -9.70239 -10.7756 2
      vertex -9.32042 -11.1076 0
      vertex -9.70239 -10.7756 0
    endloop
  endfacet
  facet normal 0.190862 -0.981617 0
    outer loop
      vertex -3.01472 14.1831 0
      vertex -2.5179 14.2797 2
      vertex -3.01472 14.1831 2
    endloop
  endfacet
  facet normal 0.190862 -0.981617 0
    outer loop
      vertex -2.5179 14.2797 2
      vertex -3.01472 14.1831 0
      vertex -2.5179 14.2797 0
    endloop
  endfacet
  facet normal 0.996197 -0.0871344 0
    outer loop
      vertex -14.4647 1.01147 2
      vertex -14.4206 1.51566 0
      vertex -14.4206 1.51566 2
    endloop
  endfacet
  facet normal 0.996197 -0.0871344 0
    outer loop
      vertex -14.4206 1.51566 0
      vertex -14.4647 1.01147 2
      vertex -14.4647 1.01147 0
    endloop
  endfacet
  facet normal -0.945503 -0.325613 0
    outer loop
      vertex 13.7903 4.48075 0
      vertex 13.6255 4.95929 2
      vertex 13.6255 4.95929 0
    endloop
  endfacet
  facet normal -0.945503 -0.325613 0
    outer loop
      vertex 13.6255 4.95929 2
      vertex 13.7903 4.48075 0
      vertex 13.7903 4.48075 2
    endloop
  endfacet
  facet normal 0.857142 0.51508 0
    outer loop
      vertex -12.2967 -7.68383 2
      vertex -12.5574 -7.25 0
      vertex -12.5574 -7.25 2
    endloop
  endfacet
  facet normal 0.857142 0.51508 0
    outer loop
      vertex -12.5574 -7.25 0
      vertex -12.2967 -7.68383 2
      vertex -12.2967 -7.68383 0
    endloop
  endfacet
  facet normal 0.51508 0.857142 -0
    outer loop
      vertex -7.25 -12.5574 0
      vertex -7.68383 -12.2967 2
      vertex -7.25 -12.5574 2
    endloop
  endfacet
  facet normal 0.51508 0.857142 0
    outer loop
      vertex -7.68383 -12.2967 2
      vertex -7.25 -12.5574 0
      vertex -7.68383 -12.2967 0
    endloop
  endfacet
  facet normal -0.707107 -0.707107 0
    outer loop
      vertex 10.4304 10.0725 0
      vertex 10.0725 10.4304 2
      vertex 10.0725 10.4304 0
    endloop
  endfacet
  facet normal -0.707107 -0.707107 0
    outer loop
      vertex 10.0725 10.4304 2
      vertex 10.4304 10.0725 0
      vertex 10.4304 10.0725 2
    endloop
  endfacet
  facet normal -0.987681 -0.156483 0
    outer loop
      vertex 14.3589 2.01801 0
      vertex 14.2797 2.5179 2
      vertex 14.2797 2.5179 0
    endloop
  endfacet
  facet normal -0.987681 -0.156483 0
    outer loop
      vertex 14.2797 2.5179 2
      vertex 14.3589 2.01801 0
      vertex 14.3589 2.01801 2
    endloop
  endfacet
  facet normal -0.656012 0.75475 0
    outer loop
      vertex 9.70239 -10.7756 0
      vertex 9.32042 -11.1076 2
      vertex 9.70239 -10.7756 2
    endloop
  endfacet
  facet normal -0.656012 0.75475 0
    outer loop
      vertex 9.32042 -11.1076 2
      vertex 9.70239 -10.7756 0
      vertex 9.32042 -11.1076 0
    endloop
  endfacet
  facet normal -0.75475 0.656012 0
    outer loop
      vertex 10.7756 -9.70239 0
      vertex 11.1076 -9.32042 2
      vertex 11.1076 -9.32042 0
    endloop
  endfacet
  facet normal -0.75475 0.656012 0
    outer loop
      vertex 11.1076 -9.32042 2
      vertex 10.7756 -9.70239 0
      vertex 10.7756 -9.70239 2
    endloop
  endfacet
  facet normal 0.890987 -0.454029 0
    outer loop
      vertex -13.0325 6.35638 2
      vertex -12.8027 6.80734 0
      vertex -12.8027 6.80734 2
    endloop
  endfacet
  facet normal 0.890987 -0.454029 0
    outer loop
      vertex -12.8027 6.80734 0
      vertex -13.0325 6.35638 2
      vertex -13.0325 6.35638 0
    endloop
  endfacet
  facet normal -0.190862 0.981617 0
    outer loop
      vertex 3.01472 -14.1831 0
      vertex 2.5179 -14.2797 2
      vertex 3.01472 -14.1831 2
    endloop
  endfacet
  facet normal -0.190862 0.981617 0
    outer loop
      vertex 2.5179 -14.2797 2
      vertex 3.01472 -14.1831 0
      vertex 2.5179 -14.2797 0
    endloop
  endfacet
  facet normal -0.996197 0.0871344 0
    outer loop
      vertex 14.4206 -1.51566 0
      vertex 14.4647 -1.01147 2
      vertex 14.4647 -1.01147 0
    endloop
  endfacet
  facet normal -0.996197 0.0871344 0
    outer loop
      vertex 14.4647 -1.01147 2
      vertex 14.4206 -1.51566 0
      vertex 14.4206 -1.51566 2
    endloop
  endfacet
  facet normal -0.358231 -0.933633 0
    outer loop
      vertex 4.95929 13.6255 0
      vertex 5.4318 13.4442 2
      vertex 4.95929 13.6255 2
    endloop
  endfacet
  facet normal -0.358231 -0.933633 -0
    outer loop
      vertex 5.4318 13.4442 2
      vertex 4.95929 13.6255 0
      vertex 5.4318 13.4442 0
    endloop
  endfacet
  facet normal -0.601706 0.798718 0
    outer loop
      vertex 8.92709 -11.4262 0
      vertex 8.52289 -11.7307 2
      vertex 8.92709 -11.4262 2
    endloop
  endfacet
  facet normal -0.601706 0.798718 0
    outer loop
      vertex 8.52289 -11.7307 2
      vertex 8.92709 -11.4262 0
      vertex 8.52289 -11.7307 0
    endloop
  endfacet
  facet normal 0.965922 -0.258833 0
    outer loop
      vertex -14.0693 3.50787 2
      vertex -13.9383 3.99674 0
      vertex -13.9383 3.99674 2
    endloop
  endfacet
  facet normal 0.965922 -0.258833 0
    outer loop
      vertex -13.9383 3.99674 0
      vertex -14.0693 3.50787 2
      vertex -14.0693 3.50787 0
    endloop
  endfacet
  facet normal 0.75475 0.656012 0
    outer loop
      vertex -10.7756 -9.70239 2
      vertex -11.1076 -9.32042 0
      vertex -11.1076 -9.32042 2
    endloop
  endfacet
  facet normal 0.75475 0.656012 0
    outer loop
      vertex -11.1076 -9.32042 0
      vertex -10.7756 -9.70239 2
      vertex -10.7756 -9.70239 0
    endloop
  endfacet
  facet normal -0.906304 0.422626 0
    outer loop
      vertex 13.0325 -6.35638 0
      vertex 13.2464 -5.89768 2
      vertex 13.2464 -5.89768 0
    endloop
  endfacet
  facet normal -0.906304 0.422626 0
    outer loop
      vertex 13.2464 -5.89768 2
      vertex 13.0325 -6.35638 0
      vertex 13.0325 -6.35638 2
    endloop
  endfacet
  facet normal -0.0173872 -0.999849 0
    outer loop
      vertex 0 14.5 0
      vertex 0.506042 14.4912 2
      vertex 0 14.5 2
    endloop
  endfacet
  facet normal -0.0173872 -0.999849 -0
    outer loop
      vertex 0.506042 14.4912 2
      vertex 0 14.5 0
      vertex 0.506042 14.4912 0
    endloop
  endfacet
  facet normal 0.484703 0.874679 -0
    outer loop
      vertex -6.80734 -12.8027 0
      vertex -7.25 -12.5574 2
      vertex -6.80734 -12.8027 2
    endloop
  endfacet
  facet normal 0.484703 0.874679 0
    outer loop
      vertex -7.25 -12.5574 2
      vertex -6.80734 -12.8027 0
      vertex -7.25 -12.5574 0
    endloop
  endfacet
  facet normal -0.682069 -0.731288 0
    outer loop
      vertex 9.70239 10.7756 0
      vertex 10.0725 10.4304 2
      vertex 9.70239 10.7756 2
    endloop
  endfacet
  facet normal -0.682069 -0.731288 -0
    outer loop
      vertex 10.0725 10.4304 2
      vertex 9.70239 10.7756 0
      vertex 10.0725 10.4304 0
    endloop
  endfacet
  facet normal -0.731288 0.682069 0
    outer loop
      vertex 10.4304 -10.0725 0
      vertex 10.7756 -9.70239 2
      vertex 10.7756 -9.70239 0
    endloop
  endfacet
  facet normal -0.731288 0.682069 0
    outer loop
      vertex 10.7756 -9.70239 2
      vertex 10.4304 -10.0725 0
      vertex 10.4304 -10.0725 2
    endloop
  endfacet
  facet normal 0.573578 -0.819151 0
    outer loop
      vertex -8.52289 11.7307 0
      vertex -8.1083 12.021 2
      vertex -8.52289 11.7307 2
    endloop
  endfacet
  facet normal 0.573578 -0.819151 0
    outer loop
      vertex -8.1083 12.021 2
      vertex -8.52289 11.7307 0
      vertex -8.1083 12.021 0
    endloop
  endfacet
  facet normal 0.0173872 -0.999849 0
    outer loop
      vertex -0.506042 14.4912 0
      vertex 0 14.5 2
      vertex -0.506042 14.4912 2
    endloop
  endfacet
  facet normal 0.0173872 -0.999849 0
    outer loop
      vertex 0 14.5 2
      vertex -0.506042 14.4912 0
      vertex 0 14.5 0
    endloop
  endfacet
  facet normal 0.121907 0.992542 -0
    outer loop
      vertex -1.51566 -14.4206 0
      vertex -2.01801 -14.3589 2
      vertex -1.51566 -14.4206 2
    endloop
  endfacet
  facet normal 0.121907 0.992542 0
    outer loop
      vertex -2.01801 -14.3589 2
      vertex -1.51566 -14.4206 0
      vertex -2.01801 -14.3589 0
    endloop
  endfacet
  facet normal 0.358231 -0.933633 0
    outer loop
      vertex -5.4318 13.4442 0
      vertex -4.95929 13.6255 2
      vertex -5.4318 13.4442 2
    endloop
  endfacet
  facet normal 0.358231 -0.933633 0
    outer loop
      vertex -4.95929 13.6255 2
      vertex -5.4318 13.4442 0
      vertex -4.95929 13.6255 0
    endloop
  endfacet
  facet normal 0.731288 0.682069 0
    outer loop
      vertex -10.4304 -10.0725 2
      vertex -10.7756 -9.70239 0
      vertex -10.7756 -9.70239 2
    endloop
  endfacet
  facet normal 0.731288 0.682069 0
    outer loop
      vertex -10.7756 -9.70239 0
      vertex -10.4304 -10.0725 2
      vertex -10.4304 -10.0725 0
    endloop
  endfacet
  facet normal -0.890987 -0.454029 0
    outer loop
      vertex 13.0325 6.35638 0
      vertex 12.8027 6.80734 2
      vertex 12.8027 6.80734 0
    endloop
  endfacet
  facet normal -0.890987 -0.454029 0
    outer loop
      vertex 12.8027 6.80734 2
      vertex 13.0325 6.35638 0
      vertex 13.0325 6.35638 2
    endloop
  endfacet
  facet normal 0.390808 -0.920472 0
    outer loop
      vertex -5.89768 13.2464 0
      vertex -5.4318 13.4442 2
      vertex -5.89768 13.2464 2
    endloop
  endfacet
  facet normal 0.390808 -0.920472 0
    outer loop
      vertex -5.4318 13.4442 2
      vertex -5.89768 13.2464 0
      vertex -5.4318 13.4442 0
    endloop
  endfacet
  facet normal 0.996197 0.0871344 0
    outer loop
      vertex -14.4206 -1.51566 2
      vertex -14.4647 -1.01147 0
      vertex -14.4647 -1.01147 2
    endloop
  endfacet
  facet normal 0.996197 0.0871344 0
    outer loop
      vertex -14.4647 -1.01147 0
      vertex -14.4206 -1.51566 2
      vertex -14.4206 -1.51566 0
    endloop
  endfacet
  facet normal -0.777061 0.629425 0
    outer loop
      vertex 11.1076 -9.32042 0
      vertex 11.4262 -8.92709 2
      vertex 11.4262 -8.92709 0
    endloop
  endfacet
  facet normal -0.777061 0.629425 0
    outer loop
      vertex 11.4262 -8.92709 2
      vertex 11.1076 -9.32042 0
      vertex 11.1076 -9.32042 2
    endloop
  endfacet
  facet normal -0.838629 0.544703 0
    outer loop
      vertex 12.021 -8.1083 0
      vertex 12.2967 -7.68383 2
      vertex 12.2967 -7.68383 0
    endloop
  endfacet
  facet normal -0.838629 0.544703 0
    outer loop
      vertex 12.2967 -7.68383 2
      vertex 12.021 -8.1083 0
      vertex 12.021 -8.1083 2
    endloop
  endfacet
  facet normal -0.0173872 0.999849 0
    outer loop
      vertex 0.506042 -14.4912 0
      vertex 0 -14.5 2
      vertex 0.506042 -14.4912 2
    endloop
  endfacet
  facet normal -0.0173872 0.999849 0
    outer loop
      vertex 0 -14.5 2
      vertex 0.506042 -14.4912 0
      vertex 0 -14.5 0
    endloop
  endfacet
  facet normal -0.956292 -0.292414 0
    outer loop
      vertex 13.9383 3.99674 0
      vertex 13.7903 4.48075 2
      vertex 13.7903 4.48075 0
    endloop
  endfacet
  facet normal -0.956292 -0.292414 0
    outer loop
      vertex 13.7903 4.48075 2
      vertex 13.9383 3.99674 0
      vertex 13.9383 3.99674 2
    endloop
  endfacet
  facet normal -0.981617 -0.190862 0
    outer loop
      vertex 14.2797 2.5179 0
      vertex 14.1831 3.01472 2
      vertex 14.1831 3.01472 0
    endloop
  endfacet
  facet normal -0.981617 -0.190862 0
    outer loop
      vertex 14.1831 3.01472 2
      vertex 14.2797 2.5179 0
      vertex 14.2797 2.5179 2
    endloop
  endfacet
  facet normal -0.998628 0.0523589 0
    outer loop
      vertex 14.4647 -1.01147 0
      vertex 14.4912 -0.506042 2
      vertex 14.4912 -0.506042 0
    endloop
  endfacet
  facet normal -0.998628 0.0523589 0
    outer loop
      vertex 14.4912 -0.506042 2
      vertex 14.4647 -1.01147 0
      vertex 14.4647 -1.01147 2
    endloop
  endfacet
  facet normal -0.974393 0.224852 0
    outer loop
      vertex 14.0693 -3.50787 0
      vertex 14.1831 -3.01472 2
      vertex 14.1831 -3.01472 0
    endloop
  endfacet
  facet normal -0.974393 0.224852 0
    outer loop
      vertex 14.1831 -3.01472 2
      vertex 14.0693 -3.50787 0
      vertex 14.0693 -3.50787 2
    endloop
  endfacet
  facet normal -0.798718 0.601706 0
    outer loop
      vertex 11.4262 -8.92709 0
      vertex 11.7307 -8.52289 2
      vertex 11.7307 -8.52289 0
    endloop
  endfacet
  facet normal -0.798718 0.601706 0
    outer loop
      vertex 11.7307 -8.52289 2
      vertex 11.4262 -8.92709 0
      vertex 11.4262 -8.92709 2
    endloop
  endfacet
  facet normal -0.121907 -0.992542 0
    outer loop
      vertex 1.51566 14.4206 0
      vertex 2.01801 14.3589 2
      vertex 1.51566 14.4206 2
    endloop
  endfacet
  facet normal -0.121907 -0.992542 -0
    outer loop
      vertex 2.01801 14.3589 2
      vertex 1.51566 14.4206 0
      vertex 2.01801 14.3589 0
    endloop
  endfacet
  facet normal -0.731288 -0.682069 0
    outer loop
      vertex 10.7756 9.70239 0
      vertex 10.4304 10.0725 2
      vertex 10.4304 10.0725 0
    endloop
  endfacet
  facet normal -0.731288 -0.682069 0
    outer loop
      vertex 10.4304 10.0725 2
      vertex 10.7756 9.70239 0
      vertex 10.7756 9.70239 2
    endloop
  endfacet
  facet normal -0.987681 0.156483 0
    outer loop
      vertex 14.2797 -2.5179 0
      vertex 14.3589 -2.01801 2
      vertex 14.3589 -2.01801 0
    endloop
  endfacet
  facet normal -0.987681 0.156483 0
    outer loop
      vertex 14.3589 -2.01801 2
      vertex 14.2797 -2.5179 0
      vertex 14.2797 -2.5179 2
    endloop
  endfacet
  facet normal -0.544703 0.838629 0
    outer loop
      vertex 8.1083 -12.021 0
      vertex 7.68383 -12.2967 2
      vertex 8.1083 -12.021 2
    endloop
  endfacet
  facet normal -0.544703 0.838629 0
    outer loop
      vertex 7.68383 -12.2967 2
      vertex 8.1083 -12.021 0
      vertex 7.68383 -12.2967 0
    endloop
  endfacet
  facet normal 0.798718 0.601706 0
    outer loop
      vertex -11.4262 -8.92709 2
      vertex -11.7307 -8.52289 0
      vertex -11.7307 -8.52289 2
    endloop
  endfacet
  facet normal 0.798718 0.601706 0
    outer loop
      vertex -11.7307 -8.52289 0
      vertex -11.4262 -8.92709 2
      vertex -11.4262 -8.92709 0
    endloop
  endfacet
  facet normal 0.0173872 0.999849 -0
    outer loop
      vertex 0 -14.5 0
      vertex -0.506042 -14.4912 2
      vertex 0 -14.5 2
    endloop
  endfacet
  facet normal 0.0173872 0.999849 0
    outer loop
      vertex -0.506042 -14.4912 2
      vertex 0 -14.5 0
      vertex -0.506042 -14.4912 0
    endloop
  endfacet
  facet normal 0.629425 0.777061 -0
    outer loop
      vertex -8.92709 -11.4262 0
      vertex -9.32042 -11.1076 2
      vertex -8.92709 -11.4262 2
    endloop
  endfacet
  facet normal 0.629425 0.777061 0
    outer loop
      vertex -9.32042 -11.1076 2
      vertex -8.92709 -11.4262 0
      vertex -9.32042 -11.1076 0
    endloop
  endfacet
  facet normal 0.682069 -0.731288 0
    outer loop
      vertex -10.0725 10.4304 0
      vertex -9.70239 10.7756 2
      vertex -10.0725 10.4304 2
    endloop
  endfacet
  facet normal 0.682069 -0.731288 0
    outer loop
      vertex -9.70239 10.7756 2
      vertex -10.0725 10.4304 0
      vertex -9.70239 10.7756 0
    endloop
  endfacet
  facet normal 0.0871344 -0.996197 0
    outer loop
      vertex -1.51566 14.4206 0
      vertex -1.01147 14.4647 2
      vertex -1.51566 14.4206 2
    endloop
  endfacet
  facet normal 0.0871344 -0.996197 0
    outer loop
      vertex -1.01147 14.4647 2
      vertex -1.51566 14.4206 0
      vertex -1.01147 14.4647 0
    endloop
  endfacet
  facet normal -0.454029 0.890987 0
    outer loop
      vertex 6.80734 -12.8027 0
      vertex 6.35638 -13.0325 2
      vertex 6.80734 -12.8027 2
    endloop
  endfacet
  facet normal -0.454029 0.890987 0
    outer loop
      vertex 6.35638 -13.0325 2
      vertex 6.80734 -12.8027 0
      vertex 6.35638 -13.0325 0
    endloop
  endfacet
  facet normal -0.325613 -0.945503 0
    outer loop
      vertex 4.48075 13.7903 0
      vertex 4.95929 13.6255 2
      vertex 4.48075 13.7903 2
    endloop
  endfacet
  facet normal -0.325613 -0.945503 -0
    outer loop
      vertex 4.95929 13.6255 2
      vertex 4.48075 13.7903 0
      vertex 4.95929 13.6255 0
    endloop
  endfacet
  facet normal 0.933633 -0.358231 0
    outer loop
      vertex -13.6255 4.95929 2
      vertex -13.4442 5.4318 0
      vertex -13.4442 5.4318 2
    endloop
  endfacet
  facet normal 0.933633 -0.358231 0
    outer loop
      vertex -13.4442 5.4318 0
      vertex -13.6255 4.95929 2
      vertex -13.6255 4.95929 0
    endloop
  endfacet
  facet normal -0.75475 -0.656012 0
    outer loop
      vertex 11.1076 9.32042 0
      vertex 10.7756 9.70239 2
      vertex 10.7756 9.70239 0
    endloop
  endfacet
  facet normal -0.75475 -0.656012 0
    outer loop
      vertex 10.7756 9.70239 2
      vertex 11.1076 9.32042 0
      vertex 11.1076 9.32042 2
    endloop
  endfacet
  facet normal -0.292414 0.956292 0
    outer loop
      vertex 4.48075 -13.7903 0
      vertex 3.99674 -13.9383 2
      vertex 4.48075 -13.7903 2
    endloop
  endfacet
  facet normal -0.292414 0.956292 0
    outer loop
      vertex 3.99674 -13.9383 2
      vertex 4.48075 -13.7903 0
      vertex 3.99674 -13.9383 0
    endloop
  endfacet
  facet normal -0.992542 -0.121907 0
    outer loop
      vertex 14.4206 1.51566 0
      vertex 14.3589 2.01801 2
      vertex 14.3589 2.01801 0
    endloop
  endfacet
  facet normal -0.992542 -0.121907 0
    outer loop
      vertex 14.3589 2.01801 2
      vertex 14.4206 1.51566 0
      vertex 14.4206 1.51566 2
    endloop
  endfacet
  facet normal 0.933633 0.358231 0
    outer loop
      vertex -13.4442 -5.4318 2
      vertex -13.6255 -4.95929 0
      vertex -13.6255 -4.95929 2
    endloop
  endfacet
  facet normal 0.933633 0.358231 0
    outer loop
      vertex -13.6255 -4.95929 0
      vertex -13.4442 -5.4318 2
      vertex -13.4442 -5.4318 0
    endloop
  endfacet
  facet normal 0.945503 0.325613 0
    outer loop
      vertex -13.6255 -4.95929 2
      vertex -13.7903 -4.48075 0
      vertex -13.7903 -4.48075 2
    endloop
  endfacet
  facet normal 0.945503 0.325613 0
    outer loop
      vertex -13.7903 -4.48075 0
      vertex -13.6255 -4.95929 2
      vertex -13.6255 -4.95929 0
    endloop
  endfacet
  facet normal 0.920472 -0.390808 0
    outer loop
      vertex -13.4442 5.4318 2
      vertex -13.2464 5.89768 0
      vertex -13.2464 5.89768 2
    endloop
  endfacet
  facet normal 0.920472 -0.390808 0
    outer loop
      vertex -13.2464 5.89768 0
      vertex -13.4442 5.4318 2
      vertex -13.4442 5.4318 0
    endloop
  endfacet
  facet normal 0.0523589 -0.998628 0
    outer loop
      vertex -1.01147 14.4647 0
      vertex -0.506042 14.4912 2
      vertex -1.01147 14.4647 2
    endloop
  endfacet
  facet normal 0.0523589 -0.998628 0
    outer loop
      vertex -0.506042 14.4912 2
      vertex -1.01147 14.4647 0
      vertex -0.506042 14.4912 0
    endloop
  endfacet
  facet normal -0.965922 -0.258833 0
    outer loop
      vertex 14.0693 3.50787 0
      vertex 13.9383 3.99674 2
      vertex 13.9383 3.99674 0
    endloop
  endfacet
  facet normal -0.965922 -0.258833 0
    outer loop
      vertex 13.9383 3.99674 2
      vertex 14.0693 3.50787 0
      vertex 14.0693 3.50787 2
    endloop
  endfacet
  facet normal 0.422626 0.906304 -0
    outer loop
      vertex -5.89768 -13.2464 0
      vertex -6.35638 -13.0325 2
      vertex -5.89768 -13.2464 2
    endloop
  endfacet
  facet normal 0.422626 0.906304 0
    outer loop
      vertex -6.35638 -13.0325 2
      vertex -5.89768 -13.2464 0
      vertex -6.35638 -13.0325 0
    endloop
  endfacet
  facet normal 0.992542 0.121907 0
    outer loop
      vertex -14.3589 -2.01801 2
      vertex -14.4206 -1.51566 0
      vertex -14.4206 -1.51566 2
    endloop
  endfacet
  facet normal 0.992542 0.121907 0
    outer loop
      vertex -14.4206 -1.51566 0
      vertex -14.3589 -2.01801 2
      vertex -14.3589 -2.01801 0
    endloop
  endfacet
  facet normal -0.819151 -0.573578 0
    outer loop
      vertex 12.021 8.1083 0
      vertex 11.7307 8.52289 2
      vertex 11.7307 8.52289 0
    endloop
  endfacet
  facet normal -0.819151 -0.573578 0
    outer loop
      vertex 11.7307 8.52289 2
      vertex 12.021 8.1083 0
      vertex 12.021 8.1083 2
    endloop
  endfacet
  facet normal -0.121907 0.992542 0
    outer loop
      vertex 2.01801 -14.3589 0
      vertex 1.51566 -14.4206 2
      vertex 2.01801 -14.3589 2
    endloop
  endfacet
  facet normal -0.121907 0.992542 0
    outer loop
      vertex 1.51566 -14.4206 2
      vertex 2.01801 -14.3589 0
      vertex 1.51566 -14.4206 0
    endloop
  endfacet
  facet normal -0.629425 0.777061 0
    outer loop
      vertex 9.32042 -11.1076 0
      vertex 8.92709 -11.4262 2
      vertex 9.32042 -11.1076 2
    endloop
  endfacet
  facet normal -0.629425 0.777061 0
    outer loop
      vertex 8.92709 -11.4262 2
      vertex 9.32042 -11.1076 0
      vertex 8.92709 -11.4262 0
    endloop
  endfacet
  facet normal 0.838629 0.544703 0
    outer loop
      vertex -12.021 -8.1083 2
      vertex -12.2967 -7.68383 0
      vertex -12.2967 -7.68383 2
    endloop
  endfacet
  facet normal 0.838629 0.544703 0
    outer loop
      vertex -12.2967 -7.68383 0
      vertex -12.021 -8.1083 2
      vertex -12.021 -8.1083 0
    endloop
  endfacet
  facet normal 0.156483 -0.987681 0
    outer loop
      vertex -2.5179 14.2797 0
      vertex -2.01801 14.3589 2
      vertex -2.5179 14.2797 2
    endloop
  endfacet
  facet normal 0.156483 -0.987681 0
    outer loop
      vertex -2.01801 14.3589 2
      vertex -2.5179 14.2797 0
      vertex -2.01801 14.3589 0
    endloop
  endfacet
  facet normal -0.874679 0.484703 0
    outer loop
      vertex 12.5574 -7.25 0
      vertex 12.8027 -6.80734 2
      vertex 12.8027 -6.80734 0
    endloop
  endfacet
  facet normal -0.874679 0.484703 0
    outer loop
      vertex 12.8027 -6.80734 2
      vertex 12.5574 -7.25 0
      vertex 12.5574 -7.25 2
    endloop
  endfacet
  facet normal 0.682069 0.731288 -0
    outer loop
      vertex -9.70239 -10.7756 0
      vertex -10.0725 -10.4304 2
      vertex -9.70239 -10.7756 2
    endloop
  endfacet
  facet normal 0.682069 0.731288 0
    outer loop
      vertex -10.0725 -10.4304 2
      vertex -9.70239 -10.7756 0
      vertex -10.0725 -10.4304 0
    endloop
  endfacet
  facet normal 0.998628 -0.0523589 0
    outer loop
      vertex -14.4912 0.506042 2
      vertex -14.4647 1.01147 0
      vertex -14.4647 1.01147 2
    endloop
  endfacet
  facet normal 0.998628 -0.0523589 0
    outer loop
      vertex -14.4647 1.01147 0
      vertex -14.4912 0.506042 2
      vertex -14.4912 0.506042 0
    endloop
  endfacet
  facet normal -0.544703 -0.838629 0
    outer loop
      vertex 7.68383 12.2967 0
      vertex 8.1083 12.021 2
      vertex 7.68383 12.2967 2
    endloop
  endfacet
  facet normal -0.544703 -0.838629 -0
    outer loop
      vertex 8.1083 12.021 2
      vertex 7.68383 12.2967 0
      vertex 8.1083 12.021 0
    endloop
  endfacet
  facet normal 0.325613 0.945503 -0
    outer loop
      vertex -4.48075 -13.7903 0
      vertex -4.95929 -13.6255 2
      vertex -4.48075 -13.7903 2
    endloop
  endfacet
  facet normal 0.325613 0.945503 0
    outer loop
      vertex -4.95929 -13.6255 2
      vertex -4.48075 -13.7903 0
      vertex -4.95929 -13.6255 0
    endloop
  endfacet
  facet normal -0.422626 -0.906304 0
    outer loop
      vertex 5.89768 13.2464 0
      vertex 6.35638 13.0325 2
      vertex 5.89768 13.2464 2
    endloop
  endfacet
  facet normal -0.422626 -0.906304 -0
    outer loop
      vertex 6.35638 13.0325 2
      vertex 5.89768 13.2464 0
      vertex 6.35638 13.0325 0
    endloop
  endfacet
  facet normal -0.224852 -0.974393 0
    outer loop
      vertex 3.01472 14.1831 0
      vertex 3.50787 14.0693 2
      vertex 3.01472 14.1831 2
    endloop
  endfacet
  facet normal -0.224852 -0.974393 -0
    outer loop
      vertex 3.50787 14.0693 2
      vertex 3.01472 14.1831 0
      vertex 3.50787 14.0693 0
    endloop
  endfacet
  facet normal 0.956292 -0.292414 0
    outer loop
      vertex -13.9383 3.99674 2
      vertex -13.7903 4.48075 0
      vertex -13.7903 4.48075 2
    endloop
  endfacet
  facet normal 0.956292 -0.292414 0
    outer loop
      vertex -13.7903 4.48075 0
      vertex -13.9383 3.99674 2
      vertex -13.9383 3.99674 0
    endloop
  endfacet
  facet normal -0.992542 0.121907 0
    outer loop
      vertex 14.3589 -2.01801 0
      vertex 14.4206 -1.51566 2
      vertex 14.4206 -1.51566 0
    endloop
  endfacet
  facet normal -0.992542 0.121907 0
    outer loop
      vertex 14.4206 -1.51566 2
      vertex 14.3589 -2.01801 0
      vertex 14.3589 -2.01801 2
    endloop
  endfacet
  facet normal 0.51508 -0.857142 0
    outer loop
      vertex -7.68383 12.2967 0
      vertex -7.25 12.5574 2
      vertex -7.68383 12.2967 2
    endloop
  endfacet
  facet normal 0.51508 -0.857142 0
    outer loop
      vertex -7.25 12.5574 2
      vertex -7.68383 12.2967 0
      vertex -7.25 12.5574 0
    endloop
  endfacet
  facet normal 0.224852 -0.974393 0
    outer loop
      vertex -3.50787 14.0693 0
      vertex -3.01472 14.1831 2
      vertex -3.50787 14.0693 2
    endloop
  endfacet
  facet normal 0.224852 -0.974393 0
    outer loop
      vertex -3.01472 14.1831 2
      vertex -3.50787 14.0693 0
      vertex -3.01472 14.1831 0
    endloop
  endfacet
  facet normal -0.484703 -0.874679 0
    outer loop
      vertex 6.80734 12.8027 0
      vertex 7.25 12.5574 2
      vertex 6.80734 12.8027 2
    endloop
  endfacet
  facet normal -0.484703 -0.874679 -0
    outer loop
      vertex 7.25 12.5574 2
      vertex 6.80734 12.8027 0
      vertex 7.25 12.5574 0
    endloop
  endfacet
  facet normal -0.996197 -0.0871344 0
    outer loop
      vertex 14.4647 1.01147 0
      vertex 14.4206 1.51566 2
      vertex 14.4206 1.51566 0
    endloop
  endfacet
  facet normal -0.996197 -0.0871344 0
    outer loop
      vertex 14.4206 1.51566 2
      vertex 14.4647 1.01147 0
      vertex 14.4647 1.01147 2
    endloop
  endfacet
  facet normal 0.544703 -0.838629 0
    outer loop
      vertex -8.1083 12.021 0
      vertex -7.68383 12.2967 2
      vertex -8.1083 12.021 2
    endloop
  endfacet
  facet normal 0.544703 -0.838629 0
    outer loop
      vertex -7.68383 12.2967 2
      vertex -8.1083 12.021 0
      vertex -7.68383 12.2967 0
    endloop
  endfacet
  facet normal 0.777061 0.629425 0
    outer loop
      vertex -11.1076 -9.32042 2
      vertex -11.4262 -8.92709 0
      vertex -11.4262 -8.92709 2
    endloop
  endfacet
  facet normal 0.777061 0.629425 0
    outer loop
      vertex -11.4262 -8.92709 0
      vertex -11.1076 -9.32042 2
      vertex -11.1076 -9.32042 0
    endloop
  endfacet
  facet normal 0.945503 -0.325613 0
    outer loop
      vertex -13.7903 4.48075 2
      vertex -13.6255 4.95929 0
      vertex -13.6255 4.95929 2
    endloop
  endfacet
  facet normal 0.945503 -0.325613 0
    outer loop
      vertex -13.6255 4.95929 0
      vertex -13.7903 4.48075 2
      vertex -13.7903 4.48075 0
    endloop
  endfacet
  facet normal -0.0523589 -0.998628 0
    outer loop
      vertex 0.506042 14.4912 0
      vertex 1.01147 14.4647 2
      vertex 0.506042 14.4912 2
    endloop
  endfacet
  facet normal -0.0523589 -0.998628 -0
    outer loop
      vertex 1.01147 14.4647 2
      vertex 0.506042 14.4912 0
      vertex 1.01147 14.4647 0
    endloop
  endfacet
  facet normal 0.454029 0.890987 -0
    outer loop
      vertex -6.35638 -13.0325 0
      vertex -6.80734 -12.8027 2
      vertex -6.35638 -13.0325 2
    endloop
  endfacet
  facet normal 0.454029 0.890987 0
    outer loop
      vertex -6.80734 -12.8027 2
      vertex -6.35638 -13.0325 0
      vertex -6.80734 -12.8027 0
    endloop
  endfacet
  facet normal 0.998628 0.0523589 0
    outer loop
      vertex -14.4647 -1.01147 2
      vertex -14.4912 -0.506042 0
      vertex -14.4912 -0.506042 2
    endloop
  endfacet
  facet normal 0.998628 0.0523589 0
    outer loop
      vertex -14.4912 -0.506042 0
      vertex -14.4647 -1.01147 2
      vertex -14.4647 -1.01147 0
    endloop
  endfacet
  facet normal -0.707107 0.707107 0
    outer loop
      vertex 10.0725 -10.4304 0
      vertex 10.4304 -10.0725 2
      vertex 10.4304 -10.0725 0
    endloop
  endfacet
  facet normal -0.707107 0.707107 0
    outer loop
      vertex 10.4304 -10.0725 2
      vertex 10.0725 -10.4304 0
      vertex 10.0725 -10.4304 2
    endloop
  endfacet
  facet normal -0.920472 -0.390808 0
    outer loop
      vertex 13.4442 5.4318 0
      vertex 13.2464 5.89768 2
      vertex 13.2464 5.89768 0
    endloop
  endfacet
  facet normal -0.920472 -0.390808 0
    outer loop
      vertex 13.2464 5.89768 2
      vertex 13.4442 5.4318 0
      vertex 13.4442 5.4318 2
    endloop
  endfacet
  facet normal 0.454029 -0.890987 0
    outer loop
      vertex -6.80734 12.8027 0
      vertex -6.35638 13.0325 2
      vertex -6.80734 12.8027 2
    endloop
  endfacet
  facet normal 0.454029 -0.890987 0
    outer loop
      vertex -6.35638 13.0325 2
      vertex -6.80734 12.8027 0
      vertex -6.35638 13.0325 0
    endloop
  endfacet
  facet normal -0.798718 -0.601706 0
    outer loop
      vertex 11.7307 8.52289 0
      vertex 11.4262 8.92709 2
      vertex 11.4262 8.92709 0
    endloop
  endfacet
  facet normal -0.798718 -0.601706 0
    outer loop
      vertex 11.4262 8.92709 2
      vertex 11.7307 8.52289 0
      vertex 11.7307 8.52289 2
    endloop
  endfacet
  facet normal -0.682069 0.731288 0
    outer loop
      vertex 10.0725 -10.4304 0
      vertex 9.70239 -10.7756 2
      vertex 10.0725 -10.4304 2
    endloop
  endfacet
  facet normal -0.682069 0.731288 0
    outer loop
      vertex 9.70239 -10.7756 2
      vertex 10.0725 -10.4304 0
      vertex 9.70239 -10.7756 0
    endloop
  endfacet
  facet normal -0.629425 -0.777061 0
    outer loop
      vertex 8.92709 11.4262 0
      vertex 9.32042 11.1076 2
      vertex 8.92709 11.4262 2
    endloop
  endfacet
  facet normal -0.629425 -0.777061 -0
    outer loop
      vertex 9.32042 11.1076 2
      vertex 8.92709 11.4262 0
      vertex 9.32042 11.1076 0
    endloop
  endfacet
  facet normal 0.920472 0.390808 0
    outer loop
      vertex -13.2464 -5.89768 2
      vertex -13.4442 -5.4318 0
      vertex -13.4442 -5.4318 2
    endloop
  endfacet
  facet normal 0.920472 0.390808 0
    outer loop
      vertex -13.4442 -5.4318 0
      vertex -13.2464 -5.89768 2
      vertex -13.2464 -5.89768 0
    endloop
  endfacet
  facet normal 0.75475 -0.656012 0
    outer loop
      vertex -11.1076 9.32042 2
      vertex -10.7756 9.70239 0
      vertex -10.7756 9.70239 2
    endloop
  endfacet
  facet normal 0.75475 -0.656012 0
    outer loop
      vertex -10.7756 9.70239 0
      vertex -11.1076 9.32042 2
      vertex -11.1076 9.32042 0
    endloop
  endfacet
  facet normal -0.190862 -0.981617 0
    outer loop
      vertex 2.5179 14.2797 0
      vertex 3.01472 14.1831 2
      vertex 2.5179 14.2797 2
    endloop
  endfacet
  facet normal -0.190862 -0.981617 -0
    outer loop
      vertex 3.01472 14.1831 2
      vertex 2.5179 14.2797 0
      vertex 3.01472 14.1831 0
    endloop
  endfacet
  facet normal -0.258833 0.965922 0
    outer loop
      vertex 3.99674 -13.9383 0
      vertex 3.50787 -14.0693 2
      vertex 3.99674 -13.9383 2
    endloop
  endfacet
  facet normal -0.258833 0.965922 0
    outer loop
      vertex 3.50787 -14.0693 2
      vertex 3.99674 -13.9383 0
      vertex 3.50787 -14.0693 0
    endloop
  endfacet
  facet normal 0.999849 -0.0173872 0
    outer loop
      vertex -14.5 0 2
      vertex -14.4912 0.506042 0
      vertex -14.4912 0.506042 2
    endloop
  endfacet
  facet normal 0.999849 -0.0173872 0
    outer loop
      vertex -14.4912 0.506042 0
      vertex -14.5 0 2
      vertex -14.5 0 0
    endloop
  endfacet
  facet normal 0.992542 -0.121907 0
    outer loop
      vertex -14.4206 1.51566 2
      vertex -14.3589 2.01801 0
      vertex -14.3589 2.01801 2
    endloop
  endfacet
  facet normal 0.992542 -0.121907 0
    outer loop
      vertex -14.3589 2.01801 0
      vertex -14.4206 1.51566 2
      vertex -14.4206 1.51566 0
    endloop
  endfacet
  facet normal -0.819151 0.573578 0
    outer loop
      vertex 11.7307 -8.52289 0
      vertex 12.021 -8.1083 2
      vertex 12.021 -8.1083 0
    endloop
  endfacet
  facet normal -0.819151 0.573578 0
    outer loop
      vertex 12.021 -8.1083 2
      vertex 11.7307 -8.52289 0
      vertex 11.7307 -8.52289 2
    endloop
  endfacet
  facet normal 0.777061 -0.629425 0
    outer loop
      vertex -11.4262 8.92709 2
      vertex -11.1076 9.32042 0
      vertex -11.1076 9.32042 2
    endloop
  endfacet
  facet normal 0.777061 -0.629425 0
    outer loop
      vertex -11.1076 9.32042 0
      vertex -11.4262 8.92709 2
      vertex -11.4262 8.92709 0
    endloop
  endfacet
  facet normal -0.484703 0.874679 0
    outer loop
      vertex 7.25 -12.5574 0
      vertex 6.80734 -12.8027 2
      vertex 7.25 -12.5574 2
    endloop
  endfacet
  facet normal -0.484703 0.874679 0
    outer loop
      vertex 6.80734 -12.8027 2
      vertex 7.25 -12.5574 0
      vertex 6.80734 -12.8027 0
    endloop
  endfacet
  facet normal 0.292414 -0.956292 0
    outer loop
      vertex -4.48075 13.7903 0
      vertex -3.99674 13.9383 2
      vertex -4.48075 13.7903 2
    endloop
  endfacet
  facet normal 0.292414 -0.956292 0
    outer loop
      vertex -3.99674 13.9383 2
      vertex -4.48075 13.7903 0
      vertex -3.99674 13.9383 0
    endloop
  endfacet
  facet normal 0.819151 0.573578 0
    outer loop
      vertex -11.7307 -8.52289 2
      vertex -12.021 -8.1083 0
      vertex -12.021 -8.1083 2
    endloop
  endfacet
  facet normal 0.819151 0.573578 0
    outer loop
      vertex -12.021 -8.1083 0
      vertex -11.7307 -8.52289 2
      vertex -11.7307 -8.52289 0
    endloop
  endfacet
  facet normal 0.857142 -0.51508 0
    outer loop
      vertex -12.5574 7.25 2
      vertex -12.2967 7.68383 0
      vertex -12.2967 7.68383 2
    endloop
  endfacet
  facet normal 0.857142 -0.51508 0
    outer loop
      vertex -12.2967 7.68383 0
      vertex -12.5574 7.25 2
      vertex -12.5574 7.25 0
    endloop
  endfacet
  facet normal -0.573578 0.819151 0
    outer loop
      vertex 8.52289 -11.7307 0
      vertex 8.1083 -12.021 2
      vertex 8.52289 -11.7307 2
    endloop
  endfacet
  facet normal -0.573578 0.819151 0
    outer loop
      vertex 8.1083 -12.021 2
      vertex 8.52289 -11.7307 0
      vertex 8.1083 -12.021 0
    endloop
  endfacet
  facet normal -0.777061 -0.629425 0
    outer loop
      vertex 11.4262 8.92709 0
      vertex 11.1076 9.32042 2
      vertex 11.1076 9.32042 0
    endloop
  endfacet
  facet normal -0.777061 -0.629425 0
    outer loop
      vertex 11.1076 9.32042 2
      vertex 11.4262 8.92709 0
      vertex 11.4262 8.92709 2
    endloop
  endfacet
  facet normal -0.156483 -0.987681 0
    outer loop
      vertex 2.01801 14.3589 0
      vertex 2.5179 14.2797 2
      vertex 2.01801 14.3589 2
    endloop
  endfacet
  facet normal -0.156483 -0.987681 -0
    outer loop
      vertex 2.5179 14.2797 2
      vertex 2.01801 14.3589 0
      vertex 2.5179 14.2797 0
    endloop
  endfacet
  facet normal -0.933633 0.358231 0
    outer loop
      vertex 13.4442 -5.4318 0
      vertex 13.6255 -4.95929 2
      vertex 13.6255 -4.95929 0
    endloop
  endfacet
  facet normal -0.933633 0.358231 0
    outer loop
      vertex 13.6255 -4.95929 2
      vertex 13.4442 -5.4318 0
      vertex 13.4442 -5.4318 2
    endloop
  endfacet
  facet normal 0.999849 0.0173872 0
    outer loop
      vertex -14.4912 -0.506042 2
      vertex -14.5 0 0
      vertex -14.5 0 2
    endloop
  endfacet
  facet normal 0.999849 0.0173872 0
    outer loop
      vertex -14.5 0 0
      vertex -14.4912 -0.506042 2
      vertex -14.4912 -0.506042 0
    endloop
  endfacet
  facet normal 0.358231 0.933633 -0
    outer loop
      vertex -4.95929 -13.6255 0
      vertex -5.4318 -13.4442 2
      vertex -4.95929 -13.6255 2
    endloop
  endfacet
  facet normal 0.358231 0.933633 0
    outer loop
      vertex -5.4318 -13.4442 2
      vertex -4.95929 -13.6255 0
      vertex -5.4318 -13.4442 0
    endloop
  endfacet
  facet normal 0.422626 -0.906304 0
    outer loop
      vertex -6.35638 13.0325 0
      vertex -5.89768 13.2464 2
      vertex -6.35638 13.0325 2
    endloop
  endfacet
  facet normal 0.422626 -0.906304 0
    outer loop
      vertex -5.89768 13.2464 2
      vertex -6.35638 13.0325 0
      vertex -5.89768 13.2464 0
    endloop
  endfacet
  facet normal 0.819151 -0.573578 0
    outer loop
      vertex -12.021 8.1083 2
      vertex -11.7307 8.52289 0
      vertex -11.7307 8.52289 2
    endloop
  endfacet
  facet normal 0.819151 -0.573578 0
    outer loop
      vertex -11.7307 8.52289 0
      vertex -12.021 8.1083 2
      vertex -12.021 8.1083 0
    endloop
  endfacet
  facet normal 0.956292 0.292414 0
    outer loop
      vertex -13.7903 -4.48075 2
      vertex -13.9383 -3.99674 0
      vertex -13.9383 -3.99674 2
    endloop
  endfacet
  facet normal 0.956292 0.292414 0
    outer loop
      vertex -13.9383 -3.99674 0
      vertex -13.7903 -4.48075 2
      vertex -13.7903 -4.48075 0
    endloop
  endfacet
  facet normal 0.292414 0.956292 -0
    outer loop
      vertex -3.99674 -13.9383 0
      vertex -4.48075 -13.7903 2
      vertex -3.99674 -13.9383 2
    endloop
  endfacet
  facet normal 0.292414 0.956292 0
    outer loop
      vertex -4.48075 -13.7903 2
      vertex -3.99674 -13.9383 0
      vertex -4.48075 -13.7903 0
    endloop
  endfacet
  facet normal -0.920472 0.390808 0
    outer loop
      vertex 13.2464 -5.89768 0
      vertex 13.4442 -5.4318 2
      vertex 13.4442 -5.4318 0
    endloop
  endfacet
  facet normal -0.920472 0.390808 0
    outer loop
      vertex 13.4442 -5.4318 2
      vertex 13.2464 -5.89768 0
      vertex 13.2464 -5.89768 2
    endloop
  endfacet
  facet normal 0.601706 -0.798718 0
    outer loop
      vertex -8.92709 11.4262 0
      vertex -8.52289 11.7307 2
      vertex -8.92709 11.4262 2
    endloop
  endfacet
  facet normal 0.601706 -0.798718 0
    outer loop
      vertex -8.52289 11.7307 2
      vertex -8.92709 11.4262 0
      vertex -8.52289 11.7307 0
    endloop
  endfacet
  facet normal -0.890987 0.454029 0
    outer loop
      vertex 12.8027 -6.80734 0
      vertex 13.0325 -6.35638 2
      vertex 13.0325 -6.35638 0
    endloop
  endfacet
  facet normal -0.890987 0.454029 0
    outer loop
      vertex 13.0325 -6.35638 2
      vertex 12.8027 -6.80734 0
      vertex 12.8027 -6.80734 2
    endloop
  endfacet
  facet normal 0.987681 -0.156483 0
    outer loop
      vertex -14.3589 2.01801 2
      vertex -14.2797 2.5179 0
      vertex -14.2797 2.5179 2
    endloop
  endfacet
  facet normal 0.987681 -0.156483 0
    outer loop
      vertex -14.2797 2.5179 0
      vertex -14.3589 2.01801 2
      vertex -14.3589 2.01801 0
    endloop
  endfacet
  facet normal 0.601706 0.798718 -0
    outer loop
      vertex -8.52289 -11.7307 0
      vertex -8.92709 -11.4262 2
      vertex -8.52289 -11.7307 2
    endloop
  endfacet
  facet normal 0.601706 0.798718 0
    outer loop
      vertex -8.92709 -11.4262 2
      vertex -8.52289 -11.7307 0
      vertex -8.92709 -11.4262 0
    endloop
  endfacet
  facet normal 0.798718 -0.601706 0
    outer loop
      vertex -11.7307 8.52289 2
      vertex -11.4262 8.92709 0
      vertex -11.4262 8.92709 2
    endloop
  endfacet
  facet normal 0.798718 -0.601706 0
    outer loop
      vertex -11.4262 8.92709 0
      vertex -11.7307 8.52289 2
      vertex -11.7307 8.52289 0
    endloop
  endfacet
  facet normal -0.292414 -0.956292 0
    outer loop
      vertex 3.99674 13.9383 0
      vertex 4.48075 13.7903 2
      vertex 3.99674 13.9383 2
    endloop
  endfacet
  facet normal -0.292414 -0.956292 -0
    outer loop
      vertex 4.48075 13.7903 2
      vertex 3.99674 13.9383 0
      vertex 4.48075 13.7903 0
    endloop
  endfacet
  facet normal 0.190862 0.981617 -0
    outer loop
      vertex -2.5179 -14.2797 0
      vertex -3.01472 -14.1831 2
      vertex -2.5179 -14.2797 2
    endloop
  endfacet
  facet normal 0.190862 0.981617 0
    outer loop
      vertex -3.01472 -14.1831 2
      vertex -2.5179 -14.2797 0
      vertex -3.01472 -14.1831 0
    endloop
  endfacet
  facet normal -0.156483 0.987681 0
    outer loop
      vertex 2.5179 -14.2797 0
      vertex 2.01801 -14.3589 2
      vertex 2.5179 -14.2797 2
    endloop
  endfacet
  facet normal -0.156483 0.987681 0
    outer loop
      vertex 2.01801 -14.3589 2
      vertex 2.5179 -14.2797 0
      vertex 2.01801 -14.3589 0
    endloop
  endfacet
  facet normal 0.890987 0.454029 0
    outer loop
      vertex -12.8027 -6.80734 2
      vertex -13.0325 -6.35638 0
      vertex -13.0325 -6.35638 2
    endloop
  endfacet
  facet normal 0.890987 0.454029 0
    outer loop
      vertex -13.0325 -6.35638 0
      vertex -12.8027 -6.80734 2
      vertex -12.8027 -6.80734 0
    endloop
  endfacet
  facet normal 0.258833 0.965922 -0
    outer loop
      vertex -3.50787 -14.0693 0
      vertex -3.99674 -13.9383 2
      vertex -3.50787 -14.0693 2
    endloop
  endfacet
  facet normal 0.258833 0.965922 0
    outer loop
      vertex -3.99674 -13.9383 2
      vertex -3.50787 -14.0693 0
      vertex -3.99674 -13.9383 0
    endloop
  endfacet
  facet normal -0.51508 -0.857142 0
    outer loop
      vertex 7.25 12.5574 0
      vertex 7.68383 12.2967 2
      vertex 7.25 12.5574 2
    endloop
  endfacet
  facet normal -0.51508 -0.857142 -0
    outer loop
      vertex 7.68383 12.2967 2
      vertex 7.25 12.5574 0
      vertex 7.68383 12.2967 0
    endloop
  endfacet
  facet normal 0.965922 0.258833 0
    outer loop
      vertex -13.9383 -3.99674 2
      vertex -14.0693 -3.50787 0
      vertex -14.0693 -3.50787 2
    endloop
  endfacet
  facet normal 0.965922 0.258833 0
    outer loop
      vertex -14.0693 -3.50787 0
      vertex -13.9383 -3.99674 2
      vertex -13.9383 -3.99674 0
    endloop
  endfacet
  facet normal 0.974393 0.224852 0
    outer loop
      vertex -14.0693 -3.50787 2
      vertex -14.1831 -3.01472 0
      vertex -14.1831 -3.01472 2
    endloop
  endfacet
  facet normal 0.974393 0.224852 0
    outer loop
      vertex -14.1831 -3.01472 0
      vertex -14.0693 -3.50787 2
      vertex -14.0693 -3.50787 0
    endloop
  endfacet
  facet normal 0.906304 0.422626 0
    outer loop
      vertex -13.0325 -6.35638 2
      vertex -13.2464 -5.89768 0
      vertex -13.2464 -5.89768 2
    endloop
  endfacet
  facet normal 0.906304 0.422626 0
    outer loop
      vertex -13.2464 -5.89768 0
      vertex -13.0325 -6.35638 2
      vertex -13.0325 -6.35638 0
    endloop
  endfacet
  facet normal 0.838629 -0.544703 0
    outer loop
      vertex -12.2967 7.68383 2
      vertex -12.021 8.1083 0
      vertex -12.021 8.1083 2
    endloop
  endfacet
  facet normal 0.838629 -0.544703 0
    outer loop
      vertex -12.021 8.1083 0
      vertex -12.2967 7.68383 2
      vertex -12.2967 7.68383 0
    endloop
  endfacet
endsolid OpenSCAD_Model
