solid OpenSCAD_Model
  facet normal -0.819157 -0.573569 0
    outer loop
      vertex -31.9562 -23.2175 0
      vertex -32.747 -22.0881 4
      vertex -32.747 -22.0881 0
    endloop
  endfacet
  facet normal -0.819157 -0.573569 0
    outer loop
      vertex -32.747 -22.0881 4
      vertex -31.9562 -23.2175 0
      vertex -31.9562 -23.2175 4
    endloop
  endfacet
  facet normal 0.998632 0.0522943 0
    outer loop
      vertex 39.4759 1.37853 4
      vertex 39.4038 2.75538 0
      vertex 39.4038 2.75538 4
    endloop
  endfacet
  facet normal 0.998632 0.0522943 0
    outer loop
      vertex 39.4038 2.75538 0
      vertex 39.4759 1.37853 4
      vertex 39.4759 1.37853 0
    endloop
  endfacet
  facet normal 0.999847 0.0174797 0
    outer loop
      vertex 39.5 0 4
      vertex 39.4759 1.37853 0
      vertex 39.4759 1.37853 4
    endloop
  endfacet
  facet normal 0.999847 0.0174797 0
    outer loop
      vertex 39.4759 1.37853 0
      vertex 39.5 0 4
      vertex 39.5 0 0
    endloop
  endfacet
  facet normal 0.390792 0.920479 -0
    outer loop
      vertex 16.0661 36.085 0
      vertex 14.797 36.6238 4
      vertex 16.0661 36.085 4
    endloop
  endfacet
  facet normal 0.390792 0.920479 0
    outer loop
      vertex 14.797 36.6238 4
      vertex 16.0661 36.085 0
      vertex 14.797 36.6238 0
    endloop
  endfacet
  facet normal -0.956306 0.292368 0
    outer loop
      vertex -37.9698 10.8877 0
      vertex -37.5667 12.2062 4
      vertex -37.5667 12.2062 0
    endloop
  endfacet
  facet normal -0.956306 0.292368 0
    outer loop
      vertex -37.5667 12.2062 4
      vertex -37.9698 10.8877 0
      vertex -37.9698 10.8877 4
    endloop
  endfacet
  facet normal -0.965917 0.258851 0
    outer loop
      vertex -38.3267 9.55591 0
      vertex -37.9698 10.8877 4
      vertex -37.9698 10.8877 0
    endloop
  endfacet
  facet normal -0.965917 0.258851 0
    outer loop
      vertex -37.9698 10.8877 4
      vertex -38.3267 9.55591 0
      vertex -38.3267 9.55591 4
    endloop
  endfacet
  facet normal -0.874632 0.484787 0
    outer loop
      vertex -34.8764 18.5441 0
      vertex -34.208 19.75 4
      vertex -34.208 19.75 0
    endloop
  endfacet
  facet normal -0.874632 0.484787 0
    outer loop
      vertex -34.208 19.75 4
      vertex -34.8764 18.5441 0
      vertex -34.8764 18.5441 4
    endloop
  endfacet
  facet normal -0.656067 0.754702 0
    outer loop
      vertex -25.3901 30.2588 0
      vertex -26.4307 29.3542 4
      vertex -25.3901 30.2588 4
    endloop
  endfacet
  facet normal -0.656067 0.754702 0
    outer loop
      vertex -26.4307 29.3542 4
      vertex -25.3901 30.2588 0
      vertex -26.4307 29.3542 0
    endloop
  endfacet
  facet normal -0.999847 -0.0174797 0
    outer loop
      vertex -39.4759 -1.37853 0
      vertex -39.5 0 4
      vertex -39.5 0 0
    endloop
  endfacet
  facet normal -0.999847 -0.0174797 0
    outer loop
      vertex -39.5 0 4
      vertex -39.4759 -1.37853 0
      vertex -39.4759 -1.37853 4
    endloop
  endfacet
  facet normal -0.798614 0.601844 0
    outer loop
      vertex -31.9562 23.2175 0
      vertex -31.1264 24.3186 4
      vertex -31.1264 24.3186 0
    endloop
  endfacet
  facet normal -0.798614 0.601844 0
    outer loop
      vertex -31.1264 24.3186 4
      vertex -31.9562 23.2175 0
      vertex -31.9562 23.2175 4
    endloop
  endfacet
  facet normal -0.890977 0.454047 0
    outer loop
      vertex -35.5024 17.3157 0
      vertex -34.8764 18.5441 4
      vertex -34.8764 18.5441 0
    endloop
  endfacet
  facet normal -0.890977 0.454047 0
    outer loop
      vertex -34.8764 18.5441 4
      vertex -35.5024 17.3157 0
      vertex -35.5024 17.3157 4
    endloop
  endfacet
  facet normal 0.890977 -0.454047 0
    outer loop
      vertex 34.8764 -18.5441 4
      vertex 35.5024 -17.3157 0
      vertex 35.5024 -17.3157 4
    endloop
  endfacet
  facet normal 0.890977 -0.454047 0
    outer loop
      vertex 35.5024 -17.3157 0
      vertex 34.8764 -18.5441 4
      vertex 34.8764 -18.5441 0
    endloop
  endfacet
  facet normal -0.945533 -0.325526 0
    outer loop
      vertex -37.1179 -13.5098 0
      vertex -37.5667 -12.2062 4
      vertex -37.5667 -12.2062 0
    endloop
  endfacet
  facet normal -0.945533 -0.325526 0
    outer loop
      vertex -37.5667 -12.2062 4
      vertex -37.1179 -13.5098 0
      vertex -37.1179 -13.5098 4
    endloop
  endfacet
  facet normal 0.754702 -0.656067 0
    outer loop
      vertex 29.3542 -26.4307 4
      vertex 30.2588 -25.3901 0
      vertex 30.2588 -25.3901 4
    endloop
  endfacet
  facet normal 0.754702 -0.656067 0
    outer loop
      vertex 30.2588 -25.3901 0
      vertex 29.3542 -26.4307 4
      vertex 29.3542 -26.4307 0
    endloop
  endfacet
  facet normal 0.42256 0.906335 -0
    outer loop
      vertex 17.3157 35.5024 0
      vertex 16.0661 36.085 4
      vertex 17.3157 35.5024 4
    endloop
  endfacet
  facet normal 0.42256 0.906335 0
    outer loop
      vertex 16.0661 36.085 4
      vertex 17.3157 35.5024 0
      vertex 16.0661 36.085 0
    endloop
  endfacet
  facet normal -0.682016 0.731337 0
    outer loop
      vertex -26.4307 29.3542 0
      vertex -27.439 28.4139 4
      vertex -26.4307 29.3542 4
    endloop
  endfacet
  facet normal -0.682016 0.731337 0
    outer loop
      vertex -27.439 28.4139 4
      vertex -26.4307 29.3542 0
      vertex -27.439 28.4139 0
    endloop
  endfacet
  facet normal 0.933583 0.358362 0
    outer loop
      vertex 37.1179 13.5098 4
      vertex 36.6238 14.797 0
      vertex 36.6238 14.797 4
    endloop
  endfacet
  facet normal 0.933583 0.358362 0
    outer loop
      vertex 36.6238 14.797 0
      vertex 37.1179 13.5098 4
      vertex 37.1179 13.5098 0
    endloop
  endfacet
  facet normal 0.573569 -0.819157 0
    outer loop
      vertex 22.0881 -32.747 0
      vertex 23.2175 -31.9562 4
      vertex 22.0881 -32.747 4
    endloop
  endfacet
  facet normal 0.573569 -0.819157 0
    outer loop
      vertex 23.2175 -31.9562 4
      vertex 22.0881 -32.747 0
      vertex 23.2175 -31.9562 0
    endloop
  endfacet
  facet normal -0.42256 0.906335 0
    outer loop
      vertex -16.0661 36.085 0
      vertex -17.3157 35.5024 4
      vertex -16.0661 36.085 4
    endloop
  endfacet
  facet normal -0.42256 0.906335 0
    outer loop
      vertex -17.3157 35.5024 4
      vertex -16.0661 36.085 0
      vertex -17.3157 35.5024 0
    endloop
  endfacet
  facet normal -0.999847 0.0174797 0
    outer loop
      vertex -39.5 0 0
      vertex -39.4759 1.37853 4
      vertex -39.4759 1.37853 0
    endloop
  endfacet
  facet normal -0.999847 0.0174797 0
    outer loop
      vertex -39.4759 1.37853 4
      vertex -39.5 0 0
      vertex -39.5 0 4
    endloop
  endfacet
  facet normal -0.484787 0.874632 0
    outer loop
      vertex -18.5441 34.8764 0
      vertex -19.75 34.208 4
      vertex -18.5441 34.8764 4
    endloop
  endfacet
  facet normal -0.484787 0.874632 0
    outer loop
      vertex -19.75 34.208 4
      vertex -18.5441 34.8764 0
      vertex -19.75 34.208 0
    endloop
  endfacet
  facet normal -0.224918 0.974378 0
    outer loop
      vertex -8.21251 38.6368 0
      vertex -9.55591 38.3267 4
      vertex -8.21251 38.6368 4
    endloop
  endfacet
  facet normal -0.224918 0.974378 0
    outer loop
      vertex -9.55591 38.3267 4
      vertex -8.21251 38.6368 0
      vertex -9.55591 38.3267 0
    endloop
  endfacet
  facet normal -0.601844 0.798614 0
    outer loop
      vertex -23.2175 31.9562 0
      vertex -24.3186 31.1264 4
      vertex -23.2175 31.9562 4
    endloop
  endfacet
  facet normal -0.601844 0.798614 0
    outer loop
      vertex -24.3186 31.1264 4
      vertex -23.2175 31.9562 0
      vertex -24.3186 31.1264 0
    endloop
  endfacet
  facet normal 0.819157 -0.573569 0
    outer loop
      vertex 31.9562 -23.2175 4
      vertex 32.747 -22.0881 0
      vertex 32.747 -22.0881 4
    endloop
  endfacet
  facet normal 0.819157 -0.573569 0
    outer loop
      vertex 32.747 -22.0881 0
      vertex 31.9562 -23.2175 4
      vertex 31.9562 -23.2175 0
    endloop
  endfacet
  facet normal 0.777176 -0.629284 0
    outer loop
      vertex 30.2588 -25.3901 4
      vertex 31.1264 -24.3186 0
      vertex 31.1264 -24.3186 4
    endloop
  endfacet
  facet normal 0.777176 -0.629284 0
    outer loop
      vertex 31.1264 -24.3186 0
      vertex 30.2588 -25.3901 4
      vertex 30.2588 -25.3901 0
    endloop
  endfacet
  facet normal 0.682016 0.731337 -0
    outer loop
      vertex 27.439 28.4139 0
      vertex 26.4307 29.3542 4
      vertex 27.439 28.4139 4
    endloop
  endfacet
  facet normal 0.682016 0.731337 0
    outer loop
      vertex 26.4307 29.3542 4
      vertex 27.439 28.4139 0
      vertex 26.4307 29.3542 0
    endloop
  endfacet
  facet normal -0.358362 0.933583 0
    outer loop
      vertex -13.5098 37.1179 0
      vertex -14.797 36.6238 4
      vertex -13.5098 37.1179 4
    endloop
  endfacet
  facet normal -0.358362 0.933583 0
    outer loop
      vertex -14.797 36.6238 4
      vertex -13.5098 37.1179 0
      vertex -14.797 36.6238 0
    endloop
  endfacet
  facet normal 0.258851 -0.965917 0
    outer loop
      vertex 9.55591 -38.3267 0
      vertex 10.8877 -37.9698 4
      vertex 9.55591 -38.3267 4
    endloop
  endfacet
  facet normal 0.258851 -0.965917 0
    outer loop
      vertex 10.8877 -37.9698 4
      vertex 9.55591 -38.3267 0
      vertex 10.8877 -37.9698 0
    endloop
  endfacet
  facet normal -0.981624 -0.190826 0
    outer loop
      vertex -38.6368 -8.21251 0
      vertex -38.8999 -6.8591 4
      vertex -38.8999 -6.8591 0
    endloop
  endfacet
  facet normal -0.981624 -0.190826 0
    outer loop
      vertex -38.8999 -6.8591 4
      vertex -38.6368 -8.21251 0
      vertex -38.6368 -8.21251 4
    endloop
  endfacet
  facet normal -0.956306 -0.292368 0
    outer loop
      vertex -37.5667 -12.2062 0
      vertex -37.9698 -10.8877 4
      vertex -37.9698 -10.8877 0
    endloop
  endfacet
  facet normal -0.956306 -0.292368 0
    outer loop
      vertex -37.9698 -10.8877 4
      vertex -37.5667 -12.2062 0
      vertex -37.5667 -12.2062 4
    endloop
  endfacet
  facet normal 0.920479 0.390792 0
    outer loop
      vertex 36.6238 14.797 4
      vertex 36.085 16.0661 0
      vertex 36.085 16.0661 4
    endloop
  endfacet
  facet normal 0.920479 0.390792 0
    outer loop
      vertex 36.085 16.0661 0
      vertex 36.6238 14.797 4
      vertex 36.6238 14.797 0
    endloop
  endfacet
  facet normal 0.573569 0.819157 -0
    outer loop
      vertex 23.2175 31.9562 0
      vertex 22.0881 32.747 4
      vertex 23.2175 31.9562 4
    endloop
  endfacet
  facet normal 0.573569 0.819157 0
    outer loop
      vertex 22.0881 32.747 4
      vertex 23.2175 31.9562 0
      vertex 22.0881 32.747 0
    endloop
  endfacet
  facet normal 0.656067 0.754702 -0
    outer loop
      vertex 26.4307 29.3542 0
      vertex 25.3901 30.2588 4
      vertex 26.4307 29.3542 4
    endloop
  endfacet
  facet normal 0.656067 0.754702 0
    outer loop
      vertex 25.3901 30.2588 4
      vertex 26.4307 29.3542 0
      vertex 25.3901 30.2588 0
    endloop
  endfacet
  facet normal 0.484787 -0.874632 0
    outer loop
      vertex 18.5441 -34.8764 0
      vertex 19.75 -34.208 4
      vertex 18.5441 -34.8764 4
    endloop
  endfacet
  facet normal 0.484787 -0.874632 0
    outer loop
      vertex 19.75 -34.208 4
      vertex 18.5441 -34.8764 0
      vertex 19.75 -34.208 0
    endloop
  endfacet
  facet normal 0.390792 -0.920479 0
    outer loop
      vertex 14.797 -36.6238 0
      vertex 16.0661 -36.085 4
      vertex 14.797 -36.6238 4
    endloop
  endfacet
  facet normal 0.390792 -0.920479 0
    outer loop
      vertex 16.0661 -36.085 4
      vertex 14.797 -36.6238 0
      vertex 16.0661 -36.085 0
    endloop
  endfacet
  facet normal 0.999847 -0.0174797 0
    outer loop
      vertex 39.4759 -1.37853 4
      vertex 39.5 0 0
      vertex 39.5 0 4
    endloop
  endfacet
  facet normal 0.999847 -0.0174797 0
    outer loop
      vertex 39.5 0 0
      vertex 39.4759 -1.37853 4
      vertex 39.4759 -1.37853 0
    endloop
  endfacet
  facet normal -0.601844 -0.798614 0
    outer loop
      vertex -24.3186 -31.1264 0
      vertex -23.2175 -31.9562 4
      vertex -24.3186 -31.1264 4
    endloop
  endfacet
  facet normal -0.601844 -0.798614 -0
    outer loop
      vertex -23.2175 -31.9562 4
      vertex -24.3186 -31.1264 0
      vertex -23.2175 -31.9562 0
    endloop
  endfacet
  facet normal -0.992549 0.12185 0
    outer loop
      vertex -39.2836 4.12887 0
      vertex -39.1156 5.49734 4
      vertex -39.1156 5.49734 0
    endloop
  endfacet
  facet normal -0.992549 0.12185 0
    outer loop
      vertex -39.1156 5.49734 4
      vertex -39.2836 4.12887 0
      vertex -39.2836 4.12887 4
    endloop
  endfacet
  facet normal -0.754702 -0.656067 0
    outer loop
      vertex -29.3542 -26.4307 0
      vertex -30.2588 -25.3901 4
      vertex -30.2588 -25.3901 0
    endloop
  endfacet
  facet normal -0.754702 -0.656067 0
    outer loop
      vertex -30.2588 -25.3901 4
      vertex -29.3542 -26.4307 0
      vertex -29.3542 -26.4307 4
    endloop
  endfacet
  facet normal -0.325526 -0.945533 0
    outer loop
      vertex -13.5098 -37.1179 0
      vertex -12.2062 -37.5667 4
      vertex -13.5098 -37.1179 4
    endloop
  endfacet
  facet normal -0.325526 -0.945533 -0
    outer loop
      vertex -12.2062 -37.5667 4
      vertex -13.5098 -37.1179 0
      vertex -12.2062 -37.5667 0
    endloop
  endfacet
  facet normal -0.945533 0.325526 0
    outer loop
      vertex -37.5667 12.2062 0
      vertex -37.1179 13.5098 4
      vertex -37.1179 13.5098 0
    endloop
  endfacet
  facet normal -0.945533 0.325526 0
    outer loop
      vertex -37.1179 13.5098 4
      vertex -37.5667 12.2062 0
      vertex -37.5667 12.2062 4
    endloop
  endfacet
  facet normal 0.987686 0.156447 0
    outer loop
      vertex 39.1156 5.49734 4
      vertex 38.8999 6.8591 0
      vertex 38.8999 6.8591 4
    endloop
  endfacet
  facet normal 0.987686 0.156447 0
    outer loop
      vertex 38.8999 6.8591 0
      vertex 39.1156 5.49734 4
      vertex 39.1156 5.49734 0
    endloop
  endfacet
  facet normal 0.292368 -0.956306 0
    outer loop
      vertex 10.8877 -37.9698 0
      vertex 12.2062 -37.5667 4
      vertex 10.8877 -37.9698 4
    endloop
  endfacet
  facet normal 0.292368 -0.956306 0
    outer loop
      vertex 12.2062 -37.5667 4
      vertex 10.8877 -37.9698 0
      vertex 12.2062 -37.5667 0
    endloop
  endfacet
  facet normal -0.933583 -0.358362 0
    outer loop
      vertex -36.6238 -14.797 0
      vertex -37.1179 -13.5098 4
      vertex -37.1179 -13.5098 0
    endloop
  endfacet
  facet normal -0.933583 -0.358362 0
    outer loop
      vertex -37.1179 -13.5098 4
      vertex -36.6238 -14.797 0
      vertex -36.6238 -14.797 4
    endloop
  endfacet
  facet normal -0.874632 -0.484787 0
    outer loop
      vertex -34.208 -19.75 0
      vertex -34.8764 -18.5441 4
      vertex -34.8764 -18.5441 0
    endloop
  endfacet
  facet normal -0.874632 -0.484787 0
    outer loop
      vertex -34.8764 -18.5441 4
      vertex -34.208 -19.75 0
      vertex -34.208 -19.75 4
    endloop
  endfacet
  facet normal 0.857166 -0.51504 0
    outer loop
      vertex 33.4979 -20.9318 4
      vertex 34.208 -19.75 0
      vertex 34.208 -19.75 4
    endloop
  endfacet
  facet normal 0.857166 -0.51504 0
    outer loop
      vertex 34.208 -19.75 0
      vertex 33.4979 -20.9318 4
      vertex 33.4979 -20.9318 0
    endloop
  endfacet
  facet normal -0.51504 0.857166 0
    outer loop
      vertex -19.75 34.208 0
      vertex -20.9318 33.4979 4
      vertex -19.75 34.208 4
    endloop
  endfacet
  facet normal -0.51504 0.857166 0
    outer loop
      vertex -20.9318 33.4979 4
      vertex -19.75 34.208 0
      vertex -20.9318 33.4979 0
    endloop
  endfacet
  facet normal 0.454047 0.890977 -0
    outer loop
      vertex 18.5441 34.8764 0
      vertex 17.3157 35.5024 4
      vertex 18.5441 34.8764 4
    endloop
  endfacet
  facet normal 0.454047 0.890977 0
    outer loop
      vertex 17.3157 35.5024 4
      vertex 18.5441 34.8764 0
      vertex 17.3157 35.5024 0
    endloop
  endfacet
  facet normal 0.731337 -0.682016 0
    outer loop
      vertex 28.4139 -27.439 4
      vertex 29.3542 -26.4307 0
      vertex 29.3542 -26.4307 4
    endloop
  endfacet
  facet normal 0.731337 -0.682016 0
    outer loop
      vertex 29.3542 -26.4307 0
      vertex 28.4139 -27.439 4
      vertex 28.4139 -27.439 0
    endloop
  endfacet
  facet normal -0.819157 0.573569 0
    outer loop
      vertex -32.747 22.0881 0
      vertex -31.9562 23.2175 4
      vertex -31.9562 23.2175 0
    endloop
  endfacet
  facet normal -0.819157 0.573569 0
    outer loop
      vertex -31.9562 23.2175 4
      vertex -32.747 22.0881 0
      vertex -32.747 22.0881 4
    endloop
  endfacet
  facet normal -0.629284 0.777176 0
    outer loop
      vertex -24.3186 31.1264 0
      vertex -25.3901 30.2588 4
      vertex -24.3186 31.1264 4
    endloop
  endfacet
  facet normal -0.629284 0.777176 0
    outer loop
      vertex -25.3901 30.2588 4
      vertex -24.3186 31.1264 0
      vertex -25.3901 30.2588 0
    endloop
  endfacet
  facet normal 0.819157 0.573569 0
    outer loop
      vertex 32.747 22.0881 4
      vertex 31.9562 23.2175 0
      vertex 31.9562 23.2175 4
    endloop
  endfacet
  facet normal 0.819157 0.573569 0
    outer loop
      vertex 31.9562 23.2175 0
      vertex 32.747 22.0881 4
      vertex 32.747 22.0881 0
    endloop
  endfacet
  facet normal 0.629284 0.777176 -0
    outer loop
      vertex 25.3901 30.2588 0
      vertex 24.3186 31.1264 4
      vertex 25.3901 30.2588 4
    endloop
  endfacet
  facet normal 0.629284 0.777176 0
    outer loop
      vertex 24.3186 31.1264 4
      vertex 25.3901 30.2588 0
      vertex 24.3186 31.1264 0
    endloop
  endfacet
  facet normal 0.974378 0.224918 0
    outer loop
      vertex 38.6368 8.21251 4
      vertex 38.3267 9.55591 0
      vertex 38.3267 9.55591 4
    endloop
  endfacet
  facet normal 0.974378 0.224918 0
    outer loop
      vertex 38.3267 9.55591 0
      vertex 38.6368 8.21251 4
      vertex 38.6368 8.21251 0
    endloop
  endfacet
  facet normal 0.956306 -0.292368 0
    outer loop
      vertex 37.5667 -12.2062 4
      vertex 37.9698 -10.8877 0
      vertex 37.9698 -10.8877 4
    endloop
  endfacet
  facet normal 0.956306 -0.292368 0
    outer loop
      vertex 37.9698 -10.8877 0
      vertex 37.5667 -12.2062 4
      vertex 37.5667 -12.2062 0
    endloop
  endfacet
  facet normal -0.838674 -0.544634 0
    outer loop
      vertex -32.747 -22.0881 0
      vertex -33.4979 -20.9318 4
      vertex -33.4979 -20.9318 0
    endloop
  endfacet
  facet normal -0.838674 -0.544634 0
    outer loop
      vertex -33.4979 -20.9318 4
      vertex -32.747 -22.0881 0
      vertex -32.747 -22.0881 4
    endloop
  endfacet
  facet normal 0.933583 -0.358362 0
    outer loop
      vertex 36.6238 -14.797 4
      vertex 37.1179 -13.5098 0
      vertex 37.1179 -13.5098 4
    endloop
  endfacet
  facet normal 0.933583 -0.358362 0
    outer loop
      vertex 37.1179 -13.5098 0
      vertex 36.6238 -14.797 4
      vertex 36.6238 -14.797 0
    endloop
  endfacet
  facet normal 0.838674 0.544634 0
    outer loop
      vertex 33.4979 20.9318 4
      vertex 32.747 22.0881 0
      vertex 32.747 22.0881 4
    endloop
  endfacet
  facet normal 0.838674 0.544634 0
    outer loop
      vertex 32.747 22.0881 0
      vertex 33.4979 20.9318 4
      vertex 33.4979 20.9318 0
    endloop
  endfacet
  facet normal -0.707107 0.707107 0
    outer loop
      vertex -28.4139 27.439 0
      vertex -27.439 28.4139 4
      vertex -27.439 28.4139 0
    endloop
  endfacet
  facet normal -0.707107 0.707107 0
    outer loop
      vertex -27.439 28.4139 4
      vertex -28.4139 27.439 0
      vertex -28.4139 27.439 4
    endloop
  endfacet
  facet normal 0.42256 -0.906335 0
    outer loop
      vertex 16.0661 -36.085 0
      vertex 17.3157 -35.5024 4
      vertex 16.0661 -36.085 4
    endloop
  endfacet
  facet normal 0.42256 -0.906335 0
    outer loop
      vertex 17.3157 -35.5024 4
      vertex 16.0661 -36.085 0
      vertex 17.3157 -35.5024 0
    endloop
  endfacet
  facet normal -0.731337 0.682016 0
    outer loop
      vertex -29.3542 26.4307 0
      vertex -28.4139 27.439 4
      vertex -28.4139 27.439 0
    endloop
  endfacet
  facet normal -0.731337 0.682016 0
    outer loop
      vertex -28.4139 27.439 4
      vertex -29.3542 26.4307 0
      vertex -29.3542 26.4307 4
    endloop
  endfacet
  facet normal 0.156447 -0.987686 0
    outer loop
      vertex 5.49734 -39.1156 0
      vertex 6.8591 -38.8999 4
      vertex 5.49734 -39.1156 4
    endloop
  endfacet
  facet normal 0.156447 -0.987686 0
    outer loop
      vertex 6.8591 -38.8999 4
      vertex 5.49734 -39.1156 0
      vertex 6.8591 -38.8999 0
    endloop
  endfacet
  facet normal 0.998632 -0.0522943 0
    outer loop
      vertex 39.4038 -2.75538 4
      vertex 39.4759 -1.37853 0
      vertex 39.4759 -1.37853 4
    endloop
  endfacet
  facet normal 0.998632 -0.0522943 0
    outer loop
      vertex 39.4759 -1.37853 0
      vertex 39.4038 -2.75538 4
      vertex 39.4038 -2.75538 0
    endloop
  endfacet
  facet normal -0.987686 -0.156447 0
    outer loop
      vertex -38.8999 -6.8591 0
      vertex -39.1156 -5.49734 4
      vertex -39.1156 -5.49734 0
    endloop
  endfacet
  facet normal -0.987686 -0.156447 0
    outer loop
      vertex -39.1156 -5.49734 4
      vertex -38.8999 -6.8591 0
      vertex -38.8999 -6.8591 4
    endloop
  endfacet
  facet normal 0.965917 -0.258851 0
    outer loop
      vertex 37.9698 -10.8877 4
      vertex 38.3267 -9.55591 0
      vertex 38.3267 -9.55591 4
    endloop
  endfacet
  facet normal 0.965917 -0.258851 0
    outer loop
      vertex 38.3267 -9.55591 0
      vertex 37.9698 -10.8877 4
      vertex 37.9698 -10.8877 0
    endloop
  endfacet
  facet normal 0.190862 0.981617 -0
    outer loop
      vertex 8.21251 38.6368 0
      vertex 7.41379 38.7921 4
      vertex 8.21251 38.6368 4
    endloop
  endfacet
  facet normal 0.190862 0.981617 0
    outer loop
      vertex 7.41379 38.7921 4
      vertex 8.21251 38.6368 0
      vertex 7.41379 38.7921 0
    endloop
  endfacet
  facet normal 0.890977 0.454047 0
    outer loop
      vertex 35.5024 17.3157 4
      vertex 34.8764 18.5441 0
      vertex 34.8764 18.5441 4
    endloop
  endfacet
  facet normal 0.890977 0.454047 0
    outer loop
      vertex 34.8764 18.5441 0
      vertex 35.5024 17.3157 4
      vertex 35.5024 17.3157 0
    endloop
  endfacet
  facet normal 0.0871993 -0.996191 0
    outer loop
      vertex 3.4 -39.3474 0
      vertex 4.12887 -39.2836 4
      vertex 3.4 -39.3474 4
    endloop
  endfacet
  facet normal 0.0871993 -0.996191 0
    outer loop
      vertex 4.12887 -39.2836 4
      vertex 3.4 -39.3474 0
      vertex 4.12887 -39.2836 0
    endloop
  endfacet
  facet normal 0.996192 -0.0871811 0
    outer loop
      vertex 39.2836 -4.12887 4
      vertex 39.4038 -2.75538 0
      vertex 39.4038 -2.75538 4
    endloop
  endfacet
  facet normal 0.996192 -0.0871811 0
    outer loop
      vertex 39.4038 -2.75538 0
      vertex 39.2836 -4.12887 4
      vertex 39.2836 -4.12887 0
    endloop
  endfacet
  facet normal 0.992549 0.12185 0
    outer loop
      vertex 39.2836 4.12887 4
      vertex 39.1156 5.49734 0
      vertex 39.1156 5.49734 4
    endloop
  endfacet
  facet normal 0.992549 0.12185 0
    outer loop
      vertex 39.1156 5.49734 0
      vertex 39.2836 4.12887 4
      vertex 39.2836 4.12887 0
    endloop
  endfacet
  facet normal -0.731337 -0.682016 0
    outer loop
      vertex -28.4139 -27.439 0
      vertex -29.3542 -26.4307 4
      vertex -29.3542 -26.4307 0
    endloop
  endfacet
  facet normal -0.731337 -0.682016 0
    outer loop
      vertex -29.3542 -26.4307 4
      vertex -28.4139 -27.439 0
      vertex -28.4139 -27.439 4
    endloop
  endfacet
  facet normal 0.358362 -0.933583 0
    outer loop
      vertex 13.5098 -37.1179 0
      vertex 14.797 -36.6238 4
      vertex 13.5098 -37.1179 4
    endloop
  endfacet
  facet normal 0.358362 -0.933583 0
    outer loop
      vertex 14.797 -36.6238 4
      vertex 13.5098 -37.1179 0
      vertex 14.797 -36.6238 0
    endloop
  endfacet
  facet normal 0.987686 -0.156447 0
    outer loop
      vertex 38.8999 -6.8591 4
      vertex 39.1156 -5.49734 0
      vertex 39.1156 -5.49734 4
    endloop
  endfacet
  facet normal 0.987686 -0.156447 0
    outer loop
      vertex 39.1156 -5.49734 0
      vertex 38.8999 -6.8591 4
      vertex 38.8999 -6.8591 0
    endloop
  endfacet
  facet normal 0.874632 0.484787 0
    outer loop
      vertex 34.8764 18.5441 4
      vertex 34.208 19.75 0
      vertex 34.208 19.75 4
    endloop
  endfacet
  facet normal 0.874632 0.484787 0
    outer loop
      vertex 34.208 19.75 0
      vertex 34.8764 18.5441 4
      vertex 34.8764 18.5441 0
    endloop
  endfacet
  facet normal 0.996192 0.0871811 0
    outer loop
      vertex 39.4038 2.75538 4
      vertex 39.2836 4.12887 0
      vertex 39.2836 4.12887 4
    endloop
  endfacet
  facet normal 0.996192 0.0871811 0
    outer loop
      vertex 39.2836 4.12887 0
      vertex 39.4038 2.75538 4
      vertex 39.4038 2.75538 0
    endloop
  endfacet
  facet normal -0.998632 -0.0522943 0
    outer loop
      vertex -39.4038 -2.75538 0
      vertex -39.4759 -1.37853 4
      vertex -39.4759 -1.37853 0
    endloop
  endfacet
  facet normal -0.998632 -0.0522943 0
    outer loop
      vertex -39.4759 -1.37853 4
      vertex -39.4038 -2.75538 0
      vertex -39.4038 -2.75538 4
    endloop
  endfacet
  facet normal -0.12185 -0.992549 0
    outer loop
      vertex -5.49734 -39.1156 0
      vertex -4.12887 -39.2836 4
      vertex -5.49734 -39.1156 4
    endloop
  endfacet
  facet normal -0.12185 -0.992549 -0
    outer loop
      vertex -4.12887 -39.2836 4
      vertex -5.49734 -39.1156 0
      vertex -4.12887 -39.2836 0
    endloop
  endfacet
  facet normal 0.965917 0.258851 0
    outer loop
      vertex 38.3267 9.55591 4
      vertex 37.9698 10.8877 0
      vertex 37.9698 10.8877 4
    endloop
  endfacet
  facet normal 0.965917 0.258851 0
    outer loop
      vertex 37.9698 10.8877 0
      vertex 38.3267 9.55591 4
      vertex 38.3267 9.55591 0
    endloop
  endfacet
  facet normal -0.358362 -0.933583 0
    outer loop
      vertex -14.797 -36.6238 0
      vertex -13.5098 -37.1179 4
      vertex -14.797 -36.6238 4
    endloop
  endfacet
  facet normal -0.358362 -0.933583 -0
    outer loop
      vertex -13.5098 -37.1179 4
      vertex -14.797 -36.6238 0
      vertex -13.5098 -37.1179 0
    endloop
  endfacet
  facet normal 0 0 -1
    outer loop
      vertex -4.12887 -39.2836 0
      vertex -3.4 -37 0
      vertex -3.4 -39.3474 0
    endloop
  endfacet
  facet normal 0 0 -1
    outer loop
      vertex -5.49734 -39.1156 0
      vertex -3.4 -37 0
      vertex -4.12887 -39.2836 0
    endloop
  endfacet
  facet normal 0 0 -1
    outer loop
      vertex -3.4 -37 0
      vertex -5.10765 -36.3428 0
      vertex -3.83619 -36.499 0
    endloop
  endfacet
  facet normal -0 0 -1
    outer loop
      vertex -3.4 -37 0
      vertex -5.49734 -39.1156 0
      vertex -5.10765 -36.3428 0
    endloop
  endfacet
  facet normal 0 0 -1
    outer loop
      vertex -5.49734 -39.1156 0
      vertex -6.37289 -36.1424 0
      vertex -5.10765 -36.3428 0
    endloop
  endfacet
  facet normal 0 0 -1
    outer loop
      vertex -6.8591 -38.8999 0
      vertex -6.37289 -36.1424 0
      vertex -5.49734 -39.1156 0
    endloop
  endfacet
  facet normal 0 0 -1
    outer loop
      vertex -6.8591 -38.8999 0
      vertex -7.63036 -35.898 0
      vertex -6.37289 -36.1424 0
    endloop
  endfacet
  facet normal 0 0 -1
    outer loop
      vertex -8.21251 -38.6368 0
      vertex -7.63036 -35.898 0
      vertex -6.8591 -38.8999 0
    endloop
  endfacet
  facet normal 0 0 -1
    outer loop
      vertex -8.21251 -38.6368 0
      vertex -8.87853 -35.6099 0
      vertex -7.63036 -35.898 0
    endloop
  endfacet
  facet normal 0 0 -1
    outer loop
      vertex -9.55591 -38.3267 0
      vertex -8.87853 -35.6099 0
      vertex -8.21251 -38.6368 0
    endloop
  endfacet
  facet normal 0 0 -1
    outer loop
      vertex -9.55591 -38.3267 0
      vertex -10.1159 -35.2783 0
      vertex -8.87853 -35.6099 0
    endloop
  endfacet
  facet normal 0 0 -1
    outer loop
      vertex -10.8877 -37.9698 0
      vertex -10.1159 -35.2783 0
      vertex -9.55591 -38.3267 0
    endloop
  endfacet
  facet normal 0 0 -1
    outer loop
      vertex -10.8877 -37.9698 0
      vertex -11.3409 -34.9038 0
      vertex -10.1159 -35.2783 0
    endloop
  endfacet
  facet normal 0 0 -1
    outer loop
      vertex -12.2062 -37.5667 0
      vertex -11.3409 -34.9038 0
      vertex -10.8877 -37.9698 0
    endloop
  endfacet
  facet normal 0 0 -1
    outer loop
      vertex -12.2062 -37.5667 0
      vertex -12.5521 -34.4867 0
      vertex -11.3409 -34.9038 0
    endloop
  endfacet
  facet normal 0 0 -1
    outer loop
      vertex -13.5098 -37.1179 0
      vertex -12.5521 -34.4867 0
      vertex -12.2062 -37.5667 0
    endloop
  endfacet
  facet normal 0 0 -1
    outer loop
      vertex -13.5098 -37.1179 0
      vertex -13.7481 -34.0276 0
      vertex -12.5521 -34.4867 0
    endloop
  endfacet
  facet normal 0 0 -1
    outer loop
      vertex -14.797 -36.6238 0
      vertex -13.7481 -34.0276 0
      vertex -13.5098 -37.1179 0
    endloop
  endfacet
  facet normal 0 0 -1
    outer loop
      vertex -14.797 -36.6238 0
      vertex -14.9272 -33.5271 0
      vertex -13.7481 -34.0276 0
    endloop
  endfacet
  facet normal 0 0 -1
    outer loop
      vertex -16.0661 -36.085 0
      vertex -14.9272 -33.5271 0
      vertex -14.797 -36.6238 0
    endloop
  endfacet
  facet normal 0 0 -1
    outer loop
      vertex -16.0661 -36.085 0
      vertex -16.0882 -32.9857 0
      vertex -14.9272 -33.5271 0
    endloop
  endfacet
  facet normal 0 0 -1
    outer loop
      vertex -17.3157 -35.5024 0
      vertex -16.0882 -32.9857 0
      vertex -16.0661 -36.085 0
    endloop
  endfacet
  facet normal -0 0 -1
    outer loop
      vertex -16.0882 -32.9857 0
      vertex -17.3157 -35.5024 0
      vertex -17.2296 -32.4042 0
    endloop
  endfacet
  facet normal 0 0 -1
    outer loop
      vertex -18.5441 -34.8764 0
      vertex -17.2296 -32.4042 0
      vertex -17.3157 -35.5024 0
    endloop
  endfacet
  facet normal -0 0 -1
    outer loop
      vertex -17.2296 -32.4042 0
      vertex -18.5441 -34.8764 0
      vertex -18.35 -31.7831 0
    endloop
  endfacet
  facet normal 0 0 -1
    outer loop
      vertex -19.75 -34.208 0
      vertex -18.35 -31.7831 0
      vertex -18.5441 -34.8764 0
    endloop
  endfacet
  facet normal -0 0 -1
    outer loop
      vertex -18.35 -31.7831 0
      vertex -19.75 -34.208 0
      vertex -19.448 -31.1234 0
    endloop
  endfacet
  facet normal 0 0 -1
    outer loop
      vertex -20.9318 -33.4979 0
      vertex -19.448 -31.1234 0
      vertex -19.75 -34.208 0
    endloop
  endfacet
  facet normal -0 0 -1
    outer loop
      vertex -19.448 -31.1234 0
      vertex -20.9318 -33.4979 0
      vertex -20.5224 -30.4257 0
    endloop
  endfacet
  facet normal 0 0 -1
    outer loop
      vertex -22.0881 -32.747 0
      vertex -20.5224 -30.4257 0
      vertex -20.9318 -33.4979 0
    endloop
  endfacet
  facet normal -0 0 -1
    outer loop
      vertex -20.5224 -30.4257 0
      vertex -22.0881 -32.747 0
      vertex -21.5717 -29.6909 0
    endloop
  endfacet
  facet normal 0 0 -1
    outer loop
      vertex -23.2175 -31.9562 0
      vertex -21.5717 -29.6909 0
      vertex -22.0881 -32.747 0
    endloop
  endfacet
  facet normal -0 0 -1
    outer loop
      vertex -21.5717 -29.6909 0
      vertex -23.2175 -31.9562 0
      vertex -22.5948 -28.92 0
    endloop
  endfacet
  facet normal 0 0 -1
    outer loop
      vertex -24.3186 -31.1264 0
      vertex -22.5948 -28.92 0
      vertex -23.2175 -31.9562 0
    endloop
  endfacet
  facet normal -0 0 -1
    outer loop
      vertex -22.5948 -28.92 0
      vertex -24.3186 -31.1264 0
      vertex -23.5903 -28.1138 0
    endloop
  endfacet
  facet normal 0 0 -1
    outer loop
      vertex -25.3901 -30.2588 0
      vertex -23.5903 -28.1138 0
      vertex -24.3186 -31.1264 0
    endloop
  endfacet
  facet normal -0 0 -1
    outer loop
      vertex -23.5903 -28.1138 0
      vertex -25.3901 -30.2588 0
      vertex -24.5571 -27.2734 0
    endloop
  endfacet
  facet normal 0 0 -1
    outer loop
      vertex -26.4307 -29.3542 0
      vertex -24.5571 -27.2734 0
      vertex -25.3901 -30.2588 0
    endloop
  endfacet
  facet normal -0 0 -1
    outer loop
      vertex -24.5571 -27.2734 0
      vertex -26.4307 -29.3542 0
      vertex -25.494 -26.3998 0
    endloop
  endfacet
  facet normal 0 0 -1
    outer loop
      vertex -27.439 -28.4139 0
      vertex -25.494 -26.3998 0
      vertex -26.4307 -29.3542 0
    endloop
  endfacet
  facet normal -0 0 -1
    outer loop
      vertex -25.494 -26.3998 0
      vertex -27.439 -28.4139 0
      vertex -26.3998 -25.494 0
    endloop
  endfacet
  facet normal 0 0 -1
    outer loop
      vertex -28.4139 -27.439 0
      vertex -26.3998 -25.494 0
      vertex -27.439 -28.4139 0
    endloop
  endfacet
  facet normal -0 0 -1
    outer loop
      vertex -26.3998 -25.494 0
      vertex -28.4139 -27.439 0
      vertex -27.2734 -24.5571 0
    endloop
  endfacet
  facet normal 0 0 -1
    outer loop
      vertex -29.3542 -26.4307 0
      vertex -27.2734 -24.5571 0
      vertex -28.4139 -27.439 0
    endloop
  endfacet
  facet normal -0 0 -1
    outer loop
      vertex -27.2734 -24.5571 0
      vertex -29.3542 -26.4307 0
      vertex -28.1138 -23.5903 0
    endloop
  endfacet
  facet normal 0 0 -1
    outer loop
      vertex -30.2588 -25.3901 0
      vertex -28.1138 -23.5903 0
      vertex -29.3542 -26.4307 0
    endloop
  endfacet
  facet normal -0 0 -1
    outer loop
      vertex -28.1138 -23.5903 0
      vertex -30.2588 -25.3901 0
      vertex -28.92 -22.5948 0
    endloop
  endfacet
  facet normal 0 0 -1
    outer loop
      vertex -31.1264 -24.3186 0
      vertex -28.92 -22.5948 0
      vertex -30.2588 -25.3901 0
    endloop
  endfacet
  facet normal -0 0 -1
    outer loop
      vertex -28.92 -22.5948 0
      vertex -31.1264 -24.3186 0
      vertex -29.6909 -21.5717 0
    endloop
  endfacet
  facet normal 0 0 -1
    outer loop
      vertex -31.9562 -23.2175 0
      vertex -29.6909 -21.5717 0
      vertex -31.1264 -24.3186 0
    endloop
  endfacet
  facet normal -0 0 -1
    outer loop
      vertex -29.6909 -21.5717 0
      vertex -31.9562 -23.2175 0
      vertex -30.4257 -20.5224 0
    endloop
  endfacet
  facet normal 0 0 -1
    outer loop
      vertex -32.747 -22.0881 0
      vertex -30.4257 -20.5224 0
      vertex -31.9562 -23.2175 0
    endloop
  endfacet
  facet normal -0 0 -1
    outer loop
      vertex -30.4257 -20.5224 0
      vertex -32.747 -22.0881 0
      vertex -31.1234 -19.448 0
    endloop
  endfacet
  facet normal 0 0 -1
    outer loop
      vertex -33.4979 -20.9318 0
      vertex -31.1234 -19.448 0
      vertex -32.747 -22.0881 0
    endloop
  endfacet
  facet normal -0 0 -1
    outer loop
      vertex -31.1234 -19.448 0
      vertex -33.4979 -20.9318 0
      vertex -31.7831 -18.35 0
    endloop
  endfacet
  facet normal 0 0 -1
    outer loop
      vertex -34.208 -19.75 0
      vertex -31.7831 -18.35 0
      vertex -33.4979 -20.9318 0
    endloop
  endfacet
  facet normal -0 0 -1
    outer loop
      vertex -31.7831 -18.35 0
      vertex -34.208 -19.75 0
      vertex -32.4042 -17.2296 0
    endloop
  endfacet
  facet normal 0 0 -1
    outer loop
      vertex -34.8764 -18.5441 0
      vertex -32.4042 -17.2296 0
      vertex -34.208 -19.75 0
    endloop
  endfacet
  facet normal -0 0 -1
    outer loop
      vertex -32.4042 -17.2296 0
      vertex -34.8764 -18.5441 0
      vertex -32.9857 -16.0882 0
    endloop
  endfacet
  facet normal 0 0 -1
    outer loop
      vertex -35.5024 -17.3157 0
      vertex -32.9857 -16.0882 0
      vertex -34.8764 -18.5441 0
    endloop
  endfacet
  facet normal -0 0 -1
    outer loop
      vertex -32.9857 -16.0882 0
      vertex -35.5024 -17.3157 0
      vertex -33.5271 -14.9272 0
    endloop
  endfacet
  facet normal 0 0 -1
    outer loop
      vertex -36.085 -16.0661 0
      vertex -33.5271 -14.9272 0
      vertex -35.5024 -17.3157 0
    endloop
  endfacet
  facet normal -0 0 -1
    outer loop
      vertex -33.5271 -14.9272 0
      vertex -36.085 -16.0661 0
      vertex -34.0276 -13.7481 0
    endloop
  endfacet
  facet normal 0 0 -1
    outer loop
      vertex -36.6238 -14.797 0
      vertex -34.0276 -13.7481 0
      vertex -36.085 -16.0661 0
    endloop
  endfacet
  facet normal -0 0 -1
    outer loop
      vertex -34.0276 -13.7481 0
      vertex -36.6238 -14.797 0
      vertex -34.4867 -12.5521 0
    endloop
  endfacet
  facet normal 0 0 -1
    outer loop
      vertex -37.1179 -13.5098 0
      vertex -34.4867 -12.5521 0
      vertex -36.6238 -14.797 0
    endloop
  endfacet
  facet normal -0 0 -1
    outer loop
      vertex -34.4867 -12.5521 0
      vertex -37.1179 -13.5098 0
      vertex -34.9038 -11.3409 0
    endloop
  endfacet
  facet normal 0 0 -1
    outer loop
      vertex -37.5667 -12.2062 0
      vertex -34.9038 -11.3409 0
      vertex -37.1179 -13.5098 0
    endloop
  endfacet
  facet normal -0 0 -1
    outer loop
      vertex -34.9038 -11.3409 0
      vertex -37.5667 -12.2062 0
      vertex -35.2783 -10.1159 0
    endloop
  endfacet
  facet normal 0 0 -1
    outer loop
      vertex -37.9698 -10.8877 0
      vertex -35.2783 -10.1159 0
      vertex -37.5667 -12.2062 0
    endloop
  endfacet
  facet normal -0 0 -1
    outer loop
      vertex -35.2783 -10.1159 0
      vertex -37.9698 -10.8877 0
      vertex -35.6099 -8.87853 0
    endloop
  endfacet
  facet normal 0 0 -1
    outer loop
      vertex -38.3267 -9.55591 0
      vertex -35.6099 -8.87853 0
      vertex -37.9698 -10.8877 0
    endloop
  endfacet
  facet normal -0 0 -1
    outer loop
      vertex -35.6099 -8.87853 0
      vertex -38.3267 -9.55591 0
      vertex -35.898 -7.63036 0
    endloop
  endfacet
  facet normal 0 0 -1
    outer loop
      vertex -38.6368 -8.21251 0
      vertex -35.898 -7.63036 0
      vertex -38.3267 -9.55591 0
    endloop
  endfacet
  facet normal -0 0 -1
    outer loop
      vertex -35.898 -7.63036 0
      vertex -38.6368 -8.21251 0
      vertex -36.1424 -6.37289 0
    endloop
  endfacet
  facet normal 0 0 -1
    outer loop
      vertex -38.8999 -6.8591 0
      vertex -36.1424 -6.37289 0
      vertex -38.6368 -8.21251 0
    endloop
  endfacet
  facet normal 0 0 -1
    outer loop
      vertex 36.7 0 0
      vertex 39.5 0 0
      vertex 39.4759 -1.37853 0
    endloop
  endfacet
  facet normal 0 0 -1
    outer loop
      vertex 36.6776 -1.28081 0
      vertex 39.4759 -1.37853 0
      vertex 39.4038 -2.75538 0
    endloop
  endfacet
  facet normal 0 0 -1
    outer loop
      vertex 39.5 0 0
      vertex 36.7 0 0
      vertex 39.4759 1.37853 0
    endloop
  endfacet
  facet normal 0 0 -1
    outer loop
      vertex 36.6106 -2.56006 0
      vertex 39.4038 -2.75538 0
      vertex 39.2836 -4.12887 0
    endloop
  endfacet
  facet normal 0 0 -1
    outer loop
      vertex 36.6776 1.28081 0
      vertex 39.4759 1.37853 0
      vertex 36.7 0 0
    endloop
  endfacet
  facet normal 0 0 -1
    outer loop
      vertex 36.499 -3.83619 0
      vertex 39.2836 -4.12887 0
      vertex 39.1156 -5.49734 0
    endloop
  endfacet
  facet normal -0 0 -1
    outer loop
      vertex 39.4759 1.37853 0
      vertex 36.6776 1.28081 0
      vertex 39.4038 2.75538 0
    endloop
  endfacet
  facet normal 0 0 -1
    outer loop
      vertex 36.3428 -5.10765 0
      vertex 39.1156 -5.49734 0
      vertex 38.8999 -6.8591 0
    endloop
  endfacet
  facet normal 0 0 -1
    outer loop
      vertex 36.6106 2.56006 0
      vertex 39.4038 2.75538 0
      vertex 36.6776 1.28081 0
    endloop
  endfacet
  facet normal 0 0 -1
    outer loop
      vertex 36.1424 -6.37289 0
      vertex 38.8999 -6.8591 0
      vertex 38.6368 -8.21251 0
    endloop
  endfacet
  facet normal -0 0 -1
    outer loop
      vertex 39.4038 2.75538 0
      vertex 36.6106 2.56006 0
      vertex 39.2836 4.12887 0
    endloop
  endfacet
  facet normal 0 0 -1
    outer loop
      vertex 35.898 -7.63036 0
      vertex 38.6368 -8.21251 0
      vertex 38.3267 -9.55591 0
    endloop
  endfacet
  facet normal 0 0 -1
    outer loop
      vertex 36.499 3.83619 0
      vertex 39.2836 4.12887 0
      vertex 36.6106 2.56006 0
    endloop
  endfacet
  facet normal 0 0 -1
    outer loop
      vertex 35.6099 -8.87853 0
      vertex 38.3267 -9.55591 0
      vertex 37.9698 -10.8877 0
    endloop
  endfacet
  facet normal -0 0 -1
    outer loop
      vertex 39.2836 4.12887 0
      vertex 36.499 3.83619 0
      vertex 39.1156 5.49734 0
    endloop
  endfacet
  facet normal 0 0 -1
    outer loop
      vertex 35.2783 -10.1159 0
      vertex 37.9698 -10.8877 0
      vertex 37.5667 -12.2062 0
    endloop
  endfacet
  facet normal 0 0 -1
    outer loop
      vertex 36.3428 5.10765 0
      vertex 39.1156 5.49734 0
      vertex 36.499 3.83619 0
    endloop
  endfacet
  facet normal 0 0 -1
    outer loop
      vertex 34.9038 -11.3409 0
      vertex 37.5667 -12.2062 0
      vertex 37.1179 -13.5098 0
    endloop
  endfacet
  facet normal -0 0 -1
    outer loop
      vertex 39.1156 5.49734 0
      vertex 36.3428 5.10765 0
      vertex 38.8999 6.8591 0
    endloop
  endfacet
  facet normal 0 0 -1
    outer loop
      vertex 36.1424 6.37289 0
      vertex 38.8999 6.8591 0
      vertex 36.3428 5.10765 0
    endloop
  endfacet
  facet normal 0 0 -1
    outer loop
      vertex 39.4759 -1.37853 0
      vertex 36.6776 -1.28081 0
      vertex 36.7 0 0
    endloop
  endfacet
  facet normal 0 0 -1
    outer loop
      vertex 34.4867 -12.5521 0
      vertex 37.1179 -13.5098 0
      vertex 36.6238 -14.797 0
    endloop
  endfacet
  facet normal 0 0 -1
    outer loop
      vertex 39.4038 -2.75538 0
      vertex 36.6106 -2.56006 0
      vertex 36.6776 -1.28081 0
    endloop
  endfacet
  facet normal 0 0 -1
    outer loop
      vertex 39.2836 -4.12887 0
      vertex 36.499 -3.83619 0
      vertex 36.6106 -2.56006 0
    endloop
  endfacet
  facet normal 0 0 -1
    outer loop
      vertex 39.1156 -5.49734 0
      vertex 36.3428 -5.10765 0
      vertex 36.499 -3.83619 0
    endloop
  endfacet
  facet normal 0 0 -1
    outer loop
      vertex 38.8999 -6.8591 0
      vertex 36.1424 -6.37289 0
      vertex 36.3428 -5.10765 0
    endloop
  endfacet
  facet normal 0 0 -1
    outer loop
      vertex 34.0276 -13.7481 0
      vertex 36.6238 -14.797 0
      vertex 36.085 -16.0661 0
    endloop
  endfacet
  facet normal 0 0 -1
    outer loop
      vertex 38.6368 -8.21251 0
      vertex 35.898 -7.63036 0
      vertex 36.1424 -6.37289 0
    endloop
  endfacet
  facet normal 0 0 -1
    outer loop
      vertex 38.3267 -9.55591 0
      vertex 35.6099 -8.87853 0
      vertex 35.898 -7.63036 0
    endloop
  endfacet
  facet normal 0 0 -1
    outer loop
      vertex 33.5271 -14.9272 0
      vertex 36.085 -16.0661 0
      vertex 35.5024 -17.3157 0
    endloop
  endfacet
  facet normal 0 0 -1
    outer loop
      vertex 37.9698 -10.8877 0
      vertex 35.2783 -10.1159 0
      vertex 35.6099 -8.87853 0
    endloop
  endfacet
  facet normal 0 0 -1
    outer loop
      vertex 37.5667 -12.2062 0
      vertex 34.9038 -11.3409 0
      vertex 35.2783 -10.1159 0
    endloop
  endfacet
  facet normal 0 0 -1
    outer loop
      vertex 32.9857 -16.0882 0
      vertex 35.5024 -17.3157 0
      vertex 34.8764 -18.5441 0
    endloop
  endfacet
  facet normal 0 0 -1
    outer loop
      vertex 37.1179 -13.5098 0
      vertex 34.4867 -12.5521 0
      vertex 34.9038 -11.3409 0
    endloop
  endfacet
  facet normal 0 0 -1
    outer loop
      vertex 32.4042 -17.2296 0
      vertex 34.8764 -18.5441 0
      vertex 34.208 -19.75 0
    endloop
  endfacet
  facet normal 0 0 -1
    outer loop
      vertex 36.6238 -14.797 0
      vertex 34.0276 -13.7481 0
      vertex 34.4867 -12.5521 0
    endloop
  endfacet
  facet normal 0 0 -1
    outer loop
      vertex 36.085 -16.0661 0
      vertex 33.5271 -14.9272 0
      vertex 34.0276 -13.7481 0
    endloop
  endfacet
  facet normal 0 0 -1
    outer loop
      vertex 31.7831 -18.35 0
      vertex 34.208 -19.75 0
      vertex 33.4979 -20.9318 0
    endloop
  endfacet
  facet normal 0 0 -1
    outer loop
      vertex 35.5024 -17.3157 0
      vertex 32.9857 -16.0882 0
      vertex 33.5271 -14.9272 0
    endloop
  endfacet
  facet normal 0 0 -1
    outer loop
      vertex 31.1234 -19.448 0
      vertex 33.4979 -20.9318 0
      vertex 32.747 -22.0881 0
    endloop
  endfacet
  facet normal 0 0 -1
    outer loop
      vertex 34.8764 -18.5441 0
      vertex 32.4042 -17.2296 0
      vertex 32.9857 -16.0882 0
    endloop
  endfacet
  facet normal 0 0 -1
    outer loop
      vertex 30.4257 -20.5224 0
      vertex 32.747 -22.0881 0
      vertex 31.9562 -23.2175 0
    endloop
  endfacet
  facet normal 0 0 -1
    outer loop
      vertex 34.208 -19.75 0
      vertex 31.7831 -18.35 0
      vertex 32.4042 -17.2296 0
    endloop
  endfacet
  facet normal 0 0 -1
    outer loop
      vertex 29.6909 -21.5717 0
      vertex 31.9562 -23.2175 0
      vertex 31.1264 -24.3186 0
    endloop
  endfacet
  facet normal 0 0 -1
    outer loop
      vertex 33.4979 -20.9318 0
      vertex 31.1234 -19.448 0
      vertex 31.7831 -18.35 0
    endloop
  endfacet
  facet normal 0 0 -1
    outer loop
      vertex 32.747 -22.0881 0
      vertex 30.4257 -20.5224 0
      vertex 31.1234 -19.448 0
    endloop
  endfacet
  facet normal 0 0 -1
    outer loop
      vertex 28.92 -22.5948 0
      vertex 31.1264 -24.3186 0
      vertex 30.2588 -25.3901 0
    endloop
  endfacet
  facet normal 0 0 -1
    outer loop
      vertex 31.9562 -23.2175 0
      vertex 29.6909 -21.5717 0
      vertex 30.4257 -20.5224 0
    endloop
  endfacet
  facet normal 0 0 -1
    outer loop
      vertex 28.1138 -23.5903 0
      vertex 30.2588 -25.3901 0
      vertex 29.3542 -26.4307 0
    endloop
  endfacet
  facet normal 0 0 -1
    outer loop
      vertex 31.1264 -24.3186 0
      vertex 28.92 -22.5948 0
      vertex 29.6909 -21.5717 0
    endloop
  endfacet
  facet normal 0 0 -1
    outer loop
      vertex 27.2734 -24.5571 0
      vertex 29.3542 -26.4307 0
      vertex 28.4139 -27.439 0
    endloop
  endfacet
  facet normal 0 0 -1
    outer loop
      vertex 30.2588 -25.3901 0
      vertex 28.1138 -23.5903 0
      vertex 28.92 -22.5948 0
    endloop
  endfacet
  facet normal 0 0 -1
    outer loop
      vertex 26.3998 -25.494 0
      vertex 28.4139 -27.439 0
      vertex 27.439 -28.4139 0
    endloop
  endfacet
  facet normal 0 0 -1
    outer loop
      vertex 29.3542 -26.4307 0
      vertex 27.2734 -24.5571 0
      vertex 28.1138 -23.5903 0
    endloop
  endfacet
  facet normal 0 0 -1
    outer loop
      vertex 25.494 -26.3998 0
      vertex 27.439 -28.4139 0
      vertex 26.4307 -29.3542 0
    endloop
  endfacet
  facet normal 0 0 -1
    outer loop
      vertex 28.4139 -27.439 0
      vertex 26.3998 -25.494 0
      vertex 27.2734 -24.5571 0
    endloop
  endfacet
  facet normal 0 0 -1
    outer loop
      vertex 27.439 -28.4139 0
      vertex 25.494 -26.3998 0
      vertex 26.3998 -25.494 0
    endloop
  endfacet
  facet normal 0 0 -1
    outer loop
      vertex 24.5571 -27.2734 0
      vertex 26.4307 -29.3542 0
      vertex 25.3901 -30.2588 0
    endloop
  endfacet
  facet normal 0 0 -1
    outer loop
      vertex 26.4307 -29.3542 0
      vertex 24.5571 -27.2734 0
      vertex 25.494 -26.3998 0
    endloop
  endfacet
  facet normal 0 0 -1
    outer loop
      vertex 23.5903 -28.1138 0
      vertex 25.3901 -30.2588 0
      vertex 24.3186 -31.1264 0
    endloop
  endfacet
  facet normal 0 0 -1
    outer loop
      vertex 25.3901 -30.2588 0
      vertex 23.5903 -28.1138 0
      vertex 24.5571 -27.2734 0
    endloop
  endfacet
  facet normal 0 0 -1
    outer loop
      vertex 22.5948 -28.92 0
      vertex 24.3186 -31.1264 0
      vertex 23.2175 -31.9562 0
    endloop
  endfacet
  facet normal 0 0 -1
    outer loop
      vertex 24.3186 -31.1264 0
      vertex 22.5948 -28.92 0
      vertex 23.5903 -28.1138 0
    endloop
  endfacet
  facet normal 0 0 -1
    outer loop
      vertex 21.5717 -29.6909 0
      vertex 23.2175 -31.9562 0
      vertex 22.0881 -32.747 0
    endloop
  endfacet
  facet normal 0 0 -1
    outer loop
      vertex 23.2175 -31.9562 0
      vertex 21.5717 -29.6909 0
      vertex 22.5948 -28.92 0
    endloop
  endfacet
  facet normal 0 0 -1
    outer loop
      vertex 20.5224 -30.4257 0
      vertex 22.0881 -32.747 0
      vertex 20.9318 -33.4979 0
    endloop
  endfacet
  facet normal 0 0 -1
    outer loop
      vertex 22.0881 -32.747 0
      vertex 20.5224 -30.4257 0
      vertex 21.5717 -29.6909 0
    endloop
  endfacet
  facet normal 0 0 -1
    outer loop
      vertex 19.448 -31.1234 0
      vertex 20.9318 -33.4979 0
      vertex 19.75 -34.208 0
    endloop
  endfacet
  facet normal 0 0 -1
    outer loop
      vertex 20.9318 -33.4979 0
      vertex 19.448 -31.1234 0
      vertex 20.5224 -30.4257 0
    endloop
  endfacet
  facet normal 0 0 -1
    outer loop
      vertex 18.35 -31.7831 0
      vertex 19.75 -34.208 0
      vertex 18.5441 -34.8764 0
    endloop
  endfacet
  facet normal 0 0 -1
    outer loop
      vertex 19.75 -34.208 0
      vertex 18.35 -31.7831 0
      vertex 19.448 -31.1234 0
    endloop
  endfacet
  facet normal 0 0 -1
    outer loop
      vertex 17.2296 -32.4042 0
      vertex 18.5441 -34.8764 0
      vertex 17.3157 -35.5024 0
    endloop
  endfacet
  facet normal 0 0 -1
    outer loop
      vertex 18.5441 -34.8764 0
      vertex 17.2296 -32.4042 0
      vertex 18.35 -31.7831 0
    endloop
  endfacet
  facet normal 0 0 -1
    outer loop
      vertex 17.3157 -35.5024 0
      vertex 16.0882 -32.9857 0
      vertex 17.2296 -32.4042 0
    endloop
  endfacet
  facet normal 0 0 -1
    outer loop
      vertex 16.0661 -36.085 0
      vertex 16.0882 -32.9857 0
      vertex 17.3157 -35.5024 0
    endloop
  endfacet
  facet normal 0 0 -1
    outer loop
      vertex 16.0661 -36.085 0
      vertex 14.9272 -33.5271 0
      vertex 16.0882 -32.9857 0
    endloop
  endfacet
  facet normal 0 0 -1
    outer loop
      vertex 14.797 -36.6238 0
      vertex 14.9272 -33.5271 0
      vertex 16.0661 -36.085 0
    endloop
  endfacet
  facet normal 0 0 -1
    outer loop
      vertex 14.797 -36.6238 0
      vertex 13.7481 -34.0276 0
      vertex 14.9272 -33.5271 0
    endloop
  endfacet
  facet normal 0 0 -1
    outer loop
      vertex 13.5098 -37.1179 0
      vertex 13.7481 -34.0276 0
      vertex 14.797 -36.6238 0
    endloop
  endfacet
  facet normal 0 0 -1
    outer loop
      vertex 13.5098 -37.1179 0
      vertex 12.5521 -34.4867 0
      vertex 13.7481 -34.0276 0
    endloop
  endfacet
  facet normal 0 0 -1
    outer loop
      vertex 12.2062 -37.5667 0
      vertex 12.5521 -34.4867 0
      vertex 13.5098 -37.1179 0
    endloop
  endfacet
  facet normal 0 0 -1
    outer loop
      vertex 12.2062 -37.5667 0
      vertex 11.3409 -34.9038 0
      vertex 12.5521 -34.4867 0
    endloop
  endfacet
  facet normal 0 0 -1
    outer loop
      vertex 10.8877 -37.9698 0
      vertex 11.3409 -34.9038 0
      vertex 12.2062 -37.5667 0
    endloop
  endfacet
  facet normal 0 0 -1
    outer loop
      vertex 10.8877 -37.9698 0
      vertex 10.1159 -35.2783 0
      vertex 11.3409 -34.9038 0
    endloop
  endfacet
  facet normal 0 0 -1
    outer loop
      vertex 9.55591 -38.3267 0
      vertex 10.1159 -35.2783 0
      vertex 10.8877 -37.9698 0
    endloop
  endfacet
  facet normal 0 0 -1
    outer loop
      vertex 9.55591 -38.3267 0
      vertex 8.87853 -35.6099 0
      vertex 10.1159 -35.2783 0
    endloop
  endfacet
  facet normal 0 0 -1
    outer loop
      vertex 8.21251 -38.6368 0
      vertex 8.87853 -35.6099 0
      vertex 9.55591 -38.3267 0
    endloop
  endfacet
  facet normal 0 0 -1
    outer loop
      vertex 8.21251 -38.6368 0
      vertex 7.63036 -35.898 0
      vertex 8.87853 -35.6099 0
    endloop
  endfacet
  facet normal 0 0 -1
    outer loop
      vertex 6.8591 -38.8999 0
      vertex 7.63036 -35.898 0
      vertex 8.21251 -38.6368 0
    endloop
  endfacet
  facet normal 0 0 -1
    outer loop
      vertex 6.8591 -38.8999 0
      vertex 6.37289 -36.1424 0
      vertex 7.63036 -35.898 0
    endloop
  endfacet
  facet normal 0 0 -1
    outer loop
      vertex 5.49734 -39.1156 0
      vertex 6.37289 -36.1424 0
      vertex 6.8591 -38.8999 0
    endloop
  endfacet
  facet normal 0 0 -1
    outer loop
      vertex 5.49734 -39.1156 0
      vertex 5.10765 -36.3428 0
      vertex 6.37289 -36.1424 0
    endloop
  endfacet
  facet normal 0 0 -1
    outer loop
      vertex 3.4 -37 0
      vertex 5.49734 -39.1156 0
      vertex 4.12887 -39.2836 0
    endloop
  endfacet
  facet normal 0 0 -1
    outer loop
      vertex 5.49734 -39.1156 0
      vertex 3.4 -37 0
      vertex 5.10765 -36.3428 0
    endloop
  endfacet
  facet normal 0 0 -1
    outer loop
      vertex 3.4 -37 0
      vertex 4.12887 -39.2836 0
      vertex 3.4 -39.3474 0
    endloop
  endfacet
  facet normal 0 0 -1
    outer loop
      vertex 5.10765 -36.3428 0
      vertex 3.4 -37 0
      vertex 3.83619 -36.499 0
    endloop
  endfacet
  facet normal 0 0 -1
    outer loop
      vertex 3.4 -37 0
      vertex 2.56006 -36.6106 0
      vertex 3.83619 -36.499 0
    endloop
  endfacet
  facet normal 0 0 -1
    outer loop
      vertex 3.4 -37 0
      vertex 1.28081 -36.6776 0
      vertex 2.56006 -36.6106 0
    endloop
  endfacet
  facet normal 0 0 -1
    outer loop
      vertex 3.4 -37 0
      vertex 0 -36.7 0
      vertex 1.28081 -36.6776 0
    endloop
  endfacet
  facet normal 0 0 -1
    outer loop
      vertex -3.4 -37 0
      vertex 0 -36.7 0
      vertex 3.4 -37 0
    endloop
  endfacet
  facet normal -0 0 -1
    outer loop
      vertex 0 -36.7 0
      vertex -3.4 -37 0
      vertex -1.28081 -36.6776 0
    endloop
  endfacet
  facet normal -0 0 -1
    outer loop
      vertex -1.28081 -36.6776 0
      vertex -3.4 -37 0
      vertex -2.56006 -36.6106 0
    endloop
  endfacet
  facet normal -0 0 -1
    outer loop
      vertex -2.56006 -36.6106 0
      vertex -3.4 -37 0
      vertex -3.83619 -36.499 0
    endloop
  endfacet
  facet normal -0 0 -1
    outer loop
      vertex 38.8999 6.8591 0
      vertex 36.1424 6.37289 0
      vertex 38.6368 8.21251 0
    endloop
  endfacet
  facet normal 0 0 -1
    outer loop
      vertex 35.898 7.63036 0
      vertex 38.6368 8.21251 0
      vertex 36.1424 6.37289 0
    endloop
  endfacet
  facet normal -0 0 -1
    outer loop
      vertex 38.6368 8.21251 0
      vertex 35.898 7.63036 0
      vertex 38.3267 9.55591 0
    endloop
  endfacet
  facet normal 0 0 -1
    outer loop
      vertex 35.6099 8.87853 0
      vertex 38.3267 9.55591 0
      vertex 35.898 7.63036 0
    endloop
  endfacet
  facet normal -0 0 -1
    outer loop
      vertex 38.3267 9.55591 0
      vertex 35.6099 8.87853 0
      vertex 37.9698 10.8877 0
    endloop
  endfacet
  facet normal 0 0 -1
    outer loop
      vertex 35.2783 10.1159 0
      vertex 37.9698 10.8877 0
      vertex 35.6099 8.87853 0
    endloop
  endfacet
  facet normal -0 0 -1
    outer loop
      vertex 37.9698 10.8877 0
      vertex 35.2783 10.1159 0
      vertex 37.5667 12.2062 0
    endloop
  endfacet
  facet normal 0 0 -1
    outer loop
      vertex 34.9038 11.3409 0
      vertex 37.5667 12.2062 0
      vertex 35.2783 10.1159 0
    endloop
  endfacet
  facet normal -0 0 -1
    outer loop
      vertex 37.5667 12.2062 0
      vertex 34.9038 11.3409 0
      vertex 37.1179 13.5098 0
    endloop
  endfacet
  facet normal 0 0 -1
    outer loop
      vertex 34.4867 12.5521 0
      vertex 37.1179 13.5098 0
      vertex 34.9038 11.3409 0
    endloop
  endfacet
  facet normal -0 0 -1
    outer loop
      vertex 37.1179 13.5098 0
      vertex 34.4867 12.5521 0
      vertex 36.6238 14.797 0
    endloop
  endfacet
  facet normal 0 0 -1
    outer loop
      vertex 34.0276 13.7481 0
      vertex 36.6238 14.797 0
      vertex 34.4867 12.5521 0
    endloop
  endfacet
  facet normal -0 0 -1
    outer loop
      vertex 36.6238 14.797 0
      vertex 34.0276 13.7481 0
      vertex 36.085 16.0661 0
    endloop
  endfacet
  facet normal 0 0 -1
    outer loop
      vertex 33.5271 14.9272 0
      vertex 36.085 16.0661 0
      vertex 34.0276 13.7481 0
    endloop
  endfacet
  facet normal -0 0 -1
    outer loop
      vertex 36.085 16.0661 0
      vertex 33.5271 14.9272 0
      vertex 35.5024 17.3157 0
    endloop
  endfacet
  facet normal 0 0 -1
    outer loop
      vertex 32.9857 16.0882 0
      vertex 35.5024 17.3157 0
      vertex 33.5271 14.9272 0
    endloop
  endfacet
  facet normal -0 0 -1
    outer loop
      vertex 35.5024 17.3157 0
      vertex 32.9857 16.0882 0
      vertex 34.8764 18.5441 0
    endloop
  endfacet
  facet normal 0 0 -1
    outer loop
      vertex 32.4042 17.2296 0
      vertex 34.8764 18.5441 0
      vertex 32.9857 16.0882 0
    endloop
  endfacet
  facet normal -0 0 -1
    outer loop
      vertex 34.8764 18.5441 0
      vertex 32.4042 17.2296 0
      vertex 34.208 19.75 0
    endloop
  endfacet
  facet normal 0 0 -1
    outer loop
      vertex 31.7831 18.35 0
      vertex 34.208 19.75 0
      vertex 32.4042 17.2296 0
    endloop
  endfacet
  facet normal -0 0 -1
    outer loop
      vertex 34.208 19.75 0
      vertex 31.7831 18.35 0
      vertex 33.4979 20.9318 0
    endloop
  endfacet
  facet normal 0 0 -1
    outer loop
      vertex 31.1234 19.448 0
      vertex 33.4979 20.9318 0
      vertex 31.7831 18.35 0
    endloop
  endfacet
  facet normal -0 0 -1
    outer loop
      vertex 33.4979 20.9318 0
      vertex 31.1234 19.448 0
      vertex 32.747 22.0881 0
    endloop
  endfacet
  facet normal 0 0 -1
    outer loop
      vertex 30.4257 20.5224 0
      vertex 32.747 22.0881 0
      vertex 31.1234 19.448 0
    endloop
  endfacet
  facet normal -0 0 -1
    outer loop
      vertex 32.747 22.0881 0
      vertex 30.4257 20.5224 0
      vertex 31.9562 23.2175 0
    endloop
  endfacet
  facet normal 0 0 -1
    outer loop
      vertex 29.6909 21.5717 0
      vertex 31.9562 23.2175 0
      vertex 30.4257 20.5224 0
    endloop
  endfacet
  facet normal -0 0 -1
    outer loop
      vertex 31.9562 23.2175 0
      vertex 29.6909 21.5717 0
      vertex 31.1264 24.3186 0
    endloop
  endfacet
  facet normal 0 0 -1
    outer loop
      vertex 28.92 22.5948 0
      vertex 31.1264 24.3186 0
      vertex 29.6909 21.5717 0
    endloop
  endfacet
  facet normal -0 0 -1
    outer loop
      vertex 31.1264 24.3186 0
      vertex 28.92 22.5948 0
      vertex 30.2588 25.3901 0
    endloop
  endfacet
  facet normal 0 0 -1
    outer loop
      vertex 28.1138 23.5903 0
      vertex 30.2588 25.3901 0
      vertex 28.92 22.5948 0
    endloop
  endfacet
  facet normal -0 0 -1
    outer loop
      vertex 30.2588 25.3901 0
      vertex 28.1138 23.5903 0
      vertex 29.3542 26.4307 0
    endloop
  endfacet
  facet normal 0 0 -1
    outer loop
      vertex 27.2734 24.5571 0
      vertex 29.3542 26.4307 0
      vertex 28.1138 23.5903 0
    endloop
  endfacet
  facet normal -0 0 -1
    outer loop
      vertex 29.3542 26.4307 0
      vertex 27.2734 24.5571 0
      vertex 28.4139 27.439 0
    endloop
  endfacet
  facet normal 0 0 -1
    outer loop
      vertex 26.3998 25.494 0
      vertex 28.4139 27.439 0
      vertex 27.2734 24.5571 0
    endloop
  endfacet
  facet normal -0 0 -1
    outer loop
      vertex 28.4139 27.439 0
      vertex 26.3998 25.494 0
      vertex 27.439 28.4139 0
    endloop
  endfacet
  facet normal 0 0 -1
    outer loop
      vertex 25.494 26.3998 0
      vertex 27.439 28.4139 0
      vertex 26.3998 25.494 0
    endloop
  endfacet
  facet normal -0 0 -1
    outer loop
      vertex 27.439 28.4139 0
      vertex 25.494 26.3998 0
      vertex 26.4307 29.3542 0
    endloop
  endfacet
  facet normal 0 0 -1
    outer loop
      vertex 24.5571 27.2734 0
      vertex 26.4307 29.3542 0
      vertex 25.494 26.3998 0
    endloop
  endfacet
  facet normal -0 0 -1
    outer loop
      vertex 26.4307 29.3542 0
      vertex 24.5571 27.2734 0
      vertex 25.3901 30.2588 0
    endloop
  endfacet
  facet normal 0 0 -1
    outer loop
      vertex 23.5903 28.1138 0
      vertex 25.3901 30.2588 0
      vertex 24.5571 27.2734 0
    endloop
  endfacet
  facet normal -0 0 -1
    outer loop
      vertex 25.3901 30.2588 0
      vertex 23.5903 28.1138 0
      vertex 24.3186 31.1264 0
    endloop
  endfacet
  facet normal 0 0 -1
    outer loop
      vertex 22.5948 28.92 0
      vertex 24.3186 31.1264 0
      vertex 23.5903 28.1138 0
    endloop
  endfacet
  facet normal -0 0 -1
    outer loop
      vertex 24.3186 31.1264 0
      vertex 22.5948 28.92 0
      vertex 23.2175 31.9562 0
    endloop
  endfacet
  facet normal 0 0 -1
    outer loop
      vertex 21.5717 29.6909 0
      vertex 23.2175 31.9562 0
      vertex 22.5948 28.92 0
    endloop
  endfacet
  facet normal -0 0 -1
    outer loop
      vertex 23.2175 31.9562 0
      vertex 21.5717 29.6909 0
      vertex 22.0881 32.747 0
    endloop
  endfacet
  facet normal 0 0 -1
    outer loop
      vertex 20.5224 30.4257 0
      vertex 22.0881 32.747 0
      vertex 21.5717 29.6909 0
    endloop
  endfacet
  facet normal -0 0 -1
    outer loop
      vertex 22.0881 32.747 0
      vertex 20.5224 30.4257 0
      vertex 20.9318 33.4979 0
    endloop
  endfacet
  facet normal 0 0 -1
    outer loop
      vertex 19.448 31.1234 0
      vertex 20.9318 33.4979 0
      vertex 20.5224 30.4257 0
    endloop
  endfacet
  facet normal -0 0 -1
    outer loop
      vertex 20.9318 33.4979 0
      vertex 19.448 31.1234 0
      vertex 19.75 34.208 0
    endloop
  endfacet
  facet normal 0 0 -1
    outer loop
      vertex 18.35 31.7831 0
      vertex 19.75 34.208 0
      vertex 19.448 31.1234 0
    endloop
  endfacet
  facet normal -0 0 -1
    outer loop
      vertex 19.75 34.208 0
      vertex 18.35 31.7831 0
      vertex 18.5441 34.8764 0
    endloop
  endfacet
  facet normal 0 0 -1
    outer loop
      vertex 17.2296 32.4042 0
      vertex 18.5441 34.8764 0
      vertex 18.35 31.7831 0
    endloop
  endfacet
  facet normal -0 0 -1
    outer loop
      vertex 18.5441 34.8764 0
      vertex 17.2296 32.4042 0
      vertex 17.3157 35.5024 0
    endloop
  endfacet
  facet normal 0 0 -1
    outer loop
      vertex 16.0882 32.9857 0
      vertex 17.3157 35.5024 0
      vertex 17.2296 32.4042 0
    endloop
  endfacet
  facet normal 0 0 -1
    outer loop
      vertex 16.0882 32.9857 0
      vertex 16.0661 36.085 0
      vertex 17.3157 35.5024 0
    endloop
  endfacet
  facet normal 0 0 -1
    outer loop
      vertex 14.9272 33.5271 0
      vertex 16.0661 36.085 0
      vertex 16.0882 32.9857 0
    endloop
  endfacet
  facet normal 0 0 -1
    outer loop
      vertex 14.9272 33.5271 0
      vertex 14.797 36.6238 0
      vertex 16.0661 36.085 0
    endloop
  endfacet
  facet normal 0 0 -1
    outer loop
      vertex 13.7481 34.0276 0
      vertex 14.797 36.6238 0
      vertex 14.9272 33.5271 0
    endloop
  endfacet
  facet normal 0 0 -1
    outer loop
      vertex 13.7481 34.0276 0
      vertex 13.5098 37.1179 0
      vertex 14.797 36.6238 0
    endloop
  endfacet
  facet normal 0 0 -1
    outer loop
      vertex 12.5521 34.4867 0
      vertex 13.5098 37.1179 0
      vertex 13.7481 34.0276 0
    endloop
  endfacet
  facet normal 0 0 -1
    outer loop
      vertex 12.5521 34.4867 0
      vertex 12.2062 37.5667 0
      vertex 13.5098 37.1179 0
    endloop
  endfacet
  facet normal 0 0 -1
    outer loop
      vertex 11.3409 34.9038 0
      vertex 12.2062 37.5667 0
      vertex 12.5521 34.4867 0
    endloop
  endfacet
  facet normal 0 0 -1
    outer loop
      vertex 11.3409 34.9038 0
      vertex 10.8877 37.9698 0
      vertex 12.2062 37.5667 0
    endloop
  endfacet
  facet normal 0 0 -1
    outer loop
      vertex 10.1159 35.2783 0
      vertex 10.8877 37.9698 0
      vertex 11.3409 34.9038 0
    endloop
  endfacet
  facet normal 0 0 -1
    outer loop
      vertex 10.1159 35.2783 0
      vertex 9.55591 38.3267 0
      vertex 10.8877 37.9698 0
    endloop
  endfacet
  facet normal 0 0 -1
    outer loop
      vertex 8.87853 35.6099 0
      vertex 9.55591 38.3267 0
      vertex 10.1159 35.2783 0
    endloop
  endfacet
  facet normal 0 0 -1
    outer loop
      vertex 8.87853 35.6099 0
      vertex 8.21251 38.6368 0
      vertex 9.55591 38.3267 0
    endloop
  endfacet
  facet normal 0 0 -1
    outer loop
      vertex 7.63036 35.898 0
      vertex 8.21251 38.6368 0
      vertex 8.87853 35.6099 0
    endloop
  endfacet
  facet normal 0 0 -1
    outer loop
      vertex 7.00042 38.359 0
      vertex 8.21251 38.6368 0
      vertex 7.63036 35.898 0
    endloop
  endfacet
  facet normal 0 0 -1
    outer loop
      vertex 8.21251 38.6368 0
      vertex 7.27879 38.6429 0
      vertex 7.41379 38.7921 0
    endloop
  endfacet
  facet normal -0 0 -1
    outer loop
      vertex 8.21251 38.6368 0
      vertex 7.00042 38.359 0
      vertex 7.27879 38.6429 0
    endloop
  endfacet
  facet normal 0 0 -1
    outer loop
      vertex 7.63036 35.898 0
      vertex 6.71098 38.0863 0
      vertex 7.00042 38.359 0
    endloop
  endfacet
  facet normal 0 0 -1
    outer loop
      vertex 7.63036 35.898 0
      vertex 6.41094 37.8254 0
      vertex 6.71098 38.0863 0
    endloop
  endfacet
  facet normal 0 0 -1
    outer loop
      vertex 6.37289 36.1424 0
      vertex 6.41094 37.8254 0
      vertex 7.63036 35.898 0
    endloop
  endfacet
  facet normal 0 0 -1
    outer loop
      vertex 6.37289 36.1424 0
      vertex 6.10075 37.5766 0
      vertex 6.41094 37.8254 0
    endloop
  endfacet
  facet normal 0 0 -1
    outer loop
      vertex 6.37289 36.1424 0
      vertex 5.78092 37.3403 0
      vertex 6.10075 37.5766 0
    endloop
  endfacet
  facet normal 0 0 -1
    outer loop
      vertex 6.37289 36.1424 0
      vertex 5.45195 37.1169 0
      vertex 5.78092 37.3403 0
    endloop
  endfacet
  facet normal 0 0 -1
    outer loop
      vertex 5.10765 36.3428 0
      vertex 5.45195 37.1169 0
      vertex 6.37289 36.1424 0
    endloop
  endfacet
  facet normal 0 0 -1
    outer loop
      vertex 5.45195 37.1169 0
      vertex 5.10765 36.3428 0
      vertex 5.11435 36.9068 0
    endloop
  endfacet
  facet normal 0 0 -1
    outer loop
      vertex 5.10765 36.3428 0
      vertex 4.76867 36.7102 0
      vertex 5.11435 36.9068 0
    endloop
  endfacet
  facet normal 0 0 -1
    outer loop
      vertex 5.10765 36.3428 0
      vertex 4.41545 36.5276 0
      vertex 4.76867 36.7102 0
    endloop
  endfacet
  facet normal 0 -0 -1
    outer loop
      vertex 4.41545 36.5276 0
      vertex 5.10765 36.3428 0
      vertex 4.24646 36.4486 0
    endloop
  endfacet
  facet normal 0 0 -1
    outer loop
      vertex -5.10765 36.3428 0
      vertex -4.41545 36.5276 0
      vertex -4.24646 36.4486 0
    endloop
  endfacet
  facet normal 0 0 -1
    outer loop
      vertex -5.10765 36.3428 0
      vertex -4.76867 36.7102 0
      vertex -4.41545 36.5276 0
    endloop
  endfacet
  facet normal 0 0 -1
    outer loop
      vertex -5.10765 36.3428 0
      vertex -5.11435 36.9068 0
      vertex -4.76867 36.7102 0
    endloop
  endfacet
  facet normal 0 0 -1
    outer loop
      vertex -5.10765 36.3428 0
      vertex -5.45195 37.1169 0
      vertex -5.11435 36.9068 0
    endloop
  endfacet
  facet normal 0 0 -1
    outer loop
      vertex -6.37289 36.1424 0
      vertex -5.45195 37.1169 0
      vertex -5.10765 36.3428 0
    endloop
  endfacet
  facet normal -0 0 -1
    outer loop
      vertex -5.45195 37.1169 0
      vertex -6.37289 36.1424 0
      vertex -5.78092 37.3403 0
    endloop
  endfacet
  facet normal -0 0 -1
    outer loop
      vertex -5.78092 37.3403 0
      vertex -6.37289 36.1424 0
      vertex -6.10075 37.5766 0
    endloop
  endfacet
  facet normal 0 0 -1
    outer loop
      vertex -6.37289 36.1424 0
      vertex -6.41094 37.8254 0
      vertex -6.10075 37.5766 0
    endloop
  endfacet
  facet normal 0 0 -1
    outer loop
      vertex -7.63036 35.898 0
      vertex -6.41094 37.8254 0
      vertex -6.37289 36.1424 0
    endloop
  endfacet
  facet normal -0 0 -1
    outer loop
      vertex -6.41094 37.8254 0
      vertex -7.63036 35.898 0
      vertex -6.71098 38.0863 0
    endloop
  endfacet
  facet normal -0 0 -1
    outer loop
      vertex -6.71098 38.0863 0
      vertex -7.63036 35.898 0
      vertex -7.00042 38.359 0
    endloop
  endfacet
  facet normal 0 0 -1
    outer loop
      vertex -8.21251 38.6368 0
      vertex -7.00042 38.359 0
      vertex -7.63036 35.898 0
    endloop
  endfacet
  facet normal 0 0 -1
    outer loop
      vertex -7.00042 38.359 0
      vertex -8.21251 38.6368 0
      vertex -7.27879 38.6429 0
    endloop
  endfacet
  facet normal -0 0 -1
    outer loop
      vertex -7.27879 38.6429 0
      vertex -8.21251 38.6368 0
      vertex -7.41379 38.7921 0
    endloop
  endfacet
  facet normal 0 0 -1
    outer loop
      vertex -8.87853 35.6099 0
      vertex -8.21251 38.6368 0
      vertex -7.63036 35.898 0
    endloop
  endfacet
  facet normal 0 0 -1
    outer loop
      vertex -8.87853 35.6099 0
      vertex -9.55591 38.3267 0
      vertex -8.21251 38.6368 0
    endloop
  endfacet
  facet normal 0 0 -1
    outer loop
      vertex -10.1159 35.2783 0
      vertex -9.55591 38.3267 0
      vertex -8.87853 35.6099 0
    endloop
  endfacet
  facet normal 0 0 -1
    outer loop
      vertex -10.1159 35.2783 0
      vertex -10.8877 37.9698 0
      vertex -9.55591 38.3267 0
    endloop
  endfacet
  facet normal 0 0 -1
    outer loop
      vertex -11.3409 34.9038 0
      vertex -10.8877 37.9698 0
      vertex -10.1159 35.2783 0
    endloop
  endfacet
  facet normal 0 0 -1
    outer loop
      vertex -11.3409 34.9038 0
      vertex -12.2062 37.5667 0
      vertex -10.8877 37.9698 0
    endloop
  endfacet
  facet normal 0 0 -1
    outer loop
      vertex -12.5521 34.4867 0
      vertex -12.2062 37.5667 0
      vertex -11.3409 34.9038 0
    endloop
  endfacet
  facet normal 0 0 -1
    outer loop
      vertex -12.5521 34.4867 0
      vertex -13.5098 37.1179 0
      vertex -12.2062 37.5667 0
    endloop
  endfacet
  facet normal 0 0 -1
    outer loop
      vertex -13.7481 34.0276 0
      vertex -13.5098 37.1179 0
      vertex -12.5521 34.4867 0
    endloop
  endfacet
  facet normal 0 0 -1
    outer loop
      vertex -13.7481 34.0276 0
      vertex -14.797 36.6238 0
      vertex -13.5098 37.1179 0
    endloop
  endfacet
  facet normal 0 0 -1
    outer loop
      vertex -14.9272 33.5271 0
      vertex -14.797 36.6238 0
      vertex -13.7481 34.0276 0
    endloop
  endfacet
  facet normal 0 0 -1
    outer loop
      vertex -14.9272 33.5271 0
      vertex -16.0661 36.085 0
      vertex -14.797 36.6238 0
    endloop
  endfacet
  facet normal 0 0 -1
    outer loop
      vertex -16.0882 32.9857 0
      vertex -16.0661 36.085 0
      vertex -14.9272 33.5271 0
    endloop
  endfacet
  facet normal 0 0 -1
    outer loop
      vertex -17.3157 35.5024 0
      vertex -16.0882 32.9857 0
      vertex -17.2296 32.4042 0
    endloop
  endfacet
  facet normal 0 0 -1
    outer loop
      vertex -16.0882 32.9857 0
      vertex -17.3157 35.5024 0
      vertex -16.0661 36.085 0
    endloop
  endfacet
  facet normal 0 0 -1
    outer loop
      vertex -18.5441 34.8764 0
      vertex -17.2296 32.4042 0
      vertex -18.35 31.7831 0
    endloop
  endfacet
  facet normal 0 0 -1
    outer loop
      vertex -17.2296 32.4042 0
      vertex -18.5441 34.8764 0
      vertex -17.3157 35.5024 0
    endloop
  endfacet
  facet normal 0 0 -1
    outer loop
      vertex -19.75 34.208 0
      vertex -18.35 31.7831 0
      vertex -19.448 31.1234 0
    endloop
  endfacet
  facet normal 0 0 -1
    outer loop
      vertex -18.35 31.7831 0
      vertex -19.75 34.208 0
      vertex -18.5441 34.8764 0
    endloop
  endfacet
  facet normal 0 0 -1
    outer loop
      vertex -20.9318 33.4979 0
      vertex -19.448 31.1234 0
      vertex -20.5224 30.4257 0
    endloop
  endfacet
  facet normal 0 0 -1
    outer loop
      vertex -19.448 31.1234 0
      vertex -20.9318 33.4979 0
      vertex -19.75 34.208 0
    endloop
  endfacet
  facet normal 0 0 -1
    outer loop
      vertex -22.0881 32.747 0
      vertex -20.5224 30.4257 0
      vertex -21.5717 29.6909 0
    endloop
  endfacet
  facet normal 0 0 -1
    outer loop
      vertex -20.5224 30.4257 0
      vertex -22.0881 32.747 0
      vertex -20.9318 33.4979 0
    endloop
  endfacet
  facet normal 0 0 -1
    outer loop
      vertex -23.2175 31.9562 0
      vertex -21.5717 29.6909 0
      vertex -22.5948 28.92 0
    endloop
  endfacet
  facet normal 0 0 -1
    outer loop
      vertex -21.5717 29.6909 0
      vertex -23.2175 31.9562 0
      vertex -22.0881 32.747 0
    endloop
  endfacet
  facet normal 0 0 -1
    outer loop
      vertex -24.3186 31.1264 0
      vertex -22.5948 28.92 0
      vertex -23.5903 28.1138 0
    endloop
  endfacet
  facet normal 0 0 -1
    outer loop
      vertex -22.5948 28.92 0
      vertex -24.3186 31.1264 0
      vertex -23.2175 31.9562 0
    endloop
  endfacet
  facet normal 0 0 -1
    outer loop
      vertex -25.3901 30.2588 0
      vertex -23.5903 28.1138 0
      vertex -24.5571 27.2734 0
    endloop
  endfacet
  facet normal 0 0 -1
    outer loop
      vertex -23.5903 28.1138 0
      vertex -25.3901 30.2588 0
      vertex -24.3186 31.1264 0
    endloop
  endfacet
  facet normal 0 0 -1
    outer loop
      vertex -26.4307 29.3542 0
      vertex -24.5571 27.2734 0
      vertex -25.494 26.3998 0
    endloop
  endfacet
  facet normal 0 0 -1
    outer loop
      vertex -27.439 28.4139 0
      vertex -25.494 26.3998 0
      vertex -26.3998 25.494 0
    endloop
  endfacet
  facet normal 0 0 -1
    outer loop
      vertex -24.5571 27.2734 0
      vertex -26.4307 29.3542 0
      vertex -25.3901 30.2588 0
    endloop
  endfacet
  facet normal 0 0 -1
    outer loop
      vertex -28.4139 27.439 0
      vertex -26.3998 25.494 0
      vertex -27.2734 24.5571 0
    endloop
  endfacet
  facet normal 0 0 -1
    outer loop
      vertex -25.494 26.3998 0
      vertex -27.439 28.4139 0
      vertex -26.4307 29.3542 0
    endloop
  endfacet
  facet normal 0 0 -1
    outer loop
      vertex -29.3542 26.4307 0
      vertex -27.2734 24.5571 0
      vertex -28.1138 23.5903 0
    endloop
  endfacet
  facet normal 0 0 -1
    outer loop
      vertex -26.3998 25.494 0
      vertex -28.4139 27.439 0
      vertex -27.439 28.4139 0
    endloop
  endfacet
  facet normal 0 0 -1
    outer loop
      vertex -30.2588 25.3901 0
      vertex -28.1138 23.5903 0
      vertex -28.92 22.5948 0
    endloop
  endfacet
  facet normal 0 0 -1
    outer loop
      vertex -27.2734 24.5571 0
      vertex -29.3542 26.4307 0
      vertex -28.4139 27.439 0
    endloop
  endfacet
  facet normal 0 0 -1
    outer loop
      vertex -31.1264 24.3186 0
      vertex -28.92 22.5948 0
      vertex -29.6909 21.5717 0
    endloop
  endfacet
  facet normal 0 0 -1
    outer loop
      vertex -28.1138 23.5903 0
      vertex -30.2588 25.3901 0
      vertex -29.3542 26.4307 0
    endloop
  endfacet
  facet normal 0 0 -1
    outer loop
      vertex -31.9562 23.2175 0
      vertex -29.6909 21.5717 0
      vertex -30.4257 20.5224 0
    endloop
  endfacet
  facet normal 0 0 -1
    outer loop
      vertex -32.747 22.0881 0
      vertex -30.4257 20.5224 0
      vertex -31.1234 19.448 0
    endloop
  endfacet
  facet normal 0 0 -1
    outer loop
      vertex -28.92 22.5948 0
      vertex -31.1264 24.3186 0
      vertex -30.2588 25.3901 0
    endloop
  endfacet
  facet normal 0 0 -1
    outer loop
      vertex -33.4979 20.9318 0
      vertex -31.1234 19.448 0
      vertex -31.7831 18.35 0
    endloop
  endfacet
  facet normal 0 0 -1
    outer loop
      vertex -29.6909 21.5717 0
      vertex -31.9562 23.2175 0
      vertex -31.1264 24.3186 0
    endloop
  endfacet
  facet normal 0 0 -1
    outer loop
      vertex -34.208 19.75 0
      vertex -31.7831 18.35 0
      vertex -32.4042 17.2296 0
    endloop
  endfacet
  facet normal 0 0 -1
    outer loop
      vertex -30.4257 20.5224 0
      vertex -32.747 22.0881 0
      vertex -31.9562 23.2175 0
    endloop
  endfacet
  facet normal 0 0 -1
    outer loop
      vertex -34.8764 18.5441 0
      vertex -32.4042 17.2296 0
      vertex -32.9857 16.0882 0
    endloop
  endfacet
  facet normal 0 0 -1
    outer loop
      vertex -31.1234 19.448 0
      vertex -33.4979 20.9318 0
      vertex -32.747 22.0881 0
    endloop
  endfacet
  facet normal 0 0 -1
    outer loop
      vertex -35.5024 17.3157 0
      vertex -32.9857 16.0882 0
      vertex -33.5271 14.9272 0
    endloop
  endfacet
  facet normal 0 0 -1
    outer loop
      vertex -36.085 16.0661 0
      vertex -33.5271 14.9272 0
      vertex -34.0276 13.7481 0
    endloop
  endfacet
  facet normal 0 0 -1
    outer loop
      vertex -31.7831 18.35 0
      vertex -34.208 19.75 0
      vertex -33.4979 20.9318 0
    endloop
  endfacet
  facet normal 0 0 -1
    outer loop
      vertex -36.6238 14.797 0
      vertex -34.0276 13.7481 0
      vertex -34.4867 12.5521 0
    endloop
  endfacet
  facet normal 0 0 -1
    outer loop
      vertex -32.4042 17.2296 0
      vertex -34.8764 18.5441 0
      vertex -34.208 19.75 0
    endloop
  endfacet
  facet normal 0 0 -1
    outer loop
      vertex -37.1179 13.5098 0
      vertex -34.4867 12.5521 0
      vertex -34.9038 11.3409 0
    endloop
  endfacet
  facet normal 0 0 -1
    outer loop
      vertex -37.5667 12.2062 0
      vertex -34.9038 11.3409 0
      vertex -35.2783 10.1159 0
    endloop
  endfacet
  facet normal 0 0 -1
    outer loop
      vertex -32.9857 16.0882 0
      vertex -35.5024 17.3157 0
      vertex -34.8764 18.5441 0
    endloop
  endfacet
  facet normal 0 0 -1
    outer loop
      vertex -37.9698 10.8877 0
      vertex -35.2783 10.1159 0
      vertex -35.6099 8.87853 0
    endloop
  endfacet
  facet normal 0 0 -1
    outer loop
      vertex -38.3267 9.55591 0
      vertex -35.6099 8.87853 0
      vertex -35.898 7.63036 0
    endloop
  endfacet
  facet normal 0 0 -1
    outer loop
      vertex -33.5271 14.9272 0
      vertex -36.085 16.0661 0
      vertex -35.5024 17.3157 0
    endloop
  endfacet
  facet normal 0 0 -1
    outer loop
      vertex -38.6368 8.21251 0
      vertex -35.898 7.63036 0
      vertex -36.1424 6.37289 0
    endloop
  endfacet
  facet normal 0 0 -1
    outer loop
      vertex -38.8999 6.8591 0
      vertex -36.1424 6.37289 0
      vertex -36.3428 5.10765 0
    endloop
  endfacet
  facet normal 0 0 -1
    outer loop
      vertex -39.1156 5.49734 0
      vertex -36.3428 5.10765 0
      vertex -36.499 3.83619 0
    endloop
  endfacet
  facet normal 0 0 -1
    outer loop
      vertex -39.2836 4.12887 0
      vertex -36.499 3.83619 0
      vertex -36.6106 2.56006 0
    endloop
  endfacet
  facet normal 0 0 -1
    outer loop
      vertex -34.0276 13.7481 0
      vertex -36.6238 14.797 0
      vertex -36.085 16.0661 0
    endloop
  endfacet
  facet normal 0 0 -1
    outer loop
      vertex -39.4038 2.75538 0
      vertex -36.6106 2.56006 0
      vertex -36.6776 1.28081 0
    endloop
  endfacet
  facet normal 0 0 -1
    outer loop
      vertex -39.4759 1.37853 0
      vertex -36.6776 1.28081 0
      vertex -36.7 0 0
    endloop
  endfacet
  facet normal -0 0 -1
    outer loop
      vertex -36.1424 -6.37289 0
      vertex -38.8999 -6.8591 0
      vertex -36.3428 -5.10765 0
    endloop
  endfacet
  facet normal 0 0 -1
    outer loop
      vertex -34.4867 12.5521 0
      vertex -37.1179 13.5098 0
      vertex -36.6238 14.797 0
    endloop
  endfacet
  facet normal 0 0 -1
    outer loop
      vertex -39.1156 -5.49734 0
      vertex -36.3428 -5.10765 0
      vertex -38.8999 -6.8591 0
    endloop
  endfacet
  facet normal 0 0 -1
    outer loop
      vertex -34.9038 11.3409 0
      vertex -37.5667 12.2062 0
      vertex -37.1179 13.5098 0
    endloop
  endfacet
  facet normal -0 0 -1
    outer loop
      vertex -36.3428 -5.10765 0
      vertex -39.1156 -5.49734 0
      vertex -36.499 -3.83619 0
    endloop
  endfacet
  facet normal 0 0 -1
    outer loop
      vertex -35.2783 10.1159 0
      vertex -37.9698 10.8877 0
      vertex -37.5667 12.2062 0
    endloop
  endfacet
  facet normal 0 0 -1
    outer loop
      vertex -39.2836 -4.12887 0
      vertex -36.499 -3.83619 0
      vertex -39.1156 -5.49734 0
    endloop
  endfacet
  facet normal 0 0 -1
    outer loop
      vertex -35.6099 8.87853 0
      vertex -38.3267 9.55591 0
      vertex -37.9698 10.8877 0
    endloop
  endfacet
  facet normal -0 0 -1
    outer loop
      vertex -36.499 -3.83619 0
      vertex -39.2836 -4.12887 0
      vertex -36.6106 -2.56006 0
    endloop
  endfacet
  facet normal 0 0 -1
    outer loop
      vertex -35.898 7.63036 0
      vertex -38.6368 8.21251 0
      vertex -38.3267 9.55591 0
    endloop
  endfacet
  facet normal 0 0 -1
    outer loop
      vertex -39.4038 -2.75538 0
      vertex -36.6106 -2.56006 0
      vertex -39.2836 -4.12887 0
    endloop
  endfacet
  facet normal 0 0 -1
    outer loop
      vertex -36.1424 6.37289 0
      vertex -38.8999 6.8591 0
      vertex -38.6368 8.21251 0
    endloop
  endfacet
  facet normal -0 0 -1
    outer loop
      vertex -36.6106 -2.56006 0
      vertex -39.4038 -2.75538 0
      vertex -36.6776 -1.28081 0
    endloop
  endfacet
  facet normal 0 0 -1
    outer loop
      vertex -36.3428 5.10765 0
      vertex -39.1156 5.49734 0
      vertex -38.8999 6.8591 0
    endloop
  endfacet
  facet normal 0 0 -1
    outer loop
      vertex -39.4759 -1.37853 0
      vertex -36.6776 -1.28081 0
      vertex -39.4038 -2.75538 0
    endloop
  endfacet
  facet normal 0 0 -1
    outer loop
      vertex -36.499 3.83619 0
      vertex -39.2836 4.12887 0
      vertex -39.1156 5.49734 0
    endloop
  endfacet
  facet normal -0 0 -1
    outer loop
      vertex -36.6776 -1.28081 0
      vertex -39.4759 -1.37853 0
      vertex -36.7 0 0
    endloop
  endfacet
  facet normal 0 0 -1
    outer loop
      vertex -36.6106 2.56006 0
      vertex -39.4038 2.75538 0
      vertex -39.2836 4.12887 0
    endloop
  endfacet
  facet normal 0 0 -1
    outer loop
      vertex -39.5 0 0
      vertex -36.7 0 0
      vertex -39.4759 -1.37853 0
    endloop
  endfacet
  facet normal 0 0 -1
    outer loop
      vertex -36.6776 1.28081 0
      vertex -39.4759 1.37853 0
      vertex -39.4038 2.75538 0
    endloop
  endfacet
  facet normal 0 0 -1
    outer loop
      vertex -36.7 0 0
      vertex -39.5 0 0
      vertex -39.4759 1.37853 0
    endloop
  endfacet
  facet normal -0.987686 0.156447 0
    outer loop
      vertex -39.1156 5.49734 0
      vertex -38.8999 6.8591 4
      vertex -38.8999 6.8591 0
    endloop
  endfacet
  facet normal -0.987686 0.156447 0
    outer loop
      vertex -38.8999 6.8591 4
      vertex -39.1156 5.49734 0
      vertex -39.1156 5.49734 4
    endloop
  endfacet
  facet normal 0.258851 0.965917 -0
    outer loop
      vertex 10.8877 37.9698 0
      vertex 9.55591 38.3267 4
      vertex 10.8877 37.9698 4
    endloop
  endfacet
  facet normal 0.258851 0.965917 0
    outer loop
      vertex 9.55591 38.3267 4
      vertex 10.8877 37.9698 0
      vertex 9.55591 38.3267 0
    endloop
  endfacet
  facet normal -0.890977 -0.454047 0
    outer loop
      vertex -34.8764 -18.5441 0
      vertex -35.5024 -17.3157 4
      vertex -35.5024 -17.3157 0
    endloop
  endfacet
  facet normal -0.890977 -0.454047 0
    outer loop
      vertex -35.5024 -17.3157 4
      vertex -34.8764 -18.5441 0
      vertex -34.8764 -18.5441 4
    endloop
  endfacet
  facet normal 0.224918 -0.974378 0
    outer loop
      vertex 8.21251 -38.6368 0
      vertex 9.55591 -38.3267 4
      vertex 8.21251 -38.6368 4
    endloop
  endfacet
  facet normal 0.224918 -0.974378 0
    outer loop
      vertex 9.55591 -38.3267 4
      vertex 8.21251 -38.6368 0
      vertex 9.55591 -38.3267 0
    endloop
  endfacet
  facet normal 0.601844 0.798614 -0
    outer loop
      vertex 24.3186 31.1264 0
      vertex 23.2175 31.9562 4
      vertex 24.3186 31.1264 4
    endloop
  endfacet
  facet normal 0.601844 0.798614 0
    outer loop
      vertex 23.2175 31.9562 4
      vertex 24.3186 31.1264 0
      vertex 23.2175 31.9562 0
    endloop
  endfacet
  facet normal 0.629284 -0.777176 0
    outer loop
      vertex 24.3186 -31.1264 0
      vertex 25.3901 -30.2588 4
      vertex 24.3186 -31.1264 4
    endloop
  endfacet
  facet normal 0.629284 -0.777176 0
    outer loop
      vertex 25.3901 -30.2588 4
      vertex 24.3186 -31.1264 0
      vertex 25.3901 -30.2588 0
    endloop
  endfacet
  facet normal -0.920479 0.390792 0
    outer loop
      vertex -36.6238 14.797 0
      vertex -36.085 16.0661 4
      vertex -36.085 16.0661 0
    endloop
  endfacet
  facet normal -0.920479 0.390792 0
    outer loop
      vertex -36.085 16.0661 4
      vertex -36.6238 14.797 0
      vertex -36.6238 14.797 4
    endloop
  endfacet
  facet normal 0.601844 -0.798614 0
    outer loop
      vertex 23.2175 -31.9562 0
      vertex 24.3186 -31.1264 4
      vertex 23.2175 -31.9562 4
    endloop
  endfacet
  facet normal 0.601844 -0.798614 0
    outer loop
      vertex 24.3186 -31.1264 4
      vertex 23.2175 -31.9562 0
      vertex 24.3186 -31.1264 0
    endloop
  endfacet
  facet normal 0.358362 0.933583 -0
    outer loop
      vertex 14.797 36.6238 0
      vertex 13.5098 37.1179 4
      vertex 14.797 36.6238 4
    endloop
  endfacet
  facet normal 0.358362 0.933583 0
    outer loop
      vertex 13.5098 37.1179 4
      vertex 14.797 36.6238 0
      vertex 13.5098 37.1179 0
    endloop
  endfacet
  facet normal 0.777176 0.629284 0
    outer loop
      vertex 31.1264 24.3186 4
      vertex 30.2588 25.3901 0
      vertex 30.2588 25.3901 4
    endloop
  endfacet
  facet normal 0.777176 0.629284 0
    outer loop
      vertex 30.2588 25.3901 0
      vertex 31.1264 24.3186 4
      vertex 31.1264 24.3186 0
    endloop
  endfacet
  facet normal 0.945533 -0.325526 0
    outer loop
      vertex 37.1179 -13.5098 4
      vertex 37.5667 -12.2062 0
      vertex 37.5667 -12.2062 4
    endloop
  endfacet
  facet normal 0.945533 -0.325526 0
    outer loop
      vertex 37.5667 -12.2062 0
      vertex 37.1179 -13.5098 4
      vertex 37.1179 -13.5098 0
    endloop
  endfacet
  facet normal -0.156447 -0.987686 0
    outer loop
      vertex -6.8591 -38.8999 0
      vertex -5.49734 -39.1156 4
      vertex -6.8591 -38.8999 4
    endloop
  endfacet
  facet normal -0.156447 -0.987686 -0
    outer loop
      vertex -5.49734 -39.1156 4
      vertex -6.8591 -38.8999 0
      vertex -5.49734 -39.1156 0
    endloop
  endfacet
  facet normal 0.906335 0.42256 0
    outer loop
      vertex 36.085 16.0661 4
      vertex 35.5024 17.3157 0
      vertex 35.5024 17.3157 4
    endloop
  endfacet
  facet normal 0.906335 0.42256 0
    outer loop
      vertex 35.5024 17.3157 0
      vertex 36.085 16.0661 4
      vertex 36.085 16.0661 0
    endloop
  endfacet
  facet normal 0.874632 -0.484787 0
    outer loop
      vertex 34.208 -19.75 4
      vertex 34.8764 -18.5441 0
      vertex 34.8764 -18.5441 4
    endloop
  endfacet
  facet normal 0.874632 -0.484787 0
    outer loop
      vertex 34.8764 -18.5441 0
      vertex 34.208 -19.75 4
      vertex 34.208 -19.75 0
    endloop
  endfacet
  facet normal 0.325526 0.945533 -0
    outer loop
      vertex 13.5098 37.1179 0
      vertex 12.2062 37.5667 4
      vertex 13.5098 37.1179 4
    endloop
  endfacet
  facet normal 0.325526 0.945533 0
    outer loop
      vertex 12.2062 37.5667 4
      vertex 13.5098 37.1179 0
      vertex 12.2062 37.5667 0
    endloop
  endfacet
  facet normal 0.992549 -0.12185 0
    outer loop
      vertex 39.1156 -5.49734 4
      vertex 39.2836 -4.12887 0
      vertex 39.2836 -4.12887 4
    endloop
  endfacet
  facet normal 0.992549 -0.12185 0
    outer loop
      vertex 39.2836 -4.12887 0
      vertex 39.1156 -5.49734 4
      vertex 39.1156 -5.49734 0
    endloop
  endfacet
  facet normal -0.292368 0.956306 0
    outer loop
      vertex -10.8877 37.9698 0
      vertex -12.2062 37.5667 4
      vertex -10.8877 37.9698 4
    endloop
  endfacet
  facet normal -0.292368 0.956306 0
    outer loop
      vertex -12.2062 37.5667 4
      vertex -10.8877 37.9698 0
      vertex -12.2062 37.5667 0
    endloop
  endfacet
  facet normal -0.754702 0.656067 0
    outer loop
      vertex -30.2588 25.3901 0
      vertex -29.3542 26.4307 4
      vertex -29.3542 26.4307 0
    endloop
  endfacet
  facet normal -0.754702 0.656067 0
    outer loop
      vertex -29.3542 26.4307 4
      vertex -30.2588 25.3901 0
      vertex -30.2588 25.3901 4
    endloop
  endfacet
  facet normal 0.731337 0.682016 0
    outer loop
      vertex 29.3542 26.4307 4
      vertex 28.4139 27.439 0
      vertex 28.4139 27.439 4
    endloop
  endfacet
  facet normal 0.731337 0.682016 0
    outer loop
      vertex 28.4139 27.439 0
      vertex 29.3542 26.4307 4
      vertex 29.3542 26.4307 0
    endloop
  endfacet
  facet normal 0.707107 0.707107 0
    outer loop
      vertex 28.4139 27.439 4
      vertex 27.439 28.4139 0
      vertex 27.439 28.4139 4
    endloop
  endfacet
  facet normal 0.707107 0.707107 0
    outer loop
      vertex 27.439 28.4139 0
      vertex 28.4139 27.439 4
      vertex 28.4139 27.439 0
    endloop
  endfacet
  facet normal 0.190826 -0.981624 0
    outer loop
      vertex 6.8591 -38.8999 0
      vertex 8.21251 -38.6368 4
      vertex 6.8591 -38.8999 4
    endloop
  endfacet
  facet normal 0.190826 -0.981624 0
    outer loop
      vertex 8.21251 -38.6368 4
      vertex 6.8591 -38.8999 0
      vertex 8.21251 -38.6368 0
    endloop
  endfacet
  facet normal -0.484787 -0.874632 0
    outer loop
      vertex -19.75 -34.208 0
      vertex -18.5441 -34.8764 4
      vertex -19.75 -34.208 4
    endloop
  endfacet
  facet normal -0.484787 -0.874632 -0
    outer loop
      vertex -18.5441 -34.8764 4
      vertex -19.75 -34.208 0
      vertex -18.5441 -34.8764 0
    endloop
  endfacet
  facet normal -0.857166 -0.51504 0
    outer loop
      vertex -33.4979 -20.9318 0
      vertex -34.208 -19.75 4
      vertex -34.208 -19.75 0
    endloop
  endfacet
  facet normal -0.857166 -0.51504 0
    outer loop
      vertex -34.208 -19.75 4
      vertex -33.4979 -20.9318 0
      vertex -33.4979 -20.9318 4
    endloop
  endfacet
  facet normal 0.682016 -0.731337 0
    outer loop
      vertex 26.4307 -29.3542 0
      vertex 27.439 -28.4139 4
      vertex 26.4307 -29.3542 4
    endloop
  endfacet
  facet normal 0.682016 -0.731337 0
    outer loop
      vertex 27.439 -28.4139 4
      vertex 26.4307 -29.3542 0
      vertex 27.439 -28.4139 0
    endloop
  endfacet
  facet normal 0.798614 -0.601844 0
    outer loop
      vertex 31.1264 -24.3186 4
      vertex 31.9562 -23.2175 0
      vertex 31.9562 -23.2175 4
    endloop
  endfacet
  facet normal 0.798614 -0.601844 0
    outer loop
      vertex 31.9562 -23.2175 0
      vertex 31.1264 -24.3186 4
      vertex 31.1264 -24.3186 0
    endloop
  endfacet
  facet normal 0.838674 -0.544634 0
    outer loop
      vertex 32.747 -22.0881 4
      vertex 33.4979 -20.9318 0
      vertex 33.4979 -20.9318 4
    endloop
  endfacet
  facet normal 0.838674 -0.544634 0
    outer loop
      vertex 33.4979 -20.9318 0
      vertex 32.747 -22.0881 4
      vertex 32.747 -22.0881 0
    endloop
  endfacet
  facet normal -0.777176 0.629284 0
    outer loop
      vertex -31.1264 24.3186 0
      vertex -30.2588 25.3901 4
      vertex -30.2588 25.3901 0
    endloop
  endfacet
  facet normal -0.777176 0.629284 0
    outer loop
      vertex -30.2588 25.3901 4
      vertex -31.1264 24.3186 0
      vertex -31.1264 24.3186 4
    endloop
  endfacet
  facet normal 0.945533 0.325526 0
    outer loop
      vertex 37.5667 12.2062 4
      vertex 37.1179 13.5098 0
      vertex 37.1179 13.5098 4
    endloop
  endfacet
  facet normal 0.945533 0.325526 0
    outer loop
      vertex 37.1179 13.5098 0
      vertex 37.5667 12.2062 4
      vertex 37.5667 12.2062 0
    endloop
  endfacet
  facet normal 0.956306 0.292368 0
    outer loop
      vertex 37.9698 10.8877 4
      vertex 37.5667 12.2062 0
      vertex 37.5667 12.2062 4
    endloop
  endfacet
  facet normal 0.956306 0.292368 0
    outer loop
      vertex 37.5667 12.2062 0
      vertex 37.9698 10.8877 4
      vertex 37.9698 10.8877 0
    endloop
  endfacet
  facet normal 0.484787 0.874632 -0
    outer loop
      vertex 19.75 34.208 0
      vertex 18.5441 34.8764 4
      vertex 19.75 34.208 4
    endloop
  endfacet
  facet normal 0.484787 0.874632 0
    outer loop
      vertex 18.5441 34.8764 4
      vertex 19.75 34.208 0
      vertex 18.5441 34.8764 0
    endloop
  endfacet
  facet normal -0.454047 -0.890977 0
    outer loop
      vertex -18.5441 -34.8764 0
      vertex -17.3157 -35.5024 4
      vertex -18.5441 -34.8764 4
    endloop
  endfacet
  facet normal -0.454047 -0.890977 -0
    outer loop
      vertex -17.3157 -35.5024 4
      vertex -18.5441 -34.8764 0
      vertex -17.3157 -35.5024 0
    endloop
  endfacet
  facet normal -0.920479 -0.390792 0
    outer loop
      vertex -36.085 -16.0661 0
      vertex -36.6238 -14.797 4
      vertex -36.6238 -14.797 0
    endloop
  endfacet
  facet normal -0.920479 -0.390792 0
    outer loop
      vertex -36.6238 -14.797 4
      vertex -36.085 -16.0661 0
      vertex -36.085 -16.0661 4
    endloop
  endfacet
  facet normal -0.258851 -0.965917 0
    outer loop
      vertex -10.8877 -37.9698 0
      vertex -9.55591 -38.3267 4
      vertex -10.8877 -37.9698 4
    endloop
  endfacet
  facet normal -0.258851 -0.965917 -0
    outer loop
      vertex -9.55591 -38.3267 4
      vertex -10.8877 -37.9698 0
      vertex -9.55591 -38.3267 0
    endloop
  endfacet
  facet normal 0.920479 -0.390792 0
    outer loop
      vertex 36.085 -16.0661 4
      vertex 36.6238 -14.797 0
      vertex 36.6238 -14.797 4
    endloop
  endfacet
  facet normal 0.920479 -0.390792 0
    outer loop
      vertex 36.6238 -14.797 0
      vertex 36.085 -16.0661 4
      vertex 36.085 -16.0661 0
    endloop
  endfacet
  facet normal -0.190862 0.981617 0
    outer loop
      vertex -7.41379 38.7921 0
      vertex -8.21251 38.6368 4
      vertex -7.41379 38.7921 4
    endloop
  endfacet
  facet normal -0.190862 0.981617 0
    outer loop
      vertex -8.21251 38.6368 4
      vertex -7.41379 38.7921 0
      vertex -8.21251 38.6368 0
    endloop
  endfacet
  facet normal 0.544634 0.838674 -0
    outer loop
      vertex 22.0881 32.747 0
      vertex 20.9318 33.4979 4
      vertex 22.0881 32.747 4
    endloop
  endfacet
  facet normal 0.544634 0.838674 0
    outer loop
      vertex 20.9318 33.4979 4
      vertex 22.0881 32.747 0
      vertex 20.9318 33.4979 0
    endloop
  endfacet
  facet normal -0.390792 0.920479 0
    outer loop
      vertex -14.797 36.6238 0
      vertex -16.0661 36.085 4
      vertex -14.797 36.6238 4
    endloop
  endfacet
  facet normal -0.390792 0.920479 0
    outer loop
      vertex -16.0661 36.085 4
      vertex -14.797 36.6238 0
      vertex -16.0661 36.085 0
    endloop
  endfacet
  facet normal -0.933583 0.358362 0
    outer loop
      vertex -37.1179 13.5098 0
      vertex -36.6238 14.797 4
      vertex -36.6238 14.797 0
    endloop
  endfacet
  facet normal -0.933583 0.358362 0
    outer loop
      vertex -36.6238 14.797 4
      vertex -37.1179 13.5098 0
      vertex -37.1179 13.5098 4
    endloop
  endfacet
  facet normal -0.51504 -0.857166 0
    outer loop
      vertex -20.9318 -33.4979 0
      vertex -19.75 -34.208 4
      vertex -20.9318 -33.4979 4
    endloop
  endfacet
  facet normal -0.51504 -0.857166 -0
    outer loop
      vertex -19.75 -34.208 4
      vertex -20.9318 -33.4979 0
      vertex -19.75 -34.208 0
    endloop
  endfacet
  facet normal 0.454047 -0.890977 0
    outer loop
      vertex 17.3157 -35.5024 0
      vertex 18.5441 -34.8764 4
      vertex 17.3157 -35.5024 4
    endloop
  endfacet
  facet normal 0.454047 -0.890977 0
    outer loop
      vertex 18.5441 -34.8764 4
      vertex 17.3157 -35.5024 0
      vertex 18.5441 -34.8764 0
    endloop
  endfacet
  facet normal -0.777176 -0.629284 0
    outer loop
      vertex -30.2588 -25.3901 0
      vertex -31.1264 -24.3186 4
      vertex -31.1264 -24.3186 0
    endloop
  endfacet
  facet normal -0.777176 -0.629284 0
    outer loop
      vertex -31.1264 -24.3186 4
      vertex -30.2588 -25.3901 0
      vertex -30.2588 -25.3901 4
    endloop
  endfacet
  facet normal -0.656067 -0.754702 0
    outer loop
      vertex -26.4307 -29.3542 0
      vertex -25.3901 -30.2588 4
      vertex -26.4307 -29.3542 4
    endloop
  endfacet
  facet normal -0.656067 -0.754702 -0
    outer loop
      vertex -25.3901 -30.2588 4
      vertex -26.4307 -29.3542 0
      vertex -25.3901 -30.2588 0
    endloop
  endfacet
  facet normal -0.544634 0.838674 0
    outer loop
      vertex -20.9318 33.4979 0
      vertex -22.0881 32.747 4
      vertex -20.9318 33.4979 4
    endloop
  endfacet
  facet normal -0.544634 0.838674 0
    outer loop
      vertex -22.0881 32.747 4
      vertex -20.9318 33.4979 0
      vertex -22.0881 32.747 0
    endloop
  endfacet
  facet normal -0.573569 0.819157 0
    outer loop
      vertex -22.0881 32.747 0
      vertex -23.2175 31.9562 4
      vertex -22.0881 32.747 4
    endloop
  endfacet
  facet normal -0.573569 0.819157 0
    outer loop
      vertex -23.2175 31.9562 4
      vertex -22.0881 32.747 0
      vertex -23.2175 31.9562 0
    endloop
  endfacet
  facet normal -0.325526 0.945533 0
    outer loop
      vertex -12.2062 37.5667 0
      vertex -13.5098 37.1179 4
      vertex -12.2062 37.5667 4
    endloop
  endfacet
  facet normal -0.325526 0.945533 0
    outer loop
      vertex -13.5098 37.1179 4
      vertex -12.2062 37.5667 0
      vertex -13.5098 37.1179 0
    endloop
  endfacet
  facet normal -0.42256 -0.906335 0
    outer loop
      vertex -17.3157 -35.5024 0
      vertex -16.0661 -36.085 4
      vertex -17.3157 -35.5024 4
    endloop
  endfacet
  facet normal -0.42256 -0.906335 -0
    outer loop
      vertex -16.0661 -36.085 4
      vertex -17.3157 -35.5024 0
      vertex -16.0661 -36.085 0
    endloop
  endfacet
  facet normal -0.998632 0.0522943 0
    outer loop
      vertex -39.4759 1.37853 0
      vertex -39.4038 2.75538 4
      vertex -39.4038 2.75538 0
    endloop
  endfacet
  facet normal -0.998632 0.0522943 0
    outer loop
      vertex -39.4038 2.75538 4
      vertex -39.4759 1.37853 0
      vertex -39.4759 1.37853 4
    endloop
  endfacet
  facet normal 0.981624 0.190826 0
    outer loop
      vertex 38.8999 6.8591 4
      vertex 38.6368 8.21251 0
      vertex 38.6368 8.21251 4
    endloop
  endfacet
  facet normal 0.981624 0.190826 0
    outer loop
      vertex 38.6368 8.21251 0
      vertex 38.8999 6.8591 4
      vertex 38.8999 6.8591 0
    endloop
  endfacet
  facet normal -0.992549 -0.12185 0
    outer loop
      vertex -39.1156 -5.49734 0
      vertex -39.2836 -4.12887 4
      vertex -39.2836 -4.12887 0
    endloop
  endfacet
  facet normal -0.992549 -0.12185 0
    outer loop
      vertex -39.2836 -4.12887 4
      vertex -39.1156 -5.49734 0
      vertex -39.1156 -5.49734 4
    endloop
  endfacet
  facet normal 0.798614 0.601844 0
    outer loop
      vertex 31.9562 23.2175 4
      vertex 31.1264 24.3186 0
      vertex 31.1264 24.3186 4
    endloop
  endfacet
  facet normal 0.798614 0.601844 0
    outer loop
      vertex 31.1264 24.3186 0
      vertex 31.9562 23.2175 4
      vertex 31.9562 23.2175 0
    endloop
  endfacet
  facet normal -0.258851 0.965917 0
    outer loop
      vertex -9.55591 38.3267 0
      vertex -10.8877 37.9698 4
      vertex -9.55591 38.3267 4
    endloop
  endfacet
  facet normal -0.258851 0.965917 0
    outer loop
      vertex -10.8877 37.9698 4
      vertex -9.55591 38.3267 0
      vertex -10.8877 37.9698 0
    endloop
  endfacet
  facet normal 0.544634 -0.838674 0
    outer loop
      vertex 20.9318 -33.4979 0
      vertex 22.0881 -32.747 4
      vertex 20.9318 -33.4979 4
    endloop
  endfacet
  facet normal 0.544634 -0.838674 0
    outer loop
      vertex 22.0881 -32.747 4
      vertex 20.9318 -33.4979 0
      vertex 22.0881 -32.747 0
    endloop
  endfacet
  facet normal 0.51504 -0.857166 0
    outer loop
      vertex 19.75 -34.208 0
      vertex 20.9318 -33.4979 4
      vertex 19.75 -34.208 4
    endloop
  endfacet
  facet normal 0.51504 -0.857166 0
    outer loop
      vertex 20.9318 -33.4979 4
      vertex 19.75 -34.208 0
      vertex 20.9318 -33.4979 0
    endloop
  endfacet
  facet normal -0.224918 -0.974378 0
    outer loop
      vertex -9.55591 -38.3267 0
      vertex -8.21251 -38.6368 4
      vertex -9.55591 -38.3267 4
    endloop
  endfacet
  facet normal -0.224918 -0.974378 -0
    outer loop
      vertex -8.21251 -38.6368 4
      vertex -9.55591 -38.3267 0
      vertex -8.21251 -38.6368 0
    endloop
  endfacet
  facet normal 0.12185 -0.992549 0
    outer loop
      vertex 4.12887 -39.2836 0
      vertex 5.49734 -39.1156 4
      vertex 4.12887 -39.2836 4
    endloop
  endfacet
  facet normal 0.12185 -0.992549 0
    outer loop
      vertex 5.49734 -39.1156 4
      vertex 4.12887 -39.2836 0
      vertex 5.49734 -39.1156 0
    endloop
  endfacet
  facet normal -0.906335 0.42256 0
    outer loop
      vertex -36.085 16.0661 0
      vertex -35.5024 17.3157 4
      vertex -35.5024 17.3157 0
    endloop
  endfacet
  facet normal -0.906335 0.42256 0
    outer loop
      vertex -35.5024 17.3157 4
      vertex -36.085 16.0661 0
      vertex -36.085 16.0661 4
    endloop
  endfacet
  facet normal -0.906335 -0.42256 0
    outer loop
      vertex -35.5024 -17.3157 0
      vertex -36.085 -16.0661 4
      vertex -36.085 -16.0661 0
    endloop
  endfacet
  facet normal -0.906335 -0.42256 0
    outer loop
      vertex -36.085 -16.0661 4
      vertex -35.5024 -17.3157 0
      vertex -35.5024 -17.3157 4
    endloop
  endfacet
  facet normal -0.996192 -0.0871811 0
    outer loop
      vertex -39.2836 -4.12887 0
      vertex -39.4038 -2.75538 4
      vertex -39.4038 -2.75538 0
    endloop
  endfacet
  facet normal -0.996192 -0.0871811 0
    outer loop
      vertex -39.4038 -2.75538 4
      vertex -39.2836 -4.12887 0
      vertex -39.2836 -4.12887 4
    endloop
  endfacet
  facet normal -0.390792 -0.920479 0
    outer loop
      vertex -16.0661 -36.085 0
      vertex -14.797 -36.6238 4
      vertex -16.0661 -36.085 4
    endloop
  endfacet
  facet normal -0.390792 -0.920479 -0
    outer loop
      vertex -14.797 -36.6238 4
      vertex -16.0661 -36.085 0
      vertex -14.797 -36.6238 0
    endloop
  endfacet
  facet normal -0.0871993 -0.996191 0
    outer loop
      vertex -4.12887 -39.2836 0
      vertex -3.4 -39.3474 4
      vertex -4.12887 -39.2836 4
    endloop
  endfacet
  facet normal -0.0871993 -0.996191 -0
    outer loop
      vertex -3.4 -39.3474 4
      vertex -4.12887 -39.2836 0
      vertex -3.4 -39.3474 0
    endloop
  endfacet
  facet normal -0.965917 -0.258851 0
    outer loop
      vertex -37.9698 -10.8877 0
      vertex -38.3267 -9.55591 4
      vertex -38.3267 -9.55591 0
    endloop
  endfacet
  facet normal -0.965917 -0.258851 0
    outer loop
      vertex -38.3267 -9.55591 4
      vertex -37.9698 -10.8877 0
      vertex -37.9698 -10.8877 4
    endloop
  endfacet
  facet normal 0.857166 0.51504 0
    outer loop
      vertex 34.208 19.75 4
      vertex 33.4979 20.9318 0
      vertex 33.4979 20.9318 4
    endloop
  endfacet
  facet normal 0.857166 0.51504 0
    outer loop
      vertex 33.4979 20.9318 0
      vertex 34.208 19.75 4
      vertex 34.208 19.75 0
    endloop
  endfacet
  facet normal -0.573569 -0.819157 0
    outer loop
      vertex -23.2175 -31.9562 0
      vertex -22.0881 -32.747 4
      vertex -23.2175 -31.9562 4
    endloop
  endfacet
  facet normal -0.573569 -0.819157 -0
    outer loop
      vertex -22.0881 -32.747 4
      vertex -23.2175 -31.9562 0
      vertex -22.0881 -32.747 0
    endloop
  endfacet
  facet normal 0.656067 -0.754702 0
    outer loop
      vertex 25.3901 -30.2588 0
      vertex 26.4307 -29.3542 4
      vertex 25.3901 -30.2588 4
    endloop
  endfacet
  facet normal 0.656067 -0.754702 0
    outer loop
      vertex 26.4307 -29.3542 4
      vertex 25.3901 -30.2588 0
      vertex 26.4307 -29.3542 0
    endloop
  endfacet
  facet normal 0.224918 0.974378 -0
    outer loop
      vertex 9.55591 38.3267 0
      vertex 8.21251 38.6368 4
      vertex 9.55591 38.3267 4
    endloop
  endfacet
  facet normal 0.224918 0.974378 0
    outer loop
      vertex 8.21251 38.6368 4
      vertex 9.55591 38.3267 0
      vertex 8.21251 38.6368 0
    endloop
  endfacet
  facet normal -0.996192 0.0871811 0
    outer loop
      vertex -39.4038 2.75538 0
      vertex -39.2836 4.12887 4
      vertex -39.2836 4.12887 0
    endloop
  endfacet
  facet normal -0.996192 0.0871811 0
    outer loop
      vertex -39.2836 4.12887 4
      vertex -39.4038 2.75538 0
      vertex -39.4038 2.75538 4
    endloop
  endfacet
  facet normal 0.754702 0.656067 0
    outer loop
      vertex 30.2588 25.3901 4
      vertex 29.3542 26.4307 0
      vertex 29.3542 26.4307 4
    endloop
  endfacet
  facet normal 0.754702 0.656067 0
    outer loop
      vertex 29.3542 26.4307 0
      vertex 30.2588 25.3901 4
      vertex 30.2588 25.3901 0
    endloop
  endfacet
  facet normal -0.798614 -0.601844 0
    outer loop
      vertex -31.1264 -24.3186 0
      vertex -31.9562 -23.2175 4
      vertex -31.9562 -23.2175 0
    endloop
  endfacet
  facet normal -0.798614 -0.601844 0
    outer loop
      vertex -31.9562 -23.2175 4
      vertex -31.1264 -24.3186 0
      vertex -31.1264 -24.3186 4
    endloop
  endfacet
  facet normal -0.544634 -0.838674 0
    outer loop
      vertex -22.0881 -32.747 0
      vertex -20.9318 -33.4979 4
      vertex -22.0881 -32.747 4
    endloop
  endfacet
  facet normal -0.544634 -0.838674 -0
    outer loop
      vertex -20.9318 -33.4979 4
      vertex -22.0881 -32.747 0
      vertex -20.9318 -33.4979 0
    endloop
  endfacet
  facet normal -0.707107 -0.707107 0
    outer loop
      vertex -27.439 -28.4139 0
      vertex -28.4139 -27.439 4
      vertex -28.4139 -27.439 0
    endloop
  endfacet
  facet normal -0.707107 -0.707107 0
    outer loop
      vertex -28.4139 -27.439 4
      vertex -27.439 -28.4139 0
      vertex -27.439 -28.4139 4
    endloop
  endfacet
  facet normal -0.682016 -0.731337 0
    outer loop
      vertex -27.439 -28.4139 0
      vertex -26.4307 -29.3542 4
      vertex -27.439 -28.4139 4
    endloop
  endfacet
  facet normal -0.682016 -0.731337 -0
    outer loop
      vertex -26.4307 -29.3542 4
      vertex -27.439 -28.4139 0
      vertex -26.4307 -29.3542 0
    endloop
  endfacet
  facet normal -0.974378 0.224918 0
    outer loop
      vertex -38.6368 8.21251 0
      vertex -38.3267 9.55591 4
      vertex -38.3267 9.55591 0
    endloop
  endfacet
  facet normal -0.974378 0.224918 0
    outer loop
      vertex -38.3267 9.55591 4
      vertex -38.6368 8.21251 0
      vertex -38.6368 8.21251 4
    endloop
  endfacet
  facet normal -0.190826 -0.981624 0
    outer loop
      vertex -8.21251 -38.6368 0
      vertex -6.8591 -38.8999 4
      vertex -8.21251 -38.6368 4
    endloop
  endfacet
  facet normal -0.190826 -0.981624 -0
    outer loop
      vertex -6.8591 -38.8999 4
      vertex -8.21251 -38.6368 0
      vertex -6.8591 -38.8999 0
    endloop
  endfacet
  facet normal -0.981624 0.190826 0
    outer loop
      vertex -38.8999 6.8591 0
      vertex -38.6368 8.21251 4
      vertex -38.6368 8.21251 0
    endloop
  endfacet
  facet normal -0.981624 0.190826 0
    outer loop
      vertex -38.6368 8.21251 4
      vertex -38.8999 6.8591 0
      vertex -38.8999 6.8591 4
    endloop
  endfacet
  facet normal 0.707107 -0.707107 0
    outer loop
      vertex 27.439 -28.4139 4
      vertex 28.4139 -27.439 0
      vertex 28.4139 -27.439 4
    endloop
  endfacet
  facet normal 0.707107 -0.707107 0
    outer loop
      vertex 28.4139 -27.439 0
      vertex 27.439 -28.4139 4
      vertex 27.439 -28.4139 0
    endloop
  endfacet
  facet normal 0.906335 -0.42256 0
    outer loop
      vertex 35.5024 -17.3157 4
      vertex 36.085 -16.0661 0
      vertex 36.085 -16.0661 4
    endloop
  endfacet
  facet normal 0.906335 -0.42256 0
    outer loop
      vertex 36.085 -16.0661 0
      vertex 35.5024 -17.3157 4
      vertex 35.5024 -17.3157 0
    endloop
  endfacet
  facet normal -0.838674 0.544634 0
    outer loop
      vertex -33.4979 20.9318 0
      vertex -32.747 22.0881 4
      vertex -32.747 22.0881 0
    endloop
  endfacet
  facet normal -0.838674 0.544634 0
    outer loop
      vertex -32.747 22.0881 4
      vertex -33.4979 20.9318 0
      vertex -33.4979 20.9318 4
    endloop
  endfacet
  facet normal 0.292368 0.956306 -0
    outer loop
      vertex 12.2062 37.5667 0
      vertex 10.8877 37.9698 4
      vertex 12.2062 37.5667 4
    endloop
  endfacet
  facet normal 0.292368 0.956306 0
    outer loop
      vertex 10.8877 37.9698 4
      vertex 12.2062 37.5667 0
      vertex 10.8877 37.9698 0
    endloop
  endfacet
  facet normal -0.629284 -0.777176 0
    outer loop
      vertex -25.3901 -30.2588 0
      vertex -24.3186 -31.1264 4
      vertex -25.3901 -30.2588 4
    endloop
  endfacet
  facet normal -0.629284 -0.777176 -0
    outer loop
      vertex -24.3186 -31.1264 4
      vertex -25.3901 -30.2588 0
      vertex -24.3186 -31.1264 0
    endloop
  endfacet
  facet normal 0.974378 -0.224918 0
    outer loop
      vertex 38.3267 -9.55591 4
      vertex 38.6368 -8.21251 0
      vertex 38.6368 -8.21251 4
    endloop
  endfacet
  facet normal 0.974378 -0.224918 0
    outer loop
      vertex 38.6368 -8.21251 0
      vertex 38.3267 -9.55591 4
      vertex 38.3267 -9.55591 0
    endloop
  endfacet
  facet normal 0.981624 -0.190826 0
    outer loop
      vertex 38.6368 -8.21251 4
      vertex 38.8999 -6.8591 0
      vertex 38.8999 -6.8591 4
    endloop
  endfacet
  facet normal 0.981624 -0.190826 0
    outer loop
      vertex 38.8999 -6.8591 0
      vertex 38.6368 -8.21251 4
      vertex 38.6368 -8.21251 0
    endloop
  endfacet
  facet normal -0.857166 0.51504 0
    outer loop
      vertex -34.208 19.75 0
      vertex -33.4979 20.9318 4
      vertex -33.4979 20.9318 0
    endloop
  endfacet
  facet normal -0.857166 0.51504 0
    outer loop
      vertex -33.4979 20.9318 4
      vertex -34.208 19.75 0
      vertex -34.208 19.75 4
    endloop
  endfacet
  facet normal 0.51504 0.857166 -0
    outer loop
      vertex 20.9318 33.4979 0
      vertex 19.75 34.208 4
      vertex 20.9318 33.4979 4
    endloop
  endfacet
  facet normal 0.51504 0.857166 0
    outer loop
      vertex 19.75 34.208 4
      vertex 20.9318 33.4979 0
      vertex 19.75 34.208 0
    endloop
  endfacet
  facet normal -0.292368 -0.956306 0
    outer loop
      vertex -12.2062 -37.5667 0
      vertex -10.8877 -37.9698 4
      vertex -12.2062 -37.5667 4
    endloop
  endfacet
  facet normal -0.292368 -0.956306 -0
    outer loop
      vertex -10.8877 -37.9698 4
      vertex -12.2062 -37.5667 0
      vertex -10.8877 -37.9698 0
    endloop
  endfacet
  facet normal -0.454047 0.890977 0
    outer loop
      vertex -17.3157 35.5024 0
      vertex -18.5441 34.8764 4
      vertex -17.3157 35.5024 4
    endloop
  endfacet
  facet normal -0.454047 0.890977 0
    outer loop
      vertex -18.5441 34.8764 4
      vertex -17.3157 35.5024 0
      vertex -18.5441 34.8764 0
    endloop
  endfacet
  facet normal -0.974378 -0.224918 0
    outer loop
      vertex -38.3267 -9.55591 0
      vertex -38.6368 -8.21251 4
      vertex -38.6368 -8.21251 0
    endloop
  endfacet
  facet normal -0.974378 -0.224918 0
    outer loop
      vertex -38.6368 -8.21251 4
      vertex -38.3267 -9.55591 0
      vertex -38.3267 -9.55591 4
    endloop
  endfacet
  facet normal 0.325526 -0.945533 0
    outer loop
      vertex 12.2062 -37.5667 0
      vertex 13.5098 -37.1179 4
      vertex 12.2062 -37.5667 4
    endloop
  endfacet
  facet normal 0.325526 -0.945533 0
    outer loop
      vertex 13.5098 -37.1179 4
      vertex 12.2062 -37.5667 0
      vertex 13.5098 -37.1179 0
    endloop
  endfacet
  facet normal 0 0 1
    outer loop
      vertex -7.95225 -25.8206 4
      vertex -26.8092 -3.34774 4
      vertex -8.30333 -25.9957 4
    endloop
  endfacet
  facet normal -0 0 1
    outer loop
      vertex -27.0426 -3.66308 4
      vertex -8.30333 -25.9957 4
      vertex -26.8092 -3.34774 4
    endloop
  endfacet
  facet normal 0 0 1
    outer loop
      vertex -8.30333 -25.9957 4
      vertex -27.0426 -3.66308 4
      vertex -8.6227 -26.2235 4
    endloop
  endfacet
  facet normal -0 0 1
    outer loop
      vertex -27.3224 -3.93805 4
      vertex -8.6227 -26.2235 4
      vertex -27.0426 -3.66308 4
    endloop
  endfacet
  facet normal 0 0 1
    outer loop
      vertex -8.6227 -26.2235 4
      vertex -27.3224 -3.93805 4
      vertex -8.90251 -26.4984 4
    endloop
  endfacet
  facet normal -0 0 1
    outer loop
      vertex -30.2588 -25.3901 4
      vertex -8.90251 -26.4984 4
      vertex -27.3224 -3.93805 4
    endloop
  endfacet
  facet normal 0 0 1
    outer loop
      vertex -8.90251 -26.4984 4
      vertex -27.439 -28.4139 4
      vertex -26.4307 -29.3542 4
    endloop
  endfacet
  facet normal 0 0 1
    outer loop
      vertex -30.2588 -25.3901 4
      vertex -27.3224 -3.93805 4
      vertex -27.6418 -4.16586 4
    endloop
  endfacet
  facet normal 0 0 1
    outer loop
      vertex -32.747 -22.0881 4
      vertex -27.6418 -4.16586 4
      vertex -27.9928 -4.3409 4
    endloop
  endfacet
  facet normal 0 0 1
    outer loop
      vertex -34.208 -19.75 4
      vertex -27.9928 -4.3409 4
      vertex -28.367 -4.45886 4
    endloop
  endfacet
  facet normal 0 0 1
    outer loop
      vertex -8.90251 -26.4984 4
      vertex -28.4139 -27.439 4
      vertex -27.439 -28.4139 4
    endloop
  endfacet
  facet normal 0 0 1
    outer loop
      vertex -35.5024 -17.3157 4
      vertex -28.367 -4.45886 4
      vertex -28.755 -4.51685 4
    endloop
  endfacet
  facet normal 0 0 1
    outer loop
      vertex -36.085 -16.0661 4
      vertex -28.755 -4.51685 4
      vertex -29.1472 -4.51342 4
    endloop
  endfacet
  facet normal 0 0 1
    outer loop
      vertex -8.90251 -26.4984 4
      vertex -29.3542 -26.4307 4
      vertex -28.4139 -27.439 4
    endloop
  endfacet
  facet normal 0 0 1
    outer loop
      vertex -37.1179 -13.5098 4
      vertex -29.1472 -4.51342 4
      vertex -29.5342 -4.44868 4
    endloop
  endfacet
  facet normal 0 0 1
    outer loop
      vertex -37.5667 -12.2062 4
      vertex -29.5342 -4.44868 4
      vertex -29.9062 -4.3242 4
    endloop
  endfacet
  facet normal 0 0 1
    outer loop
      vertex -37.9698 -10.8877 4
      vertex -29.9062 -4.3242 4
      vertex -30.2542 -4.14306 4
    endloop
  endfacet
  facet normal 0 0 1
    outer loop
      vertex -8.90251 -26.4984 4
      vertex -30.2588 -25.3901 4
      vertex -29.3542 -26.4307 4
    endloop
  endfacet
  facet normal 0 0 1
    outer loop
      vertex -38.3267 -9.55591 4
      vertex -30.2542 -4.14306 4
      vertex -30.5695 -3.90971 4
    endloop
  endfacet
  facet normal 0 0 1
    outer loop
      vertex -38.6368 -8.21251 4
      vertex -30.5695 -3.90971 4
      vertex -30.8445 -3.62991 4
    endloop
  endfacet
  facet normal 0 0 1
    outer loop
      vertex -38.8999 -6.8591 4
      vertex -30.8445 -3.62991 4
      vertex -31.0723 -3.31053 4
    endloop
  endfacet
  facet normal 0 0 1
    outer loop
      vertex -27.6418 -4.16586 4
      vertex -31.1264 -24.3186 4
      vertex -30.2588 -25.3901 4
    endloop
  endfacet
  facet normal 0 0 1
    outer loop
      vertex -39.1156 -5.49734 4
      vertex -31.0723 -3.31053 4
      vertex -31.2473 -2.95945 4
    endloop
  endfacet
  facet normal 0 0 1
    outer loop
      vertex -39.2836 -4.12887 4
      vertex -31.2473 -2.95945 4
      vertex -31.3653 -2.58531 4
    endloop
  endfacet
  facet normal 0 0 1
    outer loop
      vertex -39.4038 -2.75538 4
      vertex -31.3653 -2.58531 4
      vertex -31.4233 -2.19733 4
    endloop
  endfacet
  facet normal 0 0 1
    outer loop
      vertex -29.1037 0.470972 4
      vertex -37.9698 10.8877 4
      vertex -29.4917 0.412987 4
    endloop
  endfacet
  facet normal 0 0 1
    outer loop
      vertex -27.6418 -4.16586 4
      vertex -31.9562 -23.2175 4
      vertex -31.1264 -24.3186 4
    endloop
  endfacet
  facet normal -0 0 1
    outer loop
      vertex -38.3267 9.55591 4
      vertex -29.4917 0.412987 4
      vertex -37.9698 10.8877 4
    endloop
  endfacet
  facet normal 0 0 1
    outer loop
      vertex -27.6418 -4.16586 4
      vertex -32.747 -22.0881 4
      vertex -31.9562 -23.2175 4
    endloop
  endfacet
  facet normal -0 0 1
    outer loop
      vertex -38.6368 8.21251 4
      vertex -29.4917 0.412987 4
      vertex -38.3267 9.55591 4
    endloop
  endfacet
  facet normal 0 0 1
    outer loop
      vertex -27.9928 -4.3409 4
      vertex -33.4979 -20.9318 4
      vertex -32.747 -22.0881 4
    endloop
  endfacet
  facet normal 0 0 1
    outer loop
      vertex -29.4917 0.412987 4
      vertex -38.6368 8.21251 4
      vertex -29.8659 0.295021 4
    endloop
  endfacet
  facet normal 0 0 1
    outer loop
      vertex -27.9928 -4.3409 4
      vertex -34.208 -19.75 4
      vertex -33.4979 -20.9318 4
    endloop
  endfacet
  facet normal -0 0 1
    outer loop
      vertex -38.8999 6.8591 4
      vertex -29.8659 0.295021 4
      vertex -38.6368 8.21251 4
    endloop
  endfacet
  facet normal 0 0 1
    outer loop
      vertex -28.367 -4.45886 4
      vertex -34.8764 -18.5441 4
      vertex -34.208 -19.75 4
    endloop
  endfacet
  facet normal 0 0 1
    outer loop
      vertex -29.8659 0.295021 4
      vertex -38.8999 6.8591 4
      vertex -30.217 0.11998 4
    endloop
  endfacet
  facet normal 0 0 1
    outer loop
      vertex -28.367 -4.45886 4
      vertex -35.5024 -17.3157 4
      vertex -34.8764 -18.5441 4
    endloop
  endfacet
  facet normal -0 0 1
    outer loop
      vertex -39.1156 5.49734 4
      vertex -30.217 0.11998 4
      vertex -38.8999 6.8591 4
    endloop
  endfacet
  facet normal 0 0 1
    outer loop
      vertex -28.755 -4.51685 4
      vertex -36.085 -16.0661 4
      vertex -35.5024 -17.3157 4
    endloop
  endfacet
  facet normal 0 0 1
    outer loop
      vertex -30.217 0.11998 4
      vertex -39.1156 5.49734 4
      vertex -30.5363 -0.107826 4
    endloop
  endfacet
  facet normal 0 0 1
    outer loop
      vertex -29.1472 -4.51342 4
      vertex -36.6238 -14.797 4
      vertex -36.085 -16.0661 4
    endloop
  endfacet
  facet normal -0 0 1
    outer loop
      vertex -39.2836 4.12887 4
      vertex -30.5363 -0.107826 4
      vertex -39.1156 5.49734 4
    endloop
  endfacet
  facet normal 0 0 1
    outer loop
      vertex -29.1472 -4.51342 4
      vertex -37.1179 -13.5098 4
      vertex -36.6238 -14.797 4
    endloop
  endfacet
  facet normal 0 0 1
    outer loop
      vertex -30.5363 -0.107826 4
      vertex -39.2836 4.12887 4
      vertex -30.8161 -0.38279 4
    endloop
  endfacet
  facet normal 0 0 1
    outer loop
      vertex -29.5342 -4.44868 4
      vertex -37.5667 -12.2062 4
      vertex -37.1179 -13.5098 4
    endloop
  endfacet
  facet normal -0 0 1
    outer loop
      vertex -39.4038 2.75538 4
      vertex -30.8161 -0.38279 4
      vertex -39.2836 4.12887 4
    endloop
  endfacet
  facet normal 0 0 1
    outer loop
      vertex -29.9062 -4.3242 4
      vertex -37.9698 -10.8877 4
      vertex -37.5667 -12.2062 4
    endloop
  endfacet
  facet normal 0 0 1
    outer loop
      vertex -30.8161 -0.38279 4
      vertex -39.4038 2.75538 4
      vertex -31.0495 -0.698139 4
    endloop
  endfacet
  facet normal 0 0 1
    outer loop
      vertex -30.2542 -4.14306 4
      vertex -38.3267 -9.55591 4
      vertex -37.9698 -10.8877 4
    endloop
  endfacet
  facet normal -0 0 1
    outer loop
      vertex -39.4759 1.37853 4
      vertex -31.0495 -0.698139 4
      vertex -39.4038 2.75538 4
    endloop
  endfacet
  facet normal 0 0 1
    outer loop
      vertex -30.5695 -3.90971 4
      vertex -38.6368 -8.21251 4
      vertex -38.3267 -9.55591 4
    endloop
  endfacet
  facet normal 0 0 1
    outer loop
      vertex -31.0495 -0.698139 4
      vertex -39.4759 1.37853 4
      vertex -31.2306 -1.04611 4
    endloop
  endfacet
  facet normal 0 0 1
    outer loop
      vertex -30.8445 -3.62991 4
      vertex -38.8999 -6.8591 4
      vertex -38.6368 -8.21251 4
    endloop
  endfacet
  facet normal -0 0 1
    outer loop
      vertex -39.5 0 4
      vertex -31.2306 -1.04611 4
      vertex -39.4759 1.37853 4
    endloop
  endfacet
  facet normal 0 0 1
    outer loop
      vertex -31.0723 -3.31053 4
      vertex -39.1156 -5.49734 4
      vertex -38.8999 -6.8591 4
    endloop
  endfacet
  facet normal 0 0 1
    outer loop
      vertex -31.2306 -1.04611 4
      vertex -39.5 0 4
      vertex -31.3551 -1.41813 4
    endloop
  endfacet
  facet normal 0 0 1
    outer loop
      vertex -31.2473 -2.95945 4
      vertex -39.2836 -4.12887 4
      vertex -39.1156 -5.49734 4
    endloop
  endfacet
  facet normal -0 -0 1
    outer loop
      vertex -39.4759 -1.37853 4
      vertex -31.3551 -1.41813 4
      vertex -39.5 0 4
    endloop
  endfacet
  facet normal 0 0 1
    outer loop
      vertex -31.3653 -2.58531 4
      vertex -39.4038 -2.75538 4
      vertex -39.2836 -4.12887 4
    endloop
  endfacet
  facet normal 0 0 1
    outer loop
      vertex -31.3551 -1.41813 4
      vertex -39.4759 -1.37853 4
      vertex -31.4198 -1.80505 4
    endloop
  endfacet
  facet normal 0 0 1
    outer loop
      vertex -31.4198 -1.80505 4
      vertex -39.4038 -2.75538 4
      vertex -31.4233 -2.19733 4
    endloop
  endfacet
  facet normal 0 -0 1
    outer loop
      vertex -39.4038 -2.75538 4
      vertex -31.4198 -1.80505 4
      vertex -39.4759 -1.37853 4
    endloop
  endfacet
  facet normal 0 0 1
    outer loop
      vertex 3.4 -37 4
      vertex -4.57981 -27.5762 4
      vertex -4.52182 -27.9642 4
    endloop
  endfacet
  facet normal 0 0 1
    outer loop
      vertex 1.70871 0.499063 4
      vertex -4.69777 -27.2021 4
      vertex -4.57981 -27.5762 4
    endloop
  endfacet
  facet normal 0 0 1
    outer loop
      vertex -9.22344 28.7751 4
      vertex -4.41545 36.5276 4
      vertex -4.76867 36.7102 4
    endloop
  endfacet
  facet normal 0 0 1
    outer loop
      vertex 2.5624 4.89089 4
      vertex -11.0815 24.3978 4
      vertex 2.39989 4.41894 4
    endloop
  endfacet
  facet normal 0 0 1
    outer loop
      vertex 1.70871 0.499063 4
      vertex -4.87282 -26.851 4
      vertex -4.69777 -27.2021 4
    endloop
  endfacet
  facet normal 0 0 1
    outer loop
      vertex -9.53879 29.0085 4
      vertex -4.76867 36.7102 4
      vertex -5.11435 36.9068 4
    endloop
  endfacet
  facet normal 0 0 1
    outer loop
      vertex 2.39989 4.41894 4
      vertex -11.0815 24.3978 4
      vertex 2.25396 3.94161 4
    endloop
  endfacet
  facet normal 0 0 1
    outer loop
      vertex -9.88676 29.1896 4
      vertex -5.11435 36.9068 4
      vertex -5.45195 37.1169 4
    endloop
  endfacet
  facet normal 0 0 1
    outer loop
      vertex 1.70871 0.499063 4
      vertex -5.10062 -26.5316 4
      vertex -4.87282 -26.851 4
    endloop
  endfacet
  facet normal 0 0 1
    outer loop
      vertex -9.88676 29.1896 4
      vertex -5.45195 37.1169 4
      vertex -5.78092 37.3403 4
    endloop
  endfacet
  facet normal 0 0 1
    outer loop
      vertex -26.7864 -0.735342 4
      vertex 2.25396 3.94161 4
      vertex -11.0815 24.3978 4
    endloop
  endfacet
  facet normal 0 0 1
    outer loop
      vertex -10.2588 29.3141 4
      vertex -5.78092 37.3403 4
      vertex -6.10075 37.5766 4
    endloop
  endfacet
  facet normal 0 0 1
    outer loop
      vertex -4.41545 36.5276 4
      vertex -8.3731 26.6704 4
      vertex -8.43785 26.2835 4
    endloop
  endfacet
  facet normal 0 0 1
    outer loop
      vertex -9.55591 38.3267 4
      vertex -6.10075 37.5766 4
      vertex -6.41094 37.8254 4
    endloop
  endfacet
  facet normal 0 0 1
    outer loop
      vertex -9.55591 38.3267 4
      vertex -6.41094 37.8254 4
      vertex -6.71098 38.0863 4
    endloop
  endfacet
  facet normal 0 0 1
    outer loop
      vertex 1.70871 0.499063 4
      vertex -5.37559 -26.2518 4
      vertex -5.10062 -26.5316 4
    endloop
  endfacet
  facet normal 0 0 1
    outer loop
      vertex -8.21251 38.6368 4
      vertex -6.71098 38.0863 4
      vertex -7.00042 38.359 4
    endloop
  endfacet
  facet normal 0 0 1
    outer loop
      vertex 2.25396 3.94161 4
      vertex -26.7864 -0.735342 4
      vertex 2.12477 3.45948 4
    endloop
  endfacet
  facet normal -0 0 1
    outer loop
      vertex -8.21251 38.6368 4
      vertex -7.00042 38.359 4
      vertex -7.27879 38.6429 4
    endloop
  endfacet
  facet normal 0 0 1
    outer loop
      vertex -8.21251 38.6368 4
      vertex -7.27879 38.6429 4
      vertex -7.41379 38.7921 4
    endloop
  endfacet
  facet normal 0 0 1
    outer loop
      vertex 1.70871 0.499063 4
      vertex -5.69094 -26.0185 4
      vertex -5.37559 -26.2518 4
    endloop
  endfacet
  facet normal 0 0 1
    outer loop
      vertex 2.12477 3.45948 4
      vertex -26.7864 -0.735342 4
      vertex 2.01249 2.97314 4
    endloop
  endfacet
  facet normal 0 0 1
    outer loop
      vertex -6.71098 38.0863 4
      vertex -8.21251 38.6368 4
      vertex -9.55591 38.3267 4
    endloop
  endfacet
  facet normal 0 0 1
    outer loop
      vertex -4.41545 36.5276 4
      vertex -8.36968 27.0627 4
      vertex -8.3731 26.6704 4
    endloop
  endfacet
  facet normal 0 0 1
    outer loop
      vertex 1.70871 0.499063 4
      vertex -6.03891 -25.8373 4
      vertex -5.69094 -26.0185 4
    endloop
  endfacet
  facet normal 0 0 1
    outer loop
      vertex -4.41545 36.5276 4
      vertex -8.42767 27.4507 4
      vertex -8.36968 27.0627 4
    endloop
  endfacet
  facet normal 0 0 1
    outer loop
      vertex -4.41545 36.5276 4
      vertex -8.54563 27.8248 4
      vertex -8.42767 27.4507 4
    endloop
  endfacet
  facet normal 0 0 1
    outer loop
      vertex -4.41545 36.5276 4
      vertex -8.72067 28.1759 4
      vertex -8.54563 27.8248 4
    endloop
  endfacet
  facet normal 0 0 1
    outer loop
      vertex -4.41545 36.5276 4
      vertex -8.94848 28.4953 4
      vertex -8.72067 28.1759 4
    endloop
  endfacet
  facet normal 0 0 1
    outer loop
      vertex -4.41545 36.5276 4
      vertex -9.22344 28.7751 4
      vertex -8.94848 28.4953 4
    endloop
  endfacet
  facet normal 0 0 1
    outer loop
      vertex -4.76867 36.7102 4
      vertex -9.53879 29.0085 4
      vertex -9.22344 28.7751 4
    endloop
  endfacet
  facet normal 0 0 1
    outer loop
      vertex -6.10075 37.5766 4
      vertex -9.55591 38.3267 4
      vertex -10.2588 29.3141 4
    endloop
  endfacet
  facet normal 0 0 1
    outer loop
      vertex -5.11435 36.9068 4
      vertex -9.88676 29.1896 4
      vertex -9.53879 29.0085 4
    endloop
  endfacet
  facet normal 0 0 1
    outer loop
      vertex -5.78092 37.3403 4
      vertex -10.2588 29.3141 4
      vertex -9.88676 29.1896 4
    endloop
  endfacet
  facet normal -0 0 1
    outer loop
      vertex -10.8877 37.9698 4
      vertex -10.2588 29.3141 4
      vertex -9.55591 38.3267 4
    endloop
  endfacet
  facet normal 0 0 1
    outer loop
      vertex -10.2588 29.3141 4
      vertex -10.8877 37.9698 4
      vertex -10.6457 29.3788 4
    endloop
  endfacet
  facet normal -0 0 1
    outer loop
      vertex -12.2062 37.5667 4
      vertex -10.6457 29.3788 4
      vertex -10.8877 37.9698 4
    endloop
  endfacet
  facet normal 0 0 1
    outer loop
      vertex -10.6457 29.3788 4
      vertex -12.2062 37.5667 4
      vertex -11.038 29.3822 4
    endloop
  endfacet
  facet normal -0 0 1
    outer loop
      vertex -13.5098 37.1179 4
      vertex -11.038 29.3822 4
      vertex -12.2062 37.5667 4
    endloop
  endfacet
  facet normal 0 0 1
    outer loop
      vertex -11.038 29.3822 4
      vertex -13.5098 37.1179 4
      vertex -11.426 29.3243 4
    endloop
  endfacet
  facet normal -0 0 1
    outer loop
      vertex -14.797 36.6238 4
      vertex -11.426 29.3243 4
      vertex -13.5098 37.1179 4
    endloop
  endfacet
  facet normal 0 0 1
    outer loop
      vertex -11.426 29.3243 4
      vertex -14.797 36.6238 4
      vertex -11.8001 29.2063 4
    endloop
  endfacet
  facet normal 0 0 1
    outer loop
      vertex -11.8001 29.2063 4
      vertex -14.797 36.6238 4
      vertex -12.1512 29.0312 4
    endloop
  endfacet
  facet normal -0 0 1
    outer loop
      vertex -16.0661 36.085 4
      vertex -12.1512 29.0312 4
      vertex -14.797 36.6238 4
    endloop
  endfacet
  facet normal 0 0 1
    outer loop
      vertex -12.1512 29.0312 4
      vertex -16.0661 36.085 4
      vertex -12.4706 28.8034 4
    endloop
  endfacet
  facet normal -0 0 1
    outer loop
      vertex -17.3157 35.5024 4
      vertex -12.4706 28.8034 4
      vertex -16.0661 36.085 4
    endloop
  endfacet
  facet normal 0 0 1
    outer loop
      vertex -12.4706 28.8034 4
      vertex -17.3157 35.5024 4
      vertex -12.7504 28.5285 4
    endloop
  endfacet
  facet normal 0 0 1
    outer loop
      vertex -12.7504 28.5285 4
      vertex -18.5441 34.8764 4
      vertex -12.9837 28.2131 4
    endloop
  endfacet
  facet normal -0 0 1
    outer loop
      vertex -18.5441 34.8764 4
      vertex -12.7504 28.5285 4
      vertex -17.3157 35.5024 4
    endloop
  endfacet
  facet normal 0 -0 1
    outer loop
      vertex -26.6114 -1.08642 4
      vertex 2.01249 2.97314 4
      vertex -26.7864 -0.735342 4
    endloop
  endfacet
  facet normal 0 0 1
    outer loop
      vertex 1.70871 0.499063 4
      vertex -6.41093 -25.7128 4
      vertex -6.03891 -25.8373 4
    endloop
  endfacet
  facet normal 0 0 1
    outer loop
      vertex 2.01249 2.97314 4
      vertex -26.6114 -1.08642 4
      vertex 1.91725 2.48317 4
    endloop
  endfacet
  facet normal 0 0 1
    outer loop
      vertex -26.4389 -2.24083 4
      vertex 1.70871 0.499063 4
      vertex -26.4354 -1.84855 4
    endloop
  endfacet
  facet normal 0 0 1
    outer loop
      vertex 1.70871 0.499063 4
      vertex -6.79784 -25.6481 4
      vertex -6.41093 -25.7128 4
    endloop
  endfacet
  facet normal 0 0 1
    outer loop
      vertex 1.70871 0.499063 4
      vertex -7.19013 -25.6447 4
      vertex -6.79784 -25.6481 4
    endloop
  endfacet
  facet normal 0 0 1
    outer loop
      vertex 1.70871 0.499063 4
      vertex -7.57811 -25.7027 4
      vertex -7.19013 -25.6447 4
    endloop
  endfacet
  facet normal 0 0 1
    outer loop
      vertex -26.5036 -2.62774 4
      vertex 1.70871 0.499063 4
      vertex -26.4389 -2.24083 4
    endloop
  endfacet
  facet normal 0 0 1
    outer loop
      vertex -26.6281 -2.99977 4
      vertex 1.70871 0.499063 4
      vertex -26.5036 -2.62774 4
    endloop
  endfacet
  facet normal 0 0 1
    outer loop
      vertex 1.70871 0.499063 4
      vertex -26.6281 -2.99977 4
      vertex -7.57811 -25.7027 4
    endloop
  endfacet
  facet normal 0 0 1
    outer loop
      vertex -7.57811 -25.7027 4
      vertex -26.6281 -2.99977 4
      vertex -7.95225 -25.8206 4
    endloop
  endfacet
  facet normal -0 0 1
    outer loop
      vertex -26.8092 -3.34774 4
      vertex -7.95225 -25.8206 4
      vertex -26.6281 -2.99977 4
    endloop
  endfacet
  facet normal 0 0 1
    outer loop
      vertex -8.90251 -26.4984 4
      vertex -26.4307 -29.3542 4
      vertex -9.13585 -26.8138 4
    endloop
  endfacet
  facet normal 0 -0 1
    outer loop
      vertex -25.3901 -30.2588 4
      vertex -9.13585 -26.8138 4
      vertex -26.4307 -29.3542 4
    endloop
  endfacet
  facet normal 0 0 1
    outer loop
      vertex -9.13585 -26.8138 4
      vertex -25.3901 -30.2588 4
      vertex -9.317 -27.1617 4
    endloop
  endfacet
  facet normal 0 -0 1
    outer loop
      vertex -24.3186 -31.1264 4
      vertex -9.317 -27.1617 4
      vertex -25.3901 -30.2588 4
    endloop
  endfacet
  facet normal 0 0 1
    outer loop
      vertex 1.91725 2.48317 4
      vertex -26.6114 -1.08642 4
      vertex 1.83917 1.99018 4
    endloop
  endfacet
  facet normal 0 0 1
    outer loop
      vertex 1.83917 1.99018 4
      vertex -26.6114 -1.08642 4
      vertex 1.77834 1.49476 4
    endloop
  endfacet
  facet normal 0 -0 1
    outer loop
      vertex -23.2175 -31.9562 4
      vertex -9.317 -27.1617 4
      vertex -24.3186 -31.1264 4
    endloop
  endfacet
  facet normal 0 -0 1
    outer loop
      vertex -26.4934 -1.46056 4
      vertex 1.77834 1.49476 4
      vertex -26.6114 -1.08642 4
    endloop
  endfacet
  facet normal 0 0 1
    outer loop
      vertex -26.7864 -0.735342 4
      vertex -11.0815 24.3978 4
      vertex -11.4684 24.4626 4
    endloop
  endfacet
  facet normal 0 0 1
    outer loop
      vertex -27.0142 -0.415968 4
      vertex -11.4684 24.4626 4
      vertex -11.8404 24.5871 4
    endloop
  endfacet
  facet normal 0 0 1
    outer loop
      vertex -27.2892 -0.136164 4
      vertex -11.8404 24.5871 4
      vertex -12.1884 24.7682 4
    endloop
  endfacet
  facet normal 0 0 1
    outer loop
      vertex -9.50964 -28.313 4
      vertex -10.8877 -37.9698 4
      vertex -9.55591 -38.3267 4
    endloop
  endfacet
  facet normal 0 0 1
    outer loop
      vertex -27.6046 0.0971823 4
      vertex -12.1884 24.7682 4
      vertex -12.5037 25.0016 4
    endloop
  endfacet
  facet normal 0 0 1
    outer loop
      vertex -31.1264 24.3186 4
      vertex -12.5037 25.0016 4
      vertex -12.7787 25.2814 4
    endloop
  endfacet
  facet normal 0 0 1
    outer loop
      vertex -29.3542 26.4307 4
      vertex -12.7787 25.2814 4
      vertex -13.0065 25.6007 4
    endloop
  endfacet
  facet normal 0 0 1
    outer loop
      vertex -27.439 28.4139 4
      vertex -13.0065 25.6007 4
      vertex -13.1816 25.9518 4
    endloop
  endfacet
  facet normal 0 0 1
    outer loop
      vertex -26.4307 29.3542 4
      vertex -13.1816 25.9518 4
      vertex -13.2995 26.326 4
    endloop
  endfacet
  facet normal 0 0 1
    outer loop
      vertex -24.3186 31.1264 4
      vertex -13.2995 26.326 4
      vertex -13.3575 26.7139 4
    endloop
  endfacet
  facet normal 0 0 1
    outer loop
      vertex -9.50964 -28.313 4
      vertex -12.2062 -37.5667 4
      vertex -10.8877 -37.9698 4
    endloop
  endfacet
  facet normal -0 0 1
    outer loop
      vertex -19.75 34.208 4
      vertex -12.9837 28.2131 4
      vertex -18.5441 34.8764 4
    endloop
  endfacet
  facet normal 0 0 1
    outer loop
      vertex -12.9837 28.2131 4
      vertex -19.75 34.208 4
      vertex -13.1649 27.8652 4
    endloop
  endfacet
  facet normal 0 0 1
    outer loop
      vertex -9.50964 -28.313 4
      vertex -13.5098 -37.1179 4
      vertex -12.2062 -37.5667 4
    endloop
  endfacet
  facet normal -0 0 1
    outer loop
      vertex -20.9318 33.4979 4
      vertex -13.1649 27.8652 4
      vertex -19.75 34.208 4
    endloop
  endfacet
  facet normal 0 0 1
    outer loop
      vertex -9.50964 -28.313 4
      vertex -14.797 -36.6238 4
      vertex -13.5098 -37.1179 4
    endloop
  endfacet
  facet normal 0 0 1
    outer loop
      vertex -13.1649 27.8652 4
      vertex -20.9318 33.4979 4
      vertex -13.2893 27.4931 4
    endloop
  endfacet
  facet normal 0 0 1
    outer loop
      vertex -9.50964 -28.313 4
      vertex -16.0661 -36.085 4
      vertex -14.797 -36.6238 4
    endloop
  endfacet
  facet normal -0 0 1
    outer loop
      vertex -22.0881 32.747 4
      vertex -13.2893 27.4931 4
      vertex -20.9318 33.4979 4
    endloop
  endfacet
  facet normal 0 0 1
    outer loop
      vertex -9.50964 -28.313 4
      vertex -17.3157 -35.5024 4
      vertex -16.0661 -36.085 4
    endloop
  endfacet
  facet normal 0 0 1
    outer loop
      vertex -13.2893 27.4931 4
      vertex -22.0881 32.747 4
      vertex -13.3541 27.1062 4
    endloop
  endfacet
  facet normal 0 0 1
    outer loop
      vertex -9.50964 -28.313 4
      vertex -18.5441 -34.8764 4
      vertex -17.3157 -35.5024 4
    endloop
  endfacet
  facet normal -0 0 1
    outer loop
      vertex -23.2175 31.9562 4
      vertex -13.3541 27.1062 4
      vertex -22.0881 32.747 4
    endloop
  endfacet
  facet normal 0 0 1
    outer loop
      vertex -9.50964 -28.313 4
      vertex -19.75 -34.208 4
      vertex -18.5441 -34.8764 4
    endloop
  endfacet
  facet normal 0 0 1
    outer loop
      vertex -13.3541 27.1062 4
      vertex -23.2175 31.9562 4
      vertex -13.3575 26.7139 4
    endloop
  endfacet
  facet normal 0 0 1
    outer loop
      vertex -9.50622 -27.9207 4
      vertex -19.75 -34.208 4
      vertex -9.50964 -28.313 4
    endloop
  endfacet
  facet normal -0 0 1
    outer loop
      vertex -24.3186 31.1264 4
      vertex -13.3575 26.7139 4
      vertex -23.2175 31.9562 4
    endloop
  endfacet
  facet normal 0 -0 1
    outer loop
      vertex -19.75 -34.208 4
      vertex -9.50622 -27.9207 4
      vertex -20.9318 -33.4979 4
    endloop
  endfacet
  facet normal 0 0 1
    outer loop
      vertex -13.2995 26.326 4
      vertex -24.3186 31.1264 4
      vertex -25.3901 30.2588 4
    endloop
  endfacet
  facet normal 0 -0 1
    outer loop
      vertex -20.9318 -33.4979 4
      vertex -9.50622 -27.9207 4
      vertex -22.0881 -32.747 4
    endloop
  endfacet
  facet normal 0 0 1
    outer loop
      vertex -13.2995 26.326 4
      vertex -25.3901 30.2588 4
      vertex -26.4307 29.3542 4
    endloop
  endfacet
  facet normal 0 0 1
    outer loop
      vertex -9.44147 -27.5338 4
      vertex -22.0881 -32.747 4
      vertex -9.50622 -27.9207 4
    endloop
  endfacet
  facet normal 0 0 1
    outer loop
      vertex -13.1816 25.9518 4
      vertex -26.4307 29.3542 4
      vertex -27.439 28.4139 4
    endloop
  endfacet
  facet normal 0 -0 1
    outer loop
      vertex -22.0881 -32.747 4
      vertex -9.44147 -27.5338 4
      vertex -23.2175 -31.9562 4
    endloop
  endfacet
  facet normal 0 0 1
    outer loop
      vertex -9.317 -27.1617 4
      vertex -23.2175 -31.9562 4
      vertex -9.44147 -27.5338 4
    endloop
  endfacet
  facet normal 0 0 1
    outer loop
      vertex 1.70871 0.499063 4
      vertex -26.4934 -1.46056 4
      vertex -26.4354 -1.84855 4
    endloop
  endfacet
  facet normal 0 0 1
    outer loop
      vertex 1.73483 0.997517 4
      vertex -26.4934 -1.46056 4
      vertex 1.70871 0.499063 4
    endloop
  endfacet
  facet normal 0 0 1
    outer loop
      vertex 1.77834 1.49476 4
      vertex -26.4934 -1.46056 4
      vertex 1.73483 0.997517 4
    endloop
  endfacet
  facet normal 0 0 1
    outer loop
      vertex -11.4684 24.4626 4
      vertex -27.0142 -0.415968 4
      vertex -26.7864 -0.735342 4
    endloop
  endfacet
  facet normal 0 0 1
    outer loop
      vertex -11.8404 24.5871 4
      vertex -27.2892 -0.136164 4
      vertex -27.0142 -0.415968 4
    endloop
  endfacet
  facet normal 0 0 1
    outer loop
      vertex -13.0065 25.6007 4
      vertex -27.439 28.4139 4
      vertex -28.4139 27.439 4
    endloop
  endfacet
  facet normal 0 0 1
    outer loop
      vertex -13.0065 25.6007 4
      vertex -28.4139 27.439 4
      vertex -29.3542 26.4307 4
    endloop
  endfacet
  facet normal 0 0 1
    outer loop
      vertex -12.7787 25.2814 4
      vertex -29.3542 26.4307 4
      vertex -30.2588 25.3901 4
    endloop
  endfacet
  facet normal 0 0 1
    outer loop
      vertex -12.7787 25.2814 4
      vertex -30.2588 25.3901 4
      vertex -31.1264 24.3186 4
    endloop
  endfacet
  facet normal 0 0 1
    outer loop
      vertex -12.1884 24.7682 4
      vertex -27.6046 0.0971823 4
      vertex -27.2892 -0.136164 4
    endloop
  endfacet
  facet normal 0 0 1
    outer loop
      vertex -12.5037 25.0016 4
      vertex -31.1264 24.3186 4
      vertex -31.9562 23.2175 4
    endloop
  endfacet
  facet normal 0 0 1
    outer loop
      vertex -32.747 22.0881 4
      vertex -12.5037 25.0016 4
      vertex -31.9562 23.2175 4
    endloop
  endfacet
  facet normal 0 0 1
    outer loop
      vertex -12.5037 25.0016 4
      vertex -27.9525 0.278324 4
      vertex -27.6046 0.0971823 4
    endloop
  endfacet
  facet normal 0 0 1
    outer loop
      vertex -33.4979 20.9318 4
      vertex -12.5037 25.0016 4
      vertex -32.747 22.0881 4
    endloop
  endfacet
  facet normal 0 0 1
    outer loop
      vertex -12.5037 25.0016 4
      vertex -33.4979 20.9318 4
      vertex -27.9525 0.278324 4
    endloop
  endfacet
  facet normal -0 0 1
    outer loop
      vertex -34.208 19.75 4
      vertex -27.9525 0.278324 4
      vertex -33.4979 20.9318 4
    endloop
  endfacet
  facet normal -0 0 1
    outer loop
      vertex -34.8764 18.5441 4
      vertex -27.9525 0.278324 4
      vertex -34.208 19.75 4
    endloop
  endfacet
  facet normal -0 0 1
    outer loop
      vertex -35.5024 17.3157 4
      vertex -27.9525 0.278324 4
      vertex -34.8764 18.5441 4
    endloop
  endfacet
  facet normal 0 0 1
    outer loop
      vertex -27.9525 0.278324 4
      vertex -35.5024 17.3157 4
      vertex -28.3246 0.402802 4
    endloop
  endfacet
  facet normal -0 0 1
    outer loop
      vertex -36.085 16.0661 4
      vertex -28.3246 0.402802 4
      vertex -35.5024 17.3157 4
    endloop
  endfacet
  facet normal -0 0 1
    outer loop
      vertex -36.6238 14.797 4
      vertex -28.3246 0.402802 4
      vertex -36.085 16.0661 4
    endloop
  endfacet
  facet normal 0 0 1
    outer loop
      vertex -28.3246 0.402802 4
      vertex -36.6238 14.797 4
      vertex -28.7115 0.467548 4
    endloop
  endfacet
  facet normal -0 0 1
    outer loop
      vertex -37.1179 13.5098 4
      vertex -28.7115 0.467548 4
      vertex -36.6238 14.797 4
    endloop
  endfacet
  facet normal -0 0 1
    outer loop
      vertex -37.5667 12.2062 4
      vertex -28.7115 0.467548 4
      vertex -37.1179 13.5098 4
    endloop
  endfacet
  facet normal -0 0 1
    outer loop
      vertex -37.9698 10.8877 4
      vertex -29.1037 0.470972 4
      vertex -37.5667 12.2062 4
    endloop
  endfacet
  facet normal 0 0 1
    outer loop
      vertex -28.7115 0.467548 4
      vertex -37.5667 12.2062 4
      vertex -29.1037 0.470972 4
    endloop
  endfacet
  facet normal 0 0 1
    outer loop
      vertex -4.57981 -27.5762 4
      vertex 3.61584 -7.15 4
      vertex 3.37385 -6.71344 4
    endloop
  endfacet
  facet normal 0 0 1
    outer loop
      vertex -4.57981 -27.5762 4
      vertex 3.37385 -6.71344 4
      vertex 3.14724 -6.26871 4
    endloop
  endfacet
  facet normal 0 0 1
    outer loop
      vertex -4.57981 -27.5762 4
      vertex 3.14724 -6.26871 4
      vertex 2.9363 -5.81633 4
    endloop
  endfacet
  facet normal 0 0 1
    outer loop
      vertex -4.57981 -27.5762 4
      vertex 2.9363 -5.81633 4
      vertex 2.74127 -5.35687 4
    endloop
  endfacet
  facet normal 0 0 1
    outer loop
      vertex -4.57981 -27.5762 4
      vertex 2.74127 -5.35687 4
      vertex 2.5624 -4.89089 4
    endloop
  endfacet
  facet normal 0 0 1
    outer loop
      vertex -4.57981 -27.5762 4
      vertex 2.5624 -4.89089 4
      vertex 2.39989 -4.41894 4
    endloop
  endfacet
  facet normal 0 0 1
    outer loop
      vertex -4.57981 -27.5762 4
      vertex 2.39989 -4.41894 4
      vertex 2.25396 -3.94161 4
    endloop
  endfacet
  facet normal 0 0 1
    outer loop
      vertex -4.57981 -27.5762 4
      vertex 2.25396 -3.94161 4
      vertex 2.12477 -3.45948 4
    endloop
  endfacet
  facet normal 0 0 1
    outer loop
      vertex -4.57981 -27.5762 4
      vertex 2.12477 -3.45948 4
      vertex 2.01249 -2.97314 4
    endloop
  endfacet
  facet normal 0 0 1
    outer loop
      vertex -4.57981 -27.5762 4
      vertex 2.01249 -2.97314 4
      vertex 1.91725 -2.48317 4
    endloop
  endfacet
  facet normal 0 0 1
    outer loop
      vertex -4.57981 -27.5762 4
      vertex 1.91725 -2.48317 4
      vertex 1.83917 -1.99018 4
    endloop
  endfacet
  facet normal 0 0 1
    outer loop
      vertex -4.57981 -27.5762 4
      vertex 1.83917 -1.99018 4
      vertex 1.77834 -1.49476 4
    endloop
  endfacet
  facet normal 0 0 1
    outer loop
      vertex -4.57981 -27.5762 4
      vertex 1.77834 -1.49476 4
      vertex 1.73483 -0.997517 4
    endloop
  endfacet
  facet normal 0 0 1
    outer loop
      vertex -4.57981 -27.5762 4
      vertex 1.73483 -0.997517 4
      vertex 1.70871 -0.499063 4
    endloop
  endfacet
  facet normal -0 0 1
    outer loop
      vertex -9.576 24.7454 4
      vertex 5.04556 9.19186 4
      vertex -9.25662 24.9732 4
    endloop
  endfacet
  facet normal 0 0 1
    outer loop
      vertex 5.04556 9.19186 4
      vertex -9.576 24.7454 4
      vertex 4.73145 8.80396 4
    endloop
  endfacet
  facet normal 0 0 1
    outer loop
      vertex 4.73145 8.80396 4
      vertex -9.576 24.7454 4
      vertex 4.43106 8.40533 4
    endloop
  endfacet
  facet normal 0 0 1
    outer loop
      vertex 4.43106 8.40533 4
      vertex -9.576 24.7454 4
      vertex 4.14476 7.99646 4
    endloop
  endfacet
  facet normal -0 0 1
    outer loop
      vertex -9.92707 24.5704 4
      vertex 4.14476 7.99646 4
      vertex -9.576 24.7454 4
    endloop
  endfacet
  facet normal 0 0 1
    outer loop
      vertex 4.14476 7.99646 4
      vertex -9.92707 24.5704 4
      vertex 3.87291 7.57784 4
    endloop
  endfacet
  facet normal 0 0 1
    outer loop
      vertex 3.87291 7.57784 4
      vertex -9.92707 24.5704 4
      vertex 3.61584 7.15 4
    endloop
  endfacet
  facet normal -0 0 1
    outer loop
      vertex -10.3012 24.4524 4
      vertex 3.61584 7.15 4
      vertex -9.92707 24.5704 4
    endloop
  endfacet
  facet normal 0 0 1
    outer loop
      vertex 3.61584 7.15 4
      vertex -10.3012 24.4524 4
      vertex 3.37385 6.71344 4
    endloop
  endfacet
  facet normal 0 0 1
    outer loop
      vertex 3.37385 6.71344 4
      vertex -10.3012 24.4524 4
      vertex 3.14724 6.26871 4
    endloop
  endfacet
  facet normal -0 0 1
    outer loop
      vertex -10.6892 24.3944 4
      vertex 3.14724 6.26871 4
      vertex -10.3012 24.4524 4
    endloop
  endfacet
  facet normal 0 0 1
    outer loop
      vertex 3.14724 6.26871 4
      vertex -10.6892 24.3944 4
      vertex 2.9363 5.81633 4
    endloop
  endfacet
  facet normal 0 0 1
    outer loop
      vertex 2.9363 5.81633 4
      vertex -10.6892 24.3944 4
      vertex 2.74127 5.35687 4
    endloop
  endfacet
  facet normal 0 0 1
    outer loop
      vertex 2.74127 5.35687 4
      vertex -10.6892 24.3944 4
      vertex 2.5624 4.89089 4
    endloop
  endfacet
  facet normal 0 0 1
    outer loop
      vertex 11.5811 -13.6001 4
      vertex -4.57981 -27.5762 4
      vertex 3.4 -37 4
    endloop
  endfacet
  facet normal 0 0 1
    outer loop
      vertex -11.0815 24.3978 4
      vertex 2.5624 4.89089 4
      vertex -10.6892 24.3944 4
    endloop
  endfacet
  facet normal -0 0 1
    outer loop
      vertex -4.52525 -28.3565 4
      vertex 3.4 -37 4
      vertex -4.52182 -27.9642 4
    endloop
  endfacet
  facet normal 0 0 1
    outer loop
      vertex -4.57981 -27.5762 4
      vertex 1.7 0 4
      vertex 1.70871 0.499063 4
    endloop
  endfacet
  facet normal -0 0 1
    outer loop
      vertex -4.59 -28.7434 4
      vertex 3.4 -37 4
      vertex -4.52525 -28.3565 4
    endloop
  endfacet
  facet normal 0 0 1
    outer loop
      vertex -4.57981 -27.5762 4
      vertex 1.70871 -0.499063 4
      vertex 1.7 0 4
    endloop
  endfacet
  facet normal -0 0 1
    outer loop
      vertex -4.71447 -29.1154 4
      vertex 3.4 -37 4
      vertex -4.59 -28.7434 4
    endloop
  endfacet
  facet normal -0 0 1
    outer loop
      vertex -4.89561 -29.4634 4
      vertex 3.4 -37 4
      vertex -4.71447 -29.1154 4
    endloop
  endfacet
  facet normal 0 0 1
    outer loop
      vertex 3.4 -37 4
      vertex -4.89561 -29.4634 4
      vertex -3.4 -37 4
    endloop
  endfacet
  facet normal -0 0 1
    outer loop
      vertex -5.12896 -29.7787 4
      vertex -3.4 -37 4
      vertex -4.89561 -29.4634 4
    endloop
  endfacet
  facet normal -0 0 1
    outer loop
      vertex -5.40877 -30.0537 4
      vertex -3.4 -37 4
      vertex -5.12896 -29.7787 4
    endloop
  endfacet
  facet normal -0 0 1
    outer loop
      vertex -5.72814 -30.2815 4
      vertex -3.4 -37 4
      vertex -5.40877 -30.0537 4
    endloop
  endfacet
  facet normal -0 0 1
    outer loop
      vertex -6.07922 -30.4565 4
      vertex -3.4 -37 4
      vertex -5.72814 -30.2815 4
    endloop
  endfacet
  facet normal 0 0 1
    outer loop
      vertex -3.4 -37 4
      vertex -4.12887 -39.2836 4
      vertex -3.4 -39.3474 4
    endloop
  endfacet
  facet normal -0 0 1
    outer loop
      vertex -6.45336 -30.5745 4
      vertex -3.4 -37 4
      vertex -6.07922 -30.4565 4
    endloop
  endfacet
  facet normal 0 0 1
    outer loop
      vertex -3.4 -37 4
      vertex -5.49734 -39.1156 4
      vertex -4.12887 -39.2836 4
    endloop
  endfacet
  facet normal -0 0 1
    outer loop
      vertex -6.84134 -30.6325 4
      vertex -3.4 -37 4
      vertex -6.45336 -30.5745 4
    endloop
  endfacet
  facet normal 0 0 1
    outer loop
      vertex -8.21251 -38.6368 4
      vertex -3.4 -37 4
      vertex -6.84134 -30.6325 4
    endloop
  endfacet
  facet normal 0 0 1
    outer loop
      vertex -3.4 -37 4
      vertex -6.8591 -38.8999 4
      vertex -5.49734 -39.1156 4
    endloop
  endfacet
  facet normal 0 0 1
    outer loop
      vertex -8.21251 -38.6368 4
      vertex -6.84134 -30.6325 4
      vertex -7.23362 -30.6291 4
    endloop
  endfacet
  facet normal 0 0 1
    outer loop
      vertex -9.55591 -38.3267 4
      vertex -7.23362 -30.6291 4
      vertex -7.62054 -30.5643 4
    endloop
  endfacet
  facet normal 0 0 1
    outer loop
      vertex -9.55591 -38.3267 4
      vertex -7.62054 -30.5643 4
      vertex -7.99256 -30.4398 4
    endloop
  endfacet
  facet normal 0 0 1
    outer loop
      vertex -3.4 -37 4
      vertex -8.21251 -38.6368 4
      vertex -6.8591 -38.8999 4
    endloop
  endfacet
  facet normal 0 0 1
    outer loop
      vertex -9.55591 -38.3267 4
      vertex -7.99256 -30.4398 4
      vertex -8.34053 -30.2587 4
    endloop
  endfacet
  facet normal 0 0 1
    outer loop
      vertex -9.55591 -38.3267 4
      vertex -8.34053 -30.2587 4
      vertex -8.65588 -30.0253 4
    endloop
  endfacet
  facet normal 0 0 1
    outer loop
      vertex -9.55591 -38.3267 4
      vertex -8.65588 -30.0253 4
      vertex -8.93085 -29.7455 4
    endloop
  endfacet
  facet normal 0 0 1
    outer loop
      vertex -9.55591 -38.3267 4
      vertex -8.93085 -29.7455 4
      vertex -9.15865 -29.4262 4
    endloop
  endfacet
  facet normal 0 0 1
    outer loop
      vertex -9.55591 -38.3267 4
      vertex -9.15865 -29.4262 4
      vertex -9.33369 -29.0751 4
    endloop
  endfacet
  facet normal 0 0 1
    outer loop
      vertex -9.55591 -38.3267 4
      vertex -9.33369 -29.0751 4
      vertex -9.45166 -28.701 4
    endloop
  endfacet
  facet normal 0 0 1
    outer loop
      vertex -9.55591 -38.3267 4
      vertex -9.45166 -28.701 4
      vertex -9.50964 -28.313 4
    endloop
  endfacet
  facet normal 0 0 1
    outer loop
      vertex -7.23362 -30.6291 4
      vertex -9.55591 -38.3267 4
      vertex -8.21251 -38.6368 4
    endloop
  endfacet
  facet normal 0 0 1
    outer loop
      vertex 36.085 -16.0661 4
      vertex 27.0293 -14.8053 4
      vertex 27.0873 -15.1933 4
    endloop
  endfacet
  facet normal 0 0 1
    outer loop
      vertex 26.7363 -14.0801 4
      vertex 27.2686 -8.80396 4
      vertex 26.9544 -9.19186 4
    endloop
  endfacet
  facet normal 0 0 1
    outer loop
      vertex 37.1179 -13.5098 4
      vertex 26.9114 -14.4311 4
      vertex 27.0293 -14.8053 4
    endloop
  endfacet
  facet normal 0 0 1
    outer loop
      vertex 27.2686 -8.80396 4
      vertex 26.7363 -14.0801 4
      vertex 26.9114 -14.4311 4
    endloop
  endfacet
  facet normal 0 0 1
    outer loop
      vertex 26.5085 -13.7607 4
      vertex 26.9544 -9.19186 4
      vertex 26.627 -9.56857 4
    endloop
  endfacet
  facet normal 0 0 1
    outer loop
      vertex 26.9544 -9.19186 4
      vertex 26.5085 -13.7607 4
      vertex 26.7363 -14.0801 4
    endloop
  endfacet
  facet normal -0 0 1
    outer loop
      vertex 26.2866 -9.93361 4
      vertex 26.5085 -13.7607 4
      vertex 26.627 -9.56857 4
    endloop
  endfacet
  facet normal 0 0 1
    outer loop
      vertex 26.2866 -9.93361 4
      vertex 26.2335 -13.4809 4
      vertex 26.5085 -13.7607 4
    endloop
  endfacet
  facet normal -0 0 1
    outer loop
      vertex 25.9336 -10.2866 4
      vertex 26.2335 -13.4809 4
      vertex 26.2866 -9.93361 4
    endloop
  endfacet
  facet normal 0 0 1
    outer loop
      vertex 25.9336 -10.2866 4
      vertex 25.9182 -13.2475 4
      vertex 26.2335 -13.4809 4
    endloop
  endfacet
  facet normal -0 0 1
    outer loop
      vertex 25.5686 -10.627 4
      vertex 25.9182 -13.2475 4
      vertex 25.9336 -10.2866 4
    endloop
  endfacet
  facet normal 0 0 1
    outer loop
      vertex 25.9182 -13.2475 4
      vertex 25.5686 -10.627 4
      vertex 25.5702 -13.0664 4
    endloop
  endfacet
  facet normal -0 0 1
    outer loop
      vertex 25.1919 -10.9544 4
      vertex 25.5702 -13.0664 4
      vertex 25.5686 -10.627 4
    endloop
  endfacet
  facet normal 0 0 1
    outer loop
      vertex 25.5702 -13.0664 4
      vertex 25.1919 -10.9544 4
      vertex 25.1982 -12.9419 4
    endloop
  endfacet
  facet normal -0 0 1
    outer loop
      vertex 24.804 -11.2686 4
      vertex 25.1982 -12.9419 4
      vertex 25.1919 -10.9544 4
    endloop
  endfacet
  facet normal 0 0 1
    outer loop
      vertex 25.1982 -12.9419 4
      vertex 24.804 -11.2686 4
      vertex 24.8113 -12.8772 4
    endloop
  endfacet
  facet normal -0 0 1
    outer loop
      vertex 24.4053 -11.5689 4
      vertex 24.8113 -12.8772 4
      vertex 24.804 -11.2686 4
    endloop
  endfacet
  facet normal 0 0 1
    outer loop
      vertex 24.8113 -12.8772 4
      vertex 24.4053 -11.5689 4
      vertex 24.419 -12.8737 4
    endloop
  endfacet
  facet normal -0 0 1
    outer loop
      vertex 23.9965 -11.8552 4
      vertex 24.419 -12.8737 4
      vertex 24.4053 -11.5689 4
    endloop
  endfacet
  facet normal 0 0 1
    outer loop
      vertex 24.419 -12.8737 4
      vertex 23.9965 -11.8552 4
      vertex 24.031 -12.9317 4
    endloop
  endfacet
  facet normal -0 0 1
    outer loop
      vertex 23.5778 -12.1271 4
      vertex 24.031 -12.9317 4
      vertex 23.9965 -11.8552 4
    endloop
  endfacet
  facet normal 0 0 1
    outer loop
      vertex 24.031 -12.9317 4
      vertex 23.5778 -12.1271 4
      vertex 23.6569 -13.0497 4
    endloop
  endfacet
  facet normal -0 0 1
    outer loop
      vertex 23.15 -12.3842 4
      vertex 23.6569 -13.0497 4
      vertex 23.5778 -12.1271 4
    endloop
  endfacet
  facet normal 0 0 1
    outer loop
      vertex 23.6569 -13.0497 4
      vertex 23.15 -12.3842 4
      vertex 23.3058 -13.2247 4
    endloop
  endfacet
  facet normal -0 0 1
    outer loop
      vertex 22.7134 -12.6262 4
      vertex 23.3058 -13.2247 4
      vertex 23.15 -12.3842 4
    endloop
  endfacet
  facet normal 0 0 1
    outer loop
      vertex 23.3058 -13.2247 4
      vertex 22.7134 -12.6262 4
      vertex 22.9864 -13.4525 4
    endloop
  endfacet
  facet normal -0 0 1
    outer loop
      vertex 22.2687 -12.8528 4
      vertex 22.9864 -13.4525 4
      vertex 22.7134 -12.6262 4
    endloop
  endfacet
  facet normal 0 0 1
    outer loop
      vertex 22.9864 -13.4525 4
      vertex 22.2687 -12.8528 4
      vertex 22.7066 -13.7275 4
    endloop
  endfacet
  facet normal -0 0 1
    outer loop
      vertex 21.8163 -13.0637 4
      vertex 22.7066 -13.7275 4
      vertex 22.2687 -12.8528 4
    endloop
  endfacet
  facet normal 0 0 1
    outer loop
      vertex 22.7066 -13.7275 4
      vertex 21.8163 -13.0637 4
      vertex 22.4733 -14.0429 4
    endloop
  endfacet
  facet normal -0 0 1
    outer loop
      vertex 21.3569 -13.2587 4
      vertex 22.4733 -14.0429 4
      vertex 21.8163 -13.0637 4
    endloop
  endfacet
  facet normal 0 0 1
    outer loop
      vertex 22.4733 -14.0429 4
      vertex 21.3569 -13.2587 4
      vertex 22.2921 -14.3908 4
    endloop
  endfacet
  facet normal -0 0 1
    outer loop
      vertex 20.8909 -13.4376 4
      vertex 22.2921 -14.3908 4
      vertex 21.3569 -13.2587 4
    endloop
  endfacet
  facet normal 0 0 1
    outer loop
      vertex 22.2921 -14.3908 4
      vertex 20.8909 -13.4376 4
      vertex 22.1677 -14.7629 4
    endloop
  endfacet
  facet normal -0 0 1
    outer loop
      vertex 20.4189 -13.6001 4
      vertex 22.1677 -14.7629 4
      vertex 20.8909 -13.4376 4
    endloop
  endfacet
  facet normal 0 0 1
    outer loop
      vertex 22.1677 -14.7629 4
      vertex 20.4189 -13.6001 4
      vertex 22.1029 -15.1498 4
    endloop
  endfacet
  facet normal -0 0 1
    outer loop
      vertex 19.9416 -13.746 4
      vertex 22.1029 -15.1498 4
      vertex 20.4189 -13.6001 4
    endloop
  endfacet
  facet normal 0 0 1
    outer loop
      vertex 22.1029 -15.1498 4
      vertex 19.9416 -13.746 4
      vertex 22.0995 -15.542 4
    endloop
  endfacet
  facet normal -0 0 1
    outer loop
      vertex 19.4595 -13.8752 4
      vertex 22.0995 -15.542 4
      vertex 19.9416 -13.746 4
    endloop
  endfacet
  facet normal -0 0 1
    outer loop
      vertex 18.9731 -13.9875 4
      vertex 22.0995 -15.542 4
      vertex 19.4595 -13.8752 4
    endloop
  endfacet
  facet normal -0 0 1
    outer loop
      vertex 18.4832 -14.0828 4
      vertex 22.0995 -15.542 4
      vertex 18.9731 -13.9875 4
    endloop
  endfacet
  facet normal -0 0 1
    outer loop
      vertex 17.9902 -14.1608 4
      vertex 22.0995 -15.542 4
      vertex 18.4832 -14.0828 4
    endloop
  endfacet
  facet normal -0 0 1
    outer loop
      vertex 17.4948 -14.2217 4
      vertex 22.0995 -15.542 4
      vertex 17.9902 -14.1608 4
    endloop
  endfacet
  facet normal -0 0 1
    outer loop
      vertex 16.9975 -14.2652 4
      vertex 22.0995 -15.542 4
      vertex 17.4948 -14.2217 4
    endloop
  endfacet
  facet normal 0 0 1
    outer loop
      vertex 22.0995 -15.542 4
      vertex 16.9975 -14.2652 4
      vertex 22.0881 -32.747 4
    endloop
  endfacet
  facet normal -0 0 1
    outer loop
      vertex 16.4991 -14.2913 4
      vertex 22.0881 -32.747 4
      vertex 16.9975 -14.2652 4
    endloop
  endfacet
  facet normal -0 0 1
    outer loop
      vertex 16 -14.3 4
      vertex 22.0881 -32.747 4
      vertex 16.4991 -14.2913 4
    endloop
  endfacet
  facet normal 0 0 1
    outer loop
      vertex 22.0881 -32.747 4
      vertex 16 -14.3 4
      vertex 20.9318 -33.4979 4
    endloop
  endfacet
  facet normal 0 0 1
    outer loop
      vertex 15.5009 -14.2913 4
      vertex 20.9318 -33.4979 4
      vertex 16 -14.3 4
    endloop
  endfacet
  facet normal 0 0 1
    outer loop
      vertex 20.9318 -33.4979 4
      vertex 15.5009 -14.2913 4
      vertex 19.75 -34.208 4
    endloop
  endfacet
  facet normal 0 0 1
    outer loop
      vertex 15.0025 -14.2652 4
      vertex 19.75 -34.208 4
      vertex 15.5009 -14.2913 4
    endloop
  endfacet
  facet normal 0 0 1
    outer loop
      vertex 19.75 -34.208 4
      vertex 15.0025 -14.2652 4
      vertex 18.5441 -34.8764 4
    endloop
  endfacet
  facet normal 0 0 1
    outer loop
      vertex 14.5052 -14.2217 4
      vertex 18.5441 -34.8764 4
      vertex 15.0025 -14.2652 4
    endloop
  endfacet
  facet normal 0 0 1
    outer loop
      vertex 18.5441 -34.8764 4
      vertex 14.5052 -14.2217 4
      vertex 17.3157 -35.5024 4
    endloop
  endfacet
  facet normal 0 0 1
    outer loop
      vertex 14.0098 -14.1608 4
      vertex 17.3157 -35.5024 4
      vertex 14.5052 -14.2217 4
    endloop
  endfacet
  facet normal 0 0 1
    outer loop
      vertex 13.5168 -14.0828 4
      vertex 17.3157 -35.5024 4
      vertex 14.0098 -14.1608 4
    endloop
  endfacet
  facet normal 0 0 1
    outer loop
      vertex 17.3157 -35.5024 4
      vertex 13.5168 -14.0828 4
      vertex 16.0661 -36.085 4
    endloop
  endfacet
  facet normal 0 0 1
    outer loop
      vertex 13.0269 -13.9875 4
      vertex 16.0661 -36.085 4
      vertex 13.5168 -14.0828 4
    endloop
  endfacet
  facet normal 0 0 1
    outer loop
      vertex 16.0661 -36.085 4
      vertex 13.0269 -13.9875 4
      vertex 14.797 -36.6238 4
    endloop
  endfacet
  facet normal 0 0 1
    outer loop
      vertex 12.5405 -13.8752 4
      vertex 14.797 -36.6238 4
      vertex 13.0269 -13.9875 4
    endloop
  endfacet
  facet normal 0 0 1
    outer loop
      vertex 14.797 -36.6238 4
      vertex 12.5405 -13.8752 4
      vertex 13.5098 -37.1179 4
    endloop
  endfacet
  facet normal 0 0 1
    outer loop
      vertex 12.0584 -13.746 4
      vertex 13.5098 -37.1179 4
      vertex 12.5405 -13.8752 4
    endloop
  endfacet
  facet normal 0 0 1
    outer loop
      vertex 13.5098 -37.1179 4
      vertex 12.0584 -13.746 4
      vertex 12.2062 -37.5667 4
    endloop
  endfacet
  facet normal 0 0 1
    outer loop
      vertex 3.4 -37 4
      vertex 12.0584 -13.746 4
      vertex 11.5811 -13.6001 4
    endloop
  endfacet
  facet normal 0 0 1
    outer loop
      vertex -4.57981 -27.5762 4
      vertex 11.5811 -13.6001 4
      vertex 11.1091 -13.4376 4
    endloop
  endfacet
  facet normal 0 0 1
    outer loop
      vertex 12.0584 -13.746 4
      vertex 3.4 -37 4
      vertex 12.2062 -37.5667 4
    endloop
  endfacet
  facet normal 0 0 1
    outer loop
      vertex -4.57981 -27.5762 4
      vertex 11.1091 -13.4376 4
      vertex 10.6431 -13.2587 4
    endloop
  endfacet
  facet normal 0 0 1
    outer loop
      vertex -4.57981 -27.5762 4
      vertex 10.6431 -13.2587 4
      vertex 10.1837 -13.0637 4
    endloop
  endfacet
  facet normal 0 0 1
    outer loop
      vertex -4.57981 -27.5762 4
      vertex 10.1837 -13.0637 4
      vertex 9.73129 -12.8528 4
    endloop
  endfacet
  facet normal 0 0 1
    outer loop
      vertex 12.2062 -37.5667 4
      vertex 3.4 -37 4
      vertex 10.8877 -37.9698 4
    endloop
  endfacet
  facet normal 0 0 1
    outer loop
      vertex -4.57981 -27.5762 4
      vertex 9.73129 -12.8528 4
      vertex 9.28656 -12.6262 4
    endloop
  endfacet
  facet normal 0 0 1
    outer loop
      vertex -4.57981 -27.5762 4
      vertex 9.28656 -12.6262 4
      vertex 8.85 -12.3842 4
    endloop
  endfacet
  facet normal 0 0 1
    outer loop
      vertex -4.57981 -27.5762 4
      vertex 8.85 -12.3842 4
      vertex 8.42215 -12.1271 4
    endloop
  endfacet
  facet normal 0 0 1
    outer loop
      vertex 10.8877 -37.9698 4
      vertex 3.4 -37 4
      vertex 9.55591 -38.3267 4
    endloop
  endfacet
  facet normal 0 0 1
    outer loop
      vertex -4.57981 -27.5762 4
      vertex 8.42215 -12.1271 4
      vertex 8.00354 -11.8552 4
    endloop
  endfacet
  facet normal 0 0 1
    outer loop
      vertex -4.57981 -27.5762 4
      vertex 8.00354 -11.8552 4
      vertex 7.59467 -11.5689 4
    endloop
  endfacet
  facet normal 0 0 1
    outer loop
      vertex -4.57981 -27.5762 4
      vertex 7.59467 -11.5689 4
      vertex 7.19604 -11.2686 4
    endloop
  endfacet
  facet normal 0 0 1
    outer loop
      vertex 9.55591 -38.3267 4
      vertex 3.4 -37 4
      vertex 8.21251 -38.6368 4
    endloop
  endfacet
  facet normal 0 0 1
    outer loop
      vertex -4.57981 -27.5762 4
      vertex 7.19604 -11.2686 4
      vertex 6.80814 -10.9544 4
    endloop
  endfacet
  facet normal 0 0 1
    outer loop
      vertex -4.57981 -27.5762 4
      vertex 6.80814 -10.9544 4
      vertex 6.43143 -10.627 4
    endloop
  endfacet
  facet normal 0 0 1
    outer loop
      vertex -4.57981 -27.5762 4
      vertex 6.43143 -10.627 4
      vertex 6.06639 -10.2866 4
    endloop
  endfacet
  facet normal 0 0 1
    outer loop
      vertex -4.57981 -27.5762 4
      vertex 6.06639 -10.2866 4
      vertex 5.71344 -9.93361 4
    endloop
  endfacet
  facet normal 0 0 1
    outer loop
      vertex 8.21251 -38.6368 4
      vertex 3.4 -37 4
      vertex 6.8591 -38.8999 4
    endloop
  endfacet
  facet normal 0 0 1
    outer loop
      vertex -4.57981 -27.5762 4
      vertex 5.71344 -9.93361 4
      vertex 5.37303 -9.56857 4
    endloop
  endfacet
  facet normal 0 0 1
    outer loop
      vertex -4.57981 -27.5762 4
      vertex 5.37303 -9.56857 4
      vertex 5.04556 -9.19186 4
    endloop
  endfacet
  facet normal 0 0 1
    outer loop
      vertex -4.57981 -27.5762 4
      vertex 5.04556 -9.19186 4
      vertex 4.73145 -8.80396 4
    endloop
  endfacet
  facet normal 0 0 1
    outer loop
      vertex -4.57981 -27.5762 4
      vertex 4.73145 -8.80396 4
      vertex 4.43106 -8.40533 4
    endloop
  endfacet
  facet normal 0 0 1
    outer loop
      vertex -4.57981 -27.5762 4
      vertex 4.43106 -8.40533 4
      vertex 4.14476 -7.99646 4
    endloop
  endfacet
  facet normal 0 0 1
    outer loop
      vertex 6.8591 -38.8999 4
      vertex 3.4 -37 4
      vertex 5.49734 -39.1156 4
    endloop
  endfacet
  facet normal 0 0 1
    outer loop
      vertex -4.57981 -27.5762 4
      vertex 4.14476 -7.99646 4
      vertex 3.87291 -7.57784 4
    endloop
  endfacet
  facet normal 0 0 1
    outer loop
      vertex -4.57981 -27.5762 4
      vertex 3.87291 -7.57784 4
      vertex 3.61584 -7.15 4
    endloop
  endfacet
  facet normal 0 0 1
    outer loop
      vertex 5.49734 -39.1156 4
      vertex 3.4 -37 4
      vertex 4.12887 -39.2836 4
    endloop
  endfacet
  facet normal 0 0 1
    outer loop
      vertex 4.12887 -39.2836 4
      vertex 3.4 -37 4
      vertex 3.4 -39.3474 4
    endloop
  endfacet
  facet normal -0 0 1
    outer loop
      vertex 30.2913 0.499063 4
      vertex 39.5 0 4
      vertex 39.4759 1.37853 4
    endloop
  endfacet
  facet normal -0 0 1
    outer loop
      vertex 30.2217 1.49476 4
      vertex 39.4759 1.37853 4
      vertex 39.4038 2.75538 4
    endloop
  endfacet
  facet normal 0 0 1
    outer loop
      vertex 39.5 0 4
      vertex 30.2913 0.499063 4
      vertex 30.3 0 4
    endloop
  endfacet
  facet normal 0 0 1
    outer loop
      vertex 30.0828 2.48317 4
      vertex 39.4038 2.75538 4
      vertex 39.2836 4.12887 4
    endloop
  endfacet
  facet normal 0 0 1
    outer loop
      vertex 30.2913 -0.499063 4
      vertex 39.5 0 4
      vertex 30.3 0 4
    endloop
  endfacet
  facet normal 0 0 1
    outer loop
      vertex 29.9875 2.97314 4
      vertex 39.2836 4.12887 4
      vertex 39.1156 5.49734 4
    endloop
  endfacet
  facet normal 0 0 1
    outer loop
      vertex 39.5 0 4
      vertex 30.2913 -0.499063 4
      vertex 39.4759 -1.37853 4
    endloop
  endfacet
  facet normal 0 0 1
    outer loop
      vertex 29.746 3.94161 4
      vertex 39.1156 5.49734 4
      vertex 38.8999 6.8591 4
    endloop
  endfacet
  facet normal -0 0 1
    outer loop
      vertex 30.2652 -0.997517 4
      vertex 39.4759 -1.37853 4
      vertex 30.2913 -0.499063 4
    endloop
  endfacet
  facet normal 0 0 1
    outer loop
      vertex 29.4376 4.89089 4
      vertex 38.8999 6.8591 4
      vertex 38.6368 8.21251 4
    endloop
  endfacet
  facet normal 0 0 1
    outer loop
      vertex 30.2217 -1.49476 4
      vertex 39.4759 -1.37853 4
      vertex 30.2652 -0.997517 4
    endloop
  endfacet
  facet normal 0 0 1
    outer loop
      vertex 29.0637 5.81633 4
      vertex 38.6368 8.21251 4
      vertex 38.3267 9.55591 4
    endloop
  endfacet
  facet normal 0 0 1
    outer loop
      vertex 39.4759 -1.37853 4
      vertex 30.2217 -1.49476 4
      vertex 39.4038 -2.75538 4
    endloop
  endfacet
  facet normal 0 0 1
    outer loop
      vertex 28.6262 6.71344 4
      vertex 38.3267 9.55591 4
      vertex 37.9698 10.8877 4
    endloop
  endfacet
  facet normal -0 0 1
    outer loop
      vertex 30.1608 -1.99018 4
      vertex 39.4038 -2.75538 4
      vertex 30.2217 -1.49476 4
    endloop
  endfacet
  facet normal 0 0 1
    outer loop
      vertex 28.3842 7.15 4
      vertex 37.9698 10.8877 4
      vertex 37.5667 12.2062 4
    endloop
  endfacet
  facet normal -0 0 1
    outer loop
      vertex 30.0828 -2.48317 4
      vertex 39.4038 -2.75538 4
      vertex 30.1608 -1.99018 4
    endloop
  endfacet
  facet normal 0 0 1
    outer loop
      vertex 27.8552 7.99646 4
      vertex 37.5667 12.2062 4
      vertex 37.1179 13.5098 4
    endloop
  endfacet
  facet normal 0 0 1
    outer loop
      vertex 39.4038 -2.75538 4
      vertex 30.0828 -2.48317 4
      vertex 39.2836 -4.12887 4
    endloop
  endfacet
  facet normal 0 0 1
    outer loop
      vertex 27.2686 8.80396 4
      vertex 37.1179 13.5098 4
      vertex 36.6238 14.797 4
    endloop
  endfacet
  facet normal -0 0 1
    outer loop
      vertex 29.9875 -2.97314 4
      vertex 39.2836 -4.12887 4
      vertex 30.0828 -2.48317 4
    endloop
  endfacet
  facet normal 0 0 1
    outer loop
      vertex 26.627 9.56857 4
      vertex 36.6238 14.797 4
      vertex 36.085 16.0661 4
    endloop
  endfacet
  facet normal 0 0 1
    outer loop
      vertex 39.2836 -4.12887 4
      vertex 29.9875 -2.97314 4
      vertex 39.1156 -5.49734 4
    endloop
  endfacet
  facet normal 0 0 1
    outer loop
      vertex 26.2866 9.93361 4
      vertex 36.085 16.0661 4
      vertex 35.5024 17.3157 4
    endloop
  endfacet
  facet normal -0 0 1
    outer loop
      vertex 29.8752 -3.45948 4
      vertex 39.1156 -5.49734 4
      vertex 29.9875 -2.97314 4
    endloop
  endfacet
  facet normal -0 0 1
    outer loop
      vertex 24.5166 17.664 4
      vertex 35.5024 17.3157 4
      vertex 34.8764 18.5441 4
    endloop
  endfacet
  facet normal 0 0 1
    outer loop
      vertex 39.1156 -5.49734 4
      vertex 29.746 -3.94161 4
      vertex 38.8999 -6.8591 4
    endloop
  endfacet
  facet normal 0 0 1
    outer loop
      vertex 24.641 18.036 4
      vertex 34.8764 18.5441 4
      vertex 34.208 19.75 4
    endloop
  endfacet
  facet normal -0 0 1
    outer loop
      vertex 29.6001 -4.41894 4
      vertex 38.8999 -6.8591 4
      vertex 29.746 -3.94161 4
    endloop
  endfacet
  facet normal 0 0 1
    outer loop
      vertex 24.7058 18.423 4
      vertex 34.208 19.75 4
      vertex 33.4979 20.9318 4
    endloop
  endfacet
  facet normal -0 0 1
    outer loop
      vertex 29.4376 -4.89089 4
      vertex 38.8999 -6.8591 4
      vertex 29.6001 -4.41894 4
    endloop
  endfacet
  facet normal 0 0 1
    outer loop
      vertex 24.7092 18.8152 4
      vertex 33.4979 20.9318 4
      vertex 32.747 22.0881 4
    endloop
  endfacet
  facet normal 0 0 1
    outer loop
      vertex 38.8999 -6.8591 4
      vertex 29.4376 -4.89089 4
      vertex 38.6368 -8.21251 4
    endloop
  endfacet
  facet normal 0 0 1
    outer loop
      vertex 24.6512 19.2032 4
      vertex 32.747 22.0881 4
      vertex 31.9562 23.2175 4
    endloop
  endfacet
  facet normal -0 0 1
    outer loop
      vertex 29.2587 -5.35687 4
      vertex 38.6368 -8.21251 4
      vertex 29.4376 -4.89089 4
    endloop
  endfacet
  facet normal 0 0 1
    outer loop
      vertex 24.5332 19.5774 4
      vertex 31.9562 23.2175 4
      vertex 31.1264 24.3186 4
    endloop
  endfacet
  facet normal -0 0 1
    outer loop
      vertex 29.0637 -5.81633 4
      vertex 38.6368 -8.21251 4
      vertex 29.2587 -5.35687 4
    endloop
  endfacet
  facet normal 0 0 1
    outer loop
      vertex 38.6368 -8.21251 4
      vertex 29.0637 -5.81633 4
      vertex 38.3267 -9.55591 4
    endloop
  endfacet
  facet normal -0 0 1
    outer loop
      vertex 29.746 -3.94161 4
      vertex 39.1156 -5.49734 4
      vertex 29.8752 -3.45948 4
    endloop
  endfacet
  facet normal 0 0 1
    outer loop
      vertex 39.4759 1.37853 4
      vertex 30.2652 0.997517 4
      vertex 30.2913 0.499063 4
    endloop
  endfacet
  facet normal 0 0 1
    outer loop
      vertex 24.3582 19.9284 4
      vertex 31.1264 24.3186 4
      vertex 30.2588 25.3901 4
    endloop
  endfacet
  facet normal 0 0 1
    outer loop
      vertex 39.4759 1.37853 4
      vertex 30.2217 1.49476 4
      vertex 30.2652 0.997517 4
    endloop
  endfacet
  facet normal 0 0 1
    outer loop
      vertex 39.4038 2.75538 4
      vertex 30.1608 1.99018 4
      vertex 30.2217 1.49476 4
    endloop
  endfacet
  facet normal 0 0 1
    outer loop
      vertex 39.4038 2.75538 4
      vertex 30.0828 2.48317 4
      vertex 30.1608 1.99018 4
    endloop
  endfacet
  facet normal 0 0 1
    outer loop
      vertex 39.2836 4.12887 4
      vertex 29.9875 2.97314 4
      vertex 30.0828 2.48317 4
    endloop
  endfacet
  facet normal 0 0 1
    outer loop
      vertex 39.1156 5.49734 4
      vertex 29.8752 3.45948 4
      vertex 29.9875 2.97314 4
    endloop
  endfacet
  facet normal 0 0 1
    outer loop
      vertex 39.1156 5.49734 4
      vertex 29.746 3.94161 4
      vertex 29.8752 3.45948 4
    endloop
  endfacet
  facet normal 0 0 1
    outer loop
      vertex 38.8999 6.8591 4
      vertex 29.6001 4.41894 4
      vertex 29.746 3.94161 4
    endloop
  endfacet
  facet normal 0 0 1
    outer loop
      vertex 38.8999 6.8591 4
      vertex 29.4376 4.89089 4
      vertex 29.6001 4.41894 4
    endloop
  endfacet
  facet normal 0 0 1
    outer loop
      vertex 23.8554 20.5276 4
      vertex 30.2588 25.3901 4
      vertex 29.3542 26.4307 4
    endloop
  endfacet
  facet normal 0 0 1
    outer loop
      vertex 38.6368 8.21251 4
      vertex 29.2587 5.35687 4
      vertex 29.4376 4.89089 4
    endloop
  endfacet
  facet normal 0 0 1
    outer loop
      vertex 38.6368 8.21251 4
      vertex 29.0637 5.81633 4
      vertex 29.2587 5.35687 4
    endloop
  endfacet
  facet normal 0 0 1
    outer loop
      vertex 38.3267 9.55591 4
      vertex 28.8528 6.26871 4
      vertex 29.0637 5.81633 4
    endloop
  endfacet
  facet normal 0 0 1
    outer loop
      vertex 38.3267 9.55591 4
      vertex 28.6262 6.71344 4
      vertex 28.8528 6.26871 4
    endloop
  endfacet
  facet normal 0 0 1
    outer loop
      vertex 23.5401 20.761 4
      vertex 29.3542 26.4307 4
      vertex 28.4139 27.439 4
    endloop
  endfacet
  facet normal 0 0 1
    outer loop
      vertex 37.9698 10.8877 4
      vertex 28.3842 7.15 4
      vertex 28.6262 6.71344 4
    endloop
  endfacet
  facet normal 0 0 1
    outer loop
      vertex 37.5667 12.2062 4
      vertex 28.1271 7.57784 4
      vertex 28.3842 7.15 4
    endloop
  endfacet
  facet normal 0 0 1
    outer loop
      vertex 37.5667 12.2062 4
      vertex 27.8552 7.99646 4
      vertex 28.1271 7.57784 4
    endloop
  endfacet
  facet normal 0 0 1
    outer loop
      vertex 37.1179 13.5098 4
      vertex 27.5689 8.40533 4
      vertex 27.8552 7.99646 4
    endloop
  endfacet
  facet normal 0 0 1
    outer loop
      vertex 23.1921 20.9421 4
      vertex 28.4139 27.439 4
      vertex 27.439 28.4139 4
    endloop
  endfacet
  facet normal 0 0 1
    outer loop
      vertex 34.208 19.75 4
      vertex 24.7058 18.423 4
      vertex 24.641 18.036 4
    endloop
  endfacet
  facet normal 0 0 1
    outer loop
      vertex 37.1179 13.5098 4
      vertex 27.2686 8.80396 4
      vertex 27.5689 8.40533 4
    endloop
  endfacet
  facet normal 0 0 1
    outer loop
      vertex 36.6238 14.797 4
      vertex 26.9544 9.19186 4
      vertex 27.2686 8.80396 4
    endloop
  endfacet
  facet normal 0 0 1
    outer loop
      vertex 22.8201 21.0666 4
      vertex 27.439 28.4139 4
      vertex 26.4307 29.3542 4
    endloop
  endfacet
  facet normal 0 0 1
    outer loop
      vertex 33.4979 20.9318 4
      vertex 24.7092 18.8152 4
      vertex 24.7058 18.423 4
    endloop
  endfacet
  facet normal 0 0 1
    outer loop
      vertex 34.8764 18.5441 4
      vertex 24.641 18.036 4
      vertex 24.5166 17.664 4
    endloop
  endfacet
  facet normal 0 0 1
    outer loop
      vertex 36.6238 14.797 4
      vertex 26.627 9.56857 4
      vertex 26.9544 9.19186 4
    endloop
  endfacet
  facet normal 0 0 1
    outer loop
      vertex 22.4332 21.1313 4
      vertex 26.4307 29.3542 4
      vertex 25.3901 30.2588 4
    endloop
  endfacet
  facet normal 0 0 1
    outer loop
      vertex 36.085 16.0661 4
      vertex 26.2866 9.93361 4
      vertex 26.627 9.56857 4
    endloop
  endfacet
  facet normal 0 0 1
    outer loop
      vertex 35.5024 17.3157 4
      vertex 24.5166 17.664 4
      vertex 25.9336 10.2866 4
    endloop
  endfacet
  facet normal 0 0 1
    outer loop
      vertex 35.5024 17.3157 4
      vertex 25.9336 10.2866 4
      vertex 26.2866 9.93361 4
    endloop
  endfacet
  facet normal 0 0 1
    outer loop
      vertex 32.747 22.0881 4
      vertex 24.6512 19.2032 4
      vertex 24.7092 18.8152 4
    endloop
  endfacet
  facet normal 0 0 1
    outer loop
      vertex 31.9562 23.2175 4
      vertex 24.5332 19.5774 4
      vertex 24.6512 19.2032 4
    endloop
  endfacet
  facet normal 0 0 1
    outer loop
      vertex 31.1264 24.3186 4
      vertex 24.3582 19.9284 4
      vertex 24.5332 19.5774 4
    endloop
  endfacet
  facet normal 0 0 1
    outer loop
      vertex 22.0409 21.1348 4
      vertex 25.3901 30.2588 4
      vertex 24.3186 31.1264 4
    endloop
  endfacet
  facet normal 0 0 1
    outer loop
      vertex 30.2588 25.3901 4
      vertex 24.1304 20.2478 4
      vertex 24.3582 19.9284 4
    endloop
  endfacet
  facet normal 0 0 1
    outer loop
      vertex 30.2588 25.3901 4
      vertex 23.8554 20.5276 4
      vertex 24.1304 20.2478 4
    endloop
  endfacet
  facet normal 0 0 1
    outer loop
      vertex 29.3542 26.4307 4
      vertex 23.5401 20.761 4
      vertex 23.8554 20.5276 4
    endloop
  endfacet
  facet normal 0 0 1
    outer loop
      vertex 21.6529 21.0768 4
      vertex 24.3186 31.1264 4
      vertex 23.2175 31.9562 4
    endloop
  endfacet
  facet normal 0 0 1
    outer loop
      vertex 28.4139 27.439 4
      vertex 23.1921 20.9421 4
      vertex 23.5401 20.761 4
    endloop
  endfacet
  facet normal 0 0 1
    outer loop
      vertex 27.439 28.4139 4
      vertex 22.8201 21.0666 4
      vertex 23.1921 20.9421 4
    endloop
  endfacet
  facet normal 0 0 1
    outer loop
      vertex 26.4307 29.3542 4
      vertex 22.4332 21.1313 4
      vertex 22.8201 21.0666 4
    endloop
  endfacet
  facet normal 0 0 1
    outer loop
      vertex 21.2788 20.9588 4
      vertex 23.2175 31.9562 4
      vertex 22.0881 32.747 4
    endloop
  endfacet
  facet normal 0 0 1
    outer loop
      vertex 25.3901 30.2588 4
      vertex 22.0409 21.1348 4
      vertex 22.4332 21.1313 4
    endloop
  endfacet
  facet normal 0 0 1
    outer loop
      vertex 24.3186 31.1264 4
      vertex 21.6529 21.0768 4
      vertex 22.0409 21.1348 4
    endloop
  endfacet
  facet normal 0 0 1
    outer loop
      vertex 23.2175 31.9562 4
      vertex 21.2788 20.9588 4
      vertex 21.6529 21.0768 4
    endloop
  endfacet
  facet normal 0 0 1
    outer loop
      vertex 20.9277 20.7838 4
      vertex 22.0881 32.747 4
      vertex 20.9318 33.4979 4
    endloop
  endfacet
  facet normal 0 0 1
    outer loop
      vertex 22.0881 32.747 4
      vertex 20.9277 20.7838 4
      vertex 21.2788 20.9588 4
    endloop
  endfacet
  facet normal 0 0 1
    outer loop
      vertex 19.75 34.208 4
      vertex 20.9277 20.7838 4
      vertex 20.9318 33.4979 4
    endloop
  endfacet
  facet normal 0 0 1
    outer loop
      vertex 20.9277 20.7838 4
      vertex 19.75 34.208 4
      vertex 20.6083 20.556 4
    endloop
  endfacet
  facet normal 0 0 1
    outer loop
      vertex 18.5441 34.8764 4
      vertex 20.6083 20.556 4
      vertex 19.75 34.208 4
    endloop
  endfacet
  facet normal 0 0 1
    outer loop
      vertex 20.6083 20.556 4
      vertex 18.5441 34.8764 4
      vertex 20.3285 20.281 4
    endloop
  endfacet
  facet normal 0 0 1
    outer loop
      vertex 17.3157 35.5024 4
      vertex 20.3285 20.281 4
      vertex 18.5441 34.8764 4
    endloop
  endfacet
  facet normal 0 0 1
    outer loop
      vertex 16.0661 36.085 4
      vertex 20.3285 20.281 4
      vertex 17.3157 35.5024 4
    endloop
  endfacet
  facet normal 0 0 1
    outer loop
      vertex 20.3285 20.281 4
      vertex 16.0661 36.085 4
      vertex 20.0952 19.9656 4
    endloop
  endfacet
  facet normal 0 0 1
    outer loop
      vertex 14.797 36.6238 4
      vertex 20.0952 19.9656 4
      vertex 16.0661 36.085 4
    endloop
  endfacet
  facet normal 0 0 1
    outer loop
      vertex 13.5098 37.1179 4
      vertex 20.0952 19.9656 4
      vertex 14.797 36.6238 4
    endloop
  endfacet
  facet normal 0 0 1
    outer loop
      vertex 19.7214 18.4664 4
      vertex 18.9731 13.9875 4
      vertex 19.4595 13.8752 4
    endloop
  endfacet
  facet normal -0 0 1
    outer loop
      vertex 4.41545 36.5276 4
      vertex 20.0952 19.9656 4
      vertex 13.5098 37.1179 4
    endloop
  endfacet
  facet normal 0 0 1
    outer loop
      vertex 19.7214 18.4664 4
      vertex 18.4832 14.0828 4
      vertex 18.9731 13.9875 4
    endloop
  endfacet
  facet normal 0 0 1
    outer loop
      vertex 19.7214 18.4664 4
      vertex 17.9902 14.1608 4
      vertex 18.4832 14.0828 4
    endloop
  endfacet
  facet normal 0 0 1
    outer loop
      vertex 19.7214 18.4664 4
      vertex 17.4948 14.2217 4
      vertex 17.9902 14.1608 4
    endloop
  endfacet
  facet normal 0 -0 1
    outer loop
      vertex 12.5405 13.8752 4
      vertex 20.0952 19.9656 4
      vertex 4.41545 36.5276 4
    endloop
  endfacet
  facet normal 0 0 1
    outer loop
      vertex 19.7214 18.4664 4
      vertex 16.9975 14.2652 4
      vertex 17.4948 14.2217 4
    endloop
  endfacet
  facet normal 0 0 1
    outer loop
      vertex 19.7214 18.4664 4
      vertex 16.4991 14.2913 4
      vertex 16.9975 14.2652 4
    endloop
  endfacet
  facet normal 0 0 1
    outer loop
      vertex 20.0952 19.9656 4
      vertex 12.5405 13.8752 4
      vertex 19.914 19.6177 4
    endloop
  endfacet
  facet normal 0 0 1
    outer loop
      vertex 19.7214 18.4664 4
      vertex 16 14.3 4
      vertex 16.4991 14.2913 4
    endloop
  endfacet
  facet normal 0 0 1
    outer loop
      vertex 19.7214 18.4664 4
      vertex 15.5009 14.2913 4
      vertex 16 14.3 4
    endloop
  endfacet
  facet normal 0 0 1
    outer loop
      vertex 19.7248 18.8587 4
      vertex 15.5009 14.2913 4
      vertex 19.7214 18.4664 4
    endloop
  endfacet
  facet normal 0 -0 1
    outer loop
      vertex 14.0098 14.1608 4
      vertex 19.7895 19.2456 4
      vertex 13.5168 14.0828 4
    endloop
  endfacet
  facet normal 0 -0 1
    outer loop
      vertex 15.5009 14.2913 4
      vertex 19.7248 18.8587 4
      vertex 15.0025 14.2652 4
    endloop
  endfacet
  facet normal 0 -0 1
    outer loop
      vertex 15.0025 14.2652 4
      vertex 19.7248 18.8587 4
      vertex 14.5052 14.2217 4
    endloop
  endfacet
  facet normal 0 0 1
    outer loop
      vertex 19.7895 19.2456 4
      vertex 14.5052 14.2217 4
      vertex 19.7248 18.8587 4
    endloop
  endfacet
  facet normal 0 -0 1
    outer loop
      vertex 13.5168 14.0828 4
      vertex 19.914 19.6177 4
      vertex 13.0269 13.9875 4
    endloop
  endfacet
  facet normal 0 -0 1
    outer loop
      vertex 14.5052 14.2217 4
      vertex 19.7895 19.2456 4
      vertex 14.0098 14.1608 4
    endloop
  endfacet
  facet normal 0 0 1
    outer loop
      vertex 19.914 19.6177 4
      vertex 13.5168 14.0828 4
      vertex 19.7895 19.2456 4
    endloop
  endfacet
  facet normal 0 0 1
    outer loop
      vertex 4.76867 36.7102 4
      vertex 13.5098 37.1179 4
      vertex 12.2062 37.5667 4
    endloop
  endfacet
  facet normal 0 -0 1
    outer loop
      vertex 13.0269 13.9875 4
      vertex 19.914 19.6177 4
      vertex 12.5405 13.8752 4
    endloop
  endfacet
  facet normal -0 0 1
    outer loop
      vertex 4.05525 36.3592 4
      vertex 12.5405 13.8752 4
      vertex 4.41545 36.5276 4
    endloop
  endfacet
  facet normal 0 0 1
    outer loop
      vertex 12.5405 13.8752 4
      vertex 4.05525 36.3592 4
      vertex 12.0584 13.746 4
    endloop
  endfacet
  facet normal 0 0 1
    outer loop
      vertex 5.11435 36.9068 4
      vertex 12.2062 37.5667 4
      vertex 10.8877 37.9698 4
    endloop
  endfacet
  facet normal 0 0 1
    outer loop
      vertex 13.5098 37.1179 4
      vertex 4.76867 36.7102 4
      vertex 4.41545 36.5276 4
    endloop
  endfacet
  facet normal -0 0 1
    outer loop
      vertex 3.68864 36.2052 4
      vertex 12.0584 13.746 4
      vertex 4.05525 36.3592 4
    endloop
  endfacet
  facet normal 0 0 1
    outer loop
      vertex 12.0584 13.746 4
      vertex 3.68864 36.2052 4
      vertex 11.5811 13.6001 4
    endloop
  endfacet
  facet normal 0 0 1
    outer loop
      vertex 5.78092 37.3403 4
      vertex 10.8877 37.9698 4
      vertex 9.55591 38.3267 4
    endloop
  endfacet
  facet normal -0 0 1
    outer loop
      vertex 3.31619 36.0659 4
      vertex 11.5811 13.6001 4
      vertex 3.68864 36.2052 4
    endloop
  endfacet
  facet normal 0 0 1
    outer loop
      vertex 11.5811 13.6001 4
      vertex 3.31619 36.0659 4
      vertex 11.1091 13.4376 4
    endloop
  endfacet
  facet normal -0 0 1
    outer loop
      vertex 2.9385 35.9415 4
      vertex 11.1091 13.4376 4
      vertex 3.31619 36.0659 4
    endloop
  endfacet
  facet normal 0 0 1
    outer loop
      vertex 6.71098 38.0863 4
      vertex 9.55591 38.3267 4
      vertex 8.21251 38.6368 4
    endloop
  endfacet
  facet normal 0 0 1
    outer loop
      vertex 10.8877 37.9698 4
      vertex 5.78092 37.3403 4
      vertex 5.45195 37.1169 4
    endloop
  endfacet
  facet normal 0 0 1
    outer loop
      vertex 10.8877 37.9698 4
      vertex 5.45195 37.1169 4
      vertex 5.11435 36.9068 4
    endloop
  endfacet
  facet normal -0 0 1
    outer loop
      vertex 7.27879 38.6429 4
      vertex 8.21251 38.6368 4
      vertex 7.41379 38.7921 4
    endloop
  endfacet
  facet normal 0 0 1
    outer loop
      vertex 7.00042 38.359 4
      vertex 8.21251 38.6368 4
      vertex 7.27879 38.6429 4
    endloop
  endfacet
  facet normal 0 0 1
    outer loop
      vertex 6.71098 38.0863 4
      vertex 8.21251 38.6368 4
      vertex 7.00042 38.359 4
    endloop
  endfacet
  facet normal 0 0 1
    outer loop
      vertex 9.55591 38.3267 4
      vertex 6.71098 38.0863 4
      vertex 6.41094 37.8254 4
    endloop
  endfacet
  facet normal 0 0 1
    outer loop
      vertex 9.55591 38.3267 4
      vertex 6.41094 37.8254 4
      vertex 6.10075 37.5766 4
    endloop
  endfacet
  facet normal 0 0 1
    outer loop
      vertex 9.55591 38.3267 4
      vertex 6.10075 37.5766 4
      vertex 5.78092 37.3403 4
    endloop
  endfacet
  facet normal 0 0 1
    outer loop
      vertex 12.2062 37.5667 4
      vertex 5.11435 36.9068 4
      vertex 4.76867 36.7102 4
    endloop
  endfacet
  facet normal 0 0 1
    outer loop
      vertex 11.1091 13.4376 4
      vertex 2.9385 35.9415 4
      vertex 10.6431 13.2587 4
    endloop
  endfacet
  facet normal -0 0 1
    outer loop
      vertex 2.55617 35.8322 4
      vertex 10.6431 13.2587 4
      vertex 2.9385 35.9415 4
    endloop
  endfacet
  facet normal 0 0 1
    outer loop
      vertex 10.6431 13.2587 4
      vertex 2.55617 35.8322 4
      vertex 10.1837 13.0637 4
    endloop
  endfacet
  facet normal -0 0 1
    outer loop
      vertex 2.16979 35.7382 4
      vertex 10.1837 13.0637 4
      vertex 2.55617 35.8322 4
    endloop
  endfacet
  facet normal 0 0 1
    outer loop
      vertex 10.1837 13.0637 4
      vertex 2.16979 35.7382 4
      vertex 9.73129 12.8528 4
    endloop
  endfacet
  facet normal -0 0 1
    outer loop
      vertex 1.77998 35.6597 4
      vertex 9.73129 12.8528 4
      vertex 2.16979 35.7382 4
    endloop
  endfacet
  facet normal 0 0 1
    outer loop
      vertex 9.73129 12.8528 4
      vertex 1.77998 35.6597 4
      vertex 9.28656 12.6262 4
    endloop
  endfacet
  facet normal -0 0 1
    outer loop
      vertex 1.38735 35.5967 4
      vertex 9.28656 12.6262 4
      vertex 1.77998 35.6597 4
    endloop
  endfacet
  facet normal -0 0 1
    outer loop
      vertex -8.43785 26.2835 4
      vertex 9.28656 12.6262 4
      vertex 1.38735 35.5967 4
    endloop
  endfacet
  facet normal 0 0 1
    outer loop
      vertex -8.43785 26.2835 4
      vertex 1.38735 35.5967 4
      vertex 0.992537 35.5494 4
    endloop
  endfacet
  facet normal 0 0 1
    outer loop
      vertex 9.28656 12.6262 4
      vertex -8.43785 26.2835 4
      vertex 8.85 12.3842 4
    endloop
  endfacet
  facet normal 0 0 1
    outer loop
      vertex -8.43785 26.2835 4
      vertex 0.992537 35.5494 4
      vertex 0.59615 35.5178 4
    endloop
  endfacet
  facet normal 0 0 1
    outer loop
      vertex 8.85 12.3842 4
      vertex -8.43785 26.2835 4
      vertex 8.42215 12.1271 4
    endloop
  endfacet
  facet normal 0 0 1
    outer loop
      vertex -8.43785 26.2835 4
      vertex 0.59615 35.5178 4
      vertex 0.198821 35.502 4
    endloop
  endfacet
  facet normal -0 0 1
    outer loop
      vertex -8.56233 25.9115 4
      vertex 8.42215 12.1271 4
      vertex -8.43785 26.2835 4
    endloop
  endfacet
  facet normal 0 0 1
    outer loop
      vertex -8.43785 26.2835 4
      vertex 0.198821 35.502 4
      vertex -0.198821 35.502 4
    endloop
  endfacet
  facet normal 0 0 1
    outer loop
      vertex 8.42215 12.1271 4
      vertex -8.56233 25.9115 4
      vertex 8.00354 11.8552 4
    endloop
  endfacet
  facet normal 0 0 1
    outer loop
      vertex -8.43785 26.2835 4
      vertex -0.198821 35.502 4
      vertex -0.59615 35.5178 4
    endloop
  endfacet
  facet normal 0 0 1
    outer loop
      vertex 8.00354 11.8552 4
      vertex -8.56233 25.9115 4
      vertex 7.59467 11.5689 4
    endloop
  endfacet
  facet normal 0 0 1
    outer loop
      vertex -8.43785 26.2835 4
      vertex -0.59615 35.5178 4
      vertex -0.992537 35.5494 4
    endloop
  endfacet
  facet normal -0 0 1
    outer loop
      vertex -8.74347 25.5635 4
      vertex 7.59467 11.5689 4
      vertex -8.56233 25.9115 4
    endloop
  endfacet
  facet normal 0 0 1
    outer loop
      vertex -8.43785 26.2835 4
      vertex -0.992537 35.5494 4
      vertex -1.38735 35.5967 4
    endloop
  endfacet
  facet normal 0 0 1
    outer loop
      vertex 7.59467 11.5689 4
      vertex -8.74347 25.5635 4
      vertex 7.19604 11.2686 4
    endloop
  endfacet
  facet normal 0 0 1
    outer loop
      vertex -8.43785 26.2835 4
      vertex -1.38735 35.5967 4
      vertex -1.77998 35.6597 4
    endloop
  endfacet
  facet normal 0 0 1
    outer loop
      vertex 7.19604 11.2686 4
      vertex -8.74347 25.5635 4
      vertex 6.80814 10.9544 4
    endloop
  endfacet
  facet normal 0 0 1
    outer loop
      vertex -8.43785 26.2835 4
      vertex -1.77998 35.6597 4
      vertex -2.16979 35.7382 4
    endloop
  endfacet
  facet normal -0 0 1
    outer loop
      vertex -8.97682 25.2482 4
      vertex 6.80814 10.9544 4
      vertex -8.74347 25.5635 4
    endloop
  endfacet
  facet normal 0 0 1
    outer loop
      vertex -8.43785 26.2835 4
      vertex -2.16979 35.7382 4
      vertex -2.55617 35.8322 4
    endloop
  endfacet
  facet normal 0 0 1
    outer loop
      vertex 6.80814 10.9544 4
      vertex -8.97682 25.2482 4
      vertex 6.43143 10.627 4
    endloop
  endfacet
  facet normal 0 0 1
    outer loop
      vertex -8.43785 26.2835 4
      vertex -2.55617 35.8322 4
      vertex -2.9385 35.9415 4
    endloop
  endfacet
  facet normal 0 0 1
    outer loop
      vertex 6.43143 10.627 4
      vertex -8.97682 25.2482 4
      vertex 6.06639 10.2866 4
    endloop
  endfacet
  facet normal 0 0 1
    outer loop
      vertex -8.43785 26.2835 4
      vertex -2.9385 35.9415 4
      vertex -3.31619 36.0659 4
    endloop
  endfacet
  facet normal 0 0 1
    outer loop
      vertex 6.06639 10.2866 4
      vertex -8.97682 25.2482 4
      vertex 5.71344 9.93361 4
    endloop
  endfacet
  facet normal 0 0 1
    outer loop
      vertex -8.43785 26.2835 4
      vertex -3.31619 36.0659 4
      vertex -3.68864 36.2052 4
    endloop
  endfacet
  facet normal -0 0 1
    outer loop
      vertex -9.25662 24.9732 4
      vertex 5.71344 9.93361 4
      vertex -8.97682 25.2482 4
    endloop
  endfacet
  facet normal 0 0 1
    outer loop
      vertex -8.43785 26.2835 4
      vertex -3.68864 36.2052 4
      vertex -4.05525 36.3592 4
    endloop
  endfacet
  facet normal 0 0 1
    outer loop
      vertex 5.71344 9.93361 4
      vertex -9.25662 24.9732 4
      vertex 5.37303 9.56857 4
    endloop
  endfacet
  facet normal 0 0 1
    outer loop
      vertex -8.43785 26.2835 4
      vertex -4.05525 36.3592 4
      vertex -4.41545 36.5276 4
    endloop
  endfacet
  facet normal 0 0 1
    outer loop
      vertex 5.37303 9.56857 4
      vertex -9.25662 24.9732 4
      vertex 5.04556 9.19186 4
    endloop
  endfacet
  facet normal -0 0 1
    outer loop
      vertex 28.8528 -6.26871 4
      vertex 38.3267 -9.55591 4
      vertex 29.0637 -5.81633 4
    endloop
  endfacet
  facet normal -0 0 1
    outer loop
      vertex 28.6262 -6.71344 4
      vertex 38.3267 -9.55591 4
      vertex 28.8528 -6.26871 4
    endloop
  endfacet
  facet normal 0 0 1
    outer loop
      vertex 38.3267 -9.55591 4
      vertex 28.6262 -6.71344 4
      vertex 37.9698 -10.8877 4
    endloop
  endfacet
  facet normal -0 0 1
    outer loop
      vertex 28.3842 -7.15 4
      vertex 37.9698 -10.8877 4
      vertex 28.6262 -6.71344 4
    endloop
  endfacet
  facet normal 0 0 1
    outer loop
      vertex 37.9698 -10.8877 4
      vertex 28.3842 -7.15 4
      vertex 37.5667 -12.2062 4
    endloop
  endfacet
  facet normal -0 0 1
    outer loop
      vertex 28.1271 -7.57784 4
      vertex 37.5667 -12.2062 4
      vertex 28.3842 -7.15 4
    endloop
  endfacet
  facet normal -0 0 1
    outer loop
      vertex 27.8552 -7.99646 4
      vertex 37.5667 -12.2062 4
      vertex 28.1271 -7.57784 4
    endloop
  endfacet
  facet normal 0 0 1
    outer loop
      vertex 37.5667 -12.2062 4
      vertex 27.8552 -7.99646 4
      vertex 37.1179 -13.5098 4
    endloop
  endfacet
  facet normal -0 0 1
    outer loop
      vertex 27.5689 -8.40533 4
      vertex 37.1179 -13.5098 4
      vertex 27.8552 -7.99646 4
    endloop
  endfacet
  facet normal -0 0 1
    outer loop
      vertex 27.2686 -8.80396 4
      vertex 37.1179 -13.5098 4
      vertex 27.5689 -8.40533 4
    endloop
  endfacet
  facet normal 0 0 1
    outer loop
      vertex 26.9114 -14.4311 4
      vertex 37.1179 -13.5098 4
      vertex 27.2686 -8.80396 4
    endloop
  endfacet
  facet normal 0 0 1
    outer loop
      vertex 37.1179 -13.5098 4
      vertex 27.0293 -14.8053 4
      vertex 36.6238 -14.797 4
    endloop
  endfacet
  facet normal 0 0 1
    outer loop
      vertex 36.085 -16.0661 4
      vertex 27.0873 -15.1933 4
      vertex 35.5024 -17.3157 4
    endloop
  endfacet
  facet normal -0 0 1
    outer loop
      vertex 26.7135 -16.6925 4
      vertex 33.4979 -20.9318 4
      vertex 26.8947 -16.3445 4
    endloop
  endfacet
  facet normal 0 0 1
    outer loop
      vertex 34.208 -19.75 4
      vertex 26.8947 -16.3445 4
      vertex 33.4979 -20.9318 4
    endloop
  endfacet
  facet normal -0 0 1
    outer loop
      vertex 26.8947 -16.3445 4
      vertex 34.208 -19.75 4
      vertex 27.0191 -15.9725 4
    endloop
  endfacet
  facet normal 0 0 1
    outer loop
      vertex 33.4979 -20.9318 4
      vertex 26.4802 -17.0078 4
      vertex 32.747 -22.0881 4
    endloop
  endfacet
  facet normal 0 0 1
    outer loop
      vertex 34.8764 -18.5441 4
      vertex 27.0191 -15.9725 4
      vertex 34.208 -19.75 4
    endloop
  endfacet
  facet normal -0 0 1
    outer loop
      vertex 27.0191 -15.9725 4
      vertex 34.8764 -18.5441 4
      vertex 27.0839 -15.5855 4
    endloop
  endfacet
  facet normal 0 0 1
    outer loop
      vertex 35.5024 -17.3157 4
      vertex 27.0839 -15.5855 4
      vertex 34.8764 -18.5441 4
    endloop
  endfacet
  facet normal -0 0 1
    outer loop
      vertex 27.0839 -15.5855 4
      vertex 35.5024 -17.3157 4
      vertex 27.0873 -15.1933 4
    endloop
  endfacet
  facet normal -0 0 1
    outer loop
      vertex 26.2004 -17.2828 4
      vertex 32.747 -22.0881 4
      vertex 26.4802 -17.0078 4
    endloop
  endfacet
  facet normal -0 0 1
    outer loop
      vertex 27.0293 -14.8053 4
      vertex 36.085 -16.0661 4
      vertex 36.6238 -14.797 4
    endloop
  endfacet
  facet normal -0 0 1
    outer loop
      vertex 26.4802 -17.0078 4
      vertex 33.4979 -20.9318 4
      vertex 26.7135 -16.6925 4
    endloop
  endfacet
  facet normal 0 0 1
    outer loop
      vertex 32.747 -22.0881 4
      vertex 26.2004 -17.2828 4
      vertex 31.9562 -23.2175 4
    endloop
  endfacet
  facet normal -0 0 1
    outer loop
      vertex 25.881 -17.5106 4
      vertex 31.9562 -23.2175 4
      vertex 26.2004 -17.2828 4
    endloop
  endfacet
  facet normal 0 0 1
    outer loop
      vertex 31.9562 -23.2175 4
      vertex 25.881 -17.5106 4
      vertex 31.1264 -24.3186 4
    endloop
  endfacet
  facet normal -0 0 1
    outer loop
      vertex 25.5299 -17.6856 4
      vertex 31.1264 -24.3186 4
      vertex 25.881 -17.5106 4
    endloop
  endfacet
  facet normal 0 0 1
    outer loop
      vertex 31.1264 -24.3186 4
      vertex 25.5299 -17.6856 4
      vertex 30.2588 -25.3901 4
    endloop
  endfacet
  facet normal -0 0 1
    outer loop
      vertex 25.1558 -17.8036 4
      vertex 30.2588 -25.3901 4
      vertex 25.5299 -17.6856 4
    endloop
  endfacet
  facet normal 0 0 1
    outer loop
      vertex 30.2588 -25.3901 4
      vertex 25.1558 -17.8036 4
      vertex 29.3542 -26.4307 4
    endloop
  endfacet
  facet normal -0 0 1
    outer loop
      vertex 24.7678 -17.8616 4
      vertex 29.3542 -26.4307 4
      vertex 25.1558 -17.8036 4
    endloop
  endfacet
  facet normal 0 0 1
    outer loop
      vertex 29.3542 -26.4307 4
      vertex 24.7678 -17.8616 4
      vertex 28.4139 -27.439 4
    endloop
  endfacet
  facet normal 0 0 1
    outer loop
      vertex 24.3755 -17.8581 4
      vertex 28.4139 -27.439 4
      vertex 24.7678 -17.8616 4
    endloop
  endfacet
  facet normal 0 0 1
    outer loop
      vertex 28.4139 -27.439 4
      vertex 24.3755 -17.8581 4
      vertex 27.439 -28.4139 4
    endloop
  endfacet
  facet normal 0 0 1
    outer loop
      vertex 23.9886 -17.7934 4
      vertex 27.439 -28.4139 4
      vertex 24.3755 -17.8581 4
    endloop
  endfacet
  facet normal 0 0 1
    outer loop
      vertex 27.439 -28.4139 4
      vertex 23.9886 -17.7934 4
      vertex 26.4307 -29.3542 4
    endloop
  endfacet
  facet normal 0 0 1
    outer loop
      vertex 23.6166 -17.6689 4
      vertex 26.4307 -29.3542 4
      vertex 23.9886 -17.7934 4
    endloop
  endfacet
  facet normal 0 0 1
    outer loop
      vertex 26.4307 -29.3542 4
      vertex 23.6166 -17.6689 4
      vertex 25.3901 -30.2588 4
    endloop
  endfacet
  facet normal 0 0 1
    outer loop
      vertex 25.3901 -30.2588 4
      vertex 23.6166 -17.6689 4
      vertex 24.3186 -31.1264 4
    endloop
  endfacet
  facet normal 0 0 1
    outer loop
      vertex 23.2686 -17.4878 4
      vertex 24.3186 -31.1264 4
      vertex 23.6166 -17.6689 4
    endloop
  endfacet
  facet normal 0 0 1
    outer loop
      vertex 23.2686 -17.4878 4
      vertex 23.2175 -31.9562 4
      vertex 24.3186 -31.1264 4
    endloop
  endfacet
  facet normal 0 0 1
    outer loop
      vertex 22.9532 -17.2544 4
      vertex 23.2175 -31.9562 4
      vertex 23.2686 -17.4878 4
    endloop
  endfacet
  facet normal 0 0 1
    outer loop
      vertex 22.0881 -32.747 4
      vertex 22.9532 -17.2544 4
      vertex 22.6783 -16.9746 4
    endloop
  endfacet
  facet normal 0 0 1
    outer loop
      vertex 22.0881 -32.747 4
      vertex 22.6783 -16.9746 4
      vertex 22.4505 -16.6553 4
    endloop
  endfacet
  facet normal 0 0 1
    outer loop
      vertex 22.0881 -32.747 4
      vertex 22.4505 -16.6553 4
      vertex 22.2754 -16.3042 4
    endloop
  endfacet
  facet normal 0 0 1
    outer loop
      vertex 22.0881 -32.747 4
      vertex 22.2754 -16.3042 4
      vertex 22.1575 -15.93 4
    endloop
  endfacet
  facet normal 0 0 1
    outer loop
      vertex 22.0881 -32.747 4
      vertex 22.1575 -15.93 4
      vertex 22.0995 -15.542 4
    endloop
  endfacet
  facet normal 0 0 1
    outer loop
      vertex 22.9532 -17.2544 4
      vertex 22.0881 -32.747 4
      vertex 23.2175 -31.9562 4
    endloop
  endfacet
  facet normal 0 0 1
    outer loop
      vertex 25.9336 10.2866 4
      vertex 24.5166 17.664 4
      vertex 25.5686 10.627 4
    endloop
  endfacet
  facet normal -0 0 1
    outer loop
      vertex 24.3354 17.316 4
      vertex 25.5686 10.627 4
      vertex 24.5166 17.664 4
    endloop
  endfacet
  facet normal 0 0 1
    outer loop
      vertex 25.5686 10.627 4
      vertex 24.3354 17.316 4
      vertex 25.1919 10.9544 4
    endloop
  endfacet
  facet normal 0 0 1
    outer loop
      vertex 25.1919 10.9544 4
      vertex 24.3354 17.316 4
      vertex 24.804 11.2686 4
    endloop
  endfacet
  facet normal -0 0 1
    outer loop
      vertex 24.1021 17.0007 4
      vertex 24.804 11.2686 4
      vertex 24.3354 17.316 4
    endloop
  endfacet
  facet normal 0 0 1
    outer loop
      vertex 24.804 11.2686 4
      vertex 24.1021 17.0007 4
      vertex 24.4053 11.5689 4
    endloop
  endfacet
  facet normal -0 0 1
    outer loop
      vertex 23.8223 16.7257 4
      vertex 24.4053 11.5689 4
      vertex 24.1021 17.0007 4
    endloop
  endfacet
  facet normal 0 0 1
    outer loop
      vertex 24.4053 11.5689 4
      vertex 23.8223 16.7257 4
      vertex 23.9965 11.8552 4
    endloop
  endfacet
  facet normal 0 0 1
    outer loop
      vertex 23.8223 16.7257 4
      vertex 23.5778 12.1271 4
      vertex 23.9965 11.8552 4
    endloop
  endfacet
  facet normal -0 0 1
    outer loop
      vertex 23.5029 16.4979 4
      vertex 23.5778 12.1271 4
      vertex 23.8223 16.7257 4
    endloop
  endfacet
  facet normal 0 0 1
    outer loop
      vertex 23.15 12.3842 4
      vertex 23.5029 16.4979 4
      vertex 23.1518 16.3229 4
    endloop
  endfacet
  facet normal 0 0 1
    outer loop
      vertex 23.5029 16.4979 4
      vertex 23.15 12.3842 4
      vertex 23.5778 12.1271 4
    endloop
  endfacet
  facet normal 0 0 1
    outer loop
      vertex 22.7134 12.6262 4
      vertex 23.1518 16.3229 4
      vertex 22.7777 16.2049 4
    endloop
  endfacet
  facet normal 0 0 1
    outer loop
      vertex 23.1518 16.3229 4
      vertex 22.7134 12.6262 4
      vertex 23.15 12.3842 4
    endloop
  endfacet
  facet normal 0 0 1
    outer loop
      vertex 22.2687 12.8528 4
      vertex 22.7777 16.2049 4
      vertex 22.3897 16.1469 4
    endloop
  endfacet
  facet normal 0 0 1
    outer loop
      vertex 22.7777 16.2049 4
      vertex 22.2687 12.8528 4
      vertex 22.7134 12.6262 4
    endloop
  endfacet
  facet normal 0 0 1
    outer loop
      vertex 21.8163 13.0637 4
      vertex 22.3897 16.1469 4
      vertex 21.9974 16.1504 4
    endloop
  endfacet
  facet normal 0 0 1
    outer loop
      vertex 22.3897 16.1469 4
      vertex 21.8163 13.0637 4
      vertex 22.2687 12.8528 4
    endloop
  endfacet
  facet normal 0 0 1
    outer loop
      vertex 20.8909 13.4376 4
      vertex 21.9974 16.1504 4
      vertex 21.6105 16.2151 4
    endloop
  endfacet
  facet normal 0 0 1
    outer loop
      vertex 21.9974 16.1504 4
      vertex 21.3569 13.2587 4
      vertex 21.8163 13.0637 4
    endloop
  endfacet
  facet normal 0 0 1
    outer loop
      vertex 20.4189 13.6001 4
      vertex 21.6105 16.2151 4
      vertex 21.2385 16.3396 4
    endloop
  endfacet
  facet normal 0 0 1
    outer loop
      vertex 21.9974 16.1504 4
      vertex 20.8909 13.4376 4
      vertex 21.3569 13.2587 4
    endloop
  endfacet
  facet normal 0 0 1
    outer loop
      vertex 19.9416 13.746 4
      vertex 21.2385 16.3396 4
      vertex 20.8905 16.5207 4
    endloop
  endfacet
  facet normal 0 0 1
    outer loop
      vertex 19.4595 13.8752 4
      vertex 20.8905 16.5207 4
      vertex 20.5751 16.7541 4
    endloop
  endfacet
  facet normal 0 0 1
    outer loop
      vertex 21.6105 16.2151 4
      vertex 20.4189 13.6001 4
      vertex 20.8909 13.4376 4
    endloop
  endfacet
  facet normal 0 0 1
    outer loop
      vertex 19.4595 13.8752 4
      vertex 20.5751 16.7541 4
      vertex 20.3002 17.0339 4
    endloop
  endfacet
  facet normal 0 0 1
    outer loop
      vertex 19.4595 13.8752 4
      vertex 20.3002 17.0339 4
      vertex 20.0724 17.3532 4
    endloop
  endfacet
  facet normal 0 0 1
    outer loop
      vertex 21.2385 16.3396 4
      vertex 19.9416 13.746 4
      vertex 20.4189 13.6001 4
    endloop
  endfacet
  facet normal 0 0 1
    outer loop
      vertex 19.4595 13.8752 4
      vertex 20.0724 17.3532 4
      vertex 19.8973 17.7043 4
    endloop
  endfacet
  facet normal 0 0 1
    outer loop
      vertex 19.4595 13.8752 4
      vertex 19.8973 17.7043 4
      vertex 19.7794 18.0785 4
    endloop
  endfacet
  facet normal 0 0 1
    outer loop
      vertex 19.4595 13.8752 4
      vertex 19.7794 18.0785 4
      vertex 19.7214 18.4664 4
    endloop
  endfacet
  facet normal 0 0 1
    outer loop
      vertex 20.8905 16.5207 4
      vertex 19.4595 13.8752 4
      vertex 19.9416 13.746 4
    endloop
  endfacet
  facet normal 0.998631 0.0523028 0
    outer loop
      vertex 36.6776 1.28081 0
      vertex 36.6106 2.56006 -5
      vertex 36.6106 2.56006 0
    endloop
  endfacet
  facet normal 0.998631 0.0523028 0
    outer loop
      vertex 36.6106 2.56006 -5
      vertex 36.6776 1.28081 0
      vertex 36.6776 1.28081 -5
    endloop
  endfacet
  facet normal 0.999847 0.0174863 0
    outer loop
      vertex 36.7 0 0
      vertex 36.6776 1.28081 -5
      vertex 36.6776 1.28081 0
    endloop
  endfacet
  facet normal 0.999847 0.0174863 0
    outer loop
      vertex 36.6776 1.28081 -5
      vertex 36.7 0 0
      vertex 36.7 0 -5
    endloop
  endfacet
  facet normal 0.996198 0.0871194 0
    outer loop
      vertex 36.6106 2.56006 0
      vertex 36.499 3.83619 -5
      vertex 36.499 3.83619 0
    endloop
  endfacet
  facet normal 0.996198 0.0871194 0
    outer loop
      vertex 36.499 3.83619 -5
      vertex 36.6106 2.56006 0
      vertex 36.6106 2.56006 -5
    endloop
  endfacet
  facet normal 0.358367 -0.933581 0
    outer loop
      vertex 12.5521 -34.4867 -5
      vertex 13.7481 -34.0276 0
      vertex 12.5521 -34.4867 0
    endloop
  endfacet
  facet normal 0.358367 -0.933581 0
    outer loop
      vertex 13.7481 -34.0276 0
      vertex 12.5521 -34.4867 -5
      vertex 13.7481 -34.0276 -5
    endloop
  endfacet
  facet normal 0.292357 0.956309 -0
    outer loop
      vertex 11.3409 34.9038 -5
      vertex 10.1159 35.2783 0
      vertex 11.3409 34.9038 0
    endloop
  endfacet
  facet normal 0.292357 0.956309 0
    outer loop
      vertex 10.1159 35.2783 0
      vertex 11.3409 34.9038 -5
      vertex 10.1159 35.2783 -5
    endloop
  endfacet
  facet normal 0.0871194 -0.996198 0
    outer loop
      vertex 2.56006 -36.6106 -5
      vertex 3.83619 -36.499 0
      vertex 2.56006 -36.6106 0
    endloop
  endfacet
  facet normal 0.0871194 -0.996198 0
    outer loop
      vertex 3.83619 -36.499 0
      vertex 2.56006 -36.6106 -5
      vertex 3.83619 -36.499 -5
    endloop
  endfacet
  facet normal 0.573614 -0.819126 0
    outer loop
      vertex 20.5224 -30.4257 -5
      vertex 21.5717 -29.6909 0
      vertex 20.5224 -30.4257 0
    endloop
  endfacet
  facet normal 0.573614 -0.819126 0
    outer loop
      vertex 21.5717 -29.6909 0
      vertex 20.5224 -30.4257 -5
      vertex 21.5717 -29.6909 -5
    endloop
  endfacet
  facet normal 0.777123 0.629349 0
    outer loop
      vertex 28.92 22.5948 0
      vertex 28.1138 23.5903 -5
      vertex 28.1138 23.5903 0
    endloop
  endfacet
  facet normal 0.777123 0.629349 0
    outer loop
      vertex 28.1138 23.5903 -5
      vertex 28.92 22.5948 0
      vertex 28.92 22.5948 -5
    endloop
  endfacet
  facet normal 0.156439 -0.987688 0
    outer loop
      vertex 5.10765 -36.3428 -5
      vertex 6.37289 -36.1424 0
      vertex 5.10765 -36.3428 0
    endloop
  endfacet
  facet normal 0.156439 -0.987688 0
    outer loop
      vertex 6.37289 -36.1424 0
      vertex 5.10765 -36.3428 -5
      vertex 6.37289 -36.1424 -5
    endloop
  endfacet
  facet normal 0.987688 -0.156439 0
    outer loop
      vertex 36.1424 -6.37289 0
      vertex 36.3428 -5.10765 -5
      vertex 36.3428 -5.10765 0
    endloop
  endfacet
  facet normal 0.987688 -0.156439 0
    outer loop
      vertex 36.3428 -5.10765 -5
      vertex 36.1424 -6.37289 0
      vertex 36.1424 -6.37289 -5
    endloop
  endfacet
  facet normal 0.121937 0.992538 -0
    outer loop
      vertex 5.10765 36.3428 -5
      vertex 4.24646 36.4486 0
      vertex 5.10765 36.3428 0
    endloop
  endfacet
  facet normal 0.121937 0.992538 0
    outer loop
      vertex 4.24646 36.4486 0
      vertex 5.10765 36.3428 -5
      vertex 4.24646 36.4486 -5
    endloop
  endfacet
  facet normal -0.190788 0.981631 0
    outer loop
      vertex -6.37289 36.1424 -5
      vertex -7.63036 35.898 0
      vertex -6.37289 36.1424 0
    endloop
  endfacet
  facet normal -0.190788 0.981631 0
    outer loop
      vertex -7.63036 35.898 0
      vertex -6.37289 36.1424 -5
      vertex -7.63036 35.898 -5
    endloop
  endfacet
  facet normal 0.996198 -0.0871194 0
    outer loop
      vertex 36.499 -3.83619 0
      vertex 36.6106 -2.56006 -5
      vertex 36.6106 -2.56006 0
    endloop
  endfacet
  facet normal 0.996198 -0.0871194 0
    outer loop
      vertex 36.6106 -2.56006 -5
      vertex 36.499 -3.83619 0
      vertex 36.499 -3.83619 -5
    endloop
  endfacet
  facet normal -0.0523028 -0.998631 0
    outer loop
      vertex -2.56006 -36.6106 -5
      vertex -1.28081 -36.6776 0
      vertex -2.56006 -36.6106 0
    endloop
  endfacet
  facet normal -0.0523028 -0.998631 -0
    outer loop
      vertex -1.28081 -36.6776 0
      vertex -2.56006 -36.6106 -5
      vertex -1.28081 -36.6776 -5
    endloop
  endfacet
  facet normal -0.933581 0.358367 0
    outer loop
      vertex -34.4867 12.5521 -5
      vertex -34.0276 13.7481 0
      vertex -34.0276 13.7481 -5
    endloop
  endfacet
  facet normal -0.933581 0.358367 0
    outer loop
      vertex -34.0276 13.7481 0
      vertex -34.4867 12.5521 -5
      vertex -34.4867 12.5521 0
    endloop
  endfacet
  facet normal 0.857183 0.515012 0
    outer loop
      vertex 31.7831 18.35 0
      vertex 31.1234 19.448 -5
      vertex 31.1234 19.448 0
    endloop
  endfacet
  facet normal 0.857183 0.515012 0
    outer loop
      vertex 31.1234 19.448 -5
      vertex 31.7831 18.35 0
      vertex 31.7831 18.35 -5
    endloop
  endfacet
  facet normal 0.325603 -0.945506 0
    outer loop
      vertex 11.3409 -34.9038 -5
      vertex 12.5521 -34.4867 0
      vertex 11.3409 -34.9038 0
    endloop
  endfacet
  facet normal 0.325603 -0.945506 0
    outer loop
      vertex 12.5521 -34.4867 0
      vertex 11.3409 -34.9038 -5
      vertex 12.5521 -34.4867 -5
    endloop
  endfacet
  facet normal 0.325603 0.945506 -0
    outer loop
      vertex 12.5521 34.4867 -5
      vertex 11.3409 34.9038 0
      vertex 12.5521 34.4867 0
    endloop
  endfacet
  facet normal 0.325603 0.945506 0
    outer loop
      vertex 11.3409 34.9038 0
      vertex 12.5521 34.4867 -5
      vertex 11.3409 34.9038 -5
    endloop
  endfacet
  facet normal 0.453946 -0.891029 0
    outer loop
      vertex 16.0882 -32.9857 -5
      vertex 17.2296 -32.4042 0
      vertex 16.0882 -32.9857 0
    endloop
  endfacet
  facet normal 0.453946 -0.891029 0
    outer loop
      vertex 17.2296 -32.4042 0
      vertex 16.0882 -32.9857 -5
      vertex 17.2296 -32.4042 -5
    endloop
  endfacet
  facet normal -0.573614 -0.819126 0
    outer loop
      vertex -21.5717 -29.6909 -5
      vertex -20.5224 -30.4257 0
      vertex -21.5717 -29.6909 0
    endloop
  endfacet
  facet normal -0.573614 -0.819126 -0
    outer loop
      vertex -20.5224 -30.4257 0
      vertex -21.5717 -29.6909 -5
      vertex -20.5224 -30.4257 -5
    endloop
  endfacet
  facet normal -0.515012 0.857183 0
    outer loop
      vertex -18.35 31.7831 -5
      vertex -19.448 31.1234 0
      vertex -18.35 31.7831 0
    endloop
  endfacet
  facet normal -0.515012 0.857183 0
    outer loop
      vertex -19.448 31.1234 0
      vertex -18.35 31.7831 -5
      vertex -19.448 31.1234 -5
    endloop
  endfacet
  facet normal 0.992538 -0.121934 0
    outer loop
      vertex 36.3428 -5.10765 0
      vertex 36.499 -3.83619 -5
      vertex 36.499 -3.83619 0
    endloop
  endfacet
  facet normal 0.992538 -0.121934 0
    outer loop
      vertex 36.499 -3.83619 -5
      vertex 36.3428 -5.10765 0
      vertex 36.3428 -5.10765 -5
    endloop
  endfacet
  facet normal 0.75472 -0.656047 0
    outer loop
      vertex 27.2734 -24.5571 0
      vertex 28.1138 -23.5903 -5
      vertex 28.1138 -23.5903 0
    endloop
  endfacet
  facet normal 0.75472 -0.656047 0
    outer loop
      vertex 28.1138 -23.5903 -5
      vertex 27.2734 -24.5571 0
      vertex 27.2734 -24.5571 -5
    endloop
  endfacet
  facet normal 0.656047 0.75472 -0
    outer loop
      vertex 24.5571 27.2734 -5
      vertex 23.5903 28.1138 0
      vertex 24.5571 27.2734 0
    endloop
  endfacet
  facet normal 0.656047 0.75472 0
    outer loop
      vertex 23.5903 28.1138 0
      vertex 24.5571 27.2734 -5
      vertex 23.5903 28.1138 -5
    endloop
  endfacet
  facet normal 0.933581 0.358367 0
    outer loop
      vertex 34.4867 12.5521 0
      vertex 34.0276 13.7481 -5
      vertex 34.0276 13.7481 0
    endloop
  endfacet
  facet normal 0.933581 0.358367 0
    outer loop
      vertex 34.0276 13.7481 -5
      vertex 34.4867 12.5521 0
      vertex 34.4867 12.5521 -5
    endloop
  endfacet
  facet normal -0.358367 0.933581 0
    outer loop
      vertex -12.5521 34.4867 -5
      vertex -13.7481 34.0276 0
      vertex -12.5521 34.4867 0
    endloop
  endfacet
  facet normal -0.358367 0.933581 0
    outer loop
      vertex -13.7481 34.0276 0
      vertex -12.5521 34.4867 -5
      vertex -13.7481 34.0276 -5
    endloop
  endfacet
  facet normal 0.798658 -0.601785 0
    outer loop
      vertex 28.92 -22.5948 0
      vertex 29.6909 -21.5717 -5
      vertex 29.6909 -21.5717 0
    endloop
  endfacet
  facet normal 0.798658 -0.601785 0
    outer loop
      vertex 29.6909 -21.5717 -5
      vertex 28.92 -22.5948 0
      vertex 28.92 -22.5948 -5
    endloop
  endfacet
  facet normal 0.484841 0.874602 -0
    outer loop
      vertex 18.35 31.7831 -5
      vertex 17.2296 32.4042 0
      vertex 18.35 31.7831 0
    endloop
  endfacet
  facet normal 0.484841 0.874602 0
    outer loop
      vertex 17.2296 32.4042 0
      vertex 18.35 31.7831 -5
      vertex 17.2296 32.4042 -5
    endloop
  endfacet
  facet normal 0.573614 0.819126 -0
    outer loop
      vertex 21.5717 29.6909 -5
      vertex 20.5224 30.4257 0
      vertex 21.5717 29.6909 0
    endloop
  endfacet
  facet normal 0.573614 0.819126 0
    outer loop
      vertex 20.5224 30.4257 0
      vertex 21.5717 29.6909 -5
      vertex 20.5224 30.4257 -5
    endloop
  endfacet
  facet normal 0.965917 -0.258854 0
    outer loop
      vertex 35.2783 -10.1159 0
      vertex 35.6099 -8.87853 -5
      vertex 35.6099 -8.87853 0
    endloop
  endfacet
  facet normal 0.965917 -0.258854 0
    outer loop
      vertex 35.6099 -8.87853 -5
      vertex 35.2783 -10.1159 0
      vertex 35.2783 -10.1159 -5
    endloop
  endfacet
  facet normal -0.544626 -0.838679 0
    outer loop
      vertex -20.5224 -30.4257 -5
      vertex -19.448 -31.1234 0
      vertex -20.5224 -30.4257 0
    endloop
  endfacet
  facet normal -0.544626 -0.838679 -0
    outer loop
      vertex -19.448 -31.1234 0
      vertex -20.5224 -30.4257 -5
      vertex -19.448 -31.1234 -5
    endloop
  endfacet
  facet normal 0.156439 0.987688 -0
    outer loop
      vertex 6.37289 36.1424 -5
      vertex 5.10765 36.3428 0
      vertex 6.37289 36.1424 0
    endloop
  endfacet
  facet normal 0.156439 0.987688 0
    outer loop
      vertex 5.10765 36.3428 0
      vertex 6.37289 36.1424 -5
      vertex 5.10765 36.3428 -5
    endloop
  endfacet
  facet normal -0.874602 0.484841 0
    outer loop
      vertex -32.4042 17.2296 -5
      vertex -31.7831 18.35 0
      vertex -31.7831 18.35 -5
    endloop
  endfacet
  facet normal -0.874602 0.484841 0
    outer loop
      vertex -31.7831 18.35 0
      vertex -32.4042 17.2296 -5
      vertex -32.4042 17.2296 0
    endloop
  endfacet
  facet normal 0.515012 -0.857183 0
    outer loop
      vertex 18.35 -31.7831 -5
      vertex 19.448 -31.1234 0
      vertex 18.35 -31.7831 0
    endloop
  endfacet
  facet normal 0.515012 -0.857183 0
    outer loop
      vertex 19.448 -31.1234 0
      vertex 18.35 -31.7831 -5
      vertex 19.448 -31.1234 -5
    endloop
  endfacet
  facet normal 0.258854 -0.965917 0
    outer loop
      vertex 8.87853 -35.6099 -5
      vertex 10.1159 -35.2783 0
      vertex 8.87853 -35.6099 0
    endloop
  endfacet
  facet normal 0.258854 -0.965917 0
    outer loop
      vertex 10.1159 -35.2783 0
      vertex 8.87853 -35.6099 -5
      vertex 10.1159 -35.2783 -5
    endloop
  endfacet
  facet normal -0.731382 -0.681968 0
    outer loop
      vertex -26.3998 -25.494 -5
      vertex -27.2734 -24.5571 0
      vertex -27.2734 -24.5571 -5
    endloop
  endfacet
  facet normal -0.731382 -0.681968 0
    outer loop
      vertex -27.2734 -24.5571 0
      vertex -26.3998 -25.494 -5
      vertex -26.3998 -25.494 0
    endloop
  endfacet
  facet normal -0.629349 0.777123 0
    outer loop
      vertex -22.5948 28.92 -5
      vertex -23.5903 28.1138 0
      vertex -22.5948 28.92 0
    endloop
  endfacet
  facet normal -0.629349 0.777123 0
    outer loop
      vertex -23.5903 28.1138 0
      vertex -22.5948 28.92 -5
      vertex -23.5903 28.1138 -5
    endloop
  endfacet
  facet normal 0.629349 -0.777123 0
    outer loop
      vertex 22.5948 -28.92 -5
      vertex 23.5903 -28.1138 0
      vertex 22.5948 -28.92 0
    endloop
  endfacet
  facet normal 0.629349 -0.777123 0
    outer loop
      vertex 23.5903 -28.1138 0
      vertex 22.5948 -28.92 -5
      vertex 23.5903 -28.1138 -5
    endloop
  endfacet
  facet normal -0.945506 0.325603 0
    outer loop
      vertex -34.9038 11.3409 -5
      vertex -34.4867 12.5521 0
      vertex -34.4867 12.5521 -5
    endloop
  endfacet
  facet normal -0.945506 0.325603 0
    outer loop
      vertex -34.4867 12.5521 0
      vertex -34.9038 11.3409 -5
      vertex -34.9038 11.3409 0
    endloop
  endfacet
  facet normal -0.573614 0.819126 0
    outer loop
      vertex -20.5224 30.4257 -5
      vertex -21.5717 29.6909 0
      vertex -20.5224 30.4257 0
    endloop
  endfacet
  facet normal -0.573614 0.819126 0
    outer loop
      vertex -21.5717 29.6909 0
      vertex -20.5224 30.4257 -5
      vertex -21.5717 29.6909 -5
    endloop
  endfacet
  facet normal 0.707107 0.707107 0
    outer loop
      vertex 26.3998 25.494 0
      vertex 25.494 26.3998 -5
      vertex 25.494 26.3998 0
    endloop
  endfacet
  facet normal 0.707107 0.707107 0
    outer loop
      vertex 25.494 26.3998 -5
      vertex 26.3998 25.494 0
      vertex 26.3998 25.494 -5
    endloop
  endfacet
  facet normal -0.422629 0.906303 0
    outer loop
      vertex -14.9272 33.5271 -5
      vertex -16.0882 32.9857 0
      vertex -14.9272 33.5271 0
    endloop
  endfacet
  facet normal -0.422629 0.906303 0
    outer loop
      vertex -16.0882 32.9857 0
      vertex -14.9272 33.5271 -5
      vertex -16.0882 32.9857 -5
    endloop
  endfacet
  facet normal 0.544626 0.838679 -0
    outer loop
      vertex 20.5224 30.4257 -5
      vertex 19.448 31.1234 0
      vertex 20.5224 30.4257 0
    endloop
  endfacet
  facet normal 0.544626 0.838679 0
    outer loop
      vertex 19.448 31.1234 0
      vertex 20.5224 30.4257 -5
      vertex 19.448 31.1234 -5
    endloop
  endfacet
  facet normal 0.731382 -0.681968 0
    outer loop
      vertex 26.3998 -25.494 0
      vertex 27.2734 -24.5571 -5
      vertex 27.2734 -24.5571 0
    endloop
  endfacet
  facet normal 0.731382 -0.681968 0
    outer loop
      vertex 27.2734 -24.5571 -5
      vertex 26.3998 -25.494 0
      vertex 26.3998 -25.494 -5
    endloop
  endfacet
  facet normal 0.891029 -0.453946 0
    outer loop
      vertex 32.4042 -17.2296 0
      vertex 32.9857 -16.0882 -5
      vertex 32.9857 -16.0882 0
    endloop
  endfacet
  facet normal 0.891029 -0.453946 0
    outer loop
      vertex 32.9857 -16.0882 -5
      vertex 32.4042 -17.2296 0
      vertex 32.4042 -17.2296 -5
    endloop
  endfacet
  facet normal 0.974381 0.224905 0
    outer loop
      vertex 35.898 7.63036 0
      vertex 35.6099 8.87853 -5
      vertex 35.6099 8.87853 0
    endloop
  endfacet
  facet normal 0.974381 0.224905 0
    outer loop
      vertex 35.6099 8.87853 -5
      vertex 35.898 7.63036 0
      vertex 35.898 7.63036 -5
    endloop
  endfacet
  facet normal -0.933581 -0.358367 0
    outer loop
      vertex -34.0276 -13.7481 -5
      vertex -34.4867 -12.5521 0
      vertex -34.4867 -12.5521 -5
    endloop
  endfacet
  facet normal -0.933581 -0.358367 0
    outer loop
      vertex -34.4867 -12.5521 0
      vertex -34.0276 -13.7481 -5
      vertex -34.0276 -13.7481 0
    endloop
  endfacet
  facet normal -0.906303 0.422629 0
    outer loop
      vertex -33.5271 14.9272 -5
      vertex -32.9857 16.0882 0
      vertex -32.9857 16.0882 -5
    endloop
  endfacet
  facet normal -0.906303 0.422629 0
    outer loop
      vertex -32.9857 16.0882 0
      vertex -33.5271 14.9272 -5
      vertex -33.5271 14.9272 0
    endloop
  endfacet
  facet normal -0.920504 0.390732 0
    outer loop
      vertex -34.0276 13.7481 -5
      vertex -33.5271 14.9272 0
      vertex -33.5271 14.9272 -5
    endloop
  endfacet
  facet normal -0.920504 0.390732 0
    outer loop
      vertex -33.5271 14.9272 0
      vertex -34.0276 13.7481 -5
      vertex -34.0276 13.7481 0
    endloop
  endfacet
  facet normal -0.981631 0.190788 0
    outer loop
      vertex -36.1424 6.37289 -5
      vertex -35.898 7.63036 0
      vertex -35.898 7.63036 -5
    endloop
  endfacet
  facet normal -0.981631 0.190788 0
    outer loop
      vertex -35.898 7.63036 0
      vertex -36.1424 6.37289 -5
      vertex -36.1424 6.37289 0
    endloop
  endfacet
  facet normal 0.422629 0.906303 -0
    outer loop
      vertex 16.0882 32.9857 -5
      vertex 14.9272 33.5271 0
      vertex 16.0882 32.9857 0
    endloop
  endfacet
  facet normal 0.422629 0.906303 0
    outer loop
      vertex 14.9272 33.5271 0
      vertex 16.0882 32.9857 -5
      vertex 14.9272 33.5271 -5
    endloop
  endfacet
  facet normal -0.819126 -0.573614 0
    outer loop
      vertex -29.6909 -21.5717 -5
      vertex -30.4257 -20.5224 0
      vertex -30.4257 -20.5224 -5
    endloop
  endfacet
  facet normal -0.819126 -0.573614 0
    outer loop
      vertex -30.4257 -20.5224 0
      vertex -29.6909 -21.5717 -5
      vertex -29.6909 -21.5717 0
    endloop
  endfacet
  facet normal 0.190788 -0.981631 0
    outer loop
      vertex 6.37289 -36.1424 -5
      vertex 7.63036 -35.898 0
      vertex 6.37289 -36.1424 0
    endloop
  endfacet
  facet normal 0.190788 -0.981631 0
    outer loop
      vertex 7.63036 -35.898 0
      vertex 6.37289 -36.1424 -5
      vertex 7.63036 -35.898 -5
    endloop
  endfacet
  facet normal 0.0174863 -0.999847 0
    outer loop
      vertex 0 -36.7 -5
      vertex 1.28081 -36.6776 0
      vertex 0 -36.7 0
    endloop
  endfacet
  facet normal 0.0174863 -0.999847 0
    outer loop
      vertex 1.28081 -36.6776 0
      vertex 0 -36.7 -5
      vertex 1.28081 -36.6776 -5
    endloop
  endfacet
  facet normal -0.325603 -0.945506 0
    outer loop
      vertex -12.5521 -34.4867 -5
      vertex -11.3409 -34.9038 0
      vertex -12.5521 -34.4867 0
    endloop
  endfacet
  facet normal -0.325603 -0.945506 -0
    outer loop
      vertex -11.3409 -34.9038 0
      vertex -12.5521 -34.4867 -5
      vertex -11.3409 -34.9038 -5
    endloop
  endfacet
  facet normal -0.156439 -0.987688 0
    outer loop
      vertex -6.37289 -36.1424 -5
      vertex -5.10765 -36.3428 0
      vertex -6.37289 -36.1424 0
    endloop
  endfacet
  facet normal -0.156439 -0.987688 -0
    outer loop
      vertex -5.10765 -36.3428 0
      vertex -6.37289 -36.1424 -5
      vertex -5.10765 -36.3428 -5
    endloop
  endfacet
  facet normal 0.731382 0.681968 0
    outer loop
      vertex 27.2734 24.5571 0
      vertex 26.3998 25.494 -5
      vertex 26.3998 25.494 0
    endloop
  endfacet
  facet normal 0.731382 0.681968 0
    outer loop
      vertex 26.3998 25.494 -5
      vertex 27.2734 24.5571 0
      vertex 27.2734 24.5571 -5
    endloop
  endfacet
  facet normal -0.996198 -0.0871194 0
    outer loop
      vertex -36.499 -3.83619 -5
      vertex -36.6106 -2.56006 0
      vertex -36.6106 -2.56006 -5
    endloop
  endfacet
  facet normal -0.996198 -0.0871194 0
    outer loop
      vertex -36.6106 -2.56006 0
      vertex -36.499 -3.83619 -5
      vertex -36.499 -3.83619 0
    endloop
  endfacet
  facet normal -0.629349 -0.777123 0
    outer loop
      vertex -23.5903 -28.1138 -5
      vertex -22.5948 -28.92 0
      vertex -23.5903 -28.1138 0
    endloop
  endfacet
  facet normal -0.629349 -0.777123 -0
    outer loop
      vertex -22.5948 -28.92 0
      vertex -23.5903 -28.1138 -5
      vertex -22.5948 -28.92 -5
    endloop
  endfacet
  facet normal 0.484841 -0.874602 0
    outer loop
      vertex 17.2296 -32.4042 -5
      vertex 18.35 -31.7831 0
      vertex 17.2296 -32.4042 0
    endloop
  endfacet
  facet normal 0.484841 -0.874602 0
    outer loop
      vertex 18.35 -31.7831 0
      vertex 17.2296 -32.4042 -5
      vertex 18.35 -31.7831 -5
    endloop
  endfacet
  facet normal -0.731382 0.681968 0
    outer loop
      vertex -27.2734 24.5571 -5
      vertex -26.3998 25.494 0
      vertex -26.3998 25.494 -5
    endloop
  endfacet
  facet normal -0.731382 0.681968 0
    outer loop
      vertex -26.3998 25.494 0
      vertex -27.2734 24.5571 -5
      vertex -27.2734 24.5571 0
    endloop
  endfacet
  facet normal 0.965917 0.258854 0
    outer loop
      vertex 35.6099 8.87853 0
      vertex 35.2783 10.1159 -5
      vertex 35.2783 10.1159 0
    endloop
  endfacet
  facet normal 0.965917 0.258854 0
    outer loop
      vertex 35.2783 10.1159 -5
      vertex 35.6099 8.87853 0
      vertex 35.6099 8.87853 -5
    endloop
  endfacet
  facet normal -0.121934 -0.992538 0
    outer loop
      vertex -5.10765 -36.3428 -5
      vertex -3.83619 -36.499 0
      vertex -5.10765 -36.3428 0
    endloop
  endfacet
  facet normal -0.121934 -0.992538 -0
    outer loop
      vertex -3.83619 -36.499 0
      vertex -5.10765 -36.3428 -5
      vertex -3.83619 -36.499 -5
    endloop
  endfacet
  facet normal -0.798658 -0.601785 0
    outer loop
      vertex -28.92 -22.5948 -5
      vertex -29.6909 -21.5717 0
      vertex -29.6909 -21.5717 -5
    endloop
  endfacet
  facet normal -0.798658 -0.601785 0
    outer loop
      vertex -29.6909 -21.5717 0
      vertex -28.92 -22.5948 -5
      vertex -28.92 -22.5948 0
    endloop
  endfacet
  facet normal -0.0871194 -0.996198 0
    outer loop
      vertex -3.83619 -36.499 -5
      vertex -2.56006 -36.6106 0
      vertex -3.83619 -36.499 0
    endloop
  endfacet
  facet normal -0.0871194 -0.996198 -0
    outer loop
      vertex -2.56006 -36.6106 0
      vertex -3.83619 -36.499 -5
      vertex -2.56006 -36.6106 -5
    endloop
  endfacet
  facet normal -0.656047 0.75472 0
    outer loop
      vertex -23.5903 28.1138 -5
      vertex -24.5571 27.2734 0
      vertex -23.5903 28.1138 0
    endloop
  endfacet
  facet normal -0.656047 0.75472 0
    outer loop
      vertex -24.5571 27.2734 0
      vertex -23.5903 28.1138 -5
      vertex -24.5571 27.2734 -5
    endloop
  endfacet
  facet normal 0.945506 -0.325603 0
    outer loop
      vertex 34.4867 -12.5521 0
      vertex 34.9038 -11.3409 -5
      vertex 34.9038 -11.3409 0
    endloop
  endfacet
  facet normal 0.945506 -0.325603 0
    outer loop
      vertex 34.9038 -11.3409 -5
      vertex 34.4867 -12.5521 0
      vertex 34.4867 -12.5521 -5
    endloop
  endfacet
  facet normal 0.974381 -0.224905 0
    outer loop
      vertex 35.6099 -8.87853 0
      vertex 35.898 -7.63036 -5
      vertex 35.898 -7.63036 0
    endloop
  endfacet
  facet normal 0.974381 -0.224905 0
    outer loop
      vertex 35.898 -7.63036 -5
      vertex 35.6099 -8.87853 0
      vertex 35.6099 -8.87853 -5
    endloop
  endfacet
  facet normal 0.906303 -0.422629 0
    outer loop
      vertex 32.9857 -16.0882 0
      vertex 33.5271 -14.9272 -5
      vertex 33.5271 -14.9272 0
    endloop
  endfacet
  facet normal 0.906303 -0.422629 0
    outer loop
      vertex 33.5271 -14.9272 -5
      vertex 32.9857 -16.0882 0
      vertex 32.9857 -16.0882 -5
    endloop
  endfacet
  facet normal -0.999847 -0.0174863 0
    outer loop
      vertex -36.6776 -1.28081 -5
      vertex -36.7 0 0
      vertex -36.7 0 -5
    endloop
  endfacet
  facet normal -0.999847 -0.0174863 0
    outer loop
      vertex -36.7 0 0
      vertex -36.6776 -1.28081 -5
      vertex -36.6776 -1.28081 0
    endloop
  endfacet
  facet normal 0.920504 0.390732 0
    outer loop
      vertex 34.0276 13.7481 0
      vertex 33.5271 14.9272 -5
      vertex 33.5271 14.9272 0
    endloop
  endfacet
  facet normal 0.920504 0.390732 0
    outer loop
      vertex 33.5271 14.9272 -5
      vertex 34.0276 13.7481 0
      vertex 34.0276 13.7481 -5
    endloop
  endfacet
  facet normal 0.681968 0.731382 -0
    outer loop
      vertex 25.494 26.3998 -5
      vertex 24.5571 27.2734 0
      vertex 25.494 26.3998 0
    endloop
  endfacet
  facet normal 0.681968 0.731382 0
    outer loop
      vertex 24.5571 27.2734 0
      vertex 25.494 26.3998 -5
      vertex 24.5571 27.2734 -5
    endloop
  endfacet
  facet normal -0.857183 0.515012 0
    outer loop
      vertex -31.7831 18.35 -5
      vertex -31.1234 19.448 0
      vertex -31.1234 19.448 -5
    endloop
  endfacet
  facet normal -0.857183 0.515012 0
    outer loop
      vertex -31.1234 19.448 0
      vertex -31.7831 18.35 -5
      vertex -31.7831 18.35 0
    endloop
  endfacet
  facet normal 0.891029 0.453946 0
    outer loop
      vertex 32.9857 16.0882 0
      vertex 32.4042 17.2296 -5
      vertex 32.4042 17.2296 0
    endloop
  endfacet
  facet normal 0.891029 0.453946 0
    outer loop
      vertex 32.4042 17.2296 -5
      vertex 32.9857 16.0882 0
      vertex 32.9857 16.0882 -5
    endloop
  endfacet
  facet normal 0.906303 0.422629 0
    outer loop
      vertex 33.5271 14.9272 0
      vertex 32.9857 16.0882 -5
      vertex 32.9857 16.0882 0
    endloop
  endfacet
  facet normal 0.906303 0.422629 0
    outer loop
      vertex 32.9857 16.0882 -5
      vertex 33.5271 14.9272 0
      vertex 33.5271 14.9272 -5
    endloop
  endfacet
  facet normal -0.121937 0.992538 0
    outer loop
      vertex -4.24646 36.4486 -5
      vertex -5.10765 36.3428 0
      vertex -4.24646 36.4486 0
    endloop
  endfacet
  facet normal -0.121937 0.992538 0
    outer loop
      vertex -5.10765 36.3428 0
      vertex -4.24646 36.4486 -5
      vertex -5.10765 36.3428 -5
    endloop
  endfacet
  facet normal 0.992538 0.121934 0
    outer loop
      vertex 36.499 3.83619 0
      vertex 36.3428 5.10765 -5
      vertex 36.3428 5.10765 0
    endloop
  endfacet
  facet normal 0.992538 0.121934 0
    outer loop
      vertex 36.3428 5.10765 -5
      vertex 36.499 3.83619 0
      vertex 36.499 3.83619 -5
    endloop
  endfacet
  facet normal 0.857183 -0.515012 0
    outer loop
      vertex 31.1234 -19.448 0
      vertex 31.7831 -18.35 -5
      vertex 31.7831 -18.35 0
    endloop
  endfacet
  facet normal 0.857183 -0.515012 0
    outer loop
      vertex 31.7831 -18.35 -5
      vertex 31.1234 -19.448 0
      vertex 31.1234 -19.448 -5
    endloop
  endfacet
  facet normal 0.390732 0.920504 -0
    outer loop
      vertex 14.9272 33.5271 -5
      vertex 13.7481 34.0276 0
      vertex 14.9272 33.5271 0
    endloop
  endfacet
  facet normal 0.390732 0.920504 0
    outer loop
      vertex 13.7481 34.0276 0
      vertex 14.9272 33.5271 -5
      vertex 13.7481 34.0276 -5
    endloop
  endfacet
  facet normal 0.956309 0.292357 0
    outer loop
      vertex 35.2783 10.1159 0
      vertex 34.9038 11.3409 -5
      vertex 34.9038 11.3409 0
    endloop
  endfacet
  facet normal 0.956309 0.292357 0
    outer loop
      vertex 34.9038 11.3409 -5
      vertex 35.2783 10.1159 0
      vertex 35.2783 10.1159 -5
    endloop
  endfacet
  facet normal 0.422629 -0.906303 0
    outer loop
      vertex 14.9272 -33.5271 -5
      vertex 16.0882 -32.9857 0
      vertex 14.9272 -33.5271 0
    endloop
  endfacet
  facet normal 0.422629 -0.906303 0
    outer loop
      vertex 16.0882 -32.9857 0
      vertex 14.9272 -33.5271 -5
      vertex 16.0882 -32.9857 -5
    endloop
  endfacet
  facet normal -0.292357 0.956309 0
    outer loop
      vertex -10.1159 35.2783 -5
      vertex -11.3409 34.9038 0
      vertex -10.1159 35.2783 0
    endloop
  endfacet
  facet normal -0.292357 0.956309 0
    outer loop
      vertex -11.3409 34.9038 0
      vertex -10.1159 35.2783 -5
      vertex -11.3409 34.9038 -5
    endloop
  endfacet
  facet normal 0.190788 0.981631 -0
    outer loop
      vertex 7.63036 35.898 -5
      vertex 6.37289 36.1424 0
      vertex 7.63036 35.898 0
    endloop
  endfacet
  facet normal 0.190788 0.981631 0
    outer loop
      vertex 6.37289 36.1424 0
      vertex 7.63036 35.898 -5
      vertex 6.37289 36.1424 -5
    endloop
  endfacet
  facet normal -0.998631 0.0523028 0
    outer loop
      vertex -36.6776 1.28081 -5
      vertex -36.6106 2.56006 0
      vertex -36.6106 2.56006 -5
    endloop
  endfacet
  facet normal -0.998631 0.0523028 0
    outer loop
      vertex -36.6106 2.56006 0
      vertex -36.6776 1.28081 -5
      vertex -36.6776 1.28081 0
    endloop
  endfacet
  facet normal -0.681968 0.731382 0
    outer loop
      vertex -24.5571 27.2734 -5
      vertex -25.494 26.3998 0
      vertex -24.5571 27.2734 0
    endloop
  endfacet
  facet normal -0.681968 0.731382 0
    outer loop
      vertex -25.494 26.3998 0
      vertex -24.5571 27.2734 -5
      vertex -25.494 26.3998 -5
    endloop
  endfacet
  facet normal -0.484841 0.874602 0
    outer loop
      vertex -17.2296 32.4042 -5
      vertex -18.35 31.7831 0
      vertex -17.2296 32.4042 0
    endloop
  endfacet
  facet normal -0.484841 0.874602 0
    outer loop
      vertex -18.35 31.7831 0
      vertex -17.2296 32.4042 -5
      vertex -18.35 31.7831 -5
    endloop
  endfacet
  facet normal -0.453946 -0.891029 0
    outer loop
      vertex -17.2296 -32.4042 -5
      vertex -16.0882 -32.9857 0
      vertex -17.2296 -32.4042 0
    endloop
  endfacet
  facet normal -0.453946 -0.891029 -0
    outer loop
      vertex -16.0882 -32.9857 0
      vertex -17.2296 -32.4042 -5
      vertex -16.0882 -32.9857 -5
    endloop
  endfacet
  facet normal 0.987688 0.156439 0
    outer loop
      vertex 36.3428 5.10765 0
      vertex 36.1424 6.37289 -5
      vertex 36.1424 6.37289 0
    endloop
  endfacet
  facet normal 0.987688 0.156439 0
    outer loop
      vertex 36.1424 6.37289 -5
      vertex 36.3428 5.10765 0
      vertex 36.3428 5.10765 -5
    endloop
  endfacet
  facet normal 0.945506 0.325603 0
    outer loop
      vertex 34.9038 11.3409 0
      vertex 34.4867 12.5521 -5
      vertex 34.4867 12.5521 0
    endloop
  endfacet
  facet normal 0.945506 0.325603 0
    outer loop
      vertex 34.4867 12.5521 -5
      vertex 34.9038 11.3409 0
      vertex 34.9038 11.3409 -5
    endloop
  endfacet
  facet normal -0.992538 -0.121934 0
    outer loop
      vertex -36.3428 -5.10765 -5
      vertex -36.499 -3.83619 0
      vertex -36.499 -3.83619 -5
    endloop
  endfacet
  facet normal -0.992538 -0.121934 0
    outer loop
      vertex -36.499 -3.83619 0
      vertex -36.3428 -5.10765 -5
      vertex -36.3428 -5.10765 0
    endloop
  endfacet
  facet normal -0.453946 0.891029 0
    outer loop
      vertex -16.0882 32.9857 -5
      vertex -17.2296 32.4042 0
      vertex -16.0882 32.9857 0
    endloop
  endfacet
  facet normal -0.453946 0.891029 0
    outer loop
      vertex -17.2296 32.4042 0
      vertex -16.0882 32.9857 -5
      vertex -17.2296 32.4042 -5
    endloop
  endfacet
  facet normal -0.190788 -0.981631 0
    outer loop
      vertex -7.63036 -35.898 -5
      vertex -6.37289 -36.1424 0
      vertex -7.63036 -35.898 0
    endloop
  endfacet
  facet normal -0.190788 -0.981631 -0
    outer loop
      vertex -6.37289 -36.1424 0
      vertex -7.63036 -35.898 -5
      vertex -6.37289 -36.1424 -5
    endloop
  endfacet
  facet normal -0.987688 0.156439 0
    outer loop
      vertex -36.3428 5.10765 -5
      vertex -36.1424 6.37289 0
      vertex -36.1424 6.37289 -5
    endloop
  endfacet
  facet normal -0.987688 0.156439 0
    outer loop
      vertex -36.1424 6.37289 0
      vertex -36.3428 5.10765 -5
      vertex -36.3428 5.10765 0
    endloop
  endfacet
  facet normal 0.601785 0.798658 -0
    outer loop
      vertex 22.5948 28.92 -5
      vertex 21.5717 29.6909 0
      vertex 22.5948 28.92 0
    endloop
  endfacet
  facet normal 0.601785 0.798658 0
    outer loop
      vertex 21.5717 29.6909 0
      vertex 22.5948 28.92 -5
      vertex 21.5717 29.6909 -5
    endloop
  endfacet
  facet normal -0.156439 0.987688 0
    outer loop
      vertex -5.10765 36.3428 -5
      vertex -6.37289 36.1424 0
      vertex -5.10765 36.3428 0
    endloop
  endfacet
  facet normal -0.156439 0.987688 0
    outer loop
      vertex -6.37289 36.1424 0
      vertex -5.10765 36.3428 -5
      vertex -6.37289 36.1424 -5
    endloop
  endfacet
  facet normal -0.777123 0.629349 0
    outer loop
      vertex -28.92 22.5948 -5
      vertex -28.1138 23.5903 0
      vertex -28.1138 23.5903 -5
    endloop
  endfacet
  facet normal -0.777123 0.629349 0
    outer loop
      vertex -28.1138 23.5903 0
      vertex -28.92 22.5948 -5
      vertex -28.92 22.5948 0
    endloop
  endfacet
  facet normal -0.987688 -0.156439 0
    outer loop
      vertex -36.1424 -6.37289 -5
      vertex -36.3428 -5.10765 0
      vertex -36.3428 -5.10765 -5
    endloop
  endfacet
  facet normal -0.987688 -0.156439 0
    outer loop
      vertex -36.3428 -5.10765 0
      vertex -36.1424 -6.37289 -5
      vertex -36.1424 -6.37289 0
    endloop
  endfacet
  facet normal -0.75472 0.656047 0
    outer loop
      vertex -28.1138 23.5903 -5
      vertex -27.2734 24.5571 0
      vertex -27.2734 24.5571 -5
    endloop
  endfacet
  facet normal -0.75472 0.656047 0
    outer loop
      vertex -27.2734 24.5571 0
      vertex -28.1138 23.5903 -5
      vertex -28.1138 23.5903 0
    endloop
  endfacet
  facet normal -0.996198 0.0871194 0
    outer loop
      vertex -36.6106 2.56006 -5
      vertex -36.499 3.83619 0
      vertex -36.499 3.83619 -5
    endloop
  endfacet
  facet normal -0.996198 0.0871194 0
    outer loop
      vertex -36.499 3.83619 0
      vertex -36.6106 2.56006 -5
      vertex -36.6106 2.56006 0
    endloop
  endfacet
  facet normal 0.999847 -0.0174863 0
    outer loop
      vertex 36.6776 -1.28081 0
      vertex 36.7 0 -5
      vertex 36.7 0 0
    endloop
  endfacet
  facet normal 0.999847 -0.0174863 0
    outer loop
      vertex 36.7 0 -5
      vertex 36.6776 -1.28081 0
      vertex 36.6776 -1.28081 -5
    endloop
  endfacet
  facet normal 0.998631 -0.0523028 0
    outer loop
      vertex 36.6106 -2.56006 0
      vertex 36.6776 -1.28081 -5
      vertex 36.6776 -1.28081 0
    endloop
  endfacet
  facet normal 0.998631 -0.0523028 0
    outer loop
      vertex 36.6776 -1.28081 -5
      vertex 36.6106 -2.56006 0
      vertex 36.6106 -2.56006 -5
    endloop
  endfacet
  facet normal 0.0523028 -0.998631 0
    outer loop
      vertex 1.28081 -36.6776 -5
      vertex 2.56006 -36.6106 0
      vertex 1.28081 -36.6776 0
    endloop
  endfacet
  facet normal 0.0523028 -0.998631 0
    outer loop
      vertex 2.56006 -36.6106 0
      vertex 1.28081 -36.6776 -5
      vertex 2.56006 -36.6106 -5
    endloop
  endfacet
  facet normal -0.422629 -0.906303 0
    outer loop
      vertex -16.0882 -32.9857 -5
      vertex -14.9272 -33.5271 0
      vertex -16.0882 -32.9857 0
    endloop
  endfacet
  facet normal -0.422629 -0.906303 -0
    outer loop
      vertex -14.9272 -33.5271 0
      vertex -16.0882 -32.9857 -5
      vertex -14.9272 -33.5271 -5
    endloop
  endfacet
  facet normal 0.681968 -0.731382 0
    outer loop
      vertex 24.5571 -27.2734 -5
      vertex 25.494 -26.3998 0
      vertex 24.5571 -27.2734 0
    endloop
  endfacet
  facet normal 0.681968 -0.731382 0
    outer loop
      vertex 25.494 -26.3998 0
      vertex 24.5571 -27.2734 -5
      vertex 25.494 -26.3998 -5
    endloop
  endfacet
  facet normal 0.292357 -0.956309 0
    outer loop
      vertex 10.1159 -35.2783 -5
      vertex 11.3409 -34.9038 0
      vertex 10.1159 -35.2783 0
    endloop
  endfacet
  facet normal 0.292357 -0.956309 0
    outer loop
      vertex 11.3409 -34.9038 0
      vertex 10.1159 -35.2783 -5
      vertex 11.3409 -34.9038 -5
    endloop
  endfacet
  facet normal 0.777123 -0.629349 0
    outer loop
      vertex 28.1138 -23.5903 0
      vertex 28.92 -22.5948 -5
      vertex 28.92 -22.5948 0
    endloop
  endfacet
  facet normal 0.777123 -0.629349 0
    outer loop
      vertex 28.92 -22.5948 -5
      vertex 28.1138 -23.5903 0
      vertex 28.1138 -23.5903 -5
    endloop
  endfacet
  facet normal 0.629349 0.777123 -0
    outer loop
      vertex 23.5903 28.1138 -5
      vertex 22.5948 28.92 0
      vertex 23.5903 28.1138 0
    endloop
  endfacet
  facet normal 0.629349 0.777123 0
    outer loop
      vertex 22.5948 28.92 0
      vertex 23.5903 28.1138 -5
      vertex 22.5948 28.92 -5
    endloop
  endfacet
  facet normal 0.224905 -0.974381 0
    outer loop
      vertex 7.63036 -35.898 -5
      vertex 8.87853 -35.6099 0
      vertex 7.63036 -35.898 0
    endloop
  endfacet
  facet normal 0.224905 -0.974381 0
    outer loop
      vertex 8.87853 -35.6099 0
      vertex 7.63036 -35.898 -5
      vertex 8.87853 -35.6099 -5
    endloop
  endfacet
  facet normal 0.358367 0.933581 -0
    outer loop
      vertex 13.7481 34.0276 -5
      vertex 12.5521 34.4867 0
      vertex 13.7481 34.0276 0
    endloop
  endfacet
  facet normal 0.358367 0.933581 0
    outer loop
      vertex 12.5521 34.4867 0
      vertex 13.7481 34.0276 -5
      vertex 12.5521 34.4867 -5
    endloop
  endfacet
  facet normal -0.707107 0.707107 0
    outer loop
      vertex -26.3998 25.494 -5
      vertex -25.494 26.3998 0
      vertex -25.494 26.3998 -5
    endloop
  endfacet
  facet normal -0.707107 0.707107 0
    outer loop
      vertex -25.494 26.3998 0
      vertex -26.3998 25.494 -5
      vertex -26.3998 25.494 0
    endloop
  endfacet
  facet normal 0.121934 -0.992538 0
    outer loop
      vertex 3.83619 -36.499 -5
      vertex 5.10765 -36.3428 0
      vertex 3.83619 -36.499 0
    endloop
  endfacet
  facet normal 0.121934 -0.992538 0
    outer loop
      vertex 5.10765 -36.3428 0
      vertex 3.83619 -36.499 -5
      vertex 5.10765 -36.3428 -5
    endloop
  endfacet
  facet normal 0.453946 0.891029 -0
    outer loop
      vertex 17.2296 32.4042 -5
      vertex 16.0882 32.9857 0
      vertex 17.2296 32.4042 0
    endloop
  endfacet
  facet normal 0.453946 0.891029 0
    outer loop
      vertex 16.0882 32.9857 0
      vertex 17.2296 32.4042 -5
      vertex 16.0882 32.9857 -5
    endloop
  endfacet
  facet normal -0.998631 -0.0523028 0
    outer loop
      vertex -36.6106 -2.56006 -5
      vertex -36.6776 -1.28081 0
      vertex -36.6776 -1.28081 -5
    endloop
  endfacet
  facet normal -0.998631 -0.0523028 0
    outer loop
      vertex -36.6776 -1.28081 0
      vertex -36.6106 -2.56006 -5
      vertex -36.6106 -2.56006 0
    endloop
  endfacet
  facet normal -0.224905 0.974381 0
    outer loop
      vertex -7.63036 35.898 -5
      vertex -8.87853 35.6099 0
      vertex -7.63036 35.898 0
    endloop
  endfacet
  facet normal -0.224905 0.974381 0
    outer loop
      vertex -8.87853 35.6099 0
      vertex -7.63036 35.898 -5
      vertex -8.87853 35.6099 -5
    endloop
  endfacet
  facet normal 0.838679 0.544626 0
    outer loop
      vertex 31.1234 19.448 0
      vertex 30.4257 20.5224 -5
      vertex 30.4257 20.5224 0
    endloop
  endfacet
  facet normal 0.838679 0.544626 0
    outer loop
      vertex 30.4257 20.5224 -5
      vertex 31.1234 19.448 0
      vertex 31.1234 19.448 -5
    endloop
  endfacet
  facet normal 0.956309 -0.292357 0
    outer loop
      vertex 34.9038 -11.3409 0
      vertex 35.2783 -10.1159 -5
      vertex 35.2783 -10.1159 0
    endloop
  endfacet
  facet normal 0.956309 -0.292357 0
    outer loop
      vertex 35.2783 -10.1159 -5
      vertex 34.9038 -11.3409 0
      vertex 34.9038 -11.3409 -5
    endloop
  endfacet
  facet normal -0.390732 -0.920504 0
    outer loop
      vertex -14.9272 -33.5271 -5
      vertex -13.7481 -34.0276 0
      vertex -14.9272 -33.5271 0
    endloop
  endfacet
  facet normal -0.390732 -0.920504 -0
    outer loop
      vertex -13.7481 -34.0276 0
      vertex -14.9272 -33.5271 -5
      vertex -13.7481 -34.0276 -5
    endloop
  endfacet
  facet normal 0.75472 0.656047 0
    outer loop
      vertex 28.1138 23.5903 0
      vertex 27.2734 24.5571 -5
      vertex 27.2734 24.5571 0
    endloop
  endfacet
  facet normal 0.75472 0.656047 0
    outer loop
      vertex 27.2734 24.5571 -5
      vertex 28.1138 23.5903 0
      vertex 28.1138 23.5903 -5
    endloop
  endfacet
  facet normal 0.838679 -0.544626 0
    outer loop
      vertex 30.4257 -20.5224 0
      vertex 31.1234 -19.448 -5
      vertex 31.1234 -19.448 0
    endloop
  endfacet
  facet normal 0.838679 -0.544626 0
    outer loop
      vertex 31.1234 -19.448 -5
      vertex 30.4257 -20.5224 0
      vertex 30.4257 -20.5224 -5
    endloop
  endfacet
  facet normal -0.601785 0.798658 0
    outer loop
      vertex -21.5717 29.6909 -5
      vertex -22.5948 28.92 0
      vertex -21.5717 29.6909 0
    endloop
  endfacet
  facet normal -0.601785 0.798658 0
    outer loop
      vertex -22.5948 28.92 0
      vertex -21.5717 29.6909 -5
      vertex -22.5948 28.92 -5
    endloop
  endfacet
  facet normal -0.965917 0.258854 0
    outer loop
      vertex -35.6099 8.87853 -5
      vertex -35.2783 10.1159 0
      vertex -35.2783 10.1159 -5
    endloop
  endfacet
  facet normal -0.965917 0.258854 0
    outer loop
      vertex -35.2783 10.1159 0
      vertex -35.6099 8.87853 -5
      vertex -35.6099 8.87853 0
    endloop
  endfacet
  facet normal -0.798658 0.601785 0
    outer loop
      vertex -29.6909 21.5717 -5
      vertex -28.92 22.5948 0
      vertex -28.92 22.5948 -5
    endloop
  endfacet
  facet normal -0.798658 0.601785 0
    outer loop
      vertex -28.92 22.5948 0
      vertex -29.6909 21.5717 -5
      vertex -29.6909 21.5717 0
    endloop
  endfacet
  facet normal 0.874602 0.484841 0
    outer loop
      vertex 32.4042 17.2296 0
      vertex 31.7831 18.35 -5
      vertex 31.7831 18.35 0
    endloop
  endfacet
  facet normal 0.874602 0.484841 0
    outer loop
      vertex 31.7831 18.35 -5
      vertex 32.4042 17.2296 0
      vertex 32.4042 17.2296 -5
    endloop
  endfacet
  facet normal -0.999847 0.0174863 0
    outer loop
      vertex -36.7 0 -5
      vertex -36.6776 1.28081 0
      vertex -36.6776 1.28081 -5
    endloop
  endfacet
  facet normal -0.999847 0.0174863 0
    outer loop
      vertex -36.6776 1.28081 0
      vertex -36.7 0 -5
      vertex -36.7 0 0
    endloop
  endfacet
  facet normal 0.819126 0.573614 0
    outer loop
      vertex 30.4257 20.5224 0
      vertex 29.6909 21.5717 -5
      vertex 29.6909 21.5717 0
    endloop
  endfacet
  facet normal 0.819126 0.573614 0
    outer loop
      vertex 29.6909 21.5717 -5
      vertex 30.4257 20.5224 0
      vertex 30.4257 20.5224 -5
    endloop
  endfacet
  facet normal -0.601785 -0.798658 0
    outer loop
      vertex -22.5948 -28.92 -5
      vertex -21.5717 -29.6909 0
      vertex -22.5948 -28.92 0
    endloop
  endfacet
  facet normal -0.601785 -0.798658 -0
    outer loop
      vertex -21.5717 -29.6909 0
      vertex -22.5948 -28.92 -5
      vertex -21.5717 -29.6909 -5
    endloop
  endfacet
  facet normal 0.390732 -0.920504 0
    outer loop
      vertex 13.7481 -34.0276 -5
      vertex 14.9272 -33.5271 0
      vertex 13.7481 -34.0276 0
    endloop
  endfacet
  facet normal 0.390732 -0.920504 0
    outer loop
      vertex 14.9272 -33.5271 0
      vertex 13.7481 -34.0276 -5
      vertex 14.9272 -33.5271 -5
    endloop
  endfacet
  facet normal -0.544626 0.838679 0
    outer loop
      vertex -19.448 31.1234 -5
      vertex -20.5224 30.4257 0
      vertex -19.448 31.1234 0
    endloop
  endfacet
  facet normal -0.544626 0.838679 0
    outer loop
      vertex -20.5224 30.4257 0
      vertex -19.448 31.1234 -5
      vertex -20.5224 30.4257 -5
    endloop
  endfacet
  facet normal -0.358367 -0.933581 0
    outer loop
      vertex -13.7481 -34.0276 -5
      vertex -12.5521 -34.4867 0
      vertex -13.7481 -34.0276 0
    endloop
  endfacet
  facet normal -0.358367 -0.933581 -0
    outer loop
      vertex -12.5521 -34.4867 0
      vertex -13.7481 -34.0276 -5
      vertex -12.5521 -34.4867 -5
    endloop
  endfacet
  facet normal 0.544626 -0.838679 0
    outer loop
      vertex 19.448 -31.1234 -5
      vertex 20.5224 -30.4257 0
      vertex 19.448 -31.1234 0
    endloop
  endfacet
  facet normal 0.544626 -0.838679 0
    outer loop
      vertex 20.5224 -30.4257 0
      vertex 19.448 -31.1234 -5
      vertex 20.5224 -30.4257 -5
    endloop
  endfacet
  facet normal 0.707107 -0.707107 0
    outer loop
      vertex 25.494 -26.3998 0
      vertex 26.3998 -25.494 -5
      vertex 26.3998 -25.494 0
    endloop
  endfacet
  facet normal 0.707107 -0.707107 0
    outer loop
      vertex 26.3998 -25.494 -5
      vertex 25.494 -26.3998 0
      vertex 25.494 -26.3998 -5
    endloop
  endfacet
  facet normal -0.891029 0.453946 0
    outer loop
      vertex -32.9857 16.0882 -5
      vertex -32.4042 17.2296 0
      vertex -32.4042 17.2296 -5
    endloop
  endfacet
  facet normal -0.891029 0.453946 0
    outer loop
      vertex -32.4042 17.2296 0
      vertex -32.9857 16.0882 -5
      vertex -32.9857 16.0882 0
    endloop
  endfacet
  facet normal -0.992538 0.121934 0
    outer loop
      vertex -36.499 3.83619 -5
      vertex -36.3428 5.10765 0
      vertex -36.3428 5.10765 -5
    endloop
  endfacet
  facet normal -0.992538 0.121934 0
    outer loop
      vertex -36.3428 5.10765 0
      vertex -36.499 3.83619 -5
      vertex -36.499 3.83619 0
    endloop
  endfacet
  facet normal -0.974381 -0.224905 0
    outer loop
      vertex -35.6099 -8.87853 -5
      vertex -35.898 -7.63036 0
      vertex -35.898 -7.63036 -5
    endloop
  endfacet
  facet normal -0.974381 -0.224905 0
    outer loop
      vertex -35.898 -7.63036 0
      vertex -35.6099 -8.87853 -5
      vertex -35.6099 -8.87853 0
    endloop
  endfacet
  facet normal 0.224905 0.974381 -0
    outer loop
      vertex 8.87853 35.6099 -5
      vertex 7.63036 35.898 0
      vertex 8.87853 35.6099 0
    endloop
  endfacet
  facet normal 0.224905 0.974381 0
    outer loop
      vertex 7.63036 35.898 0
      vertex 8.87853 35.6099 -5
      vertex 7.63036 35.898 -5
    endloop
  endfacet
  facet normal -0.258854 0.965917 0
    outer loop
      vertex -8.87853 35.6099 -5
      vertex -10.1159 35.2783 0
      vertex -8.87853 35.6099 0
    endloop
  endfacet
  facet normal -0.258854 0.965917 0
    outer loop
      vertex -10.1159 35.2783 0
      vertex -8.87853 35.6099 -5
      vertex -10.1159 35.2783 -5
    endloop
  endfacet
  facet normal 0.819126 -0.573614 0
    outer loop
      vertex 29.6909 -21.5717 0
      vertex 30.4257 -20.5224 -5
      vertex 30.4257 -20.5224 0
    endloop
  endfacet
  facet normal 0.819126 -0.573614 0
    outer loop
      vertex 30.4257 -20.5224 -5
      vertex 29.6909 -21.5717 0
      vertex 29.6909 -21.5717 -5
    endloop
  endfacet
  facet normal -0.515012 -0.857183 0
    outer loop
      vertex -19.448 -31.1234 -5
      vertex -18.35 -31.7831 0
      vertex -19.448 -31.1234 0
    endloop
  endfacet
  facet normal -0.515012 -0.857183 -0
    outer loop
      vertex -18.35 -31.7831 0
      vertex -19.448 -31.1234 -5
      vertex -18.35 -31.7831 -5
    endloop
  endfacet
  facet normal 0.798658 0.601785 0
    outer loop
      vertex 29.6909 21.5717 0
      vertex 28.92 22.5948 -5
      vertex 28.92 22.5948 0
    endloop
  endfacet
  facet normal 0.798658 0.601785 0
    outer loop
      vertex 28.92 22.5948 -5
      vertex 29.6909 21.5717 0
      vertex 29.6909 21.5717 -5
    endloop
  endfacet
  facet normal -0.920504 -0.390732 0
    outer loop
      vertex -33.5271 -14.9272 -5
      vertex -34.0276 -13.7481 0
      vertex -34.0276 -13.7481 -5
    endloop
  endfacet
  facet normal -0.920504 -0.390732 0
    outer loop
      vertex -34.0276 -13.7481 0
      vertex -33.5271 -14.9272 -5
      vertex -33.5271 -14.9272 0
    endloop
  endfacet
  facet normal -0.981631 -0.190788 0
    outer loop
      vertex -35.898 -7.63036 -5
      vertex -36.1424 -6.37289 0
      vertex -36.1424 -6.37289 -5
    endloop
  endfacet
  facet normal -0.981631 -0.190788 0
    outer loop
      vertex -36.1424 -6.37289 0
      vertex -35.898 -7.63036 -5
      vertex -35.898 -7.63036 0
    endloop
  endfacet
  facet normal -0.956309 0.292357 0
    outer loop
      vertex -35.2783 10.1159 -5
      vertex -34.9038 11.3409 0
      vertex -34.9038 11.3409 -5
    endloop
  endfacet
  facet normal -0.956309 0.292357 0
    outer loop
      vertex -34.9038 11.3409 0
      vertex -35.2783 10.1159 -5
      vertex -35.2783 10.1159 0
    endloop
  endfacet
  facet normal -0.857183 -0.515012 0
    outer loop
      vertex -31.1234 -19.448 -5
      vertex -31.7831 -18.35 0
      vertex -31.7831 -18.35 -5
    endloop
  endfacet
  facet normal -0.857183 -0.515012 0
    outer loop
      vertex -31.7831 -18.35 0
      vertex -31.1234 -19.448 -5
      vertex -31.1234 -19.448 0
    endloop
  endfacet
  facet normal -0.874602 -0.484841 0
    outer loop
      vertex -31.7831 -18.35 -5
      vertex -32.4042 -17.2296 0
      vertex -32.4042 -17.2296 -5
    endloop
  endfacet
  facet normal -0.874602 -0.484841 0
    outer loop
      vertex -32.4042 -17.2296 0
      vertex -31.7831 -18.35 -5
      vertex -31.7831 -18.35 0
    endloop
  endfacet
  facet normal -0.656047 -0.75472 0
    outer loop
      vertex -24.5571 -27.2734 -5
      vertex -23.5903 -28.1138 0
      vertex -24.5571 -27.2734 0
    endloop
  endfacet
  facet normal -0.656047 -0.75472 -0
    outer loop
      vertex -23.5903 -28.1138 0
      vertex -24.5571 -27.2734 -5
      vertex -23.5903 -28.1138 -5
    endloop
  endfacet
  facet normal 0.920504 -0.390732 0
    outer loop
      vertex 33.5271 -14.9272 0
      vertex 34.0276 -13.7481 -5
      vertex 34.0276 -13.7481 0
    endloop
  endfacet
  facet normal 0.920504 -0.390732 0
    outer loop
      vertex 34.0276 -13.7481 -5
      vertex 33.5271 -14.9272 0
      vertex 33.5271 -14.9272 -5
    endloop
  endfacet
  facet normal -0.75472 -0.656047 0
    outer loop
      vertex -27.2734 -24.5571 -5
      vertex -28.1138 -23.5903 0
      vertex -28.1138 -23.5903 -5
    endloop
  endfacet
  facet normal -0.75472 -0.656047 0
    outer loop
      vertex -28.1138 -23.5903 0
      vertex -27.2734 -24.5571 -5
      vertex -27.2734 -24.5571 0
    endloop
  endfacet
  facet normal -0.325603 0.945506 0
    outer loop
      vertex -11.3409 34.9038 -5
      vertex -12.5521 34.4867 0
      vertex -11.3409 34.9038 0
    endloop
  endfacet
  facet normal -0.325603 0.945506 0
    outer loop
      vertex -12.5521 34.4867 0
      vertex -11.3409 34.9038 -5
      vertex -12.5521 34.4867 -5
    endloop
  endfacet
  facet normal 0.656047 -0.75472 0
    outer loop
      vertex 23.5903 -28.1138 -5
      vertex 24.5571 -27.2734 0
      vertex 23.5903 -28.1138 0
    endloop
  endfacet
  facet normal 0.656047 -0.75472 0
    outer loop
      vertex 24.5571 -27.2734 0
      vertex 23.5903 -28.1138 -5
      vertex 24.5571 -27.2734 -5
    endloop
  endfacet
  facet normal 0.258854 0.965917 -0
    outer loop
      vertex 10.1159 35.2783 -5
      vertex 8.87853 35.6099 0
      vertex 10.1159 35.2783 0
    endloop
  endfacet
  facet normal 0.258854 0.965917 0
    outer loop
      vertex 8.87853 35.6099 0
      vertex 10.1159 35.2783 -5
      vertex 8.87853 35.6099 -5
    endloop
  endfacet
  facet normal -0.292357 -0.956309 0
    outer loop
      vertex -11.3409 -34.9038 -5
      vertex -10.1159 -35.2783 0
      vertex -11.3409 -34.9038 0
    endloop
  endfacet
  facet normal -0.292357 -0.956309 -0
    outer loop
      vertex -10.1159 -35.2783 0
      vertex -11.3409 -34.9038 -5
      vertex -10.1159 -35.2783 -5
    endloop
  endfacet
  facet normal -0.965917 -0.258854 0
    outer loop
      vertex -35.2783 -10.1159 -5
      vertex -35.6099 -8.87853 0
      vertex -35.6099 -8.87853 -5
    endloop
  endfacet
  facet normal -0.965917 -0.258854 0
    outer loop
      vertex -35.6099 -8.87853 0
      vertex -35.2783 -10.1159 -5
      vertex -35.2783 -10.1159 0
    endloop
  endfacet
  facet normal -0.707107 -0.707107 0
    outer loop
      vertex -25.494 -26.3998 -5
      vertex -26.3998 -25.494 0
      vertex -26.3998 -25.494 -5
    endloop
  endfacet
  facet normal -0.707107 -0.707107 0
    outer loop
      vertex -26.3998 -25.494 0
      vertex -25.494 -26.3998 -5
      vertex -25.494 -26.3998 0
    endloop
  endfacet
  facet normal 0 0 -1
    outer loop
      vertex -27.0142 -0.415968 -5
      vertex -11.4684 24.4626 -5
      vertex -26.7864 -0.735342 -5
    endloop
  endfacet
  facet normal -0 0 -1
    outer loop
      vertex -11.4684 24.4626 -5
      vertex -27.0142 -0.415968 -5
      vertex -11.8404 24.5871 -5
    endloop
  endfacet
  facet normal 0 0 -1
    outer loop
      vertex -27.2892 -0.136164 -5
      vertex -11.8404 24.5871 -5
      vertex -27.0142 -0.415968 -5
    endloop
  endfacet
  facet normal -0 0 -1
    outer loop
      vertex -11.8404 24.5871 -5
      vertex -27.2892 -0.136164 -5
      vertex -12.1884 24.7682 -5
    endloop
  endfacet
  facet normal -0 0 -1
    outer loop
      vertex -12.1884 24.7682 -5
      vertex -27.2734 24.5571 -5
      vertex -26.3998 25.494 -5
    endloop
  endfacet
  facet normal 0 0 -1
    outer loop
      vertex -31.1234 19.448 -5
      vertex -12.1884 24.7682 -5
      vertex -27.2892 -0.136164 -5
    endloop
  endfacet
  facet normal 0 0 -1
    outer loop
      vertex -31.1234 19.448 -5
      vertex -27.2892 -0.136164 -5
      vertex -27.6046 0.0971823 -5
    endloop
  endfacet
  facet normal 0 0 -1
    outer loop
      vertex -32.9857 16.0882 -5
      vertex -27.6046 0.0971823 -5
      vertex -27.9525 0.278324 -5
    endloop
  endfacet
  facet normal 0 0 -1
    outer loop
      vertex -12.1884 24.7682 -5
      vertex -28.1138 23.5903 -5
      vertex -27.2734 24.5571 -5
    endloop
  endfacet
  facet normal 0 0 -1
    outer loop
      vertex -34.0276 13.7481 -5
      vertex -27.9525 0.278324 -5
      vertex -28.3246 0.402802 -5
    endloop
  endfacet
  facet normal 0 0 -1
    outer loop
      vertex -34.9038 11.3409 -5
      vertex -28.3246 0.402802 -5
      vertex -28.7115 0.467548 -5
    endloop
  endfacet
  facet normal 0 0 -1
    outer loop
      vertex -12.1884 24.7682 -5
      vertex -28.92 22.5948 -5
      vertex -28.1138 23.5903 -5
    endloop
  endfacet
  facet normal 0 0 -1
    outer loop
      vertex -35.6099 8.87853 -5
      vertex -28.7115 0.467548 -5
      vertex -29.1037 0.470972 -5
    endloop
  endfacet
  facet normal 0 0 -1
    outer loop
      vertex -35.898 7.63036 -5
      vertex -29.1037 0.470972 -5
      vertex -29.4917 0.412987 -5
    endloop
  endfacet
  facet normal 0 0 -1
    outer loop
      vertex -12.1884 24.7682 -5
      vertex -29.6909 21.5717 -5
      vertex -28.92 22.5948 -5
    endloop
  endfacet
  facet normal 0 0 -1
    outer loop
      vertex -36.1424 6.37289 -5
      vertex -29.4917 0.412987 -5
      vertex -29.8659 0.295021 -5
    endloop
  endfacet
  facet normal 0 0 -1
    outer loop
      vertex -36.3428 5.10765 -5
      vertex -29.8659 0.295021 -5
      vertex -30.217 0.11998 -5
    endloop
  endfacet
  facet normal 0 0 -1
    outer loop
      vertex -12.1884 24.7682 -5
      vertex -30.4257 20.5224 -5
      vertex -29.6909 21.5717 -5
    endloop
  endfacet
  facet normal 0 0 -1
    outer loop
      vertex -36.499 3.83619 -5
      vertex -30.217 0.11998 -5
      vertex -30.5363 -0.107826 -5
    endloop
  endfacet
  facet normal 0 0 -1
    outer loop
      vertex -36.6106 2.56006 -5
      vertex -30.5363 -0.107826 -5
      vertex -30.8161 -0.38279 -5
    endloop
  endfacet
  facet normal 0 0 -1
    outer loop
      vertex -36.6776 1.28081 -5
      vertex -30.8161 -0.38279 -5
      vertex -31.0495 -0.698139 -5
    endloop
  endfacet
  facet normal 0 0 -1
    outer loop
      vertex -12.1884 24.7682 -5
      vertex -31.1234 19.448 -5
      vertex -30.4257 20.5224 -5
    endloop
  endfacet
  facet normal 0 0 -1
    outer loop
      vertex -36.7 0 -5
      vertex -31.0495 -0.698139 -5
      vertex -31.2306 -1.04611 -5
    endloop
  endfacet
  facet normal 0 0 -1
    outer loop
      vertex -36.7 0 -5
      vertex -31.2306 -1.04611 -5
      vertex -31.3551 -1.41813 -5
    endloop
  endfacet
  facet normal 0 0 -1
    outer loop
      vertex -36.6776 -1.28081 -5
      vertex -31.3551 -1.41813 -5
      vertex -31.4198 -1.80505 -5
    endloop
  endfacet
  facet normal 0 0 -1
    outer loop
      vertex -35.6099 -8.87853 -5
      vertex -29.9062 -4.3242 -5
      vertex -35.2783 -10.1159 -5
    endloop
  endfacet
  facet normal -0 0 -1
    outer loop
      vertex -29.9062 -4.3242 -5
      vertex -35.6099 -8.87853 -5
      vertex -30.2542 -4.14306 -5
    endloop
  endfacet
  facet normal 0 0 -1
    outer loop
      vertex -27.6046 0.0971823 -5
      vertex -31.7831 18.35 -5
      vertex -31.1234 19.448 -5
    endloop
  endfacet
  facet normal 0 0 -1
    outer loop
      vertex -35.898 -7.63036 -5
      vertex -30.2542 -4.14306 -5
      vertex -35.6099 -8.87853 -5
    endloop
  endfacet
  facet normal 0 0 -1
    outer loop
      vertex -27.6046 0.0971823 -5
      vertex -32.4042 17.2296 -5
      vertex -31.7831 18.35 -5
    endloop
  endfacet
  facet normal -0 0 -1
    outer loop
      vertex -30.2542 -4.14306 -5
      vertex -35.898 -7.63036 -5
      vertex -30.5695 -3.90971 -5
    endloop
  endfacet
  facet normal 0 0 -1
    outer loop
      vertex -27.6046 0.0971823 -5
      vertex -32.9857 16.0882 -5
      vertex -32.4042 17.2296 -5
    endloop
  endfacet
  facet normal 0 0 -1
    outer loop
      vertex -36.1424 -6.37289 -5
      vertex -30.5695 -3.90971 -5
      vertex -35.898 -7.63036 -5
    endloop
  endfacet
  facet normal 0 0 -1
    outer loop
      vertex -27.9525 0.278324 -5
      vertex -33.5271 14.9272 -5
      vertex -32.9857 16.0882 -5
    endloop
  endfacet
  facet normal -0 0 -1
    outer loop
      vertex -30.5695 -3.90971 -5
      vertex -36.1424 -6.37289 -5
      vertex -30.8445 -3.62991 -5
    endloop
  endfacet
  facet normal 0 0 -1
    outer loop
      vertex -27.9525 0.278324 -5
      vertex -34.0276 13.7481 -5
      vertex -33.5271 14.9272 -5
    endloop
  endfacet
  facet normal 0 0 -1
    outer loop
      vertex -36.3428 -5.10765 -5
      vertex -30.8445 -3.62991 -5
      vertex -36.1424 -6.37289 -5
    endloop
  endfacet
  facet normal 0 0 -1
    outer loop
      vertex -28.3246 0.402802 -5
      vertex -34.4867 12.5521 -5
      vertex -34.0276 13.7481 -5
    endloop
  endfacet
  facet normal -0 0 -1
    outer loop
      vertex -30.8445 -3.62991 -5
      vertex -36.3428 -5.10765 -5
      vertex -31.0723 -3.31053 -5
    endloop
  endfacet
  facet normal 0 0 -1
    outer loop
      vertex -28.3246 0.402802 -5
      vertex -34.9038 11.3409 -5
      vertex -34.4867 12.5521 -5
    endloop
  endfacet
  facet normal -0 0 -1
    outer loop
      vertex -31.0723 -3.31053 -5
      vertex -36.3428 -5.10765 -5
      vertex -31.2473 -2.95945 -5
    endloop
  endfacet
  facet normal 0 0 -1
    outer loop
      vertex -28.7115 0.467548 -5
      vertex -35.2783 10.1159 -5
      vertex -34.9038 11.3409 -5
    endloop
  endfacet
  facet normal 0 0 -1
    outer loop
      vertex -36.499 -3.83619 -5
      vertex -31.2473 -2.95945 -5
      vertex -36.3428 -5.10765 -5
    endloop
  endfacet
  facet normal 0 0 -1
    outer loop
      vertex -28.7115 0.467548 -5
      vertex -35.6099 8.87853 -5
      vertex -35.2783 10.1159 -5
    endloop
  endfacet
  facet normal -0 0 -1
    outer loop
      vertex -31.2473 -2.95945 -5
      vertex -36.499 -3.83619 -5
      vertex -31.3653 -2.58531 -5
    endloop
  endfacet
  facet normal 0 0 -1
    outer loop
      vertex -29.1037 0.470972 -5
      vertex -35.898 7.63036 -5
      vertex -35.6099 8.87853 -5
    endloop
  endfacet
  facet normal 0 0 -1
    outer loop
      vertex -36.6106 -2.56006 -5
      vertex -31.3653 -2.58531 -5
      vertex -36.499 -3.83619 -5
    endloop
  endfacet
  facet normal 0 0 -1
    outer loop
      vertex -29.4917 0.412987 -5
      vertex -36.1424 6.37289 -5
      vertex -35.898 7.63036 -5
    endloop
  endfacet
  facet normal 0 0 -1
    outer loop
      vertex -31.3653 -2.58531 -5
      vertex -36.6106 -2.56006 -5
      vertex -31.4233 -2.19733 -5
    endloop
  endfacet
  facet normal 0 0 -1
    outer loop
      vertex -29.8659 0.295021 -5
      vertex -36.3428 5.10765 -5
      vertex -36.1424 6.37289 -5
    endloop
  endfacet
  facet normal -0 0 -1
    outer loop
      vertex -31.4233 -2.19733 -5
      vertex -36.6106 -2.56006 -5
      vertex -31.4198 -1.80505 -5
    endloop
  endfacet
  facet normal 0 0 -1
    outer loop
      vertex -30.217 0.11998 -5
      vertex -36.499 3.83619 -5
      vertex -36.3428 5.10765 -5
    endloop
  endfacet
  facet normal 0 0 -1
    outer loop
      vertex -36.6776 -1.28081 -5
      vertex -31.4198 -1.80505 -5
      vertex -36.6106 -2.56006 -5
    endloop
  endfacet
  facet normal 0 0 -1
    outer loop
      vertex -30.5363 -0.107826 -5
      vertex -36.6106 2.56006 -5
      vertex -36.499 3.83619 -5
    endloop
  endfacet
  facet normal 0 0 -1
    outer loop
      vertex -31.3551 -1.41813 -5
      vertex -36.6776 -1.28081 -5
      vertex -36.7 0 -5
    endloop
  endfacet
  facet normal 0 0 -1
    outer loop
      vertex -30.8161 -0.38279 -5
      vertex -36.6776 1.28081 -5
      vertex -36.6106 2.56006 -5
    endloop
  endfacet
  facet normal 0 0 -1
    outer loop
      vertex -31.0495 -0.698139 -5
      vertex -36.7 0 -5
      vertex -36.6776 1.28081 -5
    endloop
  endfacet
  facet normal -0 0 -1
    outer loop
      vertex -2.9385 35.9415 -5
      vertex -8.72067 28.1759 -5
      vertex -3.31619 36.0659 -5
    endloop
  endfacet
  facet normal 0 0 -1
    outer loop
      vertex -0.799999 0 -5
      vertex -8.43785 26.2835 -5
      vertex -8.3731 26.6704 -5
    endloop
  endfacet
  facet normal 0 0 -1
    outer loop
      vertex -0.799999 0 -5
      vertex -8.56233 25.9115 -5
      vertex -8.43785 26.2835 -5
    endloop
  endfacet
  facet normal 0 0 -1
    outer loop
      vertex -27.0426 -3.66308 -5
      vertex -8.30333 -25.9957 -5
      vertex -8.6227 -26.2235 -5
    endloop
  endfacet
  facet normal 0 0 -1
    outer loop
      vertex -0.799999 0 -5
      vertex -8.74347 25.5635 -5
      vertex -8.56233 25.9115 -5
    endloop
  endfacet
  facet normal 0 0 -1
    outer loop
      vertex -25.494 -26.3998 -5
      vertex -8.6227 -26.2235 -5
      vertex -8.90251 -26.4984 -5
    endloop
  endfacet
  facet normal 0 0 -1
    outer loop
      vertex -0.799999 0 -5
      vertex -8.97682 25.2482 -5
      vertex -8.74347 25.5635 -5
    endloop
  endfacet
  facet normal 0 0 -1
    outer loop
      vertex -23.5903 -28.1138 -5
      vertex -8.90251 -26.4984 -5
      vertex -9.13585 -26.8138 -5
    endloop
  endfacet
  facet normal 0 0 -1
    outer loop
      vertex -0.799999 0 -5
      vertex -9.25662 24.9732 -5
      vertex -8.97682 25.2482 -5
    endloop
  endfacet
  facet normal 0 0 -1
    outer loop
      vertex -21.5717 -29.6909 -5
      vertex -9.13585 -26.8138 -5
      vertex -9.317 -27.1617 -5
    endloop
  endfacet
  facet normal 0 0 -1
    outer loop
      vertex -19.448 -31.1234 -5
      vertex -9.317 -27.1617 -5
      vertex -9.44147 -27.5338 -5
    endloop
  endfacet
  facet normal 0 0 -1
    outer loop
      vertex -18.35 -31.7831 -5
      vertex -9.44147 -27.5338 -5
      vertex -9.50622 -27.9207 -5
    endloop
  endfacet
  facet normal 0 0 -1
    outer loop
      vertex -16.0882 -32.9857 -5
      vertex -9.45166 -28.701 -5
      vertex -14.9272 -33.5271 -5
    endloop
  endfacet
  facet normal 0 0 -1
    outer loop
      vertex -0.799999 0 -5
      vertex -9.576 24.7454 -5
      vertex -9.25662 24.9732 -5
    endloop
  endfacet
  facet normal 0 0 -1
    outer loop
      vertex -26.6281 -2.99977 -5
      vertex 0.423311 -6.29339 -5
      vertex -7.95225 -25.8206 -5
    endloop
  endfacet
  facet normal 0 0 -1
    outer loop
      vertex 0.423311 -6.29339 -5
      vertex -26.6281 -2.99977 -5
      vertex 0.213163 -5.74594 -5
    endloop
  endfacet
  facet normal 0 0 -1
    outer loop
      vertex -26.6281 -2.99977 -5
      vertex -7.95225 -25.8206 -5
      vertex -8.30333 -25.9957 -5
    endloop
  endfacet
  facet normal 0 0 -1
    outer loop
      vertex 0.213163 -5.74594 -5
      vertex -26.6281 -2.99977 -5
      vertex 0.0222502 -5.19149 -5
    endloop
  endfacet
  facet normal -0 0 -1
    outer loop
      vertex -2.55617 35.8322 -5
      vertex -8.72067 28.1759 -5
      vertex -2.9385 35.9415 -5
    endloop
  endfacet
  facet normal 0 0 -1
    outer loop
      vertex 0.0222502 -5.19149 -5
      vertex -26.6281 -2.99977 -5
      vertex -0.149196 -4.63071 -5
    endloop
  endfacet
  facet normal 0 0 -1
    outer loop
      vertex -0.149196 -4.63071 -5
      vertex -26.6281 -2.99977 -5
      vertex -0.300968 -4.06429 -5
    endloop
  endfacet
  facet normal 0 -0 -1
    outer loop
      vertex -26.5036 -2.62774 -5
      vertex -0.300968 -4.06429 -5
      vertex -26.6281 -2.99977 -5
    endloop
  endfacet
  facet normal 0 0 -1
    outer loop
      vertex -8.94848 28.4953 -5
      vertex -3.31619 36.0659 -5
      vertex -8.72067 28.1759 -5
    endloop
  endfacet
  facet normal 0 0 -1
    outer loop
      vertex -0.300968 -4.06429 -5
      vertex -26.5036 -2.62774 -5
      vertex -0.432879 -3.49292 -5
    endloop
  endfacet
  facet normal 0 0 -1
    outer loop
      vertex -0.432879 -3.49292 -5
      vertex -26.5036 -2.62774 -5
      vertex -0.54477 -2.91729 -5
    endloop
  endfacet
  facet normal 0 0 -1
    outer loop
      vertex -0.54477 -2.91729 -5
      vertex -26.5036 -2.62774 -5
      vertex -0.636503 -2.33811 -5
    endloop
  endfacet
  facet normal 0 -0 -1
    outer loop
      vertex -26.4389 -2.24083 -5
      vertex -0.636503 -2.33811 -5
      vertex -26.5036 -2.62774 -5
    endloop
  endfacet
  facet normal 0 -0 -1
    outer loop
      vertex -5.10765 36.3428 -5
      vertex -3.31619 36.0659 -5
      vertex -8.94848 28.4953 -5
    endloop
  endfacet
  facet normal 0 0 -1
    outer loop
      vertex -0.636503 -2.33811 -5
      vertex -26.4389 -2.24083 -5
      vertex -0.707968 -1.75608 -5
    endloop
  endfacet
  facet normal -0 0 -1
    outer loop
      vertex -0.707968 -1.75608 -5
      vertex -26.4389 -2.24083 -5
      vertex -0.759075 -1.17191 -5
    endloop
  endfacet
  facet normal 0 0 -1
    outer loop
      vertex -3.68864 36.2052 -5
      vertex -5.10765 36.3428 -5
      vertex -4.05525 36.3592 -5
    endloop
  endfacet
  facet normal -0 0 -1
    outer loop
      vertex -4.05525 36.3592 -5
      vertex -5.10765 36.3428 -5
      vertex -4.24646 36.4486 -5
    endloop
  endfacet
  facet normal 0 0 -1
    outer loop
      vertex -3.31619 36.0659 -5
      vertex -5.10765 36.3428 -5
      vertex -3.68864 36.2052 -5
    endloop
  endfacet
  facet normal 0 0 -1
    outer loop
      vertex -5.10765 36.3428 -5
      vertex -8.94848 28.4953 -5
      vertex -6.37289 36.1424 -5
    endloop
  endfacet
  facet normal 0 0 -1
    outer loop
      vertex -9.22344 28.7751 -5
      vertex -6.37289 36.1424 -5
      vertex -8.94848 28.4953 -5
    endloop
  endfacet
  facet normal 0 0 -1
    outer loop
      vertex -6.37289 36.1424 -5
      vertex -9.22344 28.7751 -5
      vertex -7.63036 35.898 -5
    endloop
  endfacet
  facet normal 0 0 -1
    outer loop
      vertex -9.53879 29.0085 -5
      vertex -7.63036 35.898 -5
      vertex -9.22344 28.7751 -5
    endloop
  endfacet
  facet normal 0 0 -1
    outer loop
      vertex -7.63036 35.898 -5
      vertex -9.53879 29.0085 -5
      vertex -8.87853 35.6099 -5
    endloop
  endfacet
  facet normal 0 0 -1
    outer loop
      vertex -9.88676 29.1896 -5
      vertex -8.87853 35.6099 -5
      vertex -9.53879 29.0085 -5
    endloop
  endfacet
  facet normal 0 0 -1
    outer loop
      vertex -9.88676 29.1896 -5
      vertex -10.1159 35.2783 -5
      vertex -8.87853 35.6099 -5
    endloop
  endfacet
  facet normal 0 0 -1
    outer loop
      vertex -10.2588 29.3141 -5
      vertex -10.1159 35.2783 -5
      vertex -9.88676 29.1896 -5
    endloop
  endfacet
  facet normal 0 0 -1
    outer loop
      vertex -11.3409 34.9038 -5
      vertex -10.2588 29.3141 -5
      vertex -10.6457 29.3788 -5
    endloop
  endfacet
  facet normal 0 0 -1
    outer loop
      vertex -11.3409 34.9038 -5
      vertex -10.6457 29.3788 -5
      vertex -11.038 29.3822 -5
    endloop
  endfacet
  facet normal 0 0 -1
    outer loop
      vertex -10.2588 29.3141 -5
      vertex -11.3409 34.9038 -5
      vertex -10.1159 35.2783 -5
    endloop
  endfacet
  facet normal 0 0 -1
    outer loop
      vertex -12.5521 34.4867 -5
      vertex -11.038 29.3822 -5
      vertex -11.426 29.3243 -5
    endloop
  endfacet
  facet normal 0 0 -1
    outer loop
      vertex -13.7481 34.0276 -5
      vertex -11.426 29.3243 -5
      vertex -11.8001 29.2063 -5
    endloop
  endfacet
  facet normal 0 0 -1
    outer loop
      vertex -13.7481 34.0276 -5
      vertex -11.8001 29.2063 -5
      vertex -12.1512 29.0312 -5
    endloop
  endfacet
  facet normal 0 0 -1
    outer loop
      vertex -14.9272 33.5271 -5
      vertex -12.1512 29.0312 -5
      vertex -12.4706 28.8034 -5
    endloop
  endfacet
  facet normal 0 0 -1
    outer loop
      vertex -11.038 29.3822 -5
      vertex -12.5521 34.4867 -5
      vertex -11.3409 34.9038 -5
    endloop
  endfacet
  facet normal 0 0 -1
    outer loop
      vertex -16.0882 32.9857 -5
      vertex -12.4706 28.8034 -5
      vertex -12.7504 28.5285 -5
    endloop
  endfacet
  facet normal 0 0 -1
    outer loop
      vertex -16.0882 32.9857 -5
      vertex -12.7504 28.5285 -5
      vertex -12.9837 28.2131 -5
    endloop
  endfacet
  facet normal 0 0 -1
    outer loop
      vertex -17.2296 32.4042 -5
      vertex -12.9837 28.2131 -5
      vertex -13.1649 27.8652 -5
    endloop
  endfacet
  facet normal 0 0 -1
    outer loop
      vertex -18.35 31.7831 -5
      vertex -13.1649 27.8652 -5
      vertex -13.2893 27.4931 -5
    endloop
  endfacet
  facet normal 0 0 -1
    outer loop
      vertex -19.448 31.1234 -5
      vertex -13.2893 27.4931 -5
      vertex -13.3541 27.1062 -5
    endloop
  endfacet
  facet normal 0 0 -1
    outer loop
      vertex -11.426 29.3243 -5
      vertex -13.7481 34.0276 -5
      vertex -12.5521 34.4867 -5
    endloop
  endfacet
  facet normal 0 0 -1
    outer loop
      vertex -20.5224 30.4257 -5
      vertex -13.3541 27.1062 -5
      vertex -13.3575 26.7139 -5
    endloop
  endfacet
  facet normal 0 0 -1
    outer loop
      vertex -12.7787 25.2814 -5
      vertex -25.494 26.3998 -5
      vertex -13.0065 25.6007 -5
    endloop
  endfacet
  facet normal 0 0 -1
    outer loop
      vertex -17.2296 -32.4042 -5
      vertex -9.50964 -28.313 -5
      vertex -16.0882 -32.9857 -5
    endloop
  endfacet
  facet normal 0 -0 -1
    outer loop
      vertex -23.5903 28.1138 -5
      vertex -13.0065 25.6007 -5
      vertex -24.5571 27.2734 -5
    endloop
  endfacet
  facet normal -0 0 -1
    outer loop
      vertex -9.50964 -28.313 -5
      vertex -17.2296 -32.4042 -5
      vertex -9.50622 -27.9207 -5
    endloop
  endfacet
  facet normal 0 0 -1
    outer loop
      vertex -12.1512 29.0312 -5
      vertex -14.9272 33.5271 -5
      vertex -13.7481 34.0276 -5
    endloop
  endfacet
  facet normal 0 0 -1
    outer loop
      vertex -18.35 -31.7831 -5
      vertex -9.50622 -27.9207 -5
      vertex -17.2296 -32.4042 -5
    endloop
  endfacet
  facet normal 0 0 -1
    outer loop
      vertex -12.4706 28.8034 -5
      vertex -16.0882 32.9857 -5
      vertex -14.9272 33.5271 -5
    endloop
  endfacet
  facet normal 0 0 -1
    outer loop
      vertex -9.44147 -27.5338 -5
      vertex -18.35 -31.7831 -5
      vertex -19.448 -31.1234 -5
    endloop
  endfacet
  facet normal 0 0 -1
    outer loop
      vertex -12.9837 28.2131 -5
      vertex -17.2296 32.4042 -5
      vertex -16.0882 32.9857 -5
    endloop
  endfacet
  facet normal 0 0 -1
    outer loop
      vertex -9.317 -27.1617 -5
      vertex -19.448 -31.1234 -5
      vertex -20.5224 -30.4257 -5
    endloop
  endfacet
  facet normal 0 0 -1
    outer loop
      vertex -13.1649 27.8652 -5
      vertex -18.35 31.7831 -5
      vertex -17.2296 32.4042 -5
    endloop
  endfacet
  facet normal 0 0 -1
    outer loop
      vertex -9.317 -27.1617 -5
      vertex -20.5224 -30.4257 -5
      vertex -21.5717 -29.6909 -5
    endloop
  endfacet
  facet normal 0 0 -1
    outer loop
      vertex -13.2893 27.4931 -5
      vertex -19.448 31.1234 -5
      vertex -18.35 31.7831 -5
    endloop
  endfacet
  facet normal 0 0 -1
    outer loop
      vertex -9.13585 -26.8138 -5
      vertex -21.5717 -29.6909 -5
      vertex -22.5948 -28.92 -5
    endloop
  endfacet
  facet normal 0 0 -1
    outer loop
      vertex -13.3541 27.1062 -5
      vertex -20.5224 30.4257 -5
      vertex -19.448 31.1234 -5
    endloop
  endfacet
  facet normal 0 0 -1
    outer loop
      vertex -9.13585 -26.8138 -5
      vertex -22.5948 -28.92 -5
      vertex -23.5903 -28.1138 -5
    endloop
  endfacet
  facet normal 0 0 -1
    outer loop
      vertex -13.3575 26.7139 -5
      vertex -21.5717 29.6909 -5
      vertex -20.5224 30.4257 -5
    endloop
  endfacet
  facet normal 0 0 -1
    outer loop
      vertex -8.90251 -26.4984 -5
      vertex -23.5903 -28.1138 -5
      vertex -24.5571 -27.2734 -5
    endloop
  endfacet
  facet normal 0 0 -1
    outer loop
      vertex -13.2995 26.326 -5
      vertex -21.5717 29.6909 -5
      vertex -13.3575 26.7139 -5
    endloop
  endfacet
  facet normal -0 0 -1
    outer loop
      vertex -8.90251 -26.4984 -5
      vertex -24.5571 -27.2734 -5
      vertex -25.494 -26.3998 -5
    endloop
  endfacet
  facet normal 0 -0 -1
    outer loop
      vertex -21.5717 29.6909 -5
      vertex -13.2995 26.326 -5
      vertex -22.5948 28.92 -5
    endloop
  endfacet
  facet normal -0 0 -1
    outer loop
      vertex -8.6227 -26.2235 -5
      vertex -25.494 -26.3998 -5
      vertex -26.3998 -25.494 -5
    endloop
  endfacet
  facet normal 0 0 -1
    outer loop
      vertex -13.1816 25.9518 -5
      vertex -22.5948 28.92 -5
      vertex -13.2995 26.326 -5
    endloop
  endfacet
  facet normal 0 0 -1
    outer loop
      vertex -8.6227 -26.2235 -5
      vertex -26.3998 -25.494 -5
      vertex -27.2734 -24.5571 -5
    endloop
  endfacet
  facet normal 0 -0 -1
    outer loop
      vertex -22.5948 28.92 -5
      vertex -13.1816 25.9518 -5
      vertex -23.5903 28.1138 -5
    endloop
  endfacet
  facet normal 0 0 -1
    outer loop
      vertex -13.0065 25.6007 -5
      vertex -23.5903 28.1138 -5
      vertex -13.1816 25.9518 -5
    endloop
  endfacet
  facet normal 0 -0 -1
    outer loop
      vertex -24.5571 27.2734 -5
      vertex -13.0065 25.6007 -5
      vertex -25.494 26.3998 -5
    endloop
  endfacet
  facet normal -0 0 -1
    outer loop
      vertex -0.759075 -1.17191 -5
      vertex -26.4354 -1.84855 -5
      vertex -0.789765 -0.586311 -5
    endloop
  endfacet
  facet normal 0 -0 -1
    outer loop
      vertex -26.4354 -1.84855 -5
      vertex -0.759075 -1.17191 -5
      vertex -26.4389 -2.24083 -5
    endloop
  endfacet
  facet normal 0 0 -1
    outer loop
      vertex -8.30333 -25.9957 -5
      vertex -26.8092 -3.34774 -5
      vertex -26.6281 -2.99977 -5
    endloop
  endfacet
  facet normal 0 0 -1
    outer loop
      vertex -8.30333 -25.9957 -5
      vertex -27.0426 -3.66308 -5
      vertex -26.8092 -3.34774 -5
    endloop
  endfacet
  facet normal 0 0 -1
    outer loop
      vertex -8.6227 -26.2235 -5
      vertex -27.2734 -24.5571 -5
      vertex -28.1138 -23.5903 -5
    endloop
  endfacet
  facet normal 0 0 -1
    outer loop
      vertex -8.6227 -26.2235 -5
      vertex -28.1138 -23.5903 -5
      vertex -27.0426 -3.66308 -5
    endloop
  endfacet
  facet normal 0 0 -1
    outer loop
      vertex -27.0426 -3.66308 -5
      vertex -28.1138 -23.5903 -5
      vertex -27.3224 -3.93805 -5
    endloop
  endfacet
  facet normal 0 0 -1
    outer loop
      vertex -28.92 -22.5948 -5
      vertex -27.3224 -3.93805 -5
      vertex -28.1138 -23.5903 -5
    endloop
  endfacet
  facet normal 0 0 -1
    outer loop
      vertex -29.6909 -21.5717 -5
      vertex -27.3224 -3.93805 -5
      vertex -28.92 -22.5948 -5
    endloop
  endfacet
  facet normal 0 0 -1
    outer loop
      vertex -30.4257 -20.5224 -5
      vertex -27.3224 -3.93805 -5
      vertex -29.6909 -21.5717 -5
    endloop
  endfacet
  facet normal 0 0 -1
    outer loop
      vertex -27.3224 -3.93805 -5
      vertex -30.4257 -20.5224 -5
      vertex -27.6418 -4.16586 -5
    endloop
  endfacet
  facet normal 0 0 -1
    outer loop
      vertex -31.1234 -19.448 -5
      vertex -27.6418 -4.16586 -5
      vertex -30.4257 -20.5224 -5
    endloop
  endfacet
  facet normal 0 0 -1
    outer loop
      vertex -31.7831 -18.35 -5
      vertex -27.6418 -4.16586 -5
      vertex -31.1234 -19.448 -5
    endloop
  endfacet
  facet normal 0 0 -1
    outer loop
      vertex -27.6418 -4.16586 -5
      vertex -31.7831 -18.35 -5
      vertex -27.9928 -4.3409 -5
    endloop
  endfacet
  facet normal 0 0 -1
    outer loop
      vertex -32.4042 -17.2296 -5
      vertex -27.9928 -4.3409 -5
      vertex -31.7831 -18.35 -5
    endloop
  endfacet
  facet normal 0 0 -1
    outer loop
      vertex -32.9857 -16.0882 -5
      vertex -27.9928 -4.3409 -5
      vertex -32.4042 -17.2296 -5
    endloop
  endfacet
  facet normal 0 0 -1
    outer loop
      vertex -27.9928 -4.3409 -5
      vertex -32.9857 -16.0882 -5
      vertex -28.367 -4.45886 -5
    endloop
  endfacet
  facet normal 0 0 -1
    outer loop
      vertex -33.5271 -14.9272 -5
      vertex -28.367 -4.45886 -5
      vertex -32.9857 -16.0882 -5
    endloop
  endfacet
  facet normal 0 0 -1
    outer loop
      vertex -34.0276 -13.7481 -5
      vertex -28.367 -4.45886 -5
      vertex -33.5271 -14.9272 -5
    endloop
  endfacet
  facet normal 0 0 -1
    outer loop
      vertex -28.367 -4.45886 -5
      vertex -34.0276 -13.7481 -5
      vertex -28.755 -4.51685 -5
    endloop
  endfacet
  facet normal 0 0 -1
    outer loop
      vertex -34.4867 -12.5521 -5
      vertex -28.755 -4.51685 -5
      vertex -34.0276 -13.7481 -5
    endloop
  endfacet
  facet normal -0 0 -1
    outer loop
      vertex -28.755 -4.51685 -5
      vertex -34.4867 -12.5521 -5
      vertex -29.1472 -4.51342 -5
    endloop
  endfacet
  facet normal 0 0 -1
    outer loop
      vertex -34.9038 -11.3409 -5
      vertex -29.1472 -4.51342 -5
      vertex -34.4867 -12.5521 -5
    endloop
  endfacet
  facet normal -0 0 -1
    outer loop
      vertex -29.1472 -4.51342 -5
      vertex -34.9038 -11.3409 -5
      vertex -29.5342 -4.44868 -5
    endloop
  endfacet
  facet normal 0 0 -1
    outer loop
      vertex -35.2783 -10.1159 -5
      vertex -29.5342 -4.44868 -5
      vertex -34.9038 -11.3409 -5
    endloop
  endfacet
  facet normal -0 0 -1
    outer loop
      vertex -29.5342 -4.44868 -5
      vertex -35.2783 -10.1159 -5
      vertex -29.9062 -4.3242 -5
    endloop
  endfacet
  facet normal 0 0 -1
    outer loop
      vertex 30.4257 20.5224 -5
      vertex 24.7058 18.423 -5
      vertex 24.7092 18.8152 -5
    endloop
  endfacet
  facet normal 0 0 -1
    outer loop
      vertex 25.3944 13.9278 -5
      vertex 24.641 18.036 -5
      vertex 24.7058 18.423 -5
    endloop
  endfacet
  facet normal 0 0 -1
    outer loop
      vertex 25.3944 13.9278 -5
      vertex 24.5166 17.664 -5
      vertex 24.641 18.036 -5
    endloop
  endfacet
  facet normal 0 0 -1
    outer loop
      vertex 24.1021 17.0007 -5
      vertex 24.9026 14.2472 -5
      vertex 24.4 14.5492 -5
    endloop
  endfacet
  facet normal 0 0 -1
    outer loop
      vertex 25.3944 13.9278 -5
      vertex 24.3354 17.316 -5
      vertex 24.5166 17.664 -5
    endloop
  endfacet
  facet normal 0 0 -1
    outer loop
      vertex 24.9026 14.2472 -5
      vertex 24.1021 17.0007 -5
      vertex 24.3354 17.316 -5
    endloop
  endfacet
  facet normal 0 0 -1
    outer loop
      vertex 23.8223 16.7257 -5
      vertex 24.4 14.5492 -5
      vertex 23.8871 14.8335 -5
    endloop
  endfacet
  facet normal 0 0 -1
    outer loop
      vertex 24.4 14.5492 -5
      vertex 23.8223 16.7257 -5
      vertex 24.1021 17.0007 -5
    endloop
  endfacet
  facet normal 0 0 -1
    outer loop
      vertex 23.8871 14.8335 -5
      vertex 23.5029 16.4979 -5
      vertex 23.8223 16.7257 -5
    endloop
  endfacet
  facet normal 0 0 -1
    outer loop
      vertex 23.3646 15.0997 -5
      vertex 23.5029 16.4979 -5
      vertex 23.8871 14.8335 -5
    endloop
  endfacet
  facet normal 0 0 -1
    outer loop
      vertex 23.3646 15.0997 -5
      vertex 23.1518 16.3229 -5
      vertex 23.5029 16.4979 -5
    endloop
  endfacet
  facet normal 0 0 -1
    outer loop
      vertex 22.8332 15.3476 -5
      vertex 23.1518 16.3229 -5
      vertex 23.3646 15.0997 -5
    endloop
  endfacet
  facet normal 0 0 -1
    outer loop
      vertex 22.8332 15.3476 -5
      vertex 22.7777 16.2049 -5
      vertex 23.1518 16.3229 -5
    endloop
  endfacet
  facet normal 0 0 -1
    outer loop
      vertex 22.2934 15.5767 -5
      vertex 22.7777 16.2049 -5
      vertex 22.8332 15.3476 -5
    endloop
  endfacet
  facet normal 0 0 -1
    outer loop
      vertex 22.7777 16.2049 -5
      vertex 22.2934 15.5767 -5
      vertex 22.3897 16.1469 -5
    endloop
  endfacet
  facet normal 0 0 -1
    outer loop
      vertex 22.2934 15.5767 -5
      vertex 21.9974 16.1504 -5
      vertex 22.3897 16.1469 -5
    endloop
  endfacet
  facet normal 0 0 -1
    outer loop
      vertex 21.7459 15.7868 -5
      vertex 21.9974 16.1504 -5
      vertex 22.2934 15.5767 -5
    endloop
  endfacet
  facet normal 0 0 -1
    outer loop
      vertex 21.7459 15.7868 -5
      vertex 21.6105 16.2151 -5
      vertex 21.9974 16.1504 -5
    endloop
  endfacet
  facet normal 0 0 -1
    outer loop
      vertex 21.1915 15.9777 -5
      vertex 21.6105 16.2151 -5
      vertex 21.7459 15.7868 -5
    endloop
  endfacet
  facet normal -0 0 -1
    outer loop
      vertex 21.6105 16.2151 -5
      vertex 21.1915 15.9777 -5
      vertex 21.2385 16.3396 -5
    endloop
  endfacet
  facet normal 0 0 -1
    outer loop
      vertex 20.6307 16.1492 -5
      vertex 21.2385 16.3396 -5
      vertex 21.1915 15.9777 -5
    endloop
  endfacet
  facet normal -0 0 -1
    outer loop
      vertex 21.2385 16.3396 -5
      vertex 20.6307 16.1492 -5
      vertex 20.8905 16.5207 -5
    endloop
  endfacet
  facet normal 0 0 -1
    outer loop
      vertex 20.6307 16.1492 -5
      vertex 20.5751 16.7541 -5
      vertex 20.8905 16.5207 -5
    endloop
  endfacet
  facet normal 0 0 -1
    outer loop
      vertex 20.0643 16.301 -5
      vertex 20.5751 16.7541 -5
      vertex 20.6307 16.1492 -5
    endloop
  endfacet
  facet normal -0 0 -1
    outer loop
      vertex 20.5751 16.7541 -5
      vertex 20.0643 16.301 -5
      vertex 20.3002 17.0339 -5
    endloop
  endfacet
  facet normal 0 0 -1
    outer loop
      vertex 19.4929 16.4329 -5
      vertex 20.3002 17.0339 -5
      vertex 20.0643 16.301 -5
    endloop
  endfacet
  facet normal -0 0 -1
    outer loop
      vertex 20.3002 17.0339 -5
      vertex 19.4929 16.4329 -5
      vertex 20.0724 17.3532 -5
    endloop
  endfacet
  facet normal 0 0 -1
    outer loop
      vertex 18.9173 16.5448 -5
      vertex 20.0724 17.3532 -5
      vertex 19.4929 16.4329 -5
    endloop
  endfacet
  facet normal -0 0 -1
    outer loop
      vertex 19.8973 17.7043 -5
      vertex 18.9173 16.5448 -5
      vertex 19.7794 18.0785 -5
    endloop
  endfacet
  facet normal -0 0 -1
    outer loop
      vertex 20.0724 17.3532 -5
      vertex 18.9173 16.5448 -5
      vertex 19.8973 17.7043 -5
    endloop
  endfacet
  facet normal 0 0 -1
    outer loop
      vertex 32.7898 -0.586311 -5
      vertex 36.7 0 -5
      vertex 36.6776 -1.28081 -5
    endloop
  endfacet
  facet normal 0 0 -1
    outer loop
      vertex 32.708 -1.75608 -5
      vertex 36.6776 -1.28081 -5
      vertex 36.6106 -2.56006 -5
    endloop
  endfacet
  facet normal -0 0 -1
    outer loop
      vertex 36.7 0 -5
      vertex 32.7898 -0.586311 -5
      vertex 32.8 0 -5
    endloop
  endfacet
  facet normal 0 0 -1
    outer loop
      vertex 32.5448 -2.91729 -5
      vertex 36.6106 -2.56006 -5
      vertex 36.499 -3.83619 -5
    endloop
  endfacet
  facet normal 0 0 -1
    outer loop
      vertex 32.7898 0.586311 -5
      vertex 36.7 0 -5
      vertex 32.8 0 -5
    endloop
  endfacet
  facet normal 0 0 -1
    outer loop
      vertex 32.4329 -3.49292 -5
      vertex 36.499 -3.83619 -5
      vertex 36.3428 -5.10765 -5
    endloop
  endfacet
  facet normal 0 0 -1
    outer loop
      vertex 36.7 0 -5
      vertex 32.7898 0.586311 -5
      vertex 36.6776 1.28081 -5
    endloop
  endfacet
  facet normal 0 0 -1
    outer loop
      vertex 32.1492 -4.63071 -5
      vertex 36.3428 -5.10765 -5
      vertex 36.1424 -6.37289 -5
    endloop
  endfacet
  facet normal 0 0 -1
    outer loop
      vertex 32.7591 1.17191 -5
      vertex 36.6776 1.28081 -5
      vertex 32.7898 0.586311 -5
    endloop
  endfacet
  facet normal 0 0 -1
    outer loop
      vertex 31.7868 -5.74594 -5
      vertex 36.1424 -6.37289 -5
      vertex 35.898 -7.63036 -5
    endloop
  endfacet
  facet normal 0 0 -1
    outer loop
      vertex 32.708 1.75608 -5
      vertex 36.6776 1.28081 -5
      vertex 32.7591 1.17191 -5
    endloop
  endfacet
  facet normal 0 0 -1
    outer loop
      vertex 31.3476 -6.83317 -5
      vertex 35.898 -7.63036 -5
      vertex 35.6099 -8.87853 -5
    endloop
  endfacet
  facet normal 0 0 -1
    outer loop
      vertex 36.6776 1.28081 -5
      vertex 32.708 1.75608 -5
      vertex 36.6106 2.56006 -5
    endloop
  endfacet
  facet normal 0 0 -1
    outer loop
      vertex 30.8335 -7.88712 -5
      vertex 35.6099 -8.87853 -5
      vertex 35.2783 -10.1159 -5
    endloop
  endfacet
  facet normal 0 0 -1
    outer loop
      vertex 32.6365 2.33811 -5
      vertex 36.6106 2.56006 -5
      vertex 32.708 1.75608 -5
    endloop
  endfacet
  facet normal 0 0 -1
    outer loop
      vertex 30.5492 -8.4 -5
      vertex 35.2783 -10.1159 -5
      vertex 34.9038 -11.3409 -5
    endloop
  endfacet
  facet normal 0 0 -1
    outer loop
      vertex 32.5448 2.91729 -5
      vertex 36.6106 2.56006 -5
      vertex 32.6365 2.33811 -5
    endloop
  endfacet
  facet normal 0 0 -1
    outer loop
      vertex 29.9278 -9.39444 -5
      vertex 34.9038 -11.3409 -5
      vertex 34.4867 -12.5521 -5
    endloop
  endfacet
  facet normal 0 0 -1
    outer loop
      vertex 32.4329 3.49292 -5
      vertex 36.499 3.83619 -5
      vertex 32.5448 2.91729 -5
    endloop
  endfacet
  facet normal 0 0 -1
    outer loop
      vertex 29.2386 -10.3431 -5
      vertex 34.4867 -12.5521 -5
      vertex 34.0276 -13.7481 -5
    endloop
  endfacet
  facet normal -0 0 -1
    outer loop
      vertex 36.499 3.83619 -5
      vertex 32.4329 3.49292 -5
      vertex 36.3428 5.10765 -5
    endloop
  endfacet
  facet normal 0 0 -1
    outer loop
      vertex 28.4848 -11.2414 -5
      vertex 34.0276 -13.7481 -5
      vertex 33.5271 -14.9272 -5
    endloop
  endfacet
  facet normal 0 0 -1
    outer loop
      vertex 32.301 4.06429 -5
      vertex 36.3428 5.10765 -5
      vertex 32.4329 3.49292 -5
    endloop
  endfacet
  facet normal 0 0 -1
    outer loop
      vertex 28.0849 -11.6703 -5
      vertex 33.5271 -14.9272 -5
      vertex 32.9857 -16.0882 -5
    endloop
  endfacet
  facet normal 0 0 -1
    outer loop
      vertex 32.1492 4.63071 -5
      vertex 36.3428 5.10765 -5
      vertex 32.301 4.06429 -5
    endloop
  endfacet
  facet normal -0 0 -1
    outer loop
      vertex 36.3428 5.10765 -5
      vertex 32.1492 4.63071 -5
      vertex 36.1424 6.37289 -5
    endloop
  endfacet
  facet normal 0 0 -1
    outer loop
      vertex 36.6106 2.56006 -5
      vertex 32.5448 2.91729 -5
      vertex 36.499 3.83619 -5
    endloop
  endfacet
  facet normal 0 0 -1
    outer loop
      vertex 36.6776 -1.28081 -5
      vertex 32.7591 -1.17191 -5
      vertex 32.7898 -0.586311 -5
    endloop
  endfacet
  facet normal -0 0 -1
    outer loop
      vertex 36.6776 -1.28081 -5
      vertex 32.708 -1.75608 -5
      vertex 32.7591 -1.17191 -5
    endloop
  endfacet
  facet normal 0 0 -1
    outer loop
      vertex 36.6106 -2.56006 -5
      vertex 32.6365 -2.33811 -5
      vertex 32.708 -1.75608 -5
    endloop
  endfacet
  facet normal -0 0 -1
    outer loop
      vertex 36.6106 -2.56006 -5
      vertex 32.5448 -2.91729 -5
      vertex 32.6365 -2.33811 -5
    endloop
  endfacet
  facet normal 0 0 -1
    outer loop
      vertex 36.499 -3.83619 -5
      vertex 32.4329 -3.49292 -5
      vertex 32.5448 -2.91729 -5
    endloop
  endfacet
  facet normal 0 0 -1
    outer loop
      vertex 27.0873 -15.1933 -5
      vertex 32.9857 -16.0882 -5
      vertex 32.4042 -17.2296 -5
    endloop
  endfacet
  facet normal 0 0 -1
    outer loop
      vertex 36.3428 -5.10765 -5
      vertex 32.301 -4.06429 -5
      vertex 32.4329 -3.49292 -5
    endloop
  endfacet
  facet normal 0 0 -1
    outer loop
      vertex 36.3428 -5.10765 -5
      vertex 32.1492 -4.63071 -5
      vertex 32.301 -4.06429 -5
    endloop
  endfacet
  facet normal 0 0 -1
    outer loop
      vertex 36.1424 -6.37289 -5
      vertex 31.9777 -5.19149 -5
      vertex 32.1492 -4.63071 -5
    endloop
  endfacet
  facet normal 0 0 -1
    outer loop
      vertex 36.1424 -6.37289 -5
      vertex 31.7868 -5.74594 -5
      vertex 31.9777 -5.19149 -5
    endloop
  endfacet
  facet normal 0 0 -1
    outer loop
      vertex 27.0191 -15.9725 -5
      vertex 32.4042 -17.2296 -5
      vertex 31.7831 -18.35 -5
    endloop
  endfacet
  facet normal 0 0 -1
    outer loop
      vertex 35.898 -7.63036 -5
      vertex 31.5767 -6.29339 -5
      vertex 31.7868 -5.74594 -5
    endloop
  endfacet
  facet normal 0 0 -1
    outer loop
      vertex 35.898 -7.63036 -5
      vertex 31.3476 -6.83317 -5
      vertex 31.5767 -6.29339 -5
    endloop
  endfacet
  facet normal 0 0 -1
    outer loop
      vertex 26.8947 -16.3445 -5
      vertex 31.7831 -18.35 -5
      vertex 31.1234 -19.448 -5
    endloop
  endfacet
  facet normal 0 0 -1
    outer loop
      vertex 35.6099 -8.87853 -5
      vertex 31.0997 -7.36463 -5
      vertex 31.3476 -6.83317 -5
    endloop
  endfacet
  facet normal 0 0 -1
    outer loop
      vertex 35.6099 -8.87853 -5
      vertex 30.8335 -7.88712 -5
      vertex 31.0997 -7.36463 -5
    endloop
  endfacet
  facet normal 0 0 -1
    outer loop
      vertex 35.2783 -10.1159 -5
      vertex 30.5492 -8.4 -5
      vertex 30.8335 -7.88712 -5
    endloop
  endfacet
  facet normal 0 0 -1
    outer loop
      vertex 26.4802 -17.0078 -5
      vertex 31.1234 -19.448 -5
      vertex 30.4257 -20.5224 -5
    endloop
  endfacet
  facet normal 0 0 -1
    outer loop
      vertex 34.9038 -11.3409 -5
      vertex 30.2472 -8.90264 -5
      vertex 30.5492 -8.4 -5
    endloop
  endfacet
  facet normal 0 0 -1
    outer loop
      vertex 34.9038 -11.3409 -5
      vertex 29.9278 -9.39444 -5
      vertex 30.2472 -8.90264 -5
    endloop
  endfacet
  facet normal 0 0 -1
    outer loop
      vertex 26.2004 -17.2828 -5
      vertex 30.4257 -20.5224 -5
      vertex 29.6909 -21.5717 -5
    endloop
  endfacet
  facet normal 0 0 -1
    outer loop
      vertex 34.4867 -12.5521 -5
      vertex 29.5915 -9.87479 -5
      vertex 29.9278 -9.39444 -5
    endloop
  endfacet
  facet normal 0 0 -1
    outer loop
      vertex 34.4867 -12.5521 -5
      vertex 29.2386 -10.3431 -5
      vertex 29.5915 -9.87479 -5
    endloop
  endfacet
  facet normal 0 0 -1
    outer loop
      vertex 25.5299 -17.6856 -5
      vertex 29.6909 -21.5717 -5
      vertex 28.92 -22.5948 -5
    endloop
  endfacet
  facet normal 0 0 -1
    outer loop
      vertex 32.4042 -17.2296 -5
      vertex 27.0839 -15.5855 -5
      vertex 27.0873 -15.1933 -5
    endloop
  endfacet
  facet normal 0 0 -1
    outer loop
      vertex 34.0276 -13.7481 -5
      vertex 28.8695 -10.7988 -5
      vertex 29.2386 -10.3431 -5
    endloop
  endfacet
  facet normal 0 0 -1
    outer loop
      vertex 25.1558 -17.8036 -5
      vertex 28.92 -22.5948 -5
      vertex 28.1138 -23.5903 -5
    endloop
  endfacet
  facet normal 0 0 -1
    outer loop
      vertex 32.9857 -16.0882 -5
      vertex 27.0873 -15.1933 -5
      vertex 27.0293 -14.8053 -5
    endloop
  endfacet
  facet normal 0 0 -1
    outer loop
      vertex 34.0276 -13.7481 -5
      vertex 28.4848 -11.2414 -5
      vertex 28.8695 -10.7988 -5
    endloop
  endfacet
  facet normal 0 0 -1
    outer loop
      vertex 24.7678 -17.8616 -5
      vertex 28.1138 -23.5903 -5
      vertex 27.2734 -24.5571 -5
    endloop
  endfacet
  facet normal 0 0 -1
    outer loop
      vertex 33.5271 -14.9272 -5
      vertex 28.0849 -11.6703 -5
      vertex 28.4848 -11.2414 -5
    endloop
  endfacet
  facet normal 0 0 -1
    outer loop
      vertex 32.9857 -16.0882 -5
      vertex 27.0293 -14.8053 -5
      vertex 28.0849 -11.6703 -5
    endloop
  endfacet
  facet normal 0 0 -1
    outer loop
      vertex 28.0849 -11.6703 -5
      vertex 27.0293 -14.8053 -5
      vertex 27.6703 -12.0849 -5
    endloop
  endfacet
  facet normal 0 0 -1
    outer loop
      vertex 32.4042 -17.2296 -5
      vertex 27.0191 -15.9725 -5
      vertex 27.0839 -15.5855 -5
    endloop
  endfacet
  facet normal 0 0 -1
    outer loop
      vertex 31.7831 -18.35 -5
      vertex 26.8947 -16.3445 -5
      vertex 27.0191 -15.9725 -5
    endloop
  endfacet
  facet normal 0 0 -1
    outer loop
      vertex 31.1234 -19.448 -5
      vertex 26.7135 -16.6925 -5
      vertex 26.8947 -16.3445 -5
    endloop
  endfacet
  facet normal 0 0 -1
    outer loop
      vertex 31.1234 -19.448 -5
      vertex 26.4802 -17.0078 -5
      vertex 26.7135 -16.6925 -5
    endloop
  endfacet
  facet normal 0 0 -1
    outer loop
      vertex 24.3755 -17.8581 -5
      vertex 27.2734 -24.5571 -5
      vertex 26.3998 -25.494 -5
    endloop
  endfacet
  facet normal 0 0 -1
    outer loop
      vertex 30.4257 -20.5224 -5
      vertex 26.2004 -17.2828 -5
      vertex 26.4802 -17.0078 -5
    endloop
  endfacet
  facet normal 0 0 -1
    outer loop
      vertex 29.6909 -21.5717 -5
      vertex 25.881 -17.5106 -5
      vertex 26.2004 -17.2828 -5
    endloop
  endfacet
  facet normal 0 0 -1
    outer loop
      vertex 29.6909 -21.5717 -5
      vertex 25.5299 -17.6856 -5
      vertex 25.881 -17.5106 -5
    endloop
  endfacet
  facet normal 0 0 -1
    outer loop
      vertex 23.9886 -17.7934 -5
      vertex 26.3998 -25.494 -5
      vertex 25.494 -26.3998 -5
    endloop
  endfacet
  facet normal 0 0 -1
    outer loop
      vertex 28.92 -22.5948 -5
      vertex 25.1558 -17.8036 -5
      vertex 25.5299 -17.6856 -5
    endloop
  endfacet
  facet normal 0 0 -1
    outer loop
      vertex 28.1138 -23.5903 -5
      vertex 24.7678 -17.8616 -5
      vertex 25.1558 -17.8036 -5
    endloop
  endfacet
  facet normal 0 0 -1
    outer loop
      vertex 23.6166 -17.6689 -5
      vertex 25.494 -26.3998 -5
      vertex 24.5571 -27.2734 -5
    endloop
  endfacet
  facet normal 0 0 -1
    outer loop
      vertex 27.2734 -24.5571 -5
      vertex 24.3755 -17.8581 -5
      vertex 24.7678 -17.8616 -5
    endloop
  endfacet
  facet normal 0 0 -1
    outer loop
      vertex 26.3998 -25.494 -5
      vertex 23.9886 -17.7934 -5
      vertex 24.3755 -17.8581 -5
    endloop
  endfacet
  facet normal 0 0 -1
    outer loop
      vertex 25.494 -26.3998 -5
      vertex 23.6166 -17.6689 -5
      vertex 23.9886 -17.7934 -5
    endloop
  endfacet
  facet normal 0 0 -1
    outer loop
      vertex 23.2686 -17.4878 -5
      vertex 24.5571 -27.2734 -5
      vertex 23.5903 -28.1138 -5
    endloop
  endfacet
  facet normal 0 0 -1
    outer loop
      vertex 24.5571 -27.2734 -5
      vertex 23.2686 -17.4878 -5
      vertex 23.6166 -17.6689 -5
    endloop
  endfacet
  facet normal 0 0 -1
    outer loop
      vertex 18.9173 -16.5448 -5
      vertex 23.2686 -17.4878 -5
      vertex 23.5903 -28.1138 -5
    endloop
  endfacet
  facet normal 0 0 -1
    outer loop
      vertex 23.2686 -17.4878 -5
      vertex 18.9173 -16.5448 -5
      vertex 22.9532 -17.2544 -5
    endloop
  endfacet
  facet normal 0 0 -1
    outer loop
      vertex 18.3381 -16.6365 -5
      vertex 23.5903 -28.1138 -5
      vertex 22.5948 -28.92 -5
    endloop
  endfacet
  facet normal 0 -0 -1
    outer loop
      vertex 19.4929 -16.4329 -5
      vertex 22.9532 -17.2544 -5
      vertex 18.9173 -16.5448 -5
    endloop
  endfacet
  facet normal 0 0 -1
    outer loop
      vertex 22.9532 -17.2544 -5
      vertex 20.0643 -16.301 -5
      vertex 22.6783 -16.9746 -5
    endloop
  endfacet
  facet normal 0 -0 -1
    outer loop
      vertex 20.6307 -16.1492 -5
      vertex 22.6783 -16.9746 -5
      vertex 20.0643 -16.301 -5
    endloop
  endfacet
  facet normal 0 0 -1
    outer loop
      vertex 22.4505 -16.6553 -5
      vertex 21.1915 -15.9777 -5
      vertex 22.2754 -16.3042 -5
    endloop
  endfacet
  facet normal 0 0 -1
    outer loop
      vertex 22.1575 -15.93 -5
      vertex 21.7459 -15.7868 -5
      vertex 22.1149 -15.6452 -5
    endloop
  endfacet
  facet normal 0 0 -1
    outer loop
      vertex 17.1719 -16.7591 -5
      vertex 22.5948 -28.92 -5
      vertex 21.5717 -29.6909 -5
    endloop
  endfacet
  facet normal 0 0 -1
    outer loop
      vertex 22.2754 -16.3042 -5
      vertex 21.7459 -15.7868 -5
      vertex 22.1575 -15.93 -5
    endloop
  endfacet
  facet normal 0 -0 -1
    outer loop
      vertex 21.7459 -15.7868 -5
      vertex 22.2754 -16.3042 -5
      vertex 21.1915 -15.9777 -5
    endloop
  endfacet
  facet normal 0 0 -1
    outer loop
      vertex 16.5863 -16.7898 -5
      vertex 21.5717 -29.6909 -5
      vertex 20.5224 -30.4257 -5
    endloop
  endfacet
  facet normal 0 -0 -1
    outer loop
      vertex 21.1915 -15.9777 -5
      vertex 22.4505 -16.6553 -5
      vertex 20.6307 -16.1492 -5
    endloop
  endfacet
  facet normal 0 0 -1
    outer loop
      vertex 22.6783 -16.9746 -5
      vertex 20.6307 -16.1492 -5
      vertex 22.4505 -16.6553 -5
    endloop
  endfacet
  facet normal 0 0 -1
    outer loop
      vertex 16 -16.8 -5
      vertex 20.5224 -30.4257 -5
      vertex 19.448 -31.1234 -5
    endloop
  endfacet
  facet normal 0 -0 -1
    outer loop
      vertex 20.0643 -16.301 -5
      vertex 22.9532 -17.2544 -5
      vertex 19.4929 -16.4329 -5
    endloop
  endfacet
  facet normal 0 0 -1
    outer loop
      vertex 15.4137 -16.7898 -5
      vertex 19.448 -31.1234 -5
      vertex 18.35 -31.7831 -5
    endloop
  endfacet
  facet normal 0 0 -1
    outer loop
      vertex 23.5903 -28.1138 -5
      vertex 18.3381 -16.6365 -5
      vertex 18.9173 -16.5448 -5
    endloop
  endfacet
  facet normal 0 0 -1
    outer loop
      vertex 22.5948 -28.92 -5
      vertex 17.7561 -16.708 -5
      vertex 18.3381 -16.6365 -5
    endloop
  endfacet
  facet normal 0 0 -1
    outer loop
      vertex 14.8281 -16.7591 -5
      vertex 18.35 -31.7831 -5
      vertex 17.2296 -32.4042 -5
    endloop
  endfacet
  facet normal 0 0 -1
    outer loop
      vertex 22.5948 -28.92 -5
      vertex 17.1719 -16.7591 -5
      vertex 17.7561 -16.708 -5
    endloop
  endfacet
  facet normal 0 0 -1
    outer loop
      vertex 21.5717 -29.6909 -5
      vertex 16.5863 -16.7898 -5
      vertex 17.1719 -16.7591 -5
    endloop
  endfacet
  facet normal 0 0 -1
    outer loop
      vertex 13.6619 -16.6365 -5
      vertex 17.2296 -32.4042 -5
      vertex 16.0882 -32.9857 -5
    endloop
  endfacet
  facet normal 0 0 -1
    outer loop
      vertex 20.5224 -30.4257 -5
      vertex 16 -16.8 -5
      vertex 16.5863 -16.7898 -5
    endloop
  endfacet
  facet normal 0 0 -1
    outer loop
      vertex 19.448 -31.1234 -5
      vertex 15.4137 -16.7898 -5
      vertex 16 -16.8 -5
    endloop
  endfacet
  facet normal 0 0 -1
    outer loop
      vertex 13.0827 -16.5448 -5
      vertex 16.0882 -32.9857 -5
      vertex 14.9272 -33.5271 -5
    endloop
  endfacet
  facet normal 0 0 -1
    outer loop
      vertex 18.35 -31.7831 -5
      vertex 14.8281 -16.7591 -5
      vertex 15.4137 -16.7898 -5
    endloop
  endfacet
  facet normal 0 0 -1
    outer loop
      vertex 17.2296 -32.4042 -5
      vertex 14.2439 -16.708 -5
      vertex 14.8281 -16.7591 -5
    endloop
  endfacet
  facet normal 0 0 -1
    outer loop
      vertex 12.5071 -16.4329 -5
      vertex 14.9272 -33.5271 -5
      vertex 13.7481 -34.0276 -5
    endloop
  endfacet
  facet normal 0 0 -1
    outer loop
      vertex 17.2296 -32.4042 -5
      vertex 13.6619 -16.6365 -5
      vertex 14.2439 -16.708 -5
    endloop
  endfacet
  facet normal 0 0 -1
    outer loop
      vertex 16.0882 -32.9857 -5
      vertex 13.0827 -16.5448 -5
      vertex 13.6619 -16.6365 -5
    endloop
  endfacet
  facet normal 0 0 -1
    outer loop
      vertex 11.9357 -16.301 -5
      vertex 13.7481 -34.0276 -5
      vertex 12.5521 -34.4867 -5
    endloop
  endfacet
  facet normal 0 0 -1
    outer loop
      vertex 14.9272 -33.5271 -5
      vertex 12.5071 -16.4329 -5
      vertex 13.0827 -16.5448 -5
    endloop
  endfacet
  facet normal 0 0 -1
    outer loop
      vertex 13.7481 -34.0276 -5
      vertex 11.9357 -16.301 -5
      vertex 12.5071 -16.4329 -5
    endloop
  endfacet
  facet normal 0 0 -1
    outer loop
      vertex 12.5521 -34.4867 -5
      vertex 11.3693 -16.1492 -5
      vertex 11.9357 -16.301 -5
    endloop
  endfacet
  facet normal 0 0 -1
    outer loop
      vertex 11.3409 -34.9038 -5
      vertex 11.3693 -16.1492 -5
      vertex 12.5521 -34.4867 -5
    endloop
  endfacet
  facet normal 0 0 -1
    outer loop
      vertex 11.3409 -34.9038 -5
      vertex 10.8085 -15.9777 -5
      vertex 11.3693 -16.1492 -5
    endloop
  endfacet
  facet normal 0 0 -1
    outer loop
      vertex 10.1159 -35.2783 -5
      vertex 10.8085 -15.9777 -5
      vertex 11.3409 -34.9038 -5
    endloop
  endfacet
  facet normal -0 0 -1
    outer loop
      vertex 10.8085 -15.9777 -5
      vertex 10.1159 -35.2783 -5
      vertex 10.2541 -15.7868 -5
    endloop
  endfacet
  facet normal 0 0 -1
    outer loop
      vertex 8.87853 -35.6099 -5
      vertex 10.2541 -15.7868 -5
      vertex 10.1159 -35.2783 -5
    endloop
  endfacet
  facet normal -0 0 -1
    outer loop
      vertex 10.2541 -15.7868 -5
      vertex 8.87853 -35.6099 -5
      vertex 9.70661 -15.5767 -5
    endloop
  endfacet
  facet normal 0 0 -1
    outer loop
      vertex 7.63036 -35.898 -5
      vertex 9.70661 -15.5767 -5
      vertex 8.87853 -35.6099 -5
    endloop
  endfacet
  facet normal 0 0 -1
    outer loop
      vertex -4.57981 -27.5762 -5
      vertex 7.63036 -35.898 -5
      vertex -4.52182 -27.9642 -5
    endloop
  endfacet
  facet normal 0 0 -1
    outer loop
      vertex 7.63036 -35.898 -5
      vertex -4.57981 -27.5762 -5
      vertex 9.70661 -15.5767 -5
    endloop
  endfacet
  facet normal -0 0 -1
    outer loop
      vertex 9.70661 -15.5767 -5
      vertex -4.57981 -27.5762 -5
      vertex 9.16682 -15.3476 -5
    endloop
  endfacet
  facet normal 0 0 -1
    outer loop
      vertex -4.69777 -27.2021 -5
      vertex 9.16682 -15.3476 -5
      vertex -4.57981 -27.5762 -5
    endloop
  endfacet
  facet normal -0 0 -1
    outer loop
      vertex 9.16682 -15.3476 -5
      vertex -4.69777 -27.2021 -5
      vertex 8.63536 -15.0997 -5
    endloop
  endfacet
  facet normal -0 0 -1
    outer loop
      vertex 8.63536 -15.0997 -5
      vertex -4.69777 -27.2021 -5
      vertex 8.11288 -14.8335 -5
    endloop
  endfacet
  facet normal 0 0 -1
    outer loop
      vertex -4.52182 -27.9642 -5
      vertex 7.63036 -35.898 -5
      vertex 6.37289 -36.1424 -5
    endloop
  endfacet
  facet normal 0 0 -1
    outer loop
      vertex -4.87282 -26.851 -5
      vertex 8.11288 -14.8335 -5
      vertex -4.69777 -27.2021 -5
    endloop
  endfacet
  facet normal -0 0 -1
    outer loop
      vertex 8.11288 -14.8335 -5
      vertex -4.87282 -26.851 -5
      vertex 7.6 -14.5492 -5
    endloop
  endfacet
  facet normal -0 0 -1
    outer loop
      vertex 7.6 -14.5492 -5
      vertex -4.87282 -26.851 -5
      vertex 7.09736 -14.2472 -5
    endloop
  endfacet
  facet normal 0 0 -1
    outer loop
      vertex -4.52182 -27.9642 -5
      vertex 6.37289 -36.1424 -5
      vertex 5.10765 -36.3428 -5
    endloop
  endfacet
  facet normal 0 0 -1
    outer loop
      vertex -5.10062 -26.5316 -5
      vertex 7.09736 -14.2472 -5
      vertex -4.87282 -26.851 -5
    endloop
  endfacet
  facet normal -0 0 -1
    outer loop
      vertex 7.09736 -14.2472 -5
      vertex -5.10062 -26.5316 -5
      vertex 6.60556 -13.9278 -5
    endloop
  endfacet
  facet normal -0 0 -1
    outer loop
      vertex 6.60556 -13.9278 -5
      vertex -5.10062 -26.5316 -5
      vertex 6.12521 -13.5915 -5
    endloop
  endfacet
  facet normal 0 0 -1
    outer loop
      vertex -4.52525 -28.3565 -5
      vertex 5.10765 -36.3428 -5
      vertex 3.83619 -36.499 -5
    endloop
  endfacet
  facet normal 0 0 -1
    outer loop
      vertex -5.37559 -26.2518 -5
      vertex 6.12521 -13.5915 -5
      vertex -5.10062 -26.5316 -5
    endloop
  endfacet
  facet normal -0 0 -1
    outer loop
      vertex 6.12521 -13.5915 -5
      vertex -5.37559 -26.2518 -5
      vertex 5.65689 -13.2386 -5
    endloop
  endfacet
  facet normal -0 0 -1
    outer loop
      vertex 5.65689 -13.2386 -5
      vertex -5.37559 -26.2518 -5
      vertex 5.20117 -12.8695 -5
    endloop
  endfacet
  facet normal 0 0 -1
    outer loop
      vertex -4.52525 -28.3565 -5
      vertex 3.83619 -36.499 -5
      vertex 2.56006 -36.6106 -5
    endloop
  endfacet
  facet normal 0 0 -1
    outer loop
      vertex -5.69094 -26.0185 -5
      vertex 5.20117 -12.8695 -5
      vertex -5.37559 -26.2518 -5
    endloop
  endfacet
  facet normal -0 0 -1
    outer loop
      vertex 5.20117 -12.8695 -5
      vertex -5.69094 -26.0185 -5
      vertex 4.75861 -12.4848 -5
    endloop
  endfacet
  facet normal -0 0 -1
    outer loop
      vertex 4.75861 -12.4848 -5
      vertex -5.69094 -26.0185 -5
      vertex 4.32974 -12.0849 -5
    endloop
  endfacet
  facet normal 0 0 -1
    outer loop
      vertex -6.03891 -25.8373 -5
      vertex 4.32974 -12.0849 -5
      vertex -5.69094 -26.0185 -5
    endloop
  endfacet
  facet normal 0 0 -1
    outer loop
      vertex -4.59 -28.7434 -5
      vertex 2.56006 -36.6106 -5
      vertex 1.28081 -36.6776 -5
    endloop
  endfacet
  facet normal -0 0 -1
    outer loop
      vertex 4.32974 -12.0849 -5
      vertex -6.03891 -25.8373 -5
      vertex 3.91509 -11.6703 -5
    endloop
  endfacet
  facet normal -0 0 -1
    outer loop
      vertex 3.91509 -11.6703 -5
      vertex -6.03891 -25.8373 -5
      vertex 3.51517 -11.2414 -5
    endloop
  endfacet
  facet normal 0 0 -1
    outer loop
      vertex -6.41093 -25.7128 -5
      vertex 3.51517 -11.2414 -5
      vertex -6.03891 -25.8373 -5
    endloop
  endfacet
  facet normal -0 0 -1
    outer loop
      vertex 3.51517 -11.2414 -5
      vertex -6.41093 -25.7128 -5
      vertex 3.13045 -10.7988 -5
    endloop
  endfacet
  facet normal -0 0 -1
    outer loop
      vertex 3.13045 -10.7988 -5
      vertex -6.41093 -25.7128 -5
      vertex 2.76142 -10.3431 -5
    endloop
  endfacet
  facet normal 0 0 -1
    outer loop
      vertex -6.79784 -25.6481 -5
      vertex 2.76142 -10.3431 -5
      vertex -6.41093 -25.7128 -5
    endloop
  endfacet
  facet normal 0 0 -1
    outer loop
      vertex -4.71447 -29.1154 -5
      vertex 1.28081 -36.6776 -5
      vertex 0 -36.7 -5
    endloop
  endfacet
  facet normal -0 0 -1
    outer loop
      vertex 2.76142 -10.3431 -5
      vertex -6.79784 -25.6481 -5
      vertex 2.40851 -9.87479 -5
    endloop
  endfacet
  facet normal -0 0 -1
    outer loop
      vertex 2.40851 -9.87479 -5
      vertex -6.79784 -25.6481 -5
      vertex 2.07217 -9.39444 -5
    endloop
  endfacet
  facet normal 0 0 -1
    outer loop
      vertex -7.19013 -25.6447 -5
      vertex 2.07217 -9.39444 -5
      vertex -6.79784 -25.6481 -5
    endloop
  endfacet
  facet normal -0 0 -1
    outer loop
      vertex 2.07217 -9.39444 -5
      vertex -7.19013 -25.6447 -5
      vertex 1.75279 -8.90264 -5
    endloop
  endfacet
  facet normal -0 0 -1
    outer loop
      vertex 1.75279 -8.90264 -5
      vertex -7.19013 -25.6447 -5
      vertex 1.45077 -8.4 -5
    endloop
  endfacet
  facet normal -0 0 -1
    outer loop
      vertex 1.45077 -8.4 -5
      vertex -7.19013 -25.6447 -5
      vertex 1.16648 -7.88712 -5
    endloop
  endfacet
  facet normal 0 0 -1
    outer loop
      vertex -7.57811 -25.7027 -5
      vertex 1.16648 -7.88712 -5
      vertex -7.19013 -25.6447 -5
    endloop
  endfacet
  facet normal -0 0 -1
    outer loop
      vertex 1.16648 -7.88712 -5
      vertex -7.57811 -25.7027 -5
      vertex 0.90026 -7.36463 -5
    endloop
  endfacet
  facet normal 0 0 -1
    outer loop
      vertex -4.89561 -29.4634 -5
      vertex 0 -36.7 -5
      vertex -1.28081 -36.6776 -5
    endloop
  endfacet
  facet normal -0 0 -1
    outer loop
      vertex 0.90026 -7.36463 -5
      vertex -7.57811 -25.7027 -5
      vertex 0.652436 -6.83317 -5
    endloop
  endfacet
  facet normal 0 0 -1
    outer loop
      vertex -7.95225 -25.8206 -5
      vertex 0.652436 -6.83317 -5
      vertex -7.57811 -25.7027 -5
    endloop
  endfacet
  facet normal -0 0 -1
    outer loop
      vertex 0.652436 -6.83317 -5
      vertex -7.95225 -25.8206 -5
      vertex 0.423311 -6.29339 -5
    endloop
  endfacet
  facet normal -0 0 -1
    outer loop
      vertex -0.198821 35.502 -5
      vertex -8.36968 27.0627 -5
      vertex -0.59615 35.5178 -5
    endloop
  endfacet
  facet normal 0 0 -1
    outer loop
      vertex -8.42767 27.4507 -5
      vertex -0.59615 35.5178 -5
      vertex -8.36968 27.0627 -5
    endloop
  endfacet
  facet normal -0 0 -1
    outer loop
      vertex -0.59615 35.5178 -5
      vertex -8.42767 27.4507 -5
      vertex -0.992537 35.5494 -5
    endloop
  endfacet
  facet normal 0 0 -1
    outer loop
      vertex -5.12896 -29.7787 -5
      vertex -1.28081 -36.6776 -5
      vertex -2.56006 -36.6106 -5
    endloop
  endfacet
  facet normal -0 0 -1
    outer loop
      vertex -0.992537 35.5494 -5
      vertex -8.42767 27.4507 -5
      vertex -1.38735 35.5967 -5
    endloop
  endfacet
  facet normal -0 0 -1
    outer loop
      vertex -1.38735 35.5967 -5
      vertex -8.42767 27.4507 -5
      vertex -1.77998 35.6597 -5
    endloop
  endfacet
  facet normal 0 0 -1
    outer loop
      vertex -8.54563 27.8248 -5
      vertex -1.77998 35.6597 -5
      vertex -8.42767 27.4507 -5
    endloop
  endfacet
  facet normal 0 0 -1
    outer loop
      vertex -5.40877 -30.0537 -5
      vertex -2.56006 -36.6106 -5
      vertex -3.83619 -36.499 -5
    endloop
  endfacet
  facet normal -0 0 -1
    outer loop
      vertex -1.77998 35.6597 -5
      vertex -8.54563 27.8248 -5
      vertex -2.16979 35.7382 -5
    endloop
  endfacet
  facet normal -0 0 -1
    outer loop
      vertex -2.16979 35.7382 -5
      vertex -8.54563 27.8248 -5
      vertex -2.55617 35.8322 -5
    endloop
  endfacet
  facet normal 0 0 -1
    outer loop
      vertex -8.72067 28.1759 -5
      vertex -2.55617 35.8322 -5
      vertex -8.54563 27.8248 -5
    endloop
  endfacet
  facet normal 0 0 -1
    outer loop
      vertex 5.10765 -36.3428 -5
      vertex -4.52525 -28.3565 -5
      vertex -4.52182 -27.9642 -5
    endloop
  endfacet
  facet normal 0 0 -1
    outer loop
      vertex 2.56006 -36.6106 -5
      vertex -4.59 -28.7434 -5
      vertex -4.52525 -28.3565 -5
    endloop
  endfacet
  facet normal 0 0 -1
    outer loop
      vertex 1.28081 -36.6776 -5
      vertex -4.71447 -29.1154 -5
      vertex -4.59 -28.7434 -5
    endloop
  endfacet
  facet normal 0 0 -1
    outer loop
      vertex 0 -36.7 -5
      vertex -4.89561 -29.4634 -5
      vertex -4.71447 -29.1154 -5
    endloop
  endfacet
  facet normal 0 0 -1
    outer loop
      vertex -5.72814 -30.2815 -5
      vertex -3.83619 -36.499 -5
      vertex -5.10765 -36.3428 -5
    endloop
  endfacet
  facet normal 0 0 -1
    outer loop
      vertex -1.28081 -36.6776 -5
      vertex -5.12896 -29.7787 -5
      vertex -4.89561 -29.4634 -5
    endloop
  endfacet
  facet normal 0 0 -1
    outer loop
      vertex -2.56006 -36.6106 -5
      vertex -5.40877 -30.0537 -5
      vertex -5.12896 -29.7787 -5
    endloop
  endfacet
  facet normal 0 0 -1
    outer loop
      vertex -3.83619 -36.499 -5
      vertex -5.72814 -30.2815 -5
      vertex -5.40877 -30.0537 -5
    endloop
  endfacet
  facet normal 0 0 -1
    outer loop
      vertex -5.10765 -36.3428 -5
      vertex -6.07922 -30.4565 -5
      vertex -5.72814 -30.2815 -5
    endloop
  endfacet
  facet normal 0 0 -1
    outer loop
      vertex -6.37289 -36.1424 -5
      vertex -6.07922 -30.4565 -5
      vertex -5.10765 -36.3428 -5
    endloop
  endfacet
  facet normal 0 0 -1
    outer loop
      vertex -6.37289 -36.1424 -5
      vertex -6.45336 -30.5745 -5
      vertex -6.07922 -30.4565 -5
    endloop
  endfacet
  facet normal 0 0 -1
    outer loop
      vertex -6.37289 -36.1424 -5
      vertex -6.84134 -30.6325 -5
      vertex -6.45336 -30.5745 -5
    endloop
  endfacet
  facet normal 0 0 -1
    outer loop
      vertex -7.63036 -35.898 -5
      vertex -6.84134 -30.6325 -5
      vertex -6.37289 -36.1424 -5
    endloop
  endfacet
  facet normal -0 0 -1
    outer loop
      vertex -6.84134 -30.6325 -5
      vertex -7.63036 -35.898 -5
      vertex -7.23362 -30.6291 -5
    endloop
  endfacet
  facet normal 0 0 -1
    outer loop
      vertex -8.87853 -35.6099 -5
      vertex -7.23362 -30.6291 -5
      vertex -7.63036 -35.898 -5
    endloop
  endfacet
  facet normal -0 0 -1
    outer loop
      vertex -7.23362 -30.6291 -5
      vertex -8.87853 -35.6099 -5
      vertex -7.62054 -30.5643 -5
    endloop
  endfacet
  facet normal -0 0 -1
    outer loop
      vertex -7.62054 -30.5643 -5
      vertex -8.87853 -35.6099 -5
      vertex -7.99256 -30.4398 -5
    endloop
  endfacet
  facet normal 0 0 -1
    outer loop
      vertex -10.1159 -35.2783 -5
      vertex -7.99256 -30.4398 -5
      vertex -8.87853 -35.6099 -5
    endloop
  endfacet
  facet normal -0 0 -1
    outer loop
      vertex -7.99256 -30.4398 -5
      vertex -10.1159 -35.2783 -5
      vertex -8.34053 -30.2587 -5
    endloop
  endfacet
  facet normal 0 0 -1
    outer loop
      vertex -11.3409 -34.9038 -5
      vertex -8.34053 -30.2587 -5
      vertex -10.1159 -35.2783 -5
    endloop
  endfacet
  facet normal -0 0 -1
    outer loop
      vertex -8.34053 -30.2587 -5
      vertex -11.3409 -34.9038 -5
      vertex -8.65588 -30.0253 -5
    endloop
  endfacet
  facet normal -0 0 -1
    outer loop
      vertex -8.65588 -30.0253 -5
      vertex -11.3409 -34.9038 -5
      vertex -8.93085 -29.7455 -5
    endloop
  endfacet
  facet normal 0 0 -1
    outer loop
      vertex -12.5521 -34.4867 -5
      vertex -8.93085 -29.7455 -5
      vertex -11.3409 -34.9038 -5
    endloop
  endfacet
  facet normal -0 0 -1
    outer loop
      vertex -8.93085 -29.7455 -5
      vertex -12.5521 -34.4867 -5
      vertex -9.15865 -29.4262 -5
    endloop
  endfacet
  facet normal 0 0 -1
    outer loop
      vertex -0.799999 0 -5
      vertex -9.92707 24.5704 -5
      vertex -9.576 24.7454 -5
    endloop
  endfacet
  facet normal 0 0 -1
    outer loop
      vertex -13.7481 -34.0276 -5
      vertex -9.15865 -29.4262 -5
      vertex -12.5521 -34.4867 -5
    endloop
  endfacet
  facet normal -0 0 -1
    outer loop
      vertex -9.15865 -29.4262 -5
      vertex -13.7481 -34.0276 -5
      vertex -9.33369 -29.0751 -5
    endloop
  endfacet
  facet normal -0 0 -1
    outer loop
      vertex -0.789765 -0.586311 -5
      vertex -26.4354 -1.84855 -5
      vertex -0.799999 0 -5
    endloop
  endfacet
  facet normal 0 0 -1
    outer loop
      vertex -14.9272 -33.5271 -5
      vertex -9.33369 -29.0751 -5
      vertex -13.7481 -34.0276 -5
    endloop
  endfacet
  facet normal -0 0 -1
    outer loop
      vertex -9.33369 -29.0751 -5
      vertex -14.9272 -33.5271 -5
      vertex -9.45166 -28.701 -5
    endloop
  endfacet
  facet normal -0 0 -1
    outer loop
      vertex -9.45166 -28.701 -5
      vertex -16.0882 -32.9857 -5
      vertex -9.50964 -28.313 -5
    endloop
  endfacet
  facet normal 0 0 -1
    outer loop
      vertex -26.4934 -1.46056 -5
      vertex -0.799999 0 -5
      vertex -26.4354 -1.84855 -5
    endloop
  endfacet
  facet normal 0 0 -1
    outer loop
      vertex -0.799999 0 -5
      vertex -10.3012 24.4524 -5
      vertex -9.92707 24.5704 -5
    endloop
  endfacet
  facet normal 0 0 -1
    outer loop
      vertex -0.799999 0 -5
      vertex -10.6892 24.3944 -5
      vertex -10.3012 24.4524 -5
    endloop
  endfacet
  facet normal 0 0 -1
    outer loop
      vertex -0.799999 0 -5
      vertex -11.0815 24.3978 -5
      vertex -10.6892 24.3944 -5
    endloop
  endfacet
  facet normal 0 0 -1
    outer loop
      vertex -0.799999 0 -5
      vertex -11.4684 24.4626 -5
      vertex -11.0815 24.3978 -5
    endloop
  endfacet
  facet normal 0 0 -1
    outer loop
      vertex -26.6114 -1.08642 -5
      vertex -0.799999 0 -5
      vertex -26.4934 -1.46056 -5
    endloop
  endfacet
  facet normal 0 0 -1
    outer loop
      vertex -26.7864 -0.735342 -5
      vertex -0.799999 0 -5
      vertex -26.6114 -1.08642 -5
    endloop
  endfacet
  facet normal -0 0 -1
    outer loop
      vertex -0.799999 0 -5
      vertex -26.7864 -0.735342 -5
      vertex -11.4684 24.4626 -5
    endloop
  endfacet
  facet normal 0 0 -1
    outer loop
      vertex -12.1884 24.7682 -5
      vertex -26.3998 25.494 -5
      vertex -12.5037 25.0016 -5
    endloop
  endfacet
  facet normal 0 0 -1
    outer loop
      vertex -12.5037 25.0016 -5
      vertex -26.3998 25.494 -5
      vertex -12.7787 25.2814 -5
    endloop
  endfacet
  facet normal 0 -0 -1
    outer loop
      vertex -25.494 26.3998 -5
      vertex -12.7787 25.2814 -5
      vertex -26.3998 25.494 -5
    endloop
  endfacet
  facet normal 0 0 -1
    outer loop
      vertex 31.9777 5.19149 -5
      vertex 36.1424 6.37289 -5
      vertex 32.1492 4.63071 -5
    endloop
  endfacet
  facet normal 0 0 -1
    outer loop
      vertex 31.7868 5.74594 -5
      vertex 36.1424 6.37289 -5
      vertex 31.9777 5.19149 -5
    endloop
  endfacet
  facet normal -0 0 -1
    outer loop
      vertex 36.1424 6.37289 -5
      vertex 31.7868 5.74594 -5
      vertex 35.898 7.63036 -5
    endloop
  endfacet
  facet normal 0 0 -1
    outer loop
      vertex 31.5767 6.29339 -5
      vertex 35.898 7.63036 -5
      vertex 31.7868 5.74594 -5
    endloop
  endfacet
  facet normal 0 0 -1
    outer loop
      vertex 31.3476 6.83317 -5
      vertex 35.898 7.63036 -5
      vertex 31.5767 6.29339 -5
    endloop
  endfacet
  facet normal -0 0 -1
    outer loop
      vertex 35.898 7.63036 -5
      vertex 31.3476 6.83317 -5
      vertex 35.6099 8.87853 -5
    endloop
  endfacet
  facet normal 0 0 -1
    outer loop
      vertex 31.0997 7.36463 -5
      vertex 35.6099 8.87853 -5
      vertex 31.3476 6.83317 -5
    endloop
  endfacet
  facet normal 0 0 -1
    outer loop
      vertex 30.8335 7.88712 -5
      vertex 35.6099 8.87853 -5
      vertex 31.0997 7.36463 -5
    endloop
  endfacet
  facet normal -0 0 -1
    outer loop
      vertex 35.6099 8.87853 -5
      vertex 30.8335 7.88712 -5
      vertex 35.2783 10.1159 -5
    endloop
  endfacet
  facet normal 0 0 -1
    outer loop
      vertex 30.5492 8.4 -5
      vertex 35.2783 10.1159 -5
      vertex 30.8335 7.88712 -5
    endloop
  endfacet
  facet normal -0 0 -1
    outer loop
      vertex 35.2783 10.1159 -5
      vertex 30.5492 8.4 -5
      vertex 34.9038 11.3409 -5
    endloop
  endfacet
  facet normal 0 0 -1
    outer loop
      vertex 30.2472 8.90264 -5
      vertex 34.9038 11.3409 -5
      vertex 30.5492 8.4 -5
    endloop
  endfacet
  facet normal 0 0 -1
    outer loop
      vertex 29.9278 9.39444 -5
      vertex 34.9038 11.3409 -5
      vertex 30.2472 8.90264 -5
    endloop
  endfacet
  facet normal -0 0 -1
    outer loop
      vertex 34.9038 11.3409 -5
      vertex 29.9278 9.39444 -5
      vertex 34.4867 12.5521 -5
    endloop
  endfacet
  facet normal 0 0 -1
    outer loop
      vertex 29.5915 9.87479 -5
      vertex 34.4867 12.5521 -5
      vertex 29.9278 9.39444 -5
    endloop
  endfacet
  facet normal 0 0 -1
    outer loop
      vertex 29.2386 10.3431 -5
      vertex 34.4867 12.5521 -5
      vertex 29.5915 9.87479 -5
    endloop
  endfacet
  facet normal -0 0 -1
    outer loop
      vertex 34.4867 12.5521 -5
      vertex 29.2386 10.3431 -5
      vertex 34.0276 13.7481 -5
    endloop
  endfacet
  facet normal 0 0 -1
    outer loop
      vertex 28.8695 10.7988 -5
      vertex 34.0276 13.7481 -5
      vertex 29.2386 10.3431 -5
    endloop
  endfacet
  facet normal 0 0 -1
    outer loop
      vertex 28.4848 11.2414 -5
      vertex 34.0276 13.7481 -5
      vertex 28.8695 10.7988 -5
    endloop
  endfacet
  facet normal -0 0 -1
    outer loop
      vertex 34.0276 13.7481 -5
      vertex 28.4848 11.2414 -5
      vertex 33.5271 14.9272 -5
    endloop
  endfacet
  facet normal 0 0 -1
    outer loop
      vertex 28.0849 11.6703 -5
      vertex 33.5271 14.9272 -5
      vertex 28.4848 11.2414 -5
    endloop
  endfacet
  facet normal -0 0 -1
    outer loop
      vertex 33.5271 14.9272 -5
      vertex 28.0849 11.6703 -5
      vertex 32.9857 16.0882 -5
    endloop
  endfacet
  facet normal 0 0 -1
    outer loop
      vertex 27.6703 12.0849 -5
      vertex 32.9857 16.0882 -5
      vertex 28.0849 11.6703 -5
    endloop
  endfacet
  facet normal 0 0 -1
    outer loop
      vertex 27.2414 12.4848 -5
      vertex 32.9857 16.0882 -5
      vertex 27.6703 12.0849 -5
    endloop
  endfacet
  facet normal -0 0 -1
    outer loop
      vertex 32.9857 16.0882 -5
      vertex 27.2414 12.4848 -5
      vertex 32.4042 17.2296 -5
    endloop
  endfacet
  facet normal 0 0 -1
    outer loop
      vertex 26.7988 12.8695 -5
      vertex 32.4042 17.2296 -5
      vertex 27.2414 12.4848 -5
    endloop
  endfacet
  facet normal 0 0 -1
    outer loop
      vertex 26.3431 13.2386 -5
      vertex 32.4042 17.2296 -5
      vertex 26.7988 12.8695 -5
    endloop
  endfacet
  facet normal -0 0 -1
    outer loop
      vertex 32.4042 17.2296 -5
      vertex 26.3431 13.2386 -5
      vertex 31.7831 18.35 -5
    endloop
  endfacet
  facet normal 0 0 -1
    outer loop
      vertex 25.8748 13.5915 -5
      vertex 31.7831 18.35 -5
      vertex 26.3431 13.2386 -5
    endloop
  endfacet
  facet normal 0 0 -1
    outer loop
      vertex 24.7058 18.423 -5
      vertex 31.7831 18.35 -5
      vertex 25.8748 13.5915 -5
    endloop
  endfacet
  facet normal 0 0 -1
    outer loop
      vertex 24.7058 18.423 -5
      vertex 31.1234 19.448 -5
      vertex 31.7831 18.35 -5
    endloop
  endfacet
  facet normal -0 0 -1
    outer loop
      vertex 30.4257 20.5224 -5
      vertex 24.7092 18.8152 -5
      vertex 29.6909 21.5717 -5
    endloop
  endfacet
  facet normal 0 0 -1
    outer loop
      vertex 24.5332 19.5774 -5
      vertex 29.6909 21.5717 -5
      vertex 24.6512 19.2032 -5
    endloop
  endfacet
  facet normal -0 0 -1
    outer loop
      vertex 29.6909 21.5717 -5
      vertex 24.5332 19.5774 -5
      vertex 28.92 22.5948 -5
    endloop
  endfacet
  facet normal 0 0 -1
    outer loop
      vertex 24.6512 19.2032 -5
      vertex 29.6909 21.5717 -5
      vertex 24.7092 18.8152 -5
    endloop
  endfacet
  facet normal 0 0 -1
    outer loop
      vertex 24.7058 18.423 -5
      vertex 30.4257 20.5224 -5
      vertex 31.1234 19.448 -5
    endloop
  endfacet
  facet normal 0 0 -1
    outer loop
      vertex 24.3582 19.9284 -5
      vertex 28.92 22.5948 -5
      vertex 24.5332 19.5774 -5
    endloop
  endfacet
  facet normal 0 0 -1
    outer loop
      vertex 24.7058 18.423 -5
      vertex 25.8748 13.5915 -5
      vertex 25.3944 13.9278 -5
    endloop
  endfacet
  facet normal 0 0 -1
    outer loop
      vertex 24.3354 17.316 -5
      vertex 25.3944 13.9278 -5
      vertex 24.9026 14.2472 -5
    endloop
  endfacet
  facet normal -0 0 -1
    outer loop
      vertex 28.92 22.5948 -5
      vertex 24.3582 19.9284 -5
      vertex 28.1138 23.5903 -5
    endloop
  endfacet
  facet normal 0 0 -1
    outer loop
      vertex 24.1304 20.2478 -5
      vertex 28.1138 23.5903 -5
      vertex 24.3582 19.9284 -5
    endloop
  endfacet
  facet normal 0 0 -1
    outer loop
      vertex 23.8554 20.5276 -5
      vertex 28.1138 23.5903 -5
      vertex 24.1304 20.2478 -5
    endloop
  endfacet
  facet normal -0 0 -1
    outer loop
      vertex 28.1138 23.5903 -5
      vertex 23.8554 20.5276 -5
      vertex 27.2734 24.5571 -5
    endloop
  endfacet
  facet normal 0 0 -1
    outer loop
      vertex 23.5401 20.761 -5
      vertex 27.2734 24.5571 -5
      vertex 23.8554 20.5276 -5
    endloop
  endfacet
  facet normal -0 0 -1
    outer loop
      vertex 27.2734 24.5571 -5
      vertex 23.5401 20.761 -5
      vertex 26.3998 25.494 -5
    endloop
  endfacet
  facet normal 0 0 -1
    outer loop
      vertex 23.1921 20.9421 -5
      vertex 26.3998 25.494 -5
      vertex 23.5401 20.761 -5
    endloop
  endfacet
  facet normal 0 0 -1
    outer loop
      vertex 22.8201 21.0666 -5
      vertex 26.3998 25.494 -5
      vertex 23.1921 20.9421 -5
    endloop
  endfacet
  facet normal -0 0 -1
    outer loop
      vertex 26.3998 25.494 -5
      vertex 22.8201 21.0666 -5
      vertex 25.494 26.3998 -5
    endloop
  endfacet
  facet normal 0 0 -1
    outer loop
      vertex 22.4332 21.1313 -5
      vertex 25.494 26.3998 -5
      vertex 22.8201 21.0666 -5
    endloop
  endfacet
  facet normal -0 0 -1
    outer loop
      vertex 25.494 26.3998 -5
      vertex 22.4332 21.1313 -5
      vertex 24.5571 27.2734 -5
    endloop
  endfacet
  facet normal 0 0 -1
    outer loop
      vertex 22.0409 21.1348 -5
      vertex 24.5571 27.2734 -5
      vertex 22.4332 21.1313 -5
    endloop
  endfacet
  facet normal -0 0 -1
    outer loop
      vertex 24.5571 27.2734 -5
      vertex 22.0409 21.1348 -5
      vertex 23.5903 28.1138 -5
    endloop
  endfacet
  facet normal 0 0 -1
    outer loop
      vertex 21.6529 21.0768 -5
      vertex 23.5903 28.1138 -5
      vertex 22.0409 21.1348 -5
    endloop
  endfacet
  facet normal -0 0 -1
    outer loop
      vertex 23.5903 28.1138 -5
      vertex 21.6529 21.0768 -5
      vertex 22.5948 28.92 -5
    endloop
  endfacet
  facet normal 0 0 -1
    outer loop
      vertex 21.2788 20.9588 -5
      vertex 22.5948 28.92 -5
      vertex 21.6529 21.0768 -5
    endloop
  endfacet
  facet normal -0 0 -1
    outer loop
      vertex 22.5948 28.92 -5
      vertex 21.2788 20.9588 -5
      vertex 21.5717 29.6909 -5
    endloop
  endfacet
  facet normal 0 0 -1
    outer loop
      vertex 20.9277 20.7838 -5
      vertex 21.5717 29.6909 -5
      vertex 21.2788 20.9588 -5
    endloop
  endfacet
  facet normal 0 0 -1
    outer loop
      vertex 20.5224 30.4257 -5
      vertex 20.9277 20.7838 -5
      vertex 20.6083 20.556 -5
    endloop
  endfacet
  facet normal 0 0 -1
    outer loop
      vertex 20.9277 20.7838 -5
      vertex 20.5224 30.4257 -5
      vertex 21.5717 29.6909 -5
    endloop
  endfacet
  facet normal 0 0 -1
    outer loop
      vertex 19.448 31.1234 -5
      vertex 20.6083 20.556 -5
      vertex 20.3285 20.281 -5
    endloop
  endfacet
  facet normal 0 0 -1
    outer loop
      vertex 17.2296 32.4042 -5
      vertex 20.3285 20.281 -5
      vertex 20.0952 19.9656 -5
    endloop
  endfacet
  facet normal 0 0 -1
    outer loop
      vertex 15.4137 16.7898 -5
      vertex 20.0952 19.9656 -5
      vertex 19.914 19.6177 -5
    endloop
  endfacet
  facet normal 0 0 -1
    outer loop
      vertex 16 16.8 -5
      vertex 19.914 19.6177 -5
      vertex 19.7895 19.2456 -5
    endloop
  endfacet
  facet normal 0 0 -1
    outer loop
      vertex 17.1719 16.7591 -5
      vertex 19.7895 19.2456 -5
      vertex 19.7248 18.8587 -5
    endloop
  endfacet
  facet normal 0 0 -1
    outer loop
      vertex 18.3381 16.6365 -5
      vertex 19.7794 18.0785 -5
      vertex 18.9173 16.5448 -5
    endloop
  endfacet
  facet normal -0 0 -1
    outer loop
      vertex 19.7794 18.0785 -5
      vertex 18.3381 16.6365 -5
      vertex 19.7214 18.4664 -5
    endloop
  endfacet
  facet normal 0 0 -1
    outer loop
      vertex 17.7561 16.708 -5
      vertex 19.7214 18.4664 -5
      vertex 18.3381 16.6365 -5
    endloop
  endfacet
  facet normal -0 0 -1
    outer loop
      vertex 19.7214 18.4664 -5
      vertex 17.7561 16.708 -5
      vertex 19.7248 18.8587 -5
    endloop
  endfacet
  facet normal 0 0 -1
    outer loop
      vertex 17.1719 16.7591 -5
      vertex 19.7248 18.8587 -5
      vertex 17.7561 16.708 -5
    endloop
  endfacet
  facet normal 0 0 -1
    outer loop
      vertex 19.7895 19.2456 -5
      vertex 17.1719 16.7591 -5
      vertex 16.5863 16.7898 -5
    endloop
  endfacet
  facet normal 0 0 -1
    outer loop
      vertex 19.7895 19.2456 -5
      vertex 16.5863 16.7898 -5
      vertex 16 16.8 -5
    endloop
  endfacet
  facet normal 0 0 -1
    outer loop
      vertex 19.914 19.6177 -5
      vertex 16 16.8 -5
      vertex 15.4137 16.7898 -5
    endloop
  endfacet
  facet normal 0 0 -1
    outer loop
      vertex 20.6083 20.556 -5
      vertex 19.448 31.1234 -5
      vertex 20.5224 30.4257 -5
    endloop
  endfacet
  facet normal 0 0 -1
    outer loop
      vertex 20.0952 19.9656 -5
      vertex 15.4137 16.7898 -5
      vertex 14.8281 16.7591 -5
    endloop
  endfacet
  facet normal 0 0 -1
    outer loop
      vertex 20.3285 20.281 -5
      vertex 18.35 31.7831 -5
      vertex 19.448 31.1234 -5
    endloop
  endfacet
  facet normal 0 0 -1
    outer loop
      vertex 20.0952 19.9656 -5
      vertex 14.8281 16.7591 -5
      vertex 14.2439 16.708 -5
    endloop
  endfacet
  facet normal 0 0 -1
    outer loop
      vertex 20.3285 20.281 -5
      vertex 17.2296 32.4042 -5
      vertex 18.35 31.7831 -5
    endloop
  endfacet
  facet normal -0 0 -1
    outer loop
      vertex 20.0952 19.9656 -5
      vertex 14.2439 16.708 -5
      vertex 17.2296 32.4042 -5
    endloop
  endfacet
  facet normal 0 0 -1
    outer loop
      vertex 13.6619 16.6365 -5
      vertex 17.2296 32.4042 -5
      vertex 14.2439 16.708 -5
    endloop
  endfacet
  facet normal -0 0 -1
    outer loop
      vertex 17.2296 32.4042 -5
      vertex 13.6619 16.6365 -5
      vertex 16.0882 32.9857 -5
    endloop
  endfacet
  facet normal 0 0 -1
    outer loop
      vertex 13.0827 16.5448 -5
      vertex 16.0882 32.9857 -5
      vertex 13.6619 16.6365 -5
    endloop
  endfacet
  facet normal -0 0 -1
    outer loop
      vertex 16.0882 32.9857 -5
      vertex 13.0827 16.5448 -5
      vertex 14.9272 33.5271 -5
    endloop
  endfacet
  facet normal 0 0 -1
    outer loop
      vertex 12.5071 16.4329 -5
      vertex 14.9272 33.5271 -5
      vertex 13.0827 16.5448 -5
    endloop
  endfacet
  facet normal -0 0 -1
    outer loop
      vertex 14.9272 33.5271 -5
      vertex 12.5071 16.4329 -5
      vertex 13.7481 34.0276 -5
    endloop
  endfacet
  facet normal 0 0 -1
    outer loop
      vertex 11.9357 16.301 -5
      vertex 13.7481 34.0276 -5
      vertex 12.5071 16.4329 -5
    endloop
  endfacet
  facet normal -0 0 -1
    outer loop
      vertex 13.7481 34.0276 -5
      vertex 11.9357 16.301 -5
      vertex 12.5521 34.4867 -5
    endloop
  endfacet
  facet normal 0 0 -1
    outer loop
      vertex 11.3693 16.1492 -5
      vertex 12.5521 34.4867 -5
      vertex 11.9357 16.301 -5
    endloop
  endfacet
  facet normal 0 0 -1
    outer loop
      vertex 11.3693 16.1492 -5
      vertex 11.3409 34.9038 -5
      vertex 12.5521 34.4867 -5
    endloop
  endfacet
  facet normal 0 0 -1
    outer loop
      vertex 10.8085 15.9777 -5
      vertex 11.3409 34.9038 -5
      vertex 11.3693 16.1492 -5
    endloop
  endfacet
  facet normal 0 0 -1
    outer loop
      vertex 10.1159 35.2783 -5
      vertex 10.8085 15.9777 -5
      vertex 10.2541 15.7868 -5
    endloop
  endfacet
  facet normal 0 0 -1
    outer loop
      vertex 10.8085 15.9777 -5
      vertex 10.1159 35.2783 -5
      vertex 11.3409 34.9038 -5
    endloop
  endfacet
  facet normal 0 0 -1
    outer loop
      vertex 8.87853 35.6099 -5
      vertex 10.2541 15.7868 -5
      vertex 9.70661 15.5767 -5
    endloop
  endfacet
  facet normal 0 0 -1
    outer loop
      vertex 7.63036 35.898 -5
      vertex 9.70661 15.5767 -5
      vertex 9.16682 15.3476 -5
    endloop
  endfacet
  facet normal 0 0 -1
    outer loop
      vertex 10.2541 15.7868 -5
      vertex 8.87853 35.6099 -5
      vertex 10.1159 35.2783 -5
    endloop
  endfacet
  facet normal 0 0 -1
    outer loop
      vertex 2.16979 35.7382 -5
      vertex 9.16682 15.3476 -5
      vertex 8.63536 15.0997 -5
    endloop
  endfacet
  facet normal 0 0 -1
    outer loop
      vertex 1.77998 35.6597 -5
      vertex 8.63536 15.0997 -5
      vertex 8.11288 14.8335 -5
    endloop
  endfacet
  facet normal 0 0 -1
    outer loop
      vertex 9.70661 15.5767 -5
      vertex 7.63036 35.898 -5
      vertex 8.87853 35.6099 -5
    endloop
  endfacet
  facet normal 0 0 -1
    outer loop
      vertex 1.38735 35.5967 -5
      vertex 8.11288 14.8335 -5
      vertex 7.6 14.5492 -5
    endloop
  endfacet
  facet normal 0 0 -1
    outer loop
      vertex -8.3731 26.6704 -5
      vertex 7.6 14.5492 -5
      vertex 7.09736 14.2472 -5
    endloop
  endfacet
  facet normal 0 0 -1
    outer loop
      vertex -8.3731 26.6704 -5
      vertex 7.09736 14.2472 -5
      vertex 6.60556 13.9278 -5
    endloop
  endfacet
  facet normal 0 0 -1
    outer loop
      vertex 9.16682 15.3476 -5
      vertex 2.55617 35.8322 -5
      vertex 7.63036 35.898 -5
    endloop
  endfacet
  facet normal 0 0 -1
    outer loop
      vertex -8.3731 26.6704 -5
      vertex 6.60556 13.9278 -5
      vertex 6.12521 13.5915 -5
    endloop
  endfacet
  facet normal 0 0 -1
    outer loop
      vertex -8.3731 26.6704 -5
      vertex 6.12521 13.5915 -5
      vertex 5.65689 13.2386 -5
    endloop
  endfacet
  facet normal 0 0 -1
    outer loop
      vertex -8.3731 26.6704 -5
      vertex 5.65689 13.2386 -5
      vertex 5.20117 12.8695 -5
    endloop
  endfacet
  facet normal -0 0 -1
    outer loop
      vertex 7.63036 35.898 -5
      vertex 2.55617 35.8322 -5
      vertex 6.37289 36.1424 -5
    endloop
  endfacet
  facet normal 0 0 -1
    outer loop
      vertex -8.3731 26.6704 -5
      vertex 5.20117 12.8695 -5
      vertex 4.75861 12.4848 -5
    endloop
  endfacet
  facet normal 0 0 -1
    outer loop
      vertex -8.3731 26.6704 -5
      vertex 4.75861 12.4848 -5
      vertex 4.32974 12.0849 -5
    endloop
  endfacet
  facet normal 0 -0 -1
    outer loop
      vertex 3.31619 36.0659 -5
      vertex 6.37289 36.1424 -5
      vertex 2.9385 35.9415 -5
    endloop
  endfacet
  facet normal 0 0 -1
    outer loop
      vertex 5.10765 36.3428 -5
      vertex 4.05525 36.3592 -5
      vertex 4.24646 36.4486 -5
    endloop
  endfacet
  facet normal 0 0 -1
    outer loop
      vertex -8.3731 26.6704 -5
      vertex 4.32974 12.0849 -5
      vertex 3.91509 11.6703 -5
    endloop
  endfacet
  facet normal -0 0 -1
    outer loop
      vertex 5.10765 36.3428 -5
      vertex 3.68864 36.2052 -5
      vertex 4.05525 36.3592 -5
    endloop
  endfacet
  facet normal 0 0 -1
    outer loop
      vertex -8.3731 26.6704 -5
      vertex 3.91509 11.6703 -5
      vertex 3.51517 11.2414 -5
    endloop
  endfacet
  facet normal 0 0 -1
    outer loop
      vertex 5.10765 36.3428 -5
      vertex 3.31619 36.0659 -5
      vertex 3.68864 36.2052 -5
    endloop
  endfacet
  facet normal 0 0 -1
    outer loop
      vertex -8.3731 26.6704 -5
      vertex 3.51517 11.2414 -5
      vertex 3.13045 10.7988 -5
    endloop
  endfacet
  facet normal -0 0 -1
    outer loop
      vertex 6.37289 36.1424 -5
      vertex 3.31619 36.0659 -5
      vertex 5.10765 36.3428 -5
    endloop
  endfacet
  facet normal 0 0 -1
    outer loop
      vertex -8.3731 26.6704 -5
      vertex 3.13045 10.7988 -5
      vertex 2.76142 10.3431 -5
    endloop
  endfacet
  facet normal 0 0 -1
    outer loop
      vertex 6.37289 36.1424 -5
      vertex 2.55617 35.8322 -5
      vertex 2.9385 35.9415 -5
    endloop
  endfacet
  facet normal 0 0 -1
    outer loop
      vertex -8.3731 26.6704 -5
      vertex 2.76142 10.3431 -5
      vertex 2.40851 9.87479 -5
    endloop
  endfacet
  facet normal 0 0 -1
    outer loop
      vertex 9.16682 15.3476 -5
      vertex 2.16979 35.7382 -5
      vertex 2.55617 35.8322 -5
    endloop
  endfacet
  facet normal 0 0 -1
    outer loop
      vertex -8.3731 26.6704 -5
      vertex 2.40851 9.87479 -5
      vertex 2.07217 9.39444 -5
    endloop
  endfacet
  facet normal 0 0 -1
    outer loop
      vertex 8.63536 15.0997 -5
      vertex 1.77998 35.6597 -5
      vertex 2.16979 35.7382 -5
    endloop
  endfacet
  facet normal 0 0 -1
    outer loop
      vertex -8.3731 26.6704 -5
      vertex 2.07217 9.39444 -5
      vertex 1.75279 8.90264 -5
    endloop
  endfacet
  facet normal 0 0 -1
    outer loop
      vertex -8.3731 26.6704 -5
      vertex 1.75279 8.90264 -5
      vertex 1.45077 8.4 -5
    endloop
  endfacet
  facet normal 0 0 -1
    outer loop
      vertex 8.11288 14.8335 -5
      vertex 1.38735 35.5967 -5
      vertex 1.77998 35.6597 -5
    endloop
  endfacet
  facet normal 0 0 -1
    outer loop
      vertex -8.3731 26.6704 -5
      vertex 1.45077 8.4 -5
      vertex 1.16648 7.88712 -5
    endloop
  endfacet
  facet normal 0 0 -1
    outer loop
      vertex 7.6 14.5492 -5
      vertex 0.992537 35.5494 -5
      vertex 1.38735 35.5967 -5
    endloop
  endfacet
  facet normal 0 0 -1
    outer loop
      vertex -8.3731 26.6704 -5
      vertex 1.16648 7.88712 -5
      vertex 0.90026 7.36463 -5
    endloop
  endfacet
  facet normal 0 0 -1
    outer loop
      vertex -8.3731 26.6704 -5
      vertex 0.90026 7.36463 -5
      vertex 0.652436 6.83317 -5
    endloop
  endfacet
  facet normal 0 0 -1
    outer loop
      vertex -8.3731 26.6704 -5
      vertex 0.992537 35.5494 -5
      vertex 7.6 14.5492 -5
    endloop
  endfacet
  facet normal 0 0 -1
    outer loop
      vertex -8.3731 26.6704 -5
      vertex 0.652436 6.83317 -5
      vertex 0.423311 6.29339 -5
    endloop
  endfacet
  facet normal 0 0 -1
    outer loop
      vertex -8.3731 26.6704 -5
      vertex 0.423311 6.29339 -5
      vertex 0.213163 5.74594 -5
    endloop
  endfacet
  facet normal 0 0 -1
    outer loop
      vertex 0.992537 35.5494 -5
      vertex -8.3731 26.6704 -5
      vertex 0.59615 35.5178 -5
    endloop
  endfacet
  facet normal 0 0 -1
    outer loop
      vertex -8.3731 26.6704 -5
      vertex 0.213163 5.74594 -5
      vertex 0.0222502 5.19149 -5
    endloop
  endfacet
  facet normal 0 0 -1
    outer loop
      vertex -8.3731 26.6704 -5
      vertex 0.0222502 5.19149 -5
      vertex -0.149196 4.63071 -5
    endloop
  endfacet
  facet normal 0 0 -1
    outer loop
      vertex 0.59615 35.5178 -5
      vertex -8.3731 26.6704 -5
      vertex 0.198821 35.502 -5
    endloop
  endfacet
  facet normal 0 0 -1
    outer loop
      vertex -8.3731 26.6704 -5
      vertex -0.149196 4.63071 -5
      vertex -0.300968 4.06429 -5
    endloop
  endfacet
  facet normal 0 0 -1
    outer loop
      vertex -8.3731 26.6704 -5
      vertex -0.300968 4.06429 -5
      vertex -0.432879 3.49292 -5
    endloop
  endfacet
  facet normal 0 0 -1
    outer loop
      vertex -8.3731 26.6704 -5
      vertex -0.432879 3.49292 -5
      vertex -0.54477 2.91729 -5
    endloop
  endfacet
  facet normal 0 -0 -1
    outer loop
      vertex -8.36968 27.0627 -5
      vertex 0.198821 35.502 -5
      vertex -8.3731 26.6704 -5
    endloop
  endfacet
  facet normal 0 0 -1
    outer loop
      vertex -8.3731 26.6704 -5
      vertex -0.54477 2.91729 -5
      vertex -0.636503 2.33811 -5
    endloop
  endfacet
  facet normal 0 0 -1
    outer loop
      vertex -8.3731 26.6704 -5
      vertex -0.636503 2.33811 -5
      vertex -0.707968 1.75608 -5
    endloop
  endfacet
  facet normal 0 0 -1
    outer loop
      vertex -8.3731 26.6704 -5
      vertex -0.707968 1.75608 -5
      vertex -0.759075 1.17191 -5
    endloop
  endfacet
  facet normal 0 0 -1
    outer loop
      vertex -8.3731 26.6704 -5
      vertex -0.759075 1.17191 -5
      vertex -0.789765 0.586311 -5
    endloop
  endfacet
  facet normal 0 0 -1
    outer loop
      vertex -8.3731 26.6704 -5
      vertex -0.789765 0.586311 -5
      vertex -0.799999 0 -5
    endloop
  endfacet
  facet normal -0 0 -1
    outer loop
      vertex 0.198821 35.502 -5
      vertex -8.36968 27.0627 -5
      vertex -0.198821 35.502 -5
    endloop
  endfacet
  facet normal 0 0 -1
    outer loop
      vertex 26.9114 -14.4311 -5
      vertex 27.6703 -12.0849 -5
      vertex 27.0293 -14.8053 -5
    endloop
  endfacet
  facet normal 0 0 -1
    outer loop
      vertex 27.6703 -12.0849 -5
      vertex 26.9114 -14.4311 -5
      vertex 27.2414 -12.4848 -5
    endloop
  endfacet
  facet normal 0 0 -1
    outer loop
      vertex 26.7363 -14.0801 -5
      vertex 27.2414 -12.4848 -5
      vertex 26.9114 -14.4311 -5
    endloop
  endfacet
  facet normal 0 0 -1
    outer loop
      vertex 27.2414 -12.4848 -5
      vertex 26.7363 -14.0801 -5
      vertex 26.7988 -12.8695 -5
    endloop
  endfacet
  facet normal 0 0 -1
    outer loop
      vertex 26.5085 -13.7607 -5
      vertex 26.7988 -12.8695 -5
      vertex 26.7363 -14.0801 -5
    endloop
  endfacet
  facet normal 0 0 -1
    outer loop
      vertex 26.5085 -13.7607 -5
      vertex 26.3431 -13.2386 -5
      vertex 26.7988 -12.8695 -5
    endloop
  endfacet
  facet normal 0 0 -1
    outer loop
      vertex 26.2335 -13.4809 -5
      vertex 26.3431 -13.2386 -5
      vertex 26.5085 -13.7607 -5
    endloop
  endfacet
  facet normal 0 0 -1
    outer loop
      vertex 26.3431 -13.2386 -5
      vertex 26.2335 -13.4809 -5
      vertex 26.1266 -13.4017 -5
    endloop
  endfacet
  facet normal 0.515012 0.857183 -0
    outer loop
      vertex 19.448 31.1234 -5
      vertex 18.35 31.7831 0
      vertex 19.448 31.1234 0
    endloop
  endfacet
  facet normal 0.515012 0.857183 0
    outer loop
      vertex 18.35 31.7831 0
      vertex 19.448 31.1234 -5
      vertex 18.35 31.7831 -5
    endloop
  endfacet
  facet normal 0.981631 0.190788 0
    outer loop
      vertex 36.1424 6.37289 0
      vertex 35.898 7.63036 -5
      vertex 35.898 7.63036 0
    endloop
  endfacet
  facet normal 0.981631 0.190788 0
    outer loop
      vertex 35.898 7.63036 -5
      vertex 36.1424 6.37289 0
      vertex 36.1424 6.37289 -5
    endloop
  endfacet
  facet normal -0.974381 0.224905 0
    outer loop
      vertex -35.898 7.63036 -5
      vertex -35.6099 8.87853 0
      vertex -35.6099 8.87853 -5
    endloop
  endfacet
  facet normal -0.974381 0.224905 0
    outer loop
      vertex -35.6099 8.87853 0
      vertex -35.898 7.63036 -5
      vertex -35.898 7.63036 0
    endloop
  endfacet
  facet normal 0.874602 -0.484841 0
    outer loop
      vertex 31.7831 -18.35 0
      vertex 32.4042 -17.2296 -5
      vertex 32.4042 -17.2296 0
    endloop
  endfacet
  facet normal 0.874602 -0.484841 0
    outer loop
      vertex 32.4042 -17.2296 -5
      vertex 31.7831 -18.35 0
      vertex 31.7831 -18.35 -5
    endloop
  endfacet
  facet normal -0.681968 -0.731382 0
    outer loop
      vertex -25.494 -26.3998 -5
      vertex -24.5571 -27.2734 0
      vertex -25.494 -26.3998 0
    endloop
  endfacet
  facet normal -0.681968 -0.731382 -0
    outer loop
      vertex -24.5571 -27.2734 0
      vertex -25.494 -26.3998 -5
      vertex -24.5571 -27.2734 -5
    endloop
  endfacet
  facet normal -0.838679 -0.544626 0
    outer loop
      vertex -30.4257 -20.5224 -5
      vertex -31.1234 -19.448 0
      vertex -31.1234 -19.448 -5
    endloop
  endfacet
  facet normal -0.838679 -0.544626 0
    outer loop
      vertex -31.1234 -19.448 0
      vertex -30.4257 -20.5224 -5
      vertex -30.4257 -20.5224 0
    endloop
  endfacet
  facet normal -0.945506 -0.325603 0
    outer loop
      vertex -34.4867 -12.5521 -5
      vertex -34.9038 -11.3409 0
      vertex -34.9038 -11.3409 -5
    endloop
  endfacet
  facet normal -0.945506 -0.325603 0
    outer loop
      vertex -34.9038 -11.3409 0
      vertex -34.4867 -12.5521 -5
      vertex -34.4867 -12.5521 0
    endloop
  endfacet
  facet normal -0.224905 -0.974381 0
    outer loop
      vertex -8.87853 -35.6099 -5
      vertex -7.63036 -35.898 0
      vertex -8.87853 -35.6099 0
    endloop
  endfacet
  facet normal -0.224905 -0.974381 -0
    outer loop
      vertex -7.63036 -35.898 0
      vertex -8.87853 -35.6099 -5
      vertex -7.63036 -35.898 -5
    endloop
  endfacet
  facet normal -0.390732 0.920504 0
    outer loop
      vertex -13.7481 34.0276 -5
      vertex -14.9272 33.5271 0
      vertex -13.7481 34.0276 0
    endloop
  endfacet
  facet normal -0.390732 0.920504 0
    outer loop
      vertex -14.9272 33.5271 0
      vertex -13.7481 34.0276 -5
      vertex -14.9272 33.5271 -5
    endloop
  endfacet
  facet normal 0.981631 -0.190788 0
    outer loop
      vertex 35.898 -7.63036 0
      vertex 36.1424 -6.37289 -5
      vertex 36.1424 -6.37289 0
    endloop
  endfacet
  facet normal 0.981631 -0.190788 0
    outer loop
      vertex 36.1424 -6.37289 -5
      vertex 35.898 -7.63036 0
      vertex 35.898 -7.63036 -5
    endloop
  endfacet
  facet normal -0.777123 -0.629349 0
    outer loop
      vertex -28.1138 -23.5903 -5
      vertex -28.92 -22.5948 0
      vertex -28.92 -22.5948 -5
    endloop
  endfacet
  facet normal -0.777123 -0.629349 0
    outer loop
      vertex -28.92 -22.5948 0
      vertex -28.1138 -23.5903 -5
      vertex -28.1138 -23.5903 0
    endloop
  endfacet
  facet normal 0.933581 -0.358367 0
    outer loop
      vertex 34.0276 -13.7481 0
      vertex 34.4867 -12.5521 -5
      vertex 34.4867 -12.5521 0
    endloop
  endfacet
  facet normal 0.933581 -0.358367 0
    outer loop
      vertex 34.4867 -12.5521 -5
      vertex 34.0276 -13.7481 0
      vertex 34.0276 -13.7481 -5
    endloop
  endfacet
  facet normal 0.601785 -0.798658 0
    outer loop
      vertex 21.5717 -29.6909 -5
      vertex 22.5948 -28.92 0
      vertex 21.5717 -29.6909 0
    endloop
  endfacet
  facet normal 0.601785 -0.798658 0
    outer loop
      vertex 22.5948 -28.92 0
      vertex 21.5717 -29.6909 -5
      vertex 22.5948 -28.92 -5
    endloop
  endfacet
  facet normal -0.258854 -0.965917 0
    outer loop
      vertex -10.1159 -35.2783 -5
      vertex -8.87853 -35.6099 0
      vertex -10.1159 -35.2783 0
    endloop
  endfacet
  facet normal -0.258854 -0.965917 -0
    outer loop
      vertex -8.87853 -35.6099 0
      vertex -10.1159 -35.2783 -5
      vertex -8.87853 -35.6099 -5
    endloop
  endfacet
  facet normal -0.956309 -0.292357 0
    outer loop
      vertex -34.9038 -11.3409 -5
      vertex -35.2783 -10.1159 0
      vertex -35.2783 -10.1159 -5
    endloop
  endfacet
  facet normal -0.956309 -0.292357 0
    outer loop
      vertex -35.2783 -10.1159 0
      vertex -34.9038 -11.3409 -5
      vertex -34.9038 -11.3409 0
    endloop
  endfacet
  facet normal -0.0174863 -0.999847 0
    outer loop
      vertex -1.28081 -36.6776 -5
      vertex 0 -36.7 0
      vertex -1.28081 -36.6776 0
    endloop
  endfacet
  facet normal -0.0174863 -0.999847 -0
    outer loop
      vertex 0 -36.7 0
      vertex -1.28081 -36.6776 -5
      vertex 0 -36.7 -5
    endloop
  endfacet
  facet normal -0.891029 -0.453946 0
    outer loop
      vertex -32.4042 -17.2296 -5
      vertex -32.9857 -16.0882 0
      vertex -32.9857 -16.0882 -5
    endloop
  endfacet
  facet normal -0.891029 -0.453946 0
    outer loop
      vertex -32.9857 -16.0882 0
      vertex -32.4042 -17.2296 -5
      vertex -32.4042 -17.2296 0
    endloop
  endfacet
  facet normal -0.484841 -0.874602 0
    outer loop
      vertex -18.35 -31.7831 -5
      vertex -17.2296 -32.4042 0
      vertex -18.35 -31.7831 0
    endloop
  endfacet
  facet normal -0.484841 -0.874602 -0
    outer loop
      vertex -17.2296 -32.4042 0
      vertex -18.35 -31.7831 -5
      vertex -17.2296 -32.4042 -5
    endloop
  endfacet
  facet normal -0.819126 0.573614 0
    outer loop
      vertex -30.4257 20.5224 -5
      vertex -29.6909 21.5717 0
      vertex -29.6909 21.5717 -5
    endloop
  endfacet
  facet normal -0.819126 0.573614 0
    outer loop
      vertex -29.6909 21.5717 0
      vertex -30.4257 20.5224 -5
      vertex -30.4257 20.5224 0
    endloop
  endfacet
  facet normal -0.838679 0.544626 0
    outer loop
      vertex -31.1234 19.448 -5
      vertex -30.4257 20.5224 0
      vertex -30.4257 20.5224 -5
    endloop
  endfacet
  facet normal -0.838679 0.544626 0
    outer loop
      vertex -30.4257 20.5224 0
      vertex -31.1234 19.448 -5
      vertex -31.1234 19.448 0
    endloop
  endfacet
  facet normal -0.906303 -0.422629 0
    outer loop
      vertex -32.9857 -16.0882 -5
      vertex -33.5271 -14.9272 0
      vertex -33.5271 -14.9272 -5
    endloop
  endfacet
  facet normal -0.906303 -0.422629 0
    outer loop
      vertex -33.5271 -14.9272 0
      vertex -32.9857 -16.0882 -5
      vertex -32.9857 -16.0882 0
    endloop
  endfacet
  facet normal -0.99863 0.0523361 0
    outer loop
      vertex -0.789765 0.586311 -55
      vertex -0.759075 1.17191 -5
      vertex -0.759075 1.17191 -55
    endloop
  endfacet
  facet normal -0.99863 0.0523361 0
    outer loop
      vertex -0.759075 1.17191 -5
      vertex -0.789765 0.586311 -55
      vertex -0.789765 0.586311 -5
    endloop
  endfacet
  facet normal 0.998629 0.0523531 0
    outer loop
      vertex 32.7898 0.586311 -5
      vertex 32.7591 1.17191 -55
      vertex 32.7591 1.17191 -5
    endloop
  endfacet
  facet normal 0.998629 0.0523531 0
    outer loop
      vertex 32.7591 1.17191 -55
      vertex 32.7898 0.586311 -5
      vertex 32.7898 0.586311 -55
    endloop
  endfacet
  facet normal 0.999849 0.0173943 0
    outer loop
      vertex 32.8 0 -5
      vertex 32.7898 0.586311 -55
      vertex 32.7898 0.586311 -5
    endloop
  endfacet
  facet normal 0.999849 0.0173943 0
    outer loop
      vertex 32.7898 0.586311 -55
      vertex 32.8 0 -5
      vertex 32.8 0 -55
    endloop
  endfacet
  facet normal 0.996196 0.0871418 0
    outer loop
      vertex 32.7591 1.17191 -5
      vertex 32.708 1.75608 -55
      vertex 32.708 1.75608 -5
    endloop
  endfacet
  facet normal 0.996196 0.0871418 0
    outer loop
      vertex 32.708 1.75608 -55
      vertex 32.7591 1.17191 -5
      vertex 32.7591 1.17191 -55
    endloop
  endfacet
  facet normal 0.999849 -0.0173943 0
    outer loop
      vertex 32.7898 -0.586311 -5
      vertex 32.8 0 -55
      vertex 32.8 0 -5
    endloop
  endfacet
  facet normal 0.999849 -0.0173943 0
    outer loop
      vertex 32.8 0 -55
      vertex 32.7898 -0.586311 -5
      vertex 32.7898 -0.586311 -55
    endloop
  endfacet
  facet normal 0.992539 0.121929 0
    outer loop
      vertex 32.708 1.75608 -5
      vertex 32.6365 2.33811 -55
      vertex 32.6365 2.33811 -5
    endloop
  endfacet
  facet normal 0.992539 0.121929 0
    outer loop
      vertex 32.6365 2.33811 -55
      vertex 32.708 1.75608 -5
      vertex 32.708 1.75608 -55
    endloop
  endfacet
  facet normal 0.974374 0.224933 0
    outer loop
      vertex 32.4329 3.49292 -5
      vertex 32.301 4.06429 -55
      vertex 32.301 4.06429 -5
    endloop
  endfacet
  facet normal 0.974374 0.224933 0
    outer loop
      vertex 32.301 4.06429 -55
      vertex 32.4329 3.49292 -5
      vertex 32.4329 3.49292 -55
    endloop
  endfacet
  facet normal -0.156374 0.987698 0
    outer loop
      vertex 13.6619 16.6365 -55
      vertex 13.0827 16.5448 -5
      vertex 13.6619 16.6365 -5
    endloop
  endfacet
  facet normal -0.156374 0.987698 0
    outer loop
      vertex 13.0827 16.5448 -5
      vertex 13.6619 16.6365 -55
      vertex 13.0827 16.5448 -55
    endloop
  endfacet
  facet normal 0.258872 -0.965912 0
    outer loop
      vertex 20.0643 -16.301 -55
      vertex 20.6307 -16.1492 -5
      vertex 20.0643 -16.301 -5
    endloop
  endfacet
  facet normal 0.258872 -0.965912 0
    outer loop
      vertex 20.6307 -16.1492 -5
      vertex 20.0643 -16.301 -55
      vertex 20.6307 -16.1492 -55
    endloop
  endfacet
  facet normal 0.052353 0.998629 -0
    outer loop
      vertex 17.1719 16.7591 -55
      vertex 16.5863 16.7898 -5
      vertex 17.1719 16.7591 -5
    endloop
  endfacet
  facet normal 0.052353 0.998629 0
    outer loop
      vertex 16.5863 16.7898 -5
      vertex 17.1719 16.7591 -55
      vertex 16.5863 16.7898 -55
    endloop
  endfacet
  facet normal -0.777136 0.629332 0
    outer loop
      vertex 2.76142 10.3431 -55
      vertex 3.13045 10.7988 -5
      vertex 3.13045 10.7988 -55
    endloop
  endfacet
  facet normal -0.777136 0.629332 0
    outer loop
      vertex 3.13045 10.7988 -5
      vertex 2.76142 10.3431 -55
      vertex 2.76142 10.3431 -5
    endloop
  endfacet
  facet normal 0.573485 0.819216 -0
    outer loop
      vertex 25.8748 13.5915 -55
      vertex 25.3944 13.9278 -5
      vertex 25.8748 13.5915 -5
    endloop
  endfacet
  facet normal 0.573485 0.819216 0
    outer loop
      vertex 25.3944 13.9278 -5
      vertex 25.8748 13.5915 -55
      vertex 25.3944 13.9278 -55
    endloop
  endfacet
  facet normal -0.292444 -0.956283 0
    outer loop
      vertex 10.8085 -15.9777 -55
      vertex 11.3693 -16.1492 -5
      vertex 10.8085 -15.9777 -5
    endloop
  endfacet
  facet normal -0.292444 -0.956283 -0
    outer loop
      vertex 11.3693 -16.1492 -5
      vertex 10.8085 -15.9777 -55
      vertex 11.3693 -16.1492 -55
    endloop
  endfacet
  facet normal 0.85718 -0.515017 0
    outer loop
      vertex 30.2472 -8.90264 -5
      vertex 30.5492 -8.4 -55
      vertex 30.5492 -8.4 -5
    endloop
  endfacet
  facet normal 0.85718 -0.515017 0
    outer loop
      vertex 30.5492 -8.4 -55
      vertex 30.2472 -8.90264 -5
      vertex 30.2472 -8.90264 -55
    endloop
  endfacet
  facet normal 0.992539 -0.121929 0
    outer loop
      vertex 32.6365 -2.33811 -5
      vertex 32.708 -1.75608 -55
      vertex 32.708 -1.75608 -5
    endloop
  endfacet
  facet normal 0.992539 -0.121929 0
    outer loop
      vertex 32.708 -1.75608 -55
      vertex 32.6365 -2.33811 -5
      vertex 32.6365 -2.33811 -55
    endloop
  endfacet
  facet normal 0.515047 0.857162 -0
    outer loop
      vertex 24.9026 14.2472 -55
      vertex 24.4 14.5492 -5
      vertex 24.9026 14.2472 -5
    endloop
  endfacet
  facet normal 0.515047 0.857162 0
    outer loop
      vertex 24.4 14.5492 -5
      vertex 24.9026 14.2472 -55
      vertex 24.4 14.5492 -55
    endloop
  endfacet
  facet normal 0.945525 0.325549 0
    outer loop
      vertex 31.9777 5.19149 -5
      vertex 31.7868 5.74594 -55
      vertex 31.7868 5.74594 -5
    endloop
  endfacet
  facet normal 0.945525 0.325549 0
    outer loop
      vertex 31.7868 5.74594 -55
      vertex 31.9777 5.19149 -5
      vertex 31.9777 5.19149 -55
    endloop
  endfacet
  facet normal 0.874615 0.484817 0
    outer loop
      vertex 30.8335 7.88712 -5
      vertex 30.5492 8.4 -55
      vertex 30.5492 8.4 -5
    endloop
  endfacet
  facet normal 0.874615 0.484817 0
    outer loop
      vertex 30.5492 8.4 -55
      vertex 30.8335 7.88712 -5
      vertex 30.8335 7.88712 -55
    endloop
  endfacet
  facet normal -0.224922 0.974377 0
    outer loop
      vertex 12.5071 16.4329 -55
      vertex 11.9357 16.301 -5
      vertex 12.5071 16.4329 -5
    endloop
  endfacet
  facet normal -0.224922 0.974377 0
    outer loop
      vertex 11.9357 16.301 -5
      vertex 12.5071 16.4329 -55
      vertex 11.9357 16.301 -55
    endloop
  endfacet
  facet normal -0.121936 0.992538 0
    outer loop
      vertex 14.2439 16.708 -55
      vertex 13.6619 16.6365 -5
      vertex 14.2439 16.708 -5
    endloop
  endfacet
  facet normal -0.121936 0.992538 0
    outer loop
      vertex 13.6619 16.6365 -5
      vertex 14.2439 16.708 -55
      vertex 13.6619 16.6365 -55
    endloop
  endfacet
  facet normal 0.933607 0.358299 0
    outer loop
      vertex 31.7868 5.74594 -5
      vertex 31.5767 6.29339 -55
      vertex 31.5767 6.29339 -5
    endloop
  endfacet
  facet normal 0.933607 0.358299 0
    outer loop
      vertex 31.5767 6.29339 -55
      vertex 31.7868 5.74594 -5
      vertex 31.7868 5.74594 -55
    endloop
  endfacet
  facet normal -0.97437 -0.224951 0
    outer loop
      vertex -0.300968 -4.06429 -55
      vertex -0.432879 -3.49292 -5
      vertex -0.432879 -3.49292 -55
    endloop
  endfacet
  facet normal -0.97437 -0.224951 0
    outer loop
      vertex -0.432879 -3.49292 -5
      vertex -0.300968 -4.06429 -55
      vertex -0.300968 -4.06429 -5
    endloop
  endfacet
  facet normal 0.85718 0.515017 0
    outer loop
      vertex 30.5492 8.4 -5
      vertex 30.2472 8.90264 -55
      vertex 30.2472 8.90264 -5
    endloop
  endfacet
  facet normal 0.85718 0.515017 0
    outer loop
      vertex 30.2472 8.90264 -55
      vertex 30.5492 8.4 -5
      vertex 30.5492 8.4 -55
    endloop
  endfacet
  facet normal 0.974374 -0.224933 0
    outer loop
      vertex 32.301 -4.06429 -5
      vertex 32.4329 -3.49292 -55
      vertex 32.4329 -3.49292 -5
    endloop
  endfacet
  facet normal 0.974374 -0.224933 0
    outer loop
      vertex 32.4329 -3.49292 -55
      vertex 32.301 -4.06429 -5
      vertex 32.301 -4.06429 -55
    endloop
  endfacet
  facet normal 0.95628 0.292453 0
    outer loop
      vertex 32.1492 4.63071 -5
      vertex 31.9777 5.19149 -55
      vertex 31.9777 5.19149 -5
    endloop
  endfacet
  facet normal 0.95628 0.292453 0
    outer loop
      vertex 31.9777 5.19149 -55
      vertex 32.1492 4.63071 -5
      vertex 32.1492 4.63071 -55
    endloop
  endfacet
  facet normal 0.987697 0.156379 0
    outer loop
      vertex 32.6365 2.33811 -5
      vertex 32.5448 2.91729 -55
      vertex 32.5448 2.91729 -5
    endloop
  endfacet
  facet normal 0.987697 0.156379 0
    outer loop
      vertex 32.5448 2.91729 -55
      vertex 32.6365 2.33811 -5
      vertex 32.6365 2.33811 -55
    endloop
  endfacet
  facet normal 0.920519 0.390698 0
    outer loop
      vertex 31.5767 6.29339 -5
      vertex 31.3476 6.83317 -55
      vertex 31.3476 6.83317 -5
    endloop
  endfacet
  facet normal 0.920519 0.390698 0
    outer loop
      vertex 31.3476 6.83317 -55
      vertex 31.5767 6.29339 -5
      vertex 31.5767 6.29339 -55
    endloop
  endfacet
  facet normal -0.052353 -0.998629 0
    outer loop
      vertex 14.8281 -16.7591 -55
      vertex 15.4137 -16.7898 -5
      vertex 14.8281 -16.7591 -5
    endloop
  endfacet
  facet normal -0.052353 -0.998629 -0
    outer loop
      vertex 15.4137 -16.7898 -5
      vertex 14.8281 -16.7591 -55
      vertex 15.4137 -16.7898 -55
    endloop
  endfacet
  facet normal 0.838654 0.544665 0
    outer loop
      vertex 30.2472 8.90264 -5
      vertex 29.9278 9.39444 -55
      vertex 29.9278 9.39444 -5
    endloop
  endfacet
  facet normal 0.838654 0.544665 0
    outer loop
      vertex 29.9278 9.39444 -55
      vertex 30.2472 8.90264 -5
      vertex 30.2472 8.90264 -55
    endloop
  endfacet
  facet normal 0.325575 -0.945516 0
    outer loop
      vertex 21.1915 -15.9777 -55
      vertex 21.7459 -15.7868 -5
      vertex 21.1915 -15.9777 -5
    endloop
  endfacet
  facet normal 0.325575 -0.945516 0
    outer loop
      vertex 21.7459 -15.7868 -5
      vertex 21.1915 -15.9777 -55
      vertex 21.7459 -15.7868 -55
    endloop
  endfacet
  facet normal 0.224922 -0.974377 0
    outer loop
      vertex 19.4929 -16.4329 -55
      vertex 20.0643 -16.301 -5
      vertex 19.4929 -16.4329 -5
    endloop
  endfacet
  facet normal 0.224922 -0.974377 0
    outer loop
      vertex 20.0643 -16.301 -5
      vertex 19.4929 -16.4329 -55
      vertex 20.0643 -16.301 -55
    endloop
  endfacet
  facet normal 0.981624 -0.190824 0
    outer loop
      vertex 32.4329 -3.49292 -5
      vertex 32.5448 -2.91729 -55
      vertex 32.5448 -2.91729 -5
    endloop
  endfacet
  facet normal 0.981624 -0.190824 0
    outer loop
      vertex 32.5448 -2.91729 -55
      vertex 32.4329 -3.49292 -5
      vertex 32.4329 -3.49292 -55
    endloop
  endfacet
  facet normal -0.99863 -0.0523361 0
    outer loop
      vertex -0.759075 -1.17191 -55
      vertex -0.789765 -0.586311 -5
      vertex -0.789765 -0.586311 -55
    endloop
  endfacet
  facet normal -0.99863 -0.0523361 0
    outer loop
      vertex -0.789765 -0.586311 -5
      vertex -0.759075 -1.17191 -55
      vertex -0.759075 -1.17191 -5
    endloop
  endfacet
  facet normal -0.987688 -0.156434 0
    outer loop
      vertex -0.54477 -2.91729 -55
      vertex -0.636503 -2.33811 -5
      vertex -0.636503 -2.33811 -55
    endloop
  endfacet
  facet normal -0.987688 -0.156434 0
    outer loop
      vertex -0.636503 -2.33811 -5
      vertex -0.54477 -2.91729 -55
      vertex -0.54477 -2.91729 -5
    endloop
  endfacet
  facet normal -0.97437 0.224951 0
    outer loop
      vertex -0.432879 3.49292 -55
      vertex -0.300968 4.06429 -5
      vertex -0.300968 4.06429 -55
    endloop
  endfacet
  facet normal -0.97437 0.224951 0
    outer loop
      vertex -0.300968 4.06429 -5
      vertex -0.432879 3.49292 -55
      vertex -0.432879 3.49292 -5
    endloop
  endfacet
  facet normal 0.453954 0.891025 -0
    outer loop
      vertex 23.8871 14.8335 -55
      vertex 23.3646 15.0997 -5
      vertex 23.8871 14.8335 -5
    endloop
  endfacet
  facet normal 0.453954 0.891025 0
    outer loop
      vertex 23.3646 15.0997 -5
      vertex 23.8871 14.8335 -55
      vertex 23.3646 15.0997 -55
    endloop
  endfacet
  facet normal -0.358276 -0.933616 0
    outer loop
      vertex 9.70661 -15.5767 -55
      vertex 10.2541 -15.7868 -5
      vertex 9.70661 -15.5767 -5
    endloop
  endfacet
  facet normal -0.358276 -0.933616 -0
    outer loop
      vertex 10.2541 -15.7868 -5
      vertex 9.70661 -15.5767 -55
      vertex 10.2541 -15.7868 -55
    endloop
  endfacet
  facet normal 0.358271 0.933618 -0
    outer loop
      vertex 22.2934 15.5767 -55
      vertex 21.7459 15.7868 -5
      vertex 22.2934 15.5767 -5
    endloop
  endfacet
  facet normal 0.358271 0.933618 0
    outer loop
      vertex 21.7459 15.7868 -5
      vertex 22.2934 15.5767 -55
      vertex 21.7459 15.7868 -55
    endloop
  endfacet
  facet normal -0.874623 -0.484804 0
    outer loop
      vertex 1.45077 -8.4 -55
      vertex 1.16648 -7.88712 -5
      vertex 1.16648 -7.88712 -55
    endloop
  endfacet
  facet normal -0.874623 -0.484804 0
    outer loop
      vertex 1.16648 -7.88712 -5
      vertex 1.45077 -8.4 -55
      vertex 1.45077 -8.4 -5
    endloop
  endfacet
  facet normal 0.996196 -0.0871418 0
    outer loop
      vertex 32.708 -1.75608 -5
      vertex 32.7591 -1.17191 -55
      vertex 32.7591 -1.17191 -5
    endloop
  endfacet
  facet normal 0.996196 -0.0871418 0
    outer loop
      vertex 32.7591 -1.17191 -55
      vertex 32.708 -1.75608 -5
      vertex 32.708 -1.75608 -55
    endloop
  endfacet
  facet normal 0.121936 -0.992538 0
    outer loop
      vertex 17.7561 -16.708 -55
      vertex 18.3381 -16.6365 -5
      vertex 17.7561 -16.708 -5
    endloop
  endfacet
  facet normal 0.121936 -0.992538 0
    outer loop
      vertex 18.3381 -16.6365 -5
      vertex 17.7561 -16.708 -55
      vertex 18.3381 -16.6365 -55
    endloop
  endfacet
  facet normal -0.992546 -0.121871 0
    outer loop
      vertex -0.636503 -2.33811 -55
      vertex -0.707968 -1.75608 -5
      vertex -0.707968 -1.75608 -55
    endloop
  endfacet
  facet normal -0.992546 -0.121871 0
    outer loop
      vertex -0.707968 -1.75608 -5
      vertex -0.636503 -2.33811 -55
      vertex -0.636503 -2.33811 -5
    endloop
  endfacet
  facet normal 0.544665 -0.838654 0
    outer loop
      vertex 24.9026 -14.2472 -55
      vertex 25.3944 -13.9278 -5.01
      vertex 24.9026 -14.2472 -5.01
    endloop
  endfacet
  facet normal 0.544665 -0.838654 0
    outer loop
      vertex 25.3944 -13.9278 -5.01
      vertex 24.9026 -14.2472 -55
      vertex 25.3944 -13.9278 -55
    endloop
  endfacet
  facet normal 0.515047 -0.857162 0
    outer loop
      vertex 24.4 -14.5492 -55
      vertex 24.9026 -14.2472 -5.01
      vertex 24.4 -14.5492 -5.01
    endloop
  endfacet
  facet normal 0.515047 -0.857162 0
    outer loop
      vertex 24.9026 -14.2472 -5.01
      vertex 24.4 -14.5492 -55
      vertex 24.9026 -14.2472 -55
    endloop
  endfacet
  facet normal 0.190833 0.981622 -0
    outer loop
      vertex 19.4929 16.4329 -55
      vertex 18.9173 16.5448 -5
      vertex 19.4929 16.4329 -5
    endloop
  endfacet
  facet normal 0.190833 0.981622 0
    outer loop
      vertex 18.9173 16.5448 -5
      vertex 19.4929 16.4329 -55
      vertex 18.9173 16.5448 -55
    endloop
  endfacet
  facet normal -0.325575 -0.945516 0
    outer loop
      vertex 10.2541 -15.7868 -55
      vertex 10.8085 -15.9777 -5
      vertex 10.2541 -15.7868 -5
    endloop
  endfacet
  facet normal -0.325575 -0.945516 -0
    outer loop
      vertex 10.8085 -15.9777 -5
      vertex 10.2541 -15.7868 -55
      vertex 10.8085 -15.9777 -55
    endloop
  endfacet
  facet normal -0.891008 0.453988 0
    outer loop
      vertex 0.90026 7.36463 -55
      vertex 1.16648 7.88712 -5
      vertex 1.16648 7.88712 -55
    endloop
  endfacet
  facet normal -0.891008 0.453988 0
    outer loop
      vertex 1.16648 7.88712 -5
      vertex 0.90026 7.36463 -55
      vertex 0.90026 7.36463 -5
    endloop
  endfacet
  facet normal -0.933579 -0.35837 0
    outer loop
      vertex 0.423311 -6.29339 -55
      vertex 0.213163 -5.74594 -5
      vertex 0.213163 -5.74594 -55
    endloop
  endfacet
  facet normal -0.933579 -0.35837 0
    outer loop
      vertex 0.213163 -5.74594 -5
      vertex 0.423311 -6.29339 -55
      vertex 0.423311 -6.29339 -5
    endloop
  endfacet
  facet normal -0.933579 0.35837 0
    outer loop
      vertex 0.213163 5.74594 -55
      vertex 0.423311 6.29339 -5
      vertex 0.423311 6.29339 -55
    endloop
  endfacet
  facet normal -0.933579 0.35837 0
    outer loop
      vertex 0.423311 6.29339 -5
      vertex 0.213163 5.74594 -55
      vertex 0.213163 5.74594 -5
    endloop
  endfacet
  facet normal 0.390686 -0.920524 0
    outer loop
      vertex 22.2934 -15.5767 -55
      vertex 22.8332 -15.3476 -5.01
      vertex 22.2934 -15.5767 -5.01
    endloop
  endfacet
  facet normal 0.390686 -0.920524 0
    outer loop
      vertex 22.8332 -15.3476 -5.01
      vertex 22.2934 -15.5767 -55
      vertex 22.8332 -15.3476 -55
    endloop
  endfacet
  facet normal -0.515017 -0.85718 0
    outer loop
      vertex 7.09736 -14.2472 -55
      vertex 7.6 -14.5492 -5
      vertex 7.09736 -14.2472 -5
    endloop
  endfacet
  facet normal -0.515017 -0.85718 -0
    outer loop
      vertex 7.6 -14.5492 -5
      vertex 7.09736 -14.2472 -55
      vertex 7.6 -14.5492 -55
    endloop
  endfacet
  facet normal -0.258872 -0.965912 0
    outer loop
      vertex 11.3693 -16.1492 -55
      vertex 11.9357 -16.301 -5
      vertex 11.3693 -16.1492 -5
    endloop
  endfacet
  facet normal -0.258872 -0.965912 -0
    outer loop
      vertex 11.9357 -16.301 -5
      vertex 11.3693 -16.1492 -55
      vertex 11.9357 -16.301 -55
    endloop
  endfacet
  facet normal -0.945518 0.325569 0
    outer loop
      vertex 0.0222502 5.19149 -55
      vertex 0.213163 5.74594 -5
      vertex 0.213163 5.74594 -55
    endloop
  endfacet
  facet normal -0.945518 0.325569 0
    outer loop
      vertex 0.213163 5.74594 -5
      vertex 0.0222502 5.19149 -55
      vertex 0.0222502 5.19149 -5
    endloop
  endfacet
  facet normal -0.754732 -0.656033 0
    outer loop
      vertex 3.51517 -11.2414 -55
      vertex 3.13045 -10.7988 -5
      vertex 3.13045 -10.7988 -55
    endloop
  endfacet
  facet normal -0.754732 -0.656033 0
    outer loop
      vertex 3.13045 -10.7988 -5
      vertex 3.51517 -11.2414 -55
      vertex 3.51517 -11.2414 -5
    endloop
  endfacet
  facet normal 0.156374 -0.987698 0
    outer loop
      vertex 18.3381 -16.6365 -55
      vertex 18.9173 -16.5448 -5
      vertex 18.3381 -16.6365 -5
    endloop
  endfacet
  facet normal 0.156374 -0.987698 0
    outer loop
      vertex 18.9173 -16.5448 -5
      vertex 18.3381 -16.6365 -55
      vertex 18.9173 -16.5448 -55
    endloop
  endfacet
  facet normal 0.681948 -0.731401 0
    outer loop
      vertex 27.2414 -12.4848 -55
      vertex 27.6703 -12.0849 -5
      vertex 27.2414 -12.4848 -5
    endloop
  endfacet
  facet normal 0.681948 -0.731401 0
    outer loop
      vertex 27.6703 -12.0849 -5
      vertex 27.2414 -12.4848 -55
      vertex 27.6703 -12.0849 -55
    endloop
  endfacet
  facet normal 0.121936 0.992538 -0
    outer loop
      vertex 18.3381 16.6365 -55
      vertex 17.7561 16.708 -5
      vertex 18.3381 16.6365 -5
    endloop
  endfacet
  facet normal 0.121936 0.992538 0
    outer loop
      vertex 17.7561 16.708 -5
      vertex 18.3381 16.6365 -55
      vertex 17.7561 16.708 -55
    endloop
  endfacet
  facet normal 0.358267 -0.933619 0
    outer loop
      vertex 21.7459 -15.7868 -5
      vertex 22.1149 -15.6452 -5.01
      vertex 22.1149 -15.6452 -5
    endloop
  endfacet
  facet normal 0.358267 -0.933619 0
    outer loop
      vertex 21.7459 -15.7868 -55
      vertex 22.1149 -15.6452 -5.01
      vertex 21.7459 -15.7868 -5
    endloop
  endfacet
  facet normal 0.358278 -0.933615 -9.41649e-08
    outer loop
      vertex 21.7459 -15.7868 -55
      vertex 22.2934 -15.5767 -5.01
      vertex 22.1149 -15.6452 -5.01
    endloop
  endfacet
  facet normal 0.358271 -0.933618 0
    outer loop
      vertex 22.2934 -15.5767 -5.01
      vertex 21.7459 -15.7868 -55
      vertex 22.2934 -15.5767 -55
    endloop
  endfacet
  facet normal 0.933607 -0.358299 0
    outer loop
      vertex 31.5767 -6.29339 -5
      vertex 31.7868 -5.74594 -55
      vertex 31.7868 -5.74594 -5
    endloop
  endfacet
  facet normal 0.933607 -0.358299 0
    outer loop
      vertex 31.7868 -5.74594 -55
      vertex 31.5767 -6.29339 -5
      vertex 31.5767 -6.29339 -55
    endloop
  endfacet
  facet normal -0.573525 0.819188 0
    outer loop
      vertex 6.60556 13.9278 -55
      vertex 6.12521 13.5915 -5
      vertex 6.60556 13.9278 -5
    endloop
  endfacet
  facet normal -0.573525 0.819188 0
    outer loop
      vertex 6.12521 13.5915 -5
      vertex 6.60556 13.9278 -55
      vertex 6.12521 13.5915 -55
    endloop
  endfacet
  facet normal 0.838654 -0.544665 0
    outer loop
      vertex 29.9278 -9.39444 -5
      vertex 30.2472 -8.90264 -55
      vertex 30.2472 -8.90264 -5
    endloop
  endfacet
  facet normal 0.838654 -0.544665 0
    outer loop
      vertex 30.2472 -8.90264 -55
      vertex 29.9278 -9.39444 -5
      vertex 29.9278 -9.39444 -55
    endloop
  endfacet
  facet normal 0.945525 -0.325549 0
    outer loop
      vertex 31.7868 -5.74594 -5
      vertex 31.9777 -5.19149 -55
      vertex 31.9777 -5.19149 -5
    endloop
  endfacet
  facet normal 0.945525 -0.325549 0
    outer loop
      vertex 31.9777 -5.19149 -55
      vertex 31.7868 -5.74594 -5
      vertex 31.7868 -5.74594 -55
    endloop
  endfacet
  facet normal 0.544665 0.838654 -0
    outer loop
      vertex 25.3944 13.9278 -55
      vertex 24.9026 14.2472 -5
      vertex 25.3944 13.9278 -5
    endloop
  endfacet
  facet normal 0.544665 0.838654 0
    outer loop
      vertex 24.9026 14.2472 -5
      vertex 25.3944 13.9278 -55
      vertex 24.9026 14.2472 -55
    endloop
  endfacet
  facet normal 0.0173946 0.999849 -0
    outer loop
      vertex 16.5863 16.7898 -55
      vertex 16 16.8 -5
      vertex 16.5863 16.7898 -5
    endloop
  endfacet
  facet normal 0.0173946 0.999849 0
    outer loop
      vertex 16 16.8 -5
      vertex 16.5863 16.7898 -55
      vertex 16 16.8 -55
    endloop
  endfacet
  facet normal -0.156374 -0.987698 0
    outer loop
      vertex 13.0827 -16.5448 -55
      vertex 13.6619 -16.6365 -5
      vertex 13.0827 -16.5448 -5
    endloop
  endfacet
  facet normal -0.156374 -0.987698 -0
    outer loop
      vertex 13.6619 -16.6365 -5
      vertex 13.0827 -16.5448 -55
      vertex 13.6619 -16.6365 -55
    endloop
  endfacet
  facet normal -0.0871373 0.996196 0
    outer loop
      vertex 14.8281 16.7591 -55
      vertex 14.2439 16.708 -5
      vertex 14.8281 16.7591 -5
    endloop
  endfacet
  facet normal -0.0871373 0.996196 0
    outer loop
      vertex 14.2439 16.708 -5
      vertex 14.8281 16.7591 -55
      vertex 14.2439 16.708 -55
    endloop
  endfacet
  facet normal -0.965926 -0.258819 0
    outer loop
      vertex -0.149196 -4.63071 -55
      vertex -0.300968 -4.06429 -5
      vertex -0.300968 -4.06429 -55
    endloop
  endfacet
  facet normal -0.965926 -0.258819 0
    outer loop
      vertex -0.300968 -4.06429 -5
      vertex -0.149196 -4.63071 -55
      vertex -0.149196 -4.63071 -5
    endloop
  endfacet
  facet normal -0.981627 -0.190809 0
    outer loop
      vertex -0.432879 -3.49292 -55
      vertex -0.54477 -2.91729 -5
      vertex -0.54477 -2.91729 -55
    endloop
  endfacet
  facet normal -0.981627 -0.190809 0
    outer loop
      vertex -0.54477 -2.91729 -5
      vertex -0.432879 -3.49292 -55
      vertex -0.432879 -3.49292 -5
    endloop
  endfacet
  facet normal -0.358276 0.933616 0
    outer loop
      vertex 10.2541 15.7868 -55
      vertex 9.70661 15.5767 -5
      vertex 10.2541 15.7868 -5
    endloop
  endfacet
  facet normal -0.358276 0.933616 0
    outer loop
      vertex 9.70661 15.5767 -5
      vertex 10.2541 15.7868 -55
      vertex 9.70661 15.5767 -55
    endloop
  endfacet
  facet normal -0.777136 -0.629332 0
    outer loop
      vertex 3.13045 -10.7988 -55
      vertex 2.76142 -10.3431 -5
      vertex 2.76142 -10.3431 -55
    endloop
  endfacet
  facet normal -0.777136 -0.629332 0
    outer loop
      vertex 2.76142 -10.3431 -5
      vertex 3.13045 -10.7988 -55
      vertex 3.13045 -10.7988 -5
    endloop
  endfacet
  facet normal 0.819188 0.573525 0
    outer loop
      vertex 29.9278 9.39444 -5
      vertex 29.5915 9.87479 -55
      vertex 29.5915 9.87479 -5
    endloop
  endfacet
  facet normal 0.819188 0.573525 0
    outer loop
      vertex 29.5915 9.87479 -55
      vertex 29.9278 9.39444 -5
      vertex 29.9278 9.39444 -55
    endloop
  endfacet
  facet normal -0.956305 0.292369 0
    outer loop
      vertex -0.149196 4.63071 -55
      vertex 0.0222502 5.19149 -5
      vertex 0.0222502 5.19149 -55
    endloop
  endfacet
  facet normal -0.956305 0.292369 0
    outer loop
      vertex 0.0222502 5.19149 -5
      vertex -0.149196 4.63071 -55
      vertex -0.149196 4.63071 -5
    endloop
  endfacet
  facet normal 0.681948 0.731401 -0
    outer loop
      vertex 27.6703 12.0849 -55
      vertex 27.2414 12.4848 -5
      vertex 27.6703 12.0849 -5
    endloop
  endfacet
  facet normal 0.681948 0.731401 0
    outer loop
      vertex 27.2414 12.4848 -5
      vertex 27.6703 12.0849 -55
      vertex 27.2414 12.4848 -55
    endloop
  endfacet
  facet normal -0.390692 0.920522 0
    outer loop
      vertex 9.70661 15.5767 -55
      vertex 9.16682 15.3476 -5
      vertex 9.70661 15.5767 -5
    endloop
  endfacet
  facet normal -0.390692 0.920522 0
    outer loop
      vertex 9.16682 15.3476 -5
      vertex 9.70661 15.5767 -55
      vertex 9.16682 15.3476 -55
    endloop
  endfacet
  facet normal -0.999848 0.0174522 0
    outer loop
      vertex -0.799999 0 -55
      vertex -0.789765 0.586311 -5
      vertex -0.789765 0.586311 -55
    endloop
  endfacet
  facet normal -0.999848 0.0174522 0
    outer loop
      vertex -0.789765 0.586311 -5
      vertex -0.799999 0 -55
      vertex -0.799999 0 -5
    endloop
  endfacet
  facet normal -0.906308 -0.422618 0
    outer loop
      vertex 0.90026 -7.36463 -55
      vertex 0.652436 -6.83317 -5
      vertex 0.652436 -6.83317 -55
    endloop
  endfacet
  facet normal -0.906308 -0.422618 0
    outer loop
      vertex 0.652436 -6.83317 -5
      vertex 0.90026 -7.36463 -55
      vertex 0.90026 -7.36463 -5
    endloop
  endfacet
  facet normal 0.390686 0.920524 -0
    outer loop
      vertex 22.8332 15.3476 -55
      vertex 22.2934 15.5767 -5
      vertex 22.8332 15.3476 -5
    endloop
  endfacet
  facet normal 0.390686 0.920524 0
    outer loop
      vertex 22.2934 15.5767 -5
      vertex 22.8332 15.3476 -55
      vertex 22.2934 15.5767 -55
    endloop
  endfacet
  facet normal 0.422764 0.90624 -0
    outer loop
      vertex 23.3646 15.0997 -55
      vertex 22.8332 15.3476 -5
      vertex 23.3646 15.0997 -5
    endloop
  endfacet
  facet normal 0.422764 0.90624 0
    outer loop
      vertex 22.8332 15.3476 -5
      vertex 23.3646 15.0997 -55
      vertex 22.8332 15.3476 -55
    endloop
  endfacet
  facet normal -0.292444 0.956283 0
    outer loop
      vertex 11.3693 16.1492 -55
      vertex 10.8085 15.9777 -5
      vertex 11.3693 16.1492 -5
    endloop
  endfacet
  facet normal -0.292444 0.956283 0
    outer loop
      vertex 10.8085 15.9777 -5
      vertex 11.3693 16.1492 -55
      vertex 10.8085 15.9777 -55
    endloop
  endfacet
  facet normal 0.998629 -0.0523531 0
    outer loop
      vertex 32.7591 -1.17191 -5
      vertex 32.7898 -0.586311 -55
      vertex 32.7898 -0.586311 -5
    endloop
  endfacet
  facet normal 0.998629 -0.0523531 0
    outer loop
      vertex 32.7898 -0.586311 -55
      vertex 32.7591 -1.17191 -5
      vertex 32.7591 -1.17191 -55
    endloop
  endfacet
  facet normal 0.891022 -0.453961 0
    outer loop
      vertex 30.8335 -7.88712 -5
      vertex 31.0997 -7.36463 -55
      vertex 31.0997 -7.36463 -5
    endloop
  endfacet
  facet normal 0.891022 -0.453961 0
    outer loop
      vertex 31.0997 -7.36463 -55
      vertex 30.8335 -7.88712 -5
      vertex 30.8335 -7.88712 -55
    endloop
  endfacet
  facet normal 0.798633 -0.601818 0
    outer loop
      vertex 29.2386 -10.3431 -5
      vertex 29.5915 -9.87479 -55
      vertex 29.5915 -9.87479 -5
    endloop
  endfacet
  facet normal 0.798633 -0.601818 0
    outer loop
      vertex 29.5915 -9.87479 -55
      vertex 29.2386 -10.3431 -5
      vertex 29.2386 -10.3431 -55
    endloop
  endfacet
  facet normal 0.965914 0.258864 0
    outer loop
      vertex 32.301 4.06429 -5
      vertex 32.1492 4.63071 -55
      vertex 32.1492 4.63071 -5
    endloop
  endfacet
  facet normal 0.965914 0.258864 0
    outer loop
      vertex 32.1492 4.63071 -55
      vertex 32.301 4.06429 -5
      vertex 32.301 4.06429 -55
    endloop
  endfacet
  facet normal 0.707107 -0.707107 0
    outer loop
      vertex 27.6703 -12.0849 -5
      vertex 28.0849 -11.6703 -55
      vertex 28.0849 -11.6703 -5
    endloop
  endfacet
  facet normal 0.707107 -0.707107 0
    outer loop
      vertex 28.0849 -11.6703 -55
      vertex 27.6703 -12.0849 -5
      vertex 27.6703 -12.0849 -55
    endloop
  endfacet
  facet normal -0.857165 -0.515042 0
    outer loop
      vertex 1.75279 -8.90264 -55
      vertex 1.45077 -8.4 -5
      vertex 1.45077 -8.4 -55
    endloop
  endfacet
  facet normal -0.857165 -0.515042 0
    outer loop
      vertex 1.45077 -8.4 -5
      vertex 1.75279 -8.90264 -55
      vertex 1.75279 -8.90264 -5
    endloop
  endfacet
  facet normal -0.707064 0.707149 0
    outer loop
      vertex 3.91509 11.6703 -55
      vertex 4.32974 12.0849 -5
      vertex 4.32974 12.0849 -55
    endloop
  endfacet
  facet normal -0.707064 0.707149 0
    outer loop
      vertex 4.32974 12.0849 -5
      vertex 3.91509 11.6703 -55
      vertex 3.91509 11.6703 -5
    endloop
  endfacet
  facet normal 0.601827 0.798627 -0
    outer loop
      vertex 26.3431 13.2386 -55
      vertex 25.8748 13.5915 -5
      vertex 26.3431 13.2386 -5
    endloop
  endfacet
  facet normal 0.601827 0.798627 0
    outer loop
      vertex 25.8748 13.5915 -5
      vertex 26.3431 13.2386 -55
      vertex 25.8748 13.5915 -55
    endloop
  endfacet
  facet normal 0.656014 -0.754749 0
    outer loop
      vertex 26.7988 -12.8695 -55
      vertex 27.2414 -12.4848 -5
      vertex 26.7988 -12.8695 -5
    endloop
  endfacet
  facet normal 0.656014 -0.754749 0
    outer loop
      vertex 27.2414 -12.4848 -5
      vertex 26.7988 -12.8695 -55
      vertex 27.2414 -12.4848 -55
    endloop
  endfacet
  facet normal -0.515017 0.85718 0
    outer loop
      vertex 7.6 14.5492 -55
      vertex 7.09736 14.2472 -5
      vertex 7.6 14.5492 -5
    endloop
  endfacet
  facet normal -0.515017 0.85718 0
    outer loop
      vertex 7.09736 14.2472 -5
      vertex 7.6 14.5492 -55
      vertex 7.09736 14.2472 -55
    endloop
  endfacet
  facet normal 0.190833 -0.981622 0
    outer loop
      vertex 18.9173 -16.5448 -55
      vertex 19.4929 -16.4329 -5
      vertex 18.9173 -16.5448 -5
    endloop
  endfacet
  facet normal 0.190833 -0.981622 0
    outer loop
      vertex 19.4929 -16.4329 -5
      vertex 18.9173 -16.5448 -55
      vertex 19.4929 -16.4329 -55
    endloop
  endfacet
  facet normal -0.656048 -0.754719 0
    outer loop
      vertex 4.75861 -12.4848 -55
      vertex 5.20117 -12.8695 -5
      vertex 4.75861 -12.4848 -5
    endloop
  endfacet
  facet normal -0.656048 -0.754719 -0
    outer loop
      vertex 5.20117 -12.8695 -5
      vertex 4.75861 -12.4848 -55
      vertex 5.20117 -12.8695 -55
    endloop
  endfacet
  facet normal 0.484803 -0.874623 0
    outer loop
      vertex 23.8871 -14.8335 -55
      vertex 24.4 -14.5492 -5.01
      vertex 23.8871 -14.8335 -5.01
    endloop
  endfacet
  facet normal 0.484803 -0.874623 0
    outer loop
      vertex 24.4 -14.5492 -5.01
      vertex 23.8871 -14.8335 -55
      vertex 24.4 -14.5492 -55
    endloop
  endfacet
  facet normal 0.292444 -0.956283 0
    outer loop
      vertex 20.6307 -16.1492 -55
      vertex 21.1915 -15.9777 -5
      vertex 20.6307 -16.1492 -5
    endloop
  endfacet
  facet normal 0.292444 -0.956283 0
    outer loop
      vertex 21.1915 -15.9777 -5
      vertex 20.6307 -16.1492 -55
      vertex 21.1915 -15.9777 -55
    endloop
  endfacet
  facet normal 0.777078 -0.629404 0
    outer loop
      vertex 28.8695 -10.7988 -5
      vertex 29.2386 -10.3431 -55
      vertex 29.2386 -10.3431 -5
    endloop
  endfacet
  facet normal 0.777078 -0.629404 0
    outer loop
      vertex 29.2386 -10.3431 -55
      vertex 28.8695 -10.7988 -5
      vertex 28.8695 -10.7988 -55
    endloop
  endfacet
  facet normal -0.981627 0.190809 0
    outer loop
      vertex -0.54477 2.91729 -55
      vertex -0.432879 3.49292 -5
      vertex -0.432879 3.49292 -55
    endloop
  endfacet
  facet normal -0.981627 0.190809 0
    outer loop
      vertex -0.432879 3.49292 -5
      vertex -0.54477 2.91729 -55
      vertex -0.54477 2.91729 -5
    endloop
  endfacet
  facet normal -0.60181 0.798639 0
    outer loop
      vertex 6.12521 13.5915 -55
      vertex 5.65689 13.2386 -5
      vertex 6.12521 13.5915 -5
    endloop
  endfacet
  facet normal -0.60181 0.798639 0
    outer loop
      vertex 5.65689 13.2386 -5
      vertex 6.12521 13.5915 -55
      vertex 5.65689 13.2386 -55
    endloop
  endfacet
  facet normal 0.422764 -0.90624 0
    outer loop
      vertex 22.8332 -15.3476 -55
      vertex 23.3646 -15.0997 -5.01
      vertex 22.8332 -15.3476 -5.01
    endloop
  endfacet
  facet normal 0.422764 -0.90624 0
    outer loop
      vertex 23.3646 -15.0997 -5.01
      vertex 22.8332 -15.3476 -55
      vertex 23.3646 -15.0997 -55
    endloop
  endfacet
  facet normal -0.190833 0.981622 0
    outer loop
      vertex 13.0827 16.5448 -55
      vertex 12.5071 16.4329 -5
      vertex 13.0827 16.5448 -5
    endloop
  endfacet
  facet normal -0.190833 0.981622 0
    outer loop
      vertex 12.5071 16.4329 -5
      vertex 13.0827 16.5448 -55
      vertex 12.5071 16.4329 -55
    endloop
  endfacet
  facet normal -0.121936 -0.992538 0
    outer loop
      vertex 13.6619 -16.6365 -55
      vertex 14.2439 -16.708 -5
      vertex 13.6619 -16.6365 -5
    endloop
  endfacet
  facet normal -0.121936 -0.992538 -0
    outer loop
      vertex 14.2439 -16.708 -5
      vertex 13.6619 -16.6365 -55
      vertex 14.2439 -16.708 -55
    endloop
  endfacet
  facet normal -0.629388 0.777092 0
    outer loop
      vertex 5.65689 13.2386 -55
      vertex 5.20117 12.8695 -5
      vertex 5.65689 13.2386 -5
    endloop
  endfacet
  facet normal -0.629388 0.777092 0
    outer loop
      vertex 5.20117 12.8695 -5
      vertex 5.65689 13.2386 -55
      vertex 5.20117 12.8695 -55
    endloop
  endfacet
  facet normal -0.656048 0.754719 0
    outer loop
      vertex 5.20117 12.8695 -55
      vertex 4.75861 12.4848 -5
      vertex 5.20117 12.8695 -5
    endloop
  endfacet
  facet normal -0.656048 0.754719 0
    outer loop
      vertex 4.75861 12.4848 -5
      vertex 5.20117 12.8695 -55
      vertex 4.75861 12.4848 -55
    endloop
  endfacet
  facet normal -0.874623 0.484804 0
    outer loop
      vertex 1.16648 7.88712 -55
      vertex 1.45077 8.4 -5
      vertex 1.45077 8.4 -55
    endloop
  endfacet
  facet normal -0.874623 0.484804 0
    outer loop
      vertex 1.45077 8.4 -5
      vertex 1.16648 7.88712 -55
      vertex 1.16648 7.88712 -5
    endloop
  endfacet
  facet normal 0.0871373 0.996196 -0
    outer loop
      vertex 17.7561 16.708 -55
      vertex 17.1719 16.7591 -5
      vertex 17.7561 16.708 -5
    endloop
  endfacet
  facet normal 0.0871373 0.996196 0
    outer loop
      vertex 17.1719 16.7591 -5
      vertex 17.7561 16.708 -55
      vertex 17.1719 16.7591 -55
    endloop
  endfacet
  facet normal 0.0871373 -0.996196 0
    outer loop
      vertex 17.1719 -16.7591 -55
      vertex 17.7561 -16.708 -5
      vertex 17.1719 -16.7591 -5
    endloop
  endfacet
  facet normal 0.0871373 -0.996196 0
    outer loop
      vertex 17.7561 -16.708 -5
      vertex 17.1719 -16.7591 -55
      vertex 17.7561 -16.708 -55
    endloop
  endfacet
  facet normal 0.754749 -0.656014 0
    outer loop
      vertex 28.4848 -11.2414 -5
      vertex 28.8695 -10.7988 -55
      vertex 28.8695 -10.7988 -5
    endloop
  endfacet
  facet normal 0.754749 -0.656014 0
    outer loop
      vertex 28.8695 -10.7988 -55
      vertex 28.4848 -11.2414 -5
      vertex 28.4848 -11.2414 -55
    endloop
  endfacet
  facet normal -0.819156 -0.573571 0
    outer loop
      vertex 2.40851 -9.87479 -55
      vertex 2.07217 -9.39444 -5
      vertex 2.07217 -9.39444 -55
    endloop
  endfacet
  facet normal -0.819156 -0.573571 0
    outer loop
      vertex 2.07217 -9.39444 -5
      vertex 2.40851 -9.87479 -55
      vertex 2.40851 -9.87479 -5
    endloop
  endfacet
  facet normal 0.731401 -0.681948 0
    outer loop
      vertex 28.0849 -11.6703 -5
      vertex 28.4848 -11.2414 -55
      vertex 28.4848 -11.2414 -5
    endloop
  endfacet
  facet normal 0.731401 -0.681948 0
    outer loop
      vertex 28.4848 -11.2414 -55
      vertex 28.0849 -11.6703 -5
      vertex 28.0849 -11.6703 -55
    endloop
  endfacet
  facet normal -0.891008 -0.453988 0
    outer loop
      vertex 1.16648 -7.88712 -55
      vertex 0.90026 -7.36463 -5
      vertex 0.90026 -7.36463 -55
    endloop
  endfacet
  facet normal -0.891008 -0.453988 0
    outer loop
      vertex 0.90026 -7.36463 -5
      vertex 1.16648 -7.88712 -55
      vertex 1.16648 -7.88712 -5
    endloop
  endfacet
  facet normal 0.325575 0.945516 -0
    outer loop
      vertex 21.7459 15.7868 -55
      vertex 21.1915 15.9777 -5
      vertex 21.7459 15.7868 -5
    endloop
  endfacet
  facet normal 0.325575 0.945516 0
    outer loop
      vertex 21.1915 15.9777 -5
      vertex 21.7459 15.7868 -55
      vertex 21.1915 15.9777 -55
    endloop
  endfacet
  facet normal -0.052353 0.998629 0
    outer loop
      vertex 15.4137 16.7898 -55
      vertex 14.8281 16.7591 -5
      vertex 15.4137 16.7898 -5
    endloop
  endfacet
  facet normal -0.052353 0.998629 0
    outer loop
      vertex 14.8281 16.7591 -5
      vertex 15.4137 16.7898 -55
      vertex 14.8281 16.7591 -55
    endloop
  endfacet
  facet normal -0.544665 0.838654 0
    outer loop
      vertex 7.09736 14.2472 -55
      vertex 6.60556 13.9278 -5
      vertex 7.09736 14.2472 -5
    endloop
  endfacet
  facet normal -0.544665 0.838654 0
    outer loop
      vertex 6.60556 13.9278 -5
      vertex 7.09736 14.2472 -55
      vertex 6.60556 13.9278 -55
    endloop
  endfacet
  facet normal 0.95628 -0.292453 0
    outer loop
      vertex 31.9777 -5.19149 -5
      vertex 32.1492 -4.63071 -55
      vertex 32.1492 -4.63071 -5
    endloop
  endfacet
  facet normal 0.95628 -0.292453 0
    outer loop
      vertex 32.1492 -4.63071 -55
      vertex 31.9777 -5.19149 -5
      vertex 31.9777 -5.19149 -55
    endloop
  endfacet
  facet normal -0.544665 -0.838654 0
    outer loop
      vertex 6.60556 -13.9278 -55
      vertex 7.09736 -14.2472 -5
      vertex 6.60556 -13.9278 -5
    endloop
  endfacet
  facet normal -0.544665 -0.838654 -0
    outer loop
      vertex 7.09736 -14.2472 -5
      vertex 6.60556 -13.9278 -55
      vertex 7.09736 -14.2472 -55
    endloop
  endfacet
  facet normal -0.0173946 0.999849 0
    outer loop
      vertex 16 16.8 -55
      vertex 15.4137 16.7898 -5
      vertex 16 16.8 -5
    endloop
  endfacet
  facet normal -0.0173946 0.999849 0
    outer loop
      vertex 15.4137 16.7898 -5
      vertex 16 16.8 -55
      vertex 15.4137 16.7898 -55
    endloop
  endfacet
  facet normal 0.891022 0.453961 0
    outer loop
      vertex 31.0997 7.36463 -5
      vertex 30.8335 7.88712 -55
      vertex 30.8335 7.88712 -5
    endloop
  endfacet
  facet normal 0.891022 0.453961 0
    outer loop
      vertex 30.8335 7.88712 -55
      vertex 31.0997 7.36463 -5
      vertex 31.0997 7.36463 -55
    endloop
  endfacet
  facet normal 0.224922 0.974377 -0
    outer loop
      vertex 20.0643 16.301 -55
      vertex 19.4929 16.4329 -5
      vertex 20.0643 16.301 -5
    endloop
  endfacet
  facet normal 0.224922 0.974377 0
    outer loop
      vertex 19.4929 16.4329 -5
      vertex 20.0643 16.301 -55
      vertex 19.4929 16.4329 -55
    endloop
  endfacet
  facet normal 0.656014 0.754749 -0
    outer loop
      vertex 27.2414 12.4848 -55
      vertex 26.7988 12.8695 -5
      vertex 27.2414 12.4848 -5
    endloop
  endfacet
  facet normal 0.656014 0.754749 0
    outer loop
      vertex 26.7988 12.8695 -5
      vertex 27.2414 12.4848 -55
      vertex 26.7988 12.8695 -55
    endloop
  endfacet
  facet normal -0.731384 -0.681966 0
    outer loop
      vertex 3.91509 -11.6703 -55
      vertex 3.51517 -11.2414 -5
      vertex 3.51517 -11.2414 -55
    endloop
  endfacet
  facet normal -0.731384 -0.681966 0
    outer loop
      vertex 3.51517 -11.2414 -5
      vertex 3.91509 -11.6703 -55
      vertex 3.91509 -11.6703 -5
    endloop
  endfacet
  facet normal -0.390692 -0.920522 0
    outer loop
      vertex 9.16682 -15.3476 -55
      vertex 9.70661 -15.5767 -5
      vertex 9.16682 -15.3476 -5
    endloop
  endfacet
  facet normal -0.390692 -0.920522 -0
    outer loop
      vertex 9.70661 -15.5767 -5
      vertex 9.16682 -15.3476 -55
      vertex 9.70661 -15.5767 -55
    endloop
  endfacet
  facet normal 0.754749 0.656014 0
    outer loop
      vertex 28.8695 10.7988 -5
      vertex 28.4848 11.2414 -55
      vertex 28.4848 11.2414 -5
    endloop
  endfacet
  facet normal 0.754749 0.656014 0
    outer loop
      vertex 28.4848 11.2414 -55
      vertex 28.8695 10.7988 -5
      vertex 28.8695 10.7988 -55
    endloop
  endfacet
  facet normal -0.965926 0.258819 0
    outer loop
      vertex -0.300968 4.06429 -55
      vertex -0.149196 4.63071 -5
      vertex -0.149196 4.63071 -55
    endloop
  endfacet
  facet normal -0.965926 0.258819 0
    outer loop
      vertex -0.149196 4.63071 -5
      vertex -0.300968 4.06429 -55
      vertex -0.300968 4.06429 -5
    endloop
  endfacet
  facet normal 0.052353 -0.998629 0
    outer loop
      vertex 16.5863 -16.7898 -55
      vertex 17.1719 -16.7591 -5
      vertex 16.5863 -16.7898 -5
    endloop
  endfacet
  facet normal 0.052353 -0.998629 0
    outer loop
      vertex 17.1719 -16.7591 -5
      vertex 16.5863 -16.7898 -55
      vertex 17.1719 -16.7591 -55
    endloop
  endfacet
  facet normal -0.731384 0.681966 0
    outer loop
      vertex 3.51517 11.2414 -55
      vertex 3.91509 11.6703 -5
      vertex 3.91509 11.6703 -55
    endloop
  endfacet
  facet normal -0.731384 0.681966 0
    outer loop
      vertex 3.91509 11.6703 -5
      vertex 3.51517 11.2414 -55
      vertex 3.51517 11.2414 -5
    endloop
  endfacet
  facet normal 0.906258 0.422725 0
    outer loop
      vertex 31.3476 6.83317 -5
      vertex 31.0997 7.36463 -55
      vertex 31.0997 7.36463 -5
    endloop
  endfacet
  facet normal 0.906258 0.422725 0
    outer loop
      vertex 31.0997 7.36463 -55
      vertex 31.3476 6.83317 -5
      vertex 31.3476 6.83317 -55
    endloop
  endfacet
  facet normal -0.798625 -0.601829 0
    outer loop
      vertex 2.76142 -10.3431 -55
      vertex 2.40851 -9.87479 -5
      vertex 2.40851 -9.87479 -55
    endloop
  endfacet
  facet normal -0.798625 -0.601829 0
    outer loop
      vertex 2.40851 -9.87479 -5
      vertex 2.76142 -10.3431 -55
      vertex 2.76142 -10.3431 -5
    endloop
  endfacet
  facet normal -0.754732 0.656033 0
    outer loop
      vertex 3.13045 10.7988 -55
      vertex 3.51517 11.2414 -5
      vertex 3.51517 11.2414 -55
    endloop
  endfacet
  facet normal -0.754732 0.656033 0
    outer loop
      vertex 3.51517 11.2414 -5
      vertex 3.13045 10.7988 -55
      vertex 3.13045 10.7988 -5
    endloop
  endfacet
  facet normal -0.945518 -0.325569 0
    outer loop
      vertex 0.213163 -5.74594 -55
      vertex 0.0222502 -5.19149 -5
      vertex 0.0222502 -5.19149 -55
    endloop
  endfacet
  facet normal -0.945518 -0.325569 0
    outer loop
      vertex 0.0222502 -5.19149 -5
      vertex 0.213163 -5.74594 -55
      vertex 0.213163 -5.74594 -5
    endloop
  endfacet
  facet normal 0.573485 -0.819216 0
    outer loop
      vertex 25.3944 -13.9278 -55
      vertex 25.8748 -13.5915 -5.01
      vertex 25.3944 -13.9278 -5.01
    endloop
  endfacet
  facet normal 0.573485 -0.819216 0
    outer loop
      vertex 25.8748 -13.5915 -5.01
      vertex 25.3944 -13.9278 -55
      vertex 25.8748 -13.5915 -55
    endloop
  endfacet
  facet normal 0.629404 0.777078 -0
    outer loop
      vertex 26.7988 12.8695 -55
      vertex 26.3431 13.2386 -5
      vertex 26.7988 12.8695 -5
    endloop
  endfacet
  facet normal 0.629404 0.777078 0
    outer loop
      vertex 26.3431 13.2386 -5
      vertex 26.7988 12.8695 -55
      vertex 26.3431 13.2386 -55
    endloop
  endfacet
  facet normal 0.707107 0.707107 0
    outer loop
      vertex 28.0849 11.6703 -5
      vertex 27.6703 12.0849 -55
      vertex 27.6703 12.0849 -5
    endloop
  endfacet
  facet normal 0.707107 0.707107 0
    outer loop
      vertex 27.6703 12.0849 -55
      vertex 28.0849 11.6703 -5
      vertex 28.0849 11.6703 -55
    endloop
  endfacet
  facet normal -0.190833 -0.981622 0
    outer loop
      vertex 12.5071 -16.4329 -55
      vertex 13.0827 -16.5448 -5
      vertex 12.5071 -16.4329 -5
    endloop
  endfacet
  facet normal -0.190833 -0.981622 -0
    outer loop
      vertex 13.0827 -16.5448 -5
      vertex 12.5071 -16.4329 -55
      vertex 13.0827 -16.5448 -55
    endloop
  endfacet
  facet normal -0.707064 -0.707149 0
    outer loop
      vertex 4.32974 -12.0849 -55
      vertex 3.91509 -11.6703 -5
      vertex 3.91509 -11.6703 -55
    endloop
  endfacet
  facet normal -0.707064 -0.707149 0
    outer loop
      vertex 3.91509 -11.6703 -5
      vertex 4.32974 -12.0849 -55
      vertex 4.32974 -12.0849 -5
    endloop
  endfacet
  facet normal -0.681973 -0.731377 0
    outer loop
      vertex 4.32974 -12.0849 -55
      vertex 4.75861 -12.4848 -5
      vertex 4.32974 -12.0849 -5
    endloop
  endfacet
  facet normal -0.681973 -0.731377 -0
    outer loop
      vertex 4.75861 -12.4848 -5
      vertex 4.32974 -12.0849 -55
      vertex 4.75861 -12.4848 -55
    endloop
  endfacet
  facet normal 0.453954 -0.891025 0
    outer loop
      vertex 23.3646 -15.0997 -55
      vertex 23.8871 -14.8335 -5.01
      vertex 23.3646 -15.0997 -5.01
    endloop
  endfacet
  facet normal 0.453954 -0.891025 0
    outer loop
      vertex 23.8871 -14.8335 -5.01
      vertex 23.3646 -15.0997 -55
      vertex 23.8871 -14.8335 -55
    endloop
  endfacet
  facet normal 0.156374 0.987698 -0
    outer loop
      vertex 18.9173 16.5448 -55
      vertex 18.3381 16.6365 -5
      vertex 18.9173 16.5448 -5
    endloop
  endfacet
  facet normal 0.156374 0.987698 0
    outer loop
      vertex 18.3381 16.6365 -5
      vertex 18.9173 16.5448 -55
      vertex 18.3381 16.6365 -55
    endloop
  endfacet
  facet normal -0.484817 0.874615 0
    outer loop
      vertex 8.11288 14.8335 -55
      vertex 7.6 14.5492 -5
      vertex 8.11288 14.8335 -5
    endloop
  endfacet
  facet normal -0.484817 0.874615 0
    outer loop
      vertex 7.6 14.5492 -5
      vertex 8.11288 14.8335 -55
      vertex 7.6 14.5492 -55
    endloop
  endfacet
  facet normal -0.987688 0.156434 0
    outer loop
      vertex -0.636503 2.33811 -55
      vertex -0.54477 2.91729 -5
      vertex -0.54477 2.91729 -55
    endloop
  endfacet
  facet normal -0.987688 0.156434 0
    outer loop
      vertex -0.54477 2.91729 -5
      vertex -0.636503 2.33811 -55
      vertex -0.636503 2.33811 -5
    endloop
  endfacet
  facet normal -0.992546 0.121871 0
    outer loop
      vertex -0.707968 1.75608 -55
      vertex -0.636503 2.33811 -5
      vertex -0.636503 2.33811 -55
    endloop
  endfacet
  facet normal -0.992546 0.121871 0
    outer loop
      vertex -0.636503 2.33811 -5
      vertex -0.707968 1.75608 -55
      vertex -0.707968 1.75608 -5
    endloop
  endfacet
  facet normal -0.681973 0.731377 0
    outer loop
      vertex 4.75861 12.4848 -55
      vertex 4.32974 12.0849 -5
      vertex 4.75861 12.4848 -5
    endloop
  endfacet
  facet normal -0.681973 0.731377 0
    outer loop
      vertex 4.32974 12.0849 -5
      vertex 4.75861 12.4848 -55
      vertex 4.32974 12.0849 -55
    endloop
  endfacet
  facet normal -0.258872 0.965912 0
    outer loop
      vertex 11.9357 16.301 -55
      vertex 11.3693 16.1492 -5
      vertex 11.9357 16.301 -5
    endloop
  endfacet
  facet normal -0.258872 0.965912 0
    outer loop
      vertex 11.3693 16.1492 -5
      vertex 11.9357 16.301 -55
      vertex 11.3693 16.1492 -55
    endloop
  endfacet
  facet normal -0.996195 -0.0871536 0
    outer loop
      vertex -0.707968 -1.75608 -55
      vertex -0.759075 -1.17191 -5
      vertex -0.759075 -1.17191 -55
    endloop
  endfacet
  facet normal -0.996195 -0.0871536 0
    outer loop
      vertex -0.759075 -1.17191 -5
      vertex -0.707968 -1.75608 -55
      vertex -0.707968 -1.75608 -5
    endloop
  endfacet
  facet normal 0.965914 -0.258864 0
    outer loop
      vertex 32.1492 -4.63071 -5
      vertex 32.301 -4.06429 -55
      vertex 32.301 -4.06429 -5
    endloop
  endfacet
  facet normal 0.965914 -0.258864 0
    outer loop
      vertex 32.301 -4.06429 -55
      vertex 32.1492 -4.63071 -5
      vertex 32.1492 -4.63071 -55
    endloop
  endfacet
  facet normal 0.906258 -0.422725 0
    outer loop
      vertex 31.0997 -7.36463 -5
      vertex 31.3476 -6.83317 -55
      vertex 31.3476 -6.83317 -5
    endloop
  endfacet
  facet normal 0.906258 -0.422725 0
    outer loop
      vertex 31.3476 -6.83317 -55
      vertex 31.0997 -7.36463 -5
      vertex 31.0997 -7.36463 -55
    endloop
  endfacet
  facet normal -0.325575 0.945516 0
    outer loop
      vertex 10.8085 15.9777 -55
      vertex 10.2541 15.7868 -5
      vertex 10.8085 15.9777 -5
    endloop
  endfacet
  facet normal -0.325575 0.945516 0
    outer loop
      vertex 10.2541 15.7868 -5
      vertex 10.8085 15.9777 -55
      vertex 10.2541 15.7868 -55
    endloop
  endfacet
  facet normal -0.60181 -0.798639 0
    outer loop
      vertex 5.65689 -13.2386 -55
      vertex 6.12521 -13.5915 -5
      vertex 5.65689 -13.2386 -5
    endloop
  endfacet
  facet normal -0.60181 -0.798639 -0
    outer loop
      vertex 6.12521 -13.5915 -5
      vertex 5.65689 -13.2386 -55
      vertex 6.12521 -13.5915 -55
    endloop
  endfacet
  facet normal 0.987697 -0.156379 0
    outer loop
      vertex 32.5448 -2.91729 -5
      vertex 32.6365 -2.33811 -55
      vertex 32.6365 -2.33811 -5
    endloop
  endfacet
  facet normal 0.987697 -0.156379 0
    outer loop
      vertex 32.6365 -2.33811 -55
      vertex 32.5448 -2.91729 -5
      vertex 32.5448 -2.91729 -55
    endloop
  endfacet
  facet normal -0.0871373 -0.996196 0
    outer loop
      vertex 14.2439 -16.708 -55
      vertex 14.8281 -16.7591 -5
      vertex 14.2439 -16.708 -5
    endloop
  endfacet
  facet normal -0.0871373 -0.996196 -0
    outer loop
      vertex 14.8281 -16.7591 -5
      vertex 14.2439 -16.708 -55
      vertex 14.8281 -16.7591 -55
    endloop
  endfacet
  facet normal 0.731401 0.681948 0
    outer loop
      vertex 28.4848 11.2414 -5
      vertex 28.0849 11.6703 -55
      vertex 28.0849 11.6703 -5
    endloop
  endfacet
  facet normal 0.731401 0.681948 0
    outer loop
      vertex 28.0849 11.6703 -55
      vertex 28.4848 11.2414 -5
      vertex 28.4848 11.2414 -55
    endloop
  endfacet
  facet normal 0.0173946 -0.999849 0
    outer loop
      vertex 16 -16.8 -55
      vertex 16.5863 -16.7898 -5
      vertex 16 -16.8 -5
    endloop
  endfacet
  facet normal 0.0173946 -0.999849 0
    outer loop
      vertex 16.5863 -16.7898 -5
      vertex 16 -16.8 -55
      vertex 16.5863 -16.7898 -55
    endloop
  endfacet
  facet normal -0.999848 -0.0174522 0
    outer loop
      vertex -0.789765 -0.586311 -55
      vertex -0.799999 0 -5
      vertex -0.799999 0 -55
    endloop
  endfacet
  facet normal -0.999848 -0.0174522 0
    outer loop
      vertex -0.799999 0 -5
      vertex -0.789765 -0.586311 -55
      vertex -0.789765 -0.586311 -5
    endloop
  endfacet
  facet normal 0.629404 -0.777078 0
    outer loop
      vertex 26.3431 -13.2386 -55
      vertex 26.7988 -12.8695 -5
      vertex 26.3431 -13.2386 -5
    endloop
  endfacet
  facet normal 0.629404 -0.777078 0
    outer loop
      vertex 26.7988 -12.8695 -5
      vertex 26.3431 -13.2386 -55
      vertex 26.7988 -12.8695 -55
    endloop
  endfacet
  facet normal -0.920504 -0.390734 0
    outer loop
      vertex 0.652436 -6.83317 -55
      vertex 0.423311 -6.29339 -5
      vertex 0.423311 -6.29339 -55
    endloop
  endfacet
  facet normal -0.920504 -0.390734 0
    outer loop
      vertex 0.423311 -6.29339 -5
      vertex 0.652436 -6.83317 -55
      vertex 0.652436 -6.83317 -5
    endloop
  endfacet
  facet normal -0.629388 -0.777092 0
    outer loop
      vertex 5.20117 -12.8695 -55
      vertex 5.65689 -13.2386 -5
      vertex 5.20117 -12.8695 -5
    endloop
  endfacet
  facet normal -0.629388 -0.777092 -0
    outer loop
      vertex 5.65689 -13.2386 -5
      vertex 5.20117 -12.8695 -55
      vertex 5.65689 -13.2386 -55
    endloop
  endfacet
  facet normal -0.83867 -0.544641 0
    outer loop
      vertex 2.07217 -9.39444 -55
      vertex 1.75279 -8.90264 -5
      vertex 1.75279 -8.90264 -55
    endloop
  endfacet
  facet normal -0.83867 -0.544641 0
    outer loop
      vertex 1.75279 -8.90264 -5
      vertex 2.07217 -9.39444 -55
      vertex 2.07217 -9.39444 -5
    endloop
  endfacet
  facet normal 0.601926 -0.798552 0
    outer loop
      vertex 25.8748 -13.5915 -5.01
      vertex 25.8748 -13.5915 -55
      vertex 26.1266 -13.4017 -5.01
    endloop
  endfacet
  facet normal 0.60171 -0.798714 0
    outer loop
      vertex 26.1266 -13.4017 -5.01
      vertex 26.3431 -13.2386 -5
      vertex 26.1266 -13.4017 -5
    endloop
  endfacet
  facet normal 0.601827 -0.798627 7.88723e-07
    outer loop
      vertex 26.3431 -13.2386 -55
      vertex 26.1266 -13.4017 -5.01
      vertex 25.8748 -13.5915 -55
    endloop
  endfacet
  facet normal 0.60171 -0.798714 0
    outer loop
      vertex 26.1266 -13.4017 -5.01
      vertex 26.3431 -13.2386 -55
      vertex 26.3431 -13.2386 -5
    endloop
  endfacet
  facet normal -0.573525 -0.819188 0
    outer loop
      vertex 6.12521 -13.5915 -55
      vertex 6.60556 -13.9278 -5
      vertex 6.12521 -13.5915 -5
    endloop
  endfacet
  facet normal -0.573525 -0.819188 -0
    outer loop
      vertex 6.60556 -13.9278 -5
      vertex 6.12521 -13.5915 -55
      vertex 6.60556 -13.9278 -55
    endloop
  endfacet
  facet normal 0.484803 0.874623 -0
    outer loop
      vertex 24.4 14.5492 -55
      vertex 23.8871 14.8335 -5
      vertex 24.4 14.5492 -5
    endloop
  endfacet
  facet normal 0.484803 0.874623 0
    outer loop
      vertex 23.8871 14.8335 -5
      vertex 24.4 14.5492 -55
      vertex 23.8871 14.8335 -55
    endloop
  endfacet
  facet normal 0.981624 0.190824 0
    outer loop
      vertex 32.5448 2.91729 -5
      vertex 32.4329 3.49292 -55
      vertex 32.4329 3.49292 -5
    endloop
  endfacet
  facet normal 0.981624 0.190824 0
    outer loop
      vertex 32.4329 3.49292 -55
      vertex 32.5448 2.91729 -5
      vertex 32.5448 2.91729 -55
    endloop
  endfacet
  facet normal -0.798625 0.601829 0
    outer loop
      vertex 2.40851 9.87479 -55
      vertex 2.76142 10.3431 -5
      vertex 2.76142 10.3431 -55
    endloop
  endfacet
  facet normal -0.798625 0.601829 0
    outer loop
      vertex 2.76142 10.3431 -5
      vertex 2.40851 9.87479 -55
      vertex 2.40851 9.87479 -5
    endloop
  endfacet
  facet normal -0.857165 0.515042 0
    outer loop
      vertex 1.45077 8.4 -55
      vertex 1.75279 8.90264 -5
      vertex 1.75279 8.90264 -55
    endloop
  endfacet
  facet normal -0.857165 0.515042 0
    outer loop
      vertex 1.75279 8.90264 -5
      vertex 1.45077 8.4 -55
      vertex 1.45077 8.4 -5
    endloop
  endfacet
  facet normal -0.956305 -0.292369 0
    outer loop
      vertex 0.0222502 -5.19149 -55
      vertex -0.149196 -4.63071 -5
      vertex -0.149196 -4.63071 -55
    endloop
  endfacet
  facet normal -0.956305 -0.292369 0
    outer loop
      vertex -0.149196 -4.63071 -5
      vertex 0.0222502 -5.19149 -55
      vertex 0.0222502 -5.19149 -5
    endloop
  endfacet
  facet normal -0.83867 0.544641 0
    outer loop
      vertex 1.75279 8.90264 -55
      vertex 2.07217 9.39444 -5
      vertex 2.07217 9.39444 -55
    endloop
  endfacet
  facet normal -0.83867 0.544641 0
    outer loop
      vertex 2.07217 9.39444 -5
      vertex 1.75279 8.90264 -55
      vertex 1.75279 8.90264 -5
    endloop
  endfacet
  facet normal -0.906308 0.422618 0
    outer loop
      vertex 0.652436 6.83317 -55
      vertex 0.90026 7.36463 -5
      vertex 0.90026 7.36463 -55
    endloop
  endfacet
  facet normal -0.906308 0.422618 0
    outer loop
      vertex 0.90026 7.36463 -5
      vertex 0.652436 6.83317 -55
      vertex 0.652436 6.83317 -5
    endloop
  endfacet
  facet normal 0.292444 0.956283 -0
    outer loop
      vertex 21.1915 15.9777 -55
      vertex 20.6307 16.1492 -5
      vertex 21.1915 15.9777 -5
    endloop
  endfacet
  facet normal 0.292444 0.956283 0
    outer loop
      vertex 20.6307 16.1492 -5
      vertex 21.1915 15.9777 -55
      vertex 20.6307 16.1492 -55
    endloop
  endfacet
  facet normal 0.920519 -0.390698 0
    outer loop
      vertex 31.3476 -6.83317 -5
      vertex 31.5767 -6.29339 -55
      vertex 31.5767 -6.29339 -5
    endloop
  endfacet
  facet normal 0.920519 -0.390698 0
    outer loop
      vertex 31.5767 -6.29339 -55
      vertex 31.3476 -6.83317 -5
      vertex 31.3476 -6.83317 -55
    endloop
  endfacet
  facet normal -0.996195 0.0871536 0
    outer loop
      vertex -0.759075 1.17191 -55
      vertex -0.707968 1.75608 -5
      vertex -0.707968 1.75608 -55
    endloop
  endfacet
  facet normal -0.996195 0.0871536 0
    outer loop
      vertex -0.707968 1.75608 -5
      vertex -0.759075 1.17191 -55
      vertex -0.759075 1.17191 -5
    endloop
  endfacet
  facet normal -0.422725 -0.906258 0
    outer loop
      vertex 8.63536 -15.0997 -55
      vertex 9.16682 -15.3476 -5
      vertex 8.63536 -15.0997 -5
    endloop
  endfacet
  facet normal -0.422725 -0.906258 -0
    outer loop
      vertex 9.16682 -15.3476 -5
      vertex 8.63536 -15.0997 -55
      vertex 9.16682 -15.3476 -55
    endloop
  endfacet
  facet normal 0.874615 -0.484817 0
    outer loop
      vertex 30.5492 -8.4 -5
      vertex 30.8335 -7.88712 -55
      vertex 30.8335 -7.88712 -5
    endloop
  endfacet
  facet normal 0.874615 -0.484817 0
    outer loop
      vertex 30.8335 -7.88712 -55
      vertex 30.5492 -8.4 -5
      vertex 30.5492 -8.4 -55
    endloop
  endfacet
  facet normal 0 0 -1
    outer loop
      vertex 30.3 0 -55
      vertex 32.8 0 -55
      vertex 32.7898 -0.586311 -55
    endloop
  endfacet
  facet normal 0 0 -1
    outer loop
      vertex 30.2913 -0.499063 -55
      vertex 32.7898 -0.586311 -55
      vertex 32.7591 -1.17191 -55
    endloop
  endfacet
  facet normal 0 0 -1
    outer loop
      vertex 32.8 0 -55
      vertex 30.3 0 -55
      vertex 32.7898 0.586311 -55
    endloop
  endfacet
  facet normal 0 0 -1
    outer loop
      vertex 30.2652 -0.997517 -55
      vertex 32.7591 -1.17191 -55
      vertex 32.708 -1.75608 -55
    endloop
  endfacet
  facet normal 0 0 -1
    outer loop
      vertex 30.2913 0.499063 -55
      vertex 32.7898 0.586311 -55
      vertex 30.3 0 -55
    endloop
  endfacet
  facet normal 0 0 -1
    outer loop
      vertex 30.2217 -1.49476 -55
      vertex 32.708 -1.75608 -55
      vertex 32.6365 -2.33811 -55
    endloop
  endfacet
  facet normal -0 0 -1
    outer loop
      vertex 32.7898 0.586311 -55
      vertex 30.2913 0.499063 -55
      vertex 32.7591 1.17191 -55
    endloop
  endfacet
  facet normal 0 0 -1
    outer loop
      vertex 30.1608 -1.99018 -55
      vertex 32.6365 -2.33811 -55
      vertex 32.5448 -2.91729 -55
    endloop
  endfacet
  facet normal 0 0 -1
    outer loop
      vertex 30.2652 0.997517 -55
      vertex 32.7591 1.17191 -55
      vertex 30.2913 0.499063 -55
    endloop
  endfacet
  facet normal 0 0 -1
    outer loop
      vertex 30.0828 -2.48317 -55
      vertex 32.5448 -2.91729 -55
      vertex 32.4329 -3.49292 -55
    endloop
  endfacet
  facet normal -0 0 -1
    outer loop
      vertex 32.7591 1.17191 -55
      vertex 30.2652 0.997517 -55
      vertex 32.708 1.75608 -55
    endloop
  endfacet
  facet normal 0 0 -1
    outer loop
      vertex 29.9875 -2.97314 -55
      vertex 32.4329 -3.49292 -55
      vertex 32.301 -4.06429 -55
    endloop
  endfacet
  facet normal 0 0 -1
    outer loop
      vertex 30.2217 1.49476 -55
      vertex 32.708 1.75608 -55
      vertex 30.2652 0.997517 -55
    endloop
  endfacet
  facet normal 0 0 -1
    outer loop
      vertex 29.8752 -3.45948 -55
      vertex 32.301 -4.06429 -55
      vertex 32.1492 -4.63071 -55
    endloop
  endfacet
  facet normal -0 0 -1
    outer loop
      vertex 32.708 1.75608 -55
      vertex 30.2217 1.49476 -55
      vertex 32.6365 2.33811 -55
    endloop
  endfacet
  facet normal 0 0 -1
    outer loop
      vertex 29.746 -3.94161 -55
      vertex 32.1492 -4.63071 -55
      vertex 31.9777 -5.19149 -55
    endloop
  endfacet
  facet normal 0 0 -1
    outer loop
      vertex 30.1608 1.99018 -55
      vertex 32.6365 2.33811 -55
      vertex 30.2217 1.49476 -55
    endloop
  endfacet
  facet normal 0 0 -1
    outer loop
      vertex 29.6001 -4.41894 -55
      vertex 31.9777 -5.19149 -55
      vertex 31.7868 -5.74594 -55
    endloop
  endfacet
  facet normal -0 0 -1
    outer loop
      vertex 32.6365 2.33811 -55
      vertex 30.1608 1.99018 -55
      vertex 32.5448 2.91729 -55
    endloop
  endfacet
  facet normal 0 0 -1
    outer loop
      vertex 29.4376 -4.89089 -55
      vertex 31.7868 -5.74594 -55
      vertex 31.5767 -6.29339 -55
    endloop
  endfacet
  facet normal 0 0 -1
    outer loop
      vertex 30.0828 2.48317 -55
      vertex 32.5448 2.91729 -55
      vertex 30.1608 1.99018 -55
    endloop
  endfacet
  facet normal 0 0 -1
    outer loop
      vertex 29.2587 -5.35687 -55
      vertex 31.5767 -6.29339 -55
      vertex 31.3476 -6.83317 -55
    endloop
  endfacet
  facet normal -0 0 -1
    outer loop
      vertex 32.5448 2.91729 -55
      vertex 30.0828 2.48317 -55
      vertex 32.4329 3.49292 -55
    endloop
  endfacet
  facet normal 0 0 -1
    outer loop
      vertex 29.0637 -5.81633 -55
      vertex 31.3476 -6.83317 -55
      vertex 31.0997 -7.36463 -55
    endloop
  endfacet
  facet normal 0 0 -1
    outer loop
      vertex 29.9875 2.97314 -55
      vertex 32.4329 3.49292 -55
      vertex 30.0828 2.48317 -55
    endloop
  endfacet
  facet normal 0 0 -1
    outer loop
      vertex 28.8528 -6.26871 -55
      vertex 31.0997 -7.36463 -55
      vertex 30.8335 -7.88712 -55
    endloop
  endfacet
  facet normal -0 0 -1
    outer loop
      vertex 32.4329 3.49292 -55
      vertex 29.9875 2.97314 -55
      vertex 32.301 4.06429 -55
    endloop
  endfacet
  facet normal 0 0 -1
    outer loop
      vertex 28.6262 -6.71344 -55
      vertex 30.8335 -7.88712 -55
      vertex 30.5492 -8.4 -55
    endloop
  endfacet
  facet normal 0 0 -1
    outer loop
      vertex 29.8752 3.45948 -55
      vertex 32.301 4.06429 -55
      vertex 29.9875 2.97314 -55
    endloop
  endfacet
  facet normal -0 0 -1
    outer loop
      vertex 32.301 4.06429 -55
      vertex 29.8752 3.45948 -55
      vertex 32.1492 4.63071 -55
    endloop
  endfacet
  facet normal 0 0 -1
    outer loop
      vertex 32.7898 -0.586311 -55
      vertex 30.2913 -0.499063 -55
      vertex 30.3 0 -55
    endloop
  endfacet
  facet normal 0 0 -1
    outer loop
      vertex 32.7591 -1.17191 -55
      vertex 30.2652 -0.997517 -55
      vertex 30.2913 -0.499063 -55
    endloop
  endfacet
  facet normal 0 0 -1
    outer loop
      vertex 28.3842 -7.15 -55
      vertex 30.5492 -8.4 -55
      vertex 30.2472 -8.90264 -55
    endloop
  endfacet
  facet normal 0 0 -1
    outer loop
      vertex 32.708 -1.75608 -55
      vertex 30.2217 -1.49476 -55
      vertex 30.2652 -0.997517 -55
    endloop
  endfacet
  facet normal 0 0 -1
    outer loop
      vertex 32.6365 -2.33811 -55
      vertex 30.1608 -1.99018 -55
      vertex 30.2217 -1.49476 -55
    endloop
  endfacet
  facet normal 0 0 -1
    outer loop
      vertex 32.5448 -2.91729 -55
      vertex 30.0828 -2.48317 -55
      vertex 30.1608 -1.99018 -55
    endloop
  endfacet
  facet normal 0 0 -1
    outer loop
      vertex 32.4329 -3.49292 -55
      vertex 29.9875 -2.97314 -55
      vertex 30.0828 -2.48317 -55
    endloop
  endfacet
  facet normal 0 0 -1
    outer loop
      vertex 28.1271 -7.57784 -55
      vertex 30.2472 -8.90264 -55
      vertex 29.9278 -9.39444 -55
    endloop
  endfacet
  facet normal 0 0 -1
    outer loop
      vertex 32.301 -4.06429 -55
      vertex 29.8752 -3.45948 -55
      vertex 29.9875 -2.97314 -55
    endloop
  endfacet
  facet normal 0 0 -1
    outer loop
      vertex 32.1492 -4.63071 -55
      vertex 29.746 -3.94161 -55
      vertex 29.8752 -3.45948 -55
    endloop
  endfacet
  facet normal 0 0 -1
    outer loop
      vertex 31.9777 -5.19149 -55
      vertex 29.6001 -4.41894 -55
      vertex 29.746 -3.94161 -55
    endloop
  endfacet
  facet normal 0 0 -1
    outer loop
      vertex 27.8552 -7.99646 -55
      vertex 29.9278 -9.39444 -55
      vertex 29.5915 -9.87479 -55
    endloop
  endfacet
  facet normal 0 0 -1
    outer loop
      vertex 31.7868 -5.74594 -55
      vertex 29.4376 -4.89089 -55
      vertex 29.6001 -4.41894 -55
    endloop
  endfacet
  facet normal 0 0 -1
    outer loop
      vertex 31.5767 -6.29339 -55
      vertex 29.2587 -5.35687 -55
      vertex 29.4376 -4.89089 -55
    endloop
  endfacet
  facet normal 0 0 -1
    outer loop
      vertex 27.5689 -8.40533 -55
      vertex 29.5915 -9.87479 -55
      vertex 29.2386 -10.3431 -55
    endloop
  endfacet
  facet normal 0 0 -1
    outer loop
      vertex 31.3476 -6.83317 -55
      vertex 29.0637 -5.81633 -55
      vertex 29.2587 -5.35687 -55
    endloop
  endfacet
  facet normal 0 0 -1
    outer loop
      vertex 27.2686 -8.80396 -55
      vertex 29.2386 -10.3431 -55
      vertex 28.8695 -10.7988 -55
    endloop
  endfacet
  facet normal 0 0 -1
    outer loop
      vertex 31.0997 -7.36463 -55
      vertex 28.8528 -6.26871 -55
      vertex 29.0637 -5.81633 -55
    endloop
  endfacet
  facet normal 0 0 -1
    outer loop
      vertex 30.8335 -7.88712 -55
      vertex 28.6262 -6.71344 -55
      vertex 28.8528 -6.26871 -55
    endloop
  endfacet
  facet normal 0 0 -1
    outer loop
      vertex 26.9544 -9.19186 -55
      vertex 28.8695 -10.7988 -55
      vertex 28.4848 -11.2414 -55
    endloop
  endfacet
  facet normal 0 0 -1
    outer loop
      vertex 30.5492 -8.4 -55
      vertex 28.3842 -7.15 -55
      vertex 28.6262 -6.71344 -55
    endloop
  endfacet
  facet normal 0 0 -1
    outer loop
      vertex 30.2472 -8.90264 -55
      vertex 28.1271 -7.57784 -55
      vertex 28.3842 -7.15 -55
    endloop
  endfacet
  facet normal 0 0 -1
    outer loop
      vertex 26.627 -9.56857 -55
      vertex 28.4848 -11.2414 -55
      vertex 28.0849 -11.6703 -55
    endloop
  endfacet
  facet normal 0 0 -1
    outer loop
      vertex 29.9278 -9.39444 -55
      vertex 27.8552 -7.99646 -55
      vertex 28.1271 -7.57784 -55
    endloop
  endfacet
  facet normal 0 0 -1
    outer loop
      vertex 26.2866 -9.93361 -55
      vertex 28.0849 -11.6703 -55
      vertex 27.6703 -12.0849 -55
    endloop
  endfacet
  facet normal 0 0 -1
    outer loop
      vertex 29.5915 -9.87479 -55
      vertex 27.5689 -8.40533 -55
      vertex 27.8552 -7.99646 -55
    endloop
  endfacet
  facet normal 0 0 -1
    outer loop
      vertex 29.2386 -10.3431 -55
      vertex 27.2686 -8.80396 -55
      vertex 27.5689 -8.40533 -55
    endloop
  endfacet
  facet normal 0 0 -1
    outer loop
      vertex 25.9336 -10.2866 -55
      vertex 27.6703 -12.0849 -55
      vertex 27.2414 -12.4848 -55
    endloop
  endfacet
  facet normal 0 0 -1
    outer loop
      vertex 28.8695 -10.7988 -55
      vertex 26.9544 -9.19186 -55
      vertex 27.2686 -8.80396 -55
    endloop
  endfacet
  facet normal 0 0 -1
    outer loop
      vertex 25.5686 -10.627 -55
      vertex 27.2414 -12.4848 -55
      vertex 26.7988 -12.8695 -55
    endloop
  endfacet
  facet normal 0 0 -1
    outer loop
      vertex 28.4848 -11.2414 -55
      vertex 26.627 -9.56857 -55
      vertex 26.9544 -9.19186 -55
    endloop
  endfacet
  facet normal 0 0 -1
    outer loop
      vertex 25.1919 -10.9544 -55
      vertex 26.7988 -12.8695 -55
      vertex 26.3431 -13.2386 -55
    endloop
  endfacet
  facet normal 0 0 -1
    outer loop
      vertex 28.0849 -11.6703 -55
      vertex 26.2866 -9.93361 -55
      vertex 26.627 -9.56857 -55
    endloop
  endfacet
  facet normal 0 0 -1
    outer loop
      vertex 27.6703 -12.0849 -55
      vertex 25.9336 -10.2866 -55
      vertex 26.2866 -9.93361 -55
    endloop
  endfacet
  facet normal 0 0 -1
    outer loop
      vertex 24.804 -11.2686 -55
      vertex 26.3431 -13.2386 -55
      vertex 25.8748 -13.5915 -55
    endloop
  endfacet
  facet normal 0 0 -1
    outer loop
      vertex 27.2414 -12.4848 -55
      vertex 25.5686 -10.627 -55
      vertex 25.9336 -10.2866 -55
    endloop
  endfacet
  facet normal 0 0 -1
    outer loop
      vertex 24.4053 -11.5689 -55
      vertex 25.8748 -13.5915 -55
      vertex 25.3944 -13.9278 -55
    endloop
  endfacet
  facet normal 0 0 -1
    outer loop
      vertex 26.7988 -12.8695 -55
      vertex 25.1919 -10.9544 -55
      vertex 25.5686 -10.627 -55
    endloop
  endfacet
  facet normal 0 0 -1
    outer loop
      vertex 23.9965 -11.8552 -55
      vertex 25.3944 -13.9278 -55
      vertex 24.9026 -14.2472 -55
    endloop
  endfacet
  facet normal 0 0 -1
    outer loop
      vertex 26.3431 -13.2386 -55
      vertex 24.804 -11.2686 -55
      vertex 25.1919 -10.9544 -55
    endloop
  endfacet
  facet normal 0 0 -1
    outer loop
      vertex 25.8748 -13.5915 -55
      vertex 24.4053 -11.5689 -55
      vertex 24.804 -11.2686 -55
    endloop
  endfacet
  facet normal 0 0 -1
    outer loop
      vertex 23.5778 -12.1271 -55
      vertex 24.9026 -14.2472 -55
      vertex 24.4 -14.5492 -55
    endloop
  endfacet
  facet normal 0 0 -1
    outer loop
      vertex 25.3944 -13.9278 -55
      vertex 23.9965 -11.8552 -55
      vertex 24.4053 -11.5689 -55
    endloop
  endfacet
  facet normal 0 0 -1
    outer loop
      vertex 23.15 -12.3842 -55
      vertex 24.4 -14.5492 -55
      vertex 23.8871 -14.8335 -55
    endloop
  endfacet
  facet normal 0 0 -1
    outer loop
      vertex 24.9026 -14.2472 -55
      vertex 23.5778 -12.1271 -55
      vertex 23.9965 -11.8552 -55
    endloop
  endfacet
  facet normal 0 0 -1
    outer loop
      vertex 22.7134 -12.6262 -55
      vertex 23.8871 -14.8335 -55
      vertex 23.3646 -15.0997 -55
    endloop
  endfacet
  facet normal 0 0 -1
    outer loop
      vertex 24.4 -14.5492 -55
      vertex 23.15 -12.3842 -55
      vertex 23.5778 -12.1271 -55
    endloop
  endfacet
  facet normal 0 0 -1
    outer loop
      vertex 22.2687 -12.8528 -55
      vertex 23.3646 -15.0997 -55
      vertex 22.8332 -15.3476 -55
    endloop
  endfacet
  facet normal 0 0 -1
    outer loop
      vertex 23.8871 -14.8335 -55
      vertex 22.7134 -12.6262 -55
      vertex 23.15 -12.3842 -55
    endloop
  endfacet
  facet normal 0 0 -1
    outer loop
      vertex 21.8163 -13.0637 -55
      vertex 22.8332 -15.3476 -55
      vertex 22.2934 -15.5767 -55
    endloop
  endfacet
  facet normal 0 0 -1
    outer loop
      vertex 23.3646 -15.0997 -55
      vertex 22.2687 -12.8528 -55
      vertex 22.7134 -12.6262 -55
    endloop
  endfacet
  facet normal 0 0 -1
    outer loop
      vertex 22.8332 -15.3476 -55
      vertex 21.8163 -13.0637 -55
      vertex 22.2687 -12.8528 -55
    endloop
  endfacet
  facet normal 0 0 -1
    outer loop
      vertex 21.3569 -13.2587 -55
      vertex 22.2934 -15.5767 -55
      vertex 21.7459 -15.7868 -55
    endloop
  endfacet
  facet normal 0 0 -1
    outer loop
      vertex 22.2934 -15.5767 -55
      vertex 21.3569 -13.2587 -55
      vertex 21.8163 -13.0637 -55
    endloop
  endfacet
  facet normal 0 0 -1
    outer loop
      vertex 20.8909 -13.4376 -55
      vertex 21.7459 -15.7868 -55
      vertex 21.1915 -15.9777 -55
    endloop
  endfacet
  facet normal 0 0 -1
    outer loop
      vertex 21.7459 -15.7868 -55
      vertex 20.8909 -13.4376 -55
      vertex 21.3569 -13.2587 -55
    endloop
  endfacet
  facet normal 0 0 -1
    outer loop
      vertex 20.4189 -13.6001 -55
      vertex 21.1915 -15.9777 -55
      vertex 20.6307 -16.1492 -55
    endloop
  endfacet
  facet normal 0 0 -1
    outer loop
      vertex 21.1915 -15.9777 -55
      vertex 20.4189 -13.6001 -55
      vertex 20.8909 -13.4376 -55
    endloop
  endfacet
  facet normal 0 0 -1
    outer loop
      vertex 19.9416 -13.746 -55
      vertex 20.6307 -16.1492 -55
      vertex 20.0643 -16.301 -55
    endloop
  endfacet
  facet normal 0 0 -1
    outer loop
      vertex 20.6307 -16.1492 -55
      vertex 19.9416 -13.746 -55
      vertex 20.4189 -13.6001 -55
    endloop
  endfacet
  facet normal 0 0 -1
    outer loop
      vertex 19.4595 -13.8752 -55
      vertex 20.0643 -16.301 -55
      vertex 19.4929 -16.4329 -55
    endloop
  endfacet
  facet normal 0 0 -1
    outer loop
      vertex 20.0643 -16.301 -55
      vertex 19.4595 -13.8752 -55
      vertex 19.9416 -13.746 -55
    endloop
  endfacet
  facet normal 0 0 -1
    outer loop
      vertex 19.4929 -16.4329 -55
      vertex 18.9731 -13.9875 -55
      vertex 19.4595 -13.8752 -55
    endloop
  endfacet
  facet normal 0 0 -1
    outer loop
      vertex 18.9173 -16.5448 -55
      vertex 18.9731 -13.9875 -55
      vertex 19.4929 -16.4329 -55
    endloop
  endfacet
  facet normal 0 0 -1
    outer loop
      vertex 18.9173 -16.5448 -55
      vertex 18.4832 -14.0828 -55
      vertex 18.9731 -13.9875 -55
    endloop
  endfacet
  facet normal 0 0 -1
    outer loop
      vertex 18.3381 -16.6365 -55
      vertex 18.4832 -14.0828 -55
      vertex 18.9173 -16.5448 -55
    endloop
  endfacet
  facet normal 0 0 -1
    outer loop
      vertex 18.3381 -16.6365 -55
      vertex 17.9902 -14.1608 -55
      vertex 18.4832 -14.0828 -55
    endloop
  endfacet
  facet normal 0 0 -1
    outer loop
      vertex 17.7561 -16.708 -55
      vertex 17.9902 -14.1608 -55
      vertex 18.3381 -16.6365 -55
    endloop
  endfacet
  facet normal 0 0 -1
    outer loop
      vertex 17.7561 -16.708 -55
      vertex 17.4948 -14.2217 -55
      vertex 17.9902 -14.1608 -55
    endloop
  endfacet
  facet normal 0 0 -1
    outer loop
      vertex 17.1719 -16.7591 -55
      vertex 17.4948 -14.2217 -55
      vertex 17.7561 -16.708 -55
    endloop
  endfacet
  facet normal 0 0 -1
    outer loop
      vertex 17.1719 -16.7591 -55
      vertex 16.9975 -14.2652 -55
      vertex 17.4948 -14.2217 -55
    endloop
  endfacet
  facet normal 0 0 -1
    outer loop
      vertex 16.5863 -16.7898 -55
      vertex 16.9975 -14.2652 -55
      vertex 17.1719 -16.7591 -55
    endloop
  endfacet
  facet normal 0 0 -1
    outer loop
      vertex 16.5863 -16.7898 -55
      vertex 16.4991 -14.2913 -55
      vertex 16.9975 -14.2652 -55
    endloop
  endfacet
  facet normal 0 0 -1
    outer loop
      vertex 16 -16.8 -55
      vertex 16.4991 -14.2913 -55
      vertex 16.5863 -16.7898 -55
    endloop
  endfacet
  facet normal 0 0 -1
    outer loop
      vertex 16 -16.8 -55
      vertex 16 -14.3 -55
      vertex 16.4991 -14.2913 -55
    endloop
  endfacet
  facet normal 0 0 -1
    outer loop
      vertex 16 -16.8 -55
      vertex 15.5009 -14.2913 -55
      vertex 16 -14.3 -55
    endloop
  endfacet
  facet normal 0 0 -1
    outer loop
      vertex 15.4137 -16.7898 -55
      vertex 15.5009 -14.2913 -55
      vertex 16 -16.8 -55
    endloop
  endfacet
  facet normal 0 0 -1
    outer loop
      vertex 15.4137 -16.7898 -55
      vertex 15.0025 -14.2652 -55
      vertex 15.5009 -14.2913 -55
    endloop
  endfacet
  facet normal 0 0 -1
    outer loop
      vertex 14.8281 -16.7591 -55
      vertex 15.0025 -14.2652 -55
      vertex 15.4137 -16.7898 -55
    endloop
  endfacet
  facet normal 0 0 -1
    outer loop
      vertex 14.8281 -16.7591 -55
      vertex 14.5052 -14.2217 -55
      vertex 15.0025 -14.2652 -55
    endloop
  endfacet
  facet normal 0 0 -1
    outer loop
      vertex 14.2439 -16.708 -55
      vertex 14.5052 -14.2217 -55
      vertex 14.8281 -16.7591 -55
    endloop
  endfacet
  facet normal 0 0 -1
    outer loop
      vertex 14.2439 -16.708 -55
      vertex 14.0098 -14.1608 -55
      vertex 14.5052 -14.2217 -55
    endloop
  endfacet
  facet normal 0 0 -1
    outer loop
      vertex 13.6619 -16.6365 -55
      vertex 14.0098 -14.1608 -55
      vertex 14.2439 -16.708 -55
    endloop
  endfacet
  facet normal 0 0 -1
    outer loop
      vertex 13.6619 -16.6365 -55
      vertex 13.5168 -14.0828 -55
      vertex 14.0098 -14.1608 -55
    endloop
  endfacet
  facet normal 0 0 -1
    outer loop
      vertex 13.0827 -16.5448 -55
      vertex 13.5168 -14.0828 -55
      vertex 13.6619 -16.6365 -55
    endloop
  endfacet
  facet normal 0 0 -1
    outer loop
      vertex 13.0827 -16.5448 -55
      vertex 13.0269 -13.9875 -55
      vertex 13.5168 -14.0828 -55
    endloop
  endfacet
  facet normal 0 0 -1
    outer loop
      vertex 12.5071 -16.4329 -55
      vertex 13.0269 -13.9875 -55
      vertex 13.0827 -16.5448 -55
    endloop
  endfacet
  facet normal -0 0 -1
    outer loop
      vertex 13.0269 -13.9875 -55
      vertex 12.5071 -16.4329 -55
      vertex 12.5405 -13.8752 -55
    endloop
  endfacet
  facet normal 0 0 -1
    outer loop
      vertex 11.9357 -16.301 -55
      vertex 12.5405 -13.8752 -55
      vertex 12.5071 -16.4329 -55
    endloop
  endfacet
  facet normal -0 0 -1
    outer loop
      vertex 12.5405 -13.8752 -55
      vertex 11.9357 -16.301 -55
      vertex 12.0584 -13.746 -55
    endloop
  endfacet
  facet normal 0 0 -1
    outer loop
      vertex 11.3693 -16.1492 -55
      vertex 12.0584 -13.746 -55
      vertex 11.9357 -16.301 -55
    endloop
  endfacet
  facet normal -0 0 -1
    outer loop
      vertex 12.0584 -13.746 -55
      vertex 11.3693 -16.1492 -55
      vertex 11.5811 -13.6001 -55
    endloop
  endfacet
  facet normal 0 0 -1
    outer loop
      vertex 10.8085 -15.9777 -55
      vertex 11.5811 -13.6001 -55
      vertex 11.3693 -16.1492 -55
    endloop
  endfacet
  facet normal -0 0 -1
    outer loop
      vertex 11.5811 -13.6001 -55
      vertex 10.8085 -15.9777 -55
      vertex 11.1091 -13.4376 -55
    endloop
  endfacet
  facet normal 0 0 -1
    outer loop
      vertex 10.2541 -15.7868 -55
      vertex 11.1091 -13.4376 -55
      vertex 10.8085 -15.9777 -55
    endloop
  endfacet
  facet normal -0 0 -1
    outer loop
      vertex 11.1091 -13.4376 -55
      vertex 10.2541 -15.7868 -55
      vertex 10.6431 -13.2587 -55
    endloop
  endfacet
  facet normal 0 0 -1
    outer loop
      vertex 9.70661 -15.5767 -55
      vertex 10.6431 -13.2587 -55
      vertex 10.2541 -15.7868 -55
    endloop
  endfacet
  facet normal -0 0 -1
    outer loop
      vertex 10.6431 -13.2587 -55
      vertex 9.70661 -15.5767 -55
      vertex 10.1837 -13.0637 -55
    endloop
  endfacet
  facet normal 0 0 -1
    outer loop
      vertex 9.16682 -15.3476 -55
      vertex 10.1837 -13.0637 -55
      vertex 9.70661 -15.5767 -55
    endloop
  endfacet
  facet normal -0 0 -1
    outer loop
      vertex 10.1837 -13.0637 -55
      vertex 9.16682 -15.3476 -55
      vertex 9.73129 -12.8528 -55
    endloop
  endfacet
  facet normal 0 0 -1
    outer loop
      vertex 8.63536 -15.0997 -55
      vertex 9.73129 -12.8528 -55
      vertex 9.16682 -15.3476 -55
    endloop
  endfacet
  facet normal -0 0 -1
    outer loop
      vertex 9.73129 -12.8528 -55
      vertex 8.63536 -15.0997 -55
      vertex 9.28656 -12.6262 -55
    endloop
  endfacet
  facet normal 0 0 -1
    outer loop
      vertex 8.11288 -14.8335 -55
      vertex 9.28656 -12.6262 -55
      vertex 8.63536 -15.0997 -55
    endloop
  endfacet
  facet normal -0 0 -1
    outer loop
      vertex 9.28656 -12.6262 -55
      vertex 8.11288 -14.8335 -55
      vertex 8.85 -12.3842 -55
    endloop
  endfacet
  facet normal 0 0 -1
    outer loop
      vertex 7.6 -14.5492 -55
      vertex 8.85 -12.3842 -55
      vertex 8.11288 -14.8335 -55
    endloop
  endfacet
  facet normal -0 0 -1
    outer loop
      vertex 8.85 -12.3842 -55
      vertex 7.6 -14.5492 -55
      vertex 8.42215 -12.1271 -55
    endloop
  endfacet
  facet normal 0 0 -1
    outer loop
      vertex 7.09736 -14.2472 -55
      vertex 8.42215 -12.1271 -55
      vertex 7.6 -14.5492 -55
    endloop
  endfacet
  facet normal -0 0 -1
    outer loop
      vertex 8.42215 -12.1271 -55
      vertex 7.09736 -14.2472 -55
      vertex 8.00354 -11.8552 -55
    endloop
  endfacet
  facet normal 0 0 -1
    outer loop
      vertex 6.60556 -13.9278 -55
      vertex 8.00354 -11.8552 -55
      vertex 7.09736 -14.2472 -55
    endloop
  endfacet
  facet normal -0 0 -1
    outer loop
      vertex 8.00354 -11.8552 -55
      vertex 6.60556 -13.9278 -55
      vertex 7.59467 -11.5689 -55
    endloop
  endfacet
  facet normal 0 0 -1
    outer loop
      vertex 6.12521 -13.5915 -55
      vertex 7.59467 -11.5689 -55
      vertex 6.60556 -13.9278 -55
    endloop
  endfacet
  facet normal -0 0 -1
    outer loop
      vertex 7.59467 -11.5689 -55
      vertex 6.12521 -13.5915 -55
      vertex 7.19604 -11.2686 -55
    endloop
  endfacet
  facet normal 0 0 -1
    outer loop
      vertex 5.65689 -13.2386 -55
      vertex 7.19604 -11.2686 -55
      vertex 6.12521 -13.5915 -55
    endloop
  endfacet
  facet normal -0 0 -1
    outer loop
      vertex 7.19604 -11.2686 -55
      vertex 5.65689 -13.2386 -55
      vertex 6.80814 -10.9544 -55
    endloop
  endfacet
  facet normal 0 0 -1
    outer loop
      vertex 5.20117 -12.8695 -55
      vertex 6.80814 -10.9544 -55
      vertex 5.65689 -13.2386 -55
    endloop
  endfacet
  facet normal -0 0 -1
    outer loop
      vertex 6.80814 -10.9544 -55
      vertex 5.20117 -12.8695 -55
      vertex 6.43143 -10.627 -55
    endloop
  endfacet
  facet normal 0 0 -1
    outer loop
      vertex 4.75861 -12.4848 -55
      vertex 6.43143 -10.627 -55
      vertex 5.20117 -12.8695 -55
    endloop
  endfacet
  facet normal -0 0 -1
    outer loop
      vertex 6.43143 -10.627 -55
      vertex 4.75861 -12.4848 -55
      vertex 6.06639 -10.2866 -55
    endloop
  endfacet
  facet normal 0 0 -1
    outer loop
      vertex 4.32974 -12.0849 -55
      vertex 6.06639 -10.2866 -55
      vertex 4.75861 -12.4848 -55
    endloop
  endfacet
  facet normal -0 0 -1
    outer loop
      vertex 6.06639 -10.2866 -55
      vertex 4.32974 -12.0849 -55
      vertex 5.71344 -9.93361 -55
    endloop
  endfacet
  facet normal 0 0 -1
    outer loop
      vertex 3.91509 -11.6703 -55
      vertex 5.71344 -9.93361 -55
      vertex 4.32974 -12.0849 -55
    endloop
  endfacet
  facet normal -0 0 -1
    outer loop
      vertex 5.71344 -9.93361 -55
      vertex 3.91509 -11.6703 -55
      vertex 5.37303 -9.56857 -55
    endloop
  endfacet
  facet normal 0 0 -1
    outer loop
      vertex 3.51517 -11.2414 -55
      vertex 5.37303 -9.56857 -55
      vertex 3.91509 -11.6703 -55
    endloop
  endfacet
  facet normal -0 0 -1
    outer loop
      vertex 5.37303 -9.56857 -55
      vertex 3.51517 -11.2414 -55
      vertex 5.04556 -9.19186 -55
    endloop
  endfacet
  facet normal 0 0 -1
    outer loop
      vertex 3.13045 -10.7988 -55
      vertex 5.04556 -9.19186 -55
      vertex 3.51517 -11.2414 -55
    endloop
  endfacet
  facet normal -0 0 -1
    outer loop
      vertex 5.04556 -9.19186 -55
      vertex 3.13045 -10.7988 -55
      vertex 4.73145 -8.80396 -55
    endloop
  endfacet
  facet normal 0 0 -1
    outer loop
      vertex 2.76142 -10.3431 -55
      vertex 4.73145 -8.80396 -55
      vertex 3.13045 -10.7988 -55
    endloop
  endfacet
  facet normal -0 0 -1
    outer loop
      vertex 4.73145 -8.80396 -55
      vertex 2.76142 -10.3431 -55
      vertex 4.43106 -8.40533 -55
    endloop
  endfacet
  facet normal 0 0 -1
    outer loop
      vertex 2.40851 -9.87479 -55
      vertex 4.43106 -8.40533 -55
      vertex 2.76142 -10.3431 -55
    endloop
  endfacet
  facet normal -0 0 -1
    outer loop
      vertex 4.43106 -8.40533 -55
      vertex 2.40851 -9.87479 -55
      vertex 4.14476 -7.99646 -55
    endloop
  endfacet
  facet normal 0 0 -1
    outer loop
      vertex 2.07217 -9.39444 -55
      vertex 4.14476 -7.99646 -55
      vertex 2.40851 -9.87479 -55
    endloop
  endfacet
  facet normal -0 0 -1
    outer loop
      vertex 4.14476 -7.99646 -55
      vertex 2.07217 -9.39444 -55
      vertex 3.87291 -7.57784 -55
    endloop
  endfacet
  facet normal 0 0 -1
    outer loop
      vertex 1.75279 -8.90264 -55
      vertex 3.87291 -7.57784 -55
      vertex 2.07217 -9.39444 -55
    endloop
  endfacet
  facet normal -0 0 -1
    outer loop
      vertex 3.87291 -7.57784 -55
      vertex 1.75279 -8.90264 -55
      vertex 3.61584 -7.15 -55
    endloop
  endfacet
  facet normal 0 0 -1
    outer loop
      vertex 1.45077 -8.4 -55
      vertex 3.61584 -7.15 -55
      vertex 1.75279 -8.90264 -55
    endloop
  endfacet
  facet normal -0 0 -1
    outer loop
      vertex 3.61584 -7.15 -55
      vertex 1.45077 -8.4 -55
      vertex 3.37385 -6.71344 -55
    endloop
  endfacet
  facet normal 0 0 -1
    outer loop
      vertex 1.16648 -7.88712 -55
      vertex 3.37385 -6.71344 -55
      vertex 1.45077 -8.4 -55
    endloop
  endfacet
  facet normal -0 0 -1
    outer loop
      vertex 3.37385 -6.71344 -55
      vertex 1.16648 -7.88712 -55
      vertex 3.14724 -6.26871 -55
    endloop
  endfacet
  facet normal 0 0 -1
    outer loop
      vertex 0.90026 -7.36463 -55
      vertex 3.14724 -6.26871 -55
      vertex 1.16648 -7.88712 -55
    endloop
  endfacet
  facet normal -0 0 -1
    outer loop
      vertex 3.14724 -6.26871 -55
      vertex 0.90026 -7.36463 -55
      vertex 2.9363 -5.81633 -55
    endloop
  endfacet
  facet normal 0 0 -1
    outer loop
      vertex 0.652436 -6.83317 -55
      vertex 2.9363 -5.81633 -55
      vertex 0.90026 -7.36463 -55
    endloop
  endfacet
  facet normal -0 0 -1
    outer loop
      vertex 2.9363 -5.81633 -55
      vertex 0.652436 -6.83317 -55
      vertex 2.74127 -5.35687 -55
    endloop
  endfacet
  facet normal 0 0 -1
    outer loop
      vertex 0.423311 -6.29339 -55
      vertex 2.74127 -5.35687 -55
      vertex 0.652436 -6.83317 -55
    endloop
  endfacet
  facet normal -0 0 -1
    outer loop
      vertex 2.74127 -5.35687 -55
      vertex 0.423311 -6.29339 -55
      vertex 2.5624 -4.89089 -55
    endloop
  endfacet
  facet normal 0 0 -1
    outer loop
      vertex 0.213163 -5.74594 -55
      vertex 2.5624 -4.89089 -55
      vertex 0.423311 -6.29339 -55
    endloop
  endfacet
  facet normal -0 0 -1
    outer loop
      vertex 2.5624 -4.89089 -55
      vertex 0.213163 -5.74594 -55
      vertex 2.39989 -4.41894 -55
    endloop
  endfacet
  facet normal 0 0 -1
    outer loop
      vertex 0.0222502 -5.19149 -55
      vertex 2.39989 -4.41894 -55
      vertex 0.213163 -5.74594 -55
    endloop
  endfacet
  facet normal -0 0 -1
    outer loop
      vertex 2.39989 -4.41894 -55
      vertex 0.0222502 -5.19149 -55
      vertex 2.25396 -3.94161 -55
    endloop
  endfacet
  facet normal 0 0 -1
    outer loop
      vertex -0.149196 -4.63071 -55
      vertex 2.25396 -3.94161 -55
      vertex 0.0222502 -5.19149 -55
    endloop
  endfacet
  facet normal -0 0 -1
    outer loop
      vertex 2.25396 -3.94161 -55
      vertex -0.149196 -4.63071 -55
      vertex 2.12477 -3.45948 -55
    endloop
  endfacet
  facet normal 0 0 -1
    outer loop
      vertex 29.746 3.94161 -55
      vertex 32.1492 4.63071 -55
      vertex 29.8752 3.45948 -55
    endloop
  endfacet
  facet normal -0 0 -1
    outer loop
      vertex 32.1492 4.63071 -55
      vertex 29.746 3.94161 -55
      vertex 31.9777 5.19149 -55
    endloop
  endfacet
  facet normal 0 0 -1
    outer loop
      vertex 29.6001 4.41894 -55
      vertex 31.9777 5.19149 -55
      vertex 29.746 3.94161 -55
    endloop
  endfacet
  facet normal -0 0 -1
    outer loop
      vertex 31.9777 5.19149 -55
      vertex 29.6001 4.41894 -55
      vertex 31.7868 5.74594 -55
    endloop
  endfacet
  facet normal 0 0 -1
    outer loop
      vertex 29.4376 4.89089 -55
      vertex 31.7868 5.74594 -55
      vertex 29.6001 4.41894 -55
    endloop
  endfacet
  facet normal -0 0 -1
    outer loop
      vertex 31.7868 5.74594 -55
      vertex 29.4376 4.89089 -55
      vertex 31.5767 6.29339 -55
    endloop
  endfacet
  facet normal 0 0 -1
    outer loop
      vertex 29.2587 5.35687 -55
      vertex 31.5767 6.29339 -55
      vertex 29.4376 4.89089 -55
    endloop
  endfacet
  facet normal -0 0 -1
    outer loop
      vertex 31.5767 6.29339 -55
      vertex 29.2587 5.35687 -55
      vertex 31.3476 6.83317 -55
    endloop
  endfacet
  facet normal 0 0 -1
    outer loop
      vertex 29.0637 5.81633 -55
      vertex 31.3476 6.83317 -55
      vertex 29.2587 5.35687 -55
    endloop
  endfacet
  facet normal -0 0 -1
    outer loop
      vertex 31.3476 6.83317 -55
      vertex 29.0637 5.81633 -55
      vertex 31.0997 7.36463 -55
    endloop
  endfacet
  facet normal 0 0 -1
    outer loop
      vertex 28.8528 6.26871 -55
      vertex 31.0997 7.36463 -55
      vertex 29.0637 5.81633 -55
    endloop
  endfacet
  facet normal -0 0 -1
    outer loop
      vertex 31.0997 7.36463 -55
      vertex 28.8528 6.26871 -55
      vertex 30.8335 7.88712 -55
    endloop
  endfacet
  facet normal 0 0 -1
    outer loop
      vertex 28.6262 6.71344 -55
      vertex 30.8335 7.88712 -55
      vertex 28.8528 6.26871 -55
    endloop
  endfacet
  facet normal -0 0 -1
    outer loop
      vertex 30.8335 7.88712 -55
      vertex 28.6262 6.71344 -55
      vertex 30.5492 8.4 -55
    endloop
  endfacet
  facet normal 0 0 -1
    outer loop
      vertex 28.3842 7.15 -55
      vertex 30.5492 8.4 -55
      vertex 28.6262 6.71344 -55
    endloop
  endfacet
  facet normal -0 0 -1
    outer loop
      vertex 30.5492 8.4 -55
      vertex 28.3842 7.15 -55
      vertex 30.2472 8.90264 -55
    endloop
  endfacet
  facet normal 0 0 -1
    outer loop
      vertex 28.1271 7.57784 -55
      vertex 30.2472 8.90264 -55
      vertex 28.3842 7.15 -55
    endloop
  endfacet
  facet normal -0 0 -1
    outer loop
      vertex 30.2472 8.90264 -55
      vertex 28.1271 7.57784 -55
      vertex 29.9278 9.39444 -55
    endloop
  endfacet
  facet normal 0 0 -1
    outer loop
      vertex 27.8552 7.99646 -55
      vertex 29.9278 9.39444 -55
      vertex 28.1271 7.57784 -55
    endloop
  endfacet
  facet normal -0 0 -1
    outer loop
      vertex 29.9278 9.39444 -55
      vertex 27.8552 7.99646 -55
      vertex 29.5915 9.87479 -55
    endloop
  endfacet
  facet normal 0 0 -1
    outer loop
      vertex 27.5689 8.40533 -55
      vertex 29.5915 9.87479 -55
      vertex 27.8552 7.99646 -55
    endloop
  endfacet
  facet normal -0 0 -1
    outer loop
      vertex 29.5915 9.87479 -55
      vertex 27.5689 8.40533 -55
      vertex 29.2386 10.3431 -55
    endloop
  endfacet
  facet normal 0 0 -1
    outer loop
      vertex 27.2686 8.80396 -55
      vertex 29.2386 10.3431 -55
      vertex 27.5689 8.40533 -55
    endloop
  endfacet
  facet normal -0 0 -1
    outer loop
      vertex 29.2386 10.3431 -55
      vertex 27.2686 8.80396 -55
      vertex 28.8695 10.7988 -55
    endloop
  endfacet
  facet normal 0 0 -1
    outer loop
      vertex 26.9544 9.19186 -55
      vertex 28.8695 10.7988 -55
      vertex 27.2686 8.80396 -55
    endloop
  endfacet
  facet normal -0 0 -1
    outer loop
      vertex 28.8695 10.7988 -55
      vertex 26.9544 9.19186 -55
      vertex 28.4848 11.2414 -55
    endloop
  endfacet
  facet normal 0 0 -1
    outer loop
      vertex 26.627 9.56857 -55
      vertex 28.4848 11.2414 -55
      vertex 26.9544 9.19186 -55
    endloop
  endfacet
  facet normal -0 0 -1
    outer loop
      vertex 28.4848 11.2414 -55
      vertex 26.627 9.56857 -55
      vertex 28.0849 11.6703 -55
    endloop
  endfacet
  facet normal 0 0 -1
    outer loop
      vertex 26.2866 9.93361 -55
      vertex 28.0849 11.6703 -55
      vertex 26.627 9.56857 -55
    endloop
  endfacet
  facet normal -0 0 -1
    outer loop
      vertex 28.0849 11.6703 -55
      vertex 26.2866 9.93361 -55
      vertex 27.6703 12.0849 -55
    endloop
  endfacet
  facet normal 0 0 -1
    outer loop
      vertex 25.9336 10.2866 -55
      vertex 27.6703 12.0849 -55
      vertex 26.2866 9.93361 -55
    endloop
  endfacet
  facet normal -0 0 -1
    outer loop
      vertex 27.6703 12.0849 -55
      vertex 25.9336 10.2866 -55
      vertex 27.2414 12.4848 -55
    endloop
  endfacet
  facet normal 0 0 -1
    outer loop
      vertex 25.5686 10.627 -55
      vertex 27.2414 12.4848 -55
      vertex 25.9336 10.2866 -55
    endloop
  endfacet
  facet normal -0 0 -1
    outer loop
      vertex 27.2414 12.4848 -55
      vertex 25.5686 10.627 -55
      vertex 26.7988 12.8695 -55
    endloop
  endfacet
  facet normal 0 0 -1
    outer loop
      vertex 25.1919 10.9544 -55
      vertex 26.7988 12.8695 -55
      vertex 25.5686 10.627 -55
    endloop
  endfacet
  facet normal -0 0 -1
    outer loop
      vertex 26.7988 12.8695 -55
      vertex 25.1919 10.9544 -55
      vertex 26.3431 13.2386 -55
    endloop
  endfacet
  facet normal 0 0 -1
    outer loop
      vertex 24.804 11.2686 -55
      vertex 26.3431 13.2386 -55
      vertex 25.1919 10.9544 -55
    endloop
  endfacet
  facet normal -0 0 -1
    outer loop
      vertex 26.3431 13.2386 -55
      vertex 24.804 11.2686 -55
      vertex 25.8748 13.5915 -55
    endloop
  endfacet
  facet normal 0 0 -1
    outer loop
      vertex 24.4053 11.5689 -55
      vertex 25.8748 13.5915 -55
      vertex 24.804 11.2686 -55
    endloop
  endfacet
  facet normal -0 0 -1
    outer loop
      vertex 25.8748 13.5915 -55
      vertex 24.4053 11.5689 -55
      vertex 25.3944 13.9278 -55
    endloop
  endfacet
  facet normal 0 0 -1
    outer loop
      vertex 23.9965 11.8552 -55
      vertex 25.3944 13.9278 -55
      vertex 24.4053 11.5689 -55
    endloop
  endfacet
  facet normal -0 0 -1
    outer loop
      vertex 25.3944 13.9278 -55
      vertex 23.9965 11.8552 -55
      vertex 24.9026 14.2472 -55
    endloop
  endfacet
  facet normal 0 0 -1
    outer loop
      vertex 23.5778 12.1271 -55
      vertex 24.9026 14.2472 -55
      vertex 23.9965 11.8552 -55
    endloop
  endfacet
  facet normal -0 0 -1
    outer loop
      vertex 24.9026 14.2472 -55
      vertex 23.5778 12.1271 -55
      vertex 24.4 14.5492 -55
    endloop
  endfacet
  facet normal 0 0 -1
    outer loop
      vertex 23.15 12.3842 -55
      vertex 24.4 14.5492 -55
      vertex 23.5778 12.1271 -55
    endloop
  endfacet
  facet normal -0 0 -1
    outer loop
      vertex 24.4 14.5492 -55
      vertex 23.15 12.3842 -55
      vertex 23.8871 14.8335 -55
    endloop
  endfacet
  facet normal 0 0 -1
    outer loop
      vertex 22.7134 12.6262 -55
      vertex 23.8871 14.8335 -55
      vertex 23.15 12.3842 -55
    endloop
  endfacet
  facet normal -0 0 -1
    outer loop
      vertex 23.8871 14.8335 -55
      vertex 22.7134 12.6262 -55
      vertex 23.3646 15.0997 -55
    endloop
  endfacet
  facet normal 0 0 -1
    outer loop
      vertex 22.2687 12.8528 -55
      vertex 23.3646 15.0997 -55
      vertex 22.7134 12.6262 -55
    endloop
  endfacet
  facet normal -0 0 -1
    outer loop
      vertex 23.3646 15.0997 -55
      vertex 22.2687 12.8528 -55
      vertex 22.8332 15.3476 -55
    endloop
  endfacet
  facet normal 0 0 -1
    outer loop
      vertex 21.8163 13.0637 -55
      vertex 22.8332 15.3476 -55
      vertex 22.2687 12.8528 -55
    endloop
  endfacet
  facet normal -0 0 -1
    outer loop
      vertex 22.8332 15.3476 -55
      vertex 21.8163 13.0637 -55
      vertex 22.2934 15.5767 -55
    endloop
  endfacet
  facet normal 0 0 -1
    outer loop
      vertex 21.3569 13.2587 -55
      vertex 22.2934 15.5767 -55
      vertex 21.8163 13.0637 -55
    endloop
  endfacet
  facet normal -0 0 -1
    outer loop
      vertex 22.2934 15.5767 -55
      vertex 21.3569 13.2587 -55
      vertex 21.7459 15.7868 -55
    endloop
  endfacet
  facet normal 0 0 -1
    outer loop
      vertex 20.8909 13.4376 -55
      vertex 21.7459 15.7868 -55
      vertex 21.3569 13.2587 -55
    endloop
  endfacet
  facet normal -0 0 -1
    outer loop
      vertex 21.7459 15.7868 -55
      vertex 20.8909 13.4376 -55
      vertex 21.1915 15.9777 -55
    endloop
  endfacet
  facet normal 0 0 -1
    outer loop
      vertex 20.4189 13.6001 -55
      vertex 21.1915 15.9777 -55
      vertex 20.8909 13.4376 -55
    endloop
  endfacet
  facet normal -0 0 -1
    outer loop
      vertex 21.1915 15.9777 -55
      vertex 20.4189 13.6001 -55
      vertex 20.6307 16.1492 -55
    endloop
  endfacet
  facet normal 0 0 -1
    outer loop
      vertex 19.9416 13.746 -55
      vertex 20.6307 16.1492 -55
      vertex 20.4189 13.6001 -55
    endloop
  endfacet
  facet normal -0 0 -1
    outer loop
      vertex 20.6307 16.1492 -55
      vertex 19.9416 13.746 -55
      vertex 20.0643 16.301 -55
    endloop
  endfacet
  facet normal 0 0 -1
    outer loop
      vertex 19.4595 13.8752 -55
      vertex 20.0643 16.301 -55
      vertex 19.9416 13.746 -55
    endloop
  endfacet
  facet normal -0 0 -1
    outer loop
      vertex 20.0643 16.301 -55
      vertex 19.4595 13.8752 -55
      vertex 19.4929 16.4329 -55
    endloop
  endfacet
  facet normal 0 0 -1
    outer loop
      vertex 18.9731 13.9875 -55
      vertex 19.4929 16.4329 -55
      vertex 19.4595 13.8752 -55
    endloop
  endfacet
  facet normal 0 0 -1
    outer loop
      vertex 18.9731 13.9875 -55
      vertex 18.9173 16.5448 -55
      vertex 19.4929 16.4329 -55
    endloop
  endfacet
  facet normal 0 0 -1
    outer loop
      vertex 18.4832 14.0828 -55
      vertex 18.9173 16.5448 -55
      vertex 18.9731 13.9875 -55
    endloop
  endfacet
  facet normal 0 0 -1
    outer loop
      vertex 18.4832 14.0828 -55
      vertex 18.3381 16.6365 -55
      vertex 18.9173 16.5448 -55
    endloop
  endfacet
  facet normal 0 0 -1
    outer loop
      vertex 17.9902 14.1608 -55
      vertex 18.3381 16.6365 -55
      vertex 18.4832 14.0828 -55
    endloop
  endfacet
  facet normal 0 0 -1
    outer loop
      vertex 17.9902 14.1608 -55
      vertex 17.7561 16.708 -55
      vertex 18.3381 16.6365 -55
    endloop
  endfacet
  facet normal 0 0 -1
    outer loop
      vertex 17.4948 14.2217 -55
      vertex 17.7561 16.708 -55
      vertex 17.9902 14.1608 -55
    endloop
  endfacet
  facet normal 0 0 -1
    outer loop
      vertex 17.4948 14.2217 -55
      vertex 17.1719 16.7591 -55
      vertex 17.7561 16.708 -55
    endloop
  endfacet
  facet normal 0 0 -1
    outer loop
      vertex 16.9975 14.2652 -55
      vertex 17.1719 16.7591 -55
      vertex 17.4948 14.2217 -55
    endloop
  endfacet
  facet normal 0 0 -1
    outer loop
      vertex 16.9975 14.2652 -55
      vertex 16.5863 16.7898 -55
      vertex 17.1719 16.7591 -55
    endloop
  endfacet
  facet normal 0 0 -1
    outer loop
      vertex 16.4991 14.2913 -55
      vertex 16.5863 16.7898 -55
      vertex 16.9975 14.2652 -55
    endloop
  endfacet
  facet normal 0 0 -1
    outer loop
      vertex 16 14.3 -55
      vertex 16.5863 16.7898 -55
      vertex 16.4991 14.2913 -55
    endloop
  endfacet
  facet normal 0 0 -1
    outer loop
      vertex 16 14.3 -55
      vertex 16 16.8 -55
      vertex 16.5863 16.7898 -55
    endloop
  endfacet
  facet normal 0 0 -1
    outer loop
      vertex 15.5009 14.2913 -55
      vertex 16 16.8 -55
      vertex 16 14.3 -55
    endloop
  endfacet
  facet normal 0 0 -1
    outer loop
      vertex 15.5009 14.2913 -55
      vertex 15.4137 16.7898 -55
      vertex 16 16.8 -55
    endloop
  endfacet
  facet normal 0 0 -1
    outer loop
      vertex 15.0025 14.2652 -55
      vertex 15.4137 16.7898 -55
      vertex 15.5009 14.2913 -55
    endloop
  endfacet
  facet normal 0 0 -1
    outer loop
      vertex 15.0025 14.2652 -55
      vertex 14.8281 16.7591 -55
      vertex 15.4137 16.7898 -55
    endloop
  endfacet
  facet normal 0 0 -1
    outer loop
      vertex 14.5052 14.2217 -55
      vertex 14.8281 16.7591 -55
      vertex 15.0025 14.2652 -55
    endloop
  endfacet
  facet normal 0 0 -1
    outer loop
      vertex 14.5052 14.2217 -55
      vertex 14.2439 16.708 -55
      vertex 14.8281 16.7591 -55
    endloop
  endfacet
  facet normal 0 0 -1
    outer loop
      vertex 14.0098 14.1608 -55
      vertex 14.2439 16.708 -55
      vertex 14.5052 14.2217 -55
    endloop
  endfacet
  facet normal 0 0 -1
    outer loop
      vertex 14.0098 14.1608 -55
      vertex 13.6619 16.6365 -55
      vertex 14.2439 16.708 -55
    endloop
  endfacet
  facet normal 0 0 -1
    outer loop
      vertex 13.5168 14.0828 -55
      vertex 13.6619 16.6365 -55
      vertex 14.0098 14.1608 -55
    endloop
  endfacet
  facet normal 0 0 -1
    outer loop
      vertex 13.5168 14.0828 -55
      vertex 13.0827 16.5448 -55
      vertex 13.6619 16.6365 -55
    endloop
  endfacet
  facet normal 0 0 -1
    outer loop
      vertex 13.0269 13.9875 -55
      vertex 13.0827 16.5448 -55
      vertex 13.5168 14.0828 -55
    endloop
  endfacet
  facet normal 0 0 -1
    outer loop
      vertex 12.5071 16.4329 -55
      vertex 13.0269 13.9875 -55
      vertex 12.5405 13.8752 -55
    endloop
  endfacet
  facet normal 0 0 -1
    outer loop
      vertex 13.0269 13.9875 -55
      vertex 12.5071 16.4329 -55
      vertex 13.0827 16.5448 -55
    endloop
  endfacet
  facet normal 0 0 -1
    outer loop
      vertex 11.9357 16.301 -55
      vertex 12.5405 13.8752 -55
      vertex 12.0584 13.746 -55
    endloop
  endfacet
  facet normal 0 0 -1
    outer loop
      vertex 12.5405 13.8752 -55
      vertex 11.9357 16.301 -55
      vertex 12.5071 16.4329 -55
    endloop
  endfacet
  facet normal 0 0 -1
    outer loop
      vertex 11.3693 16.1492 -55
      vertex 12.0584 13.746 -55
      vertex 11.5811 13.6001 -55
    endloop
  endfacet
  facet normal 0 0 -1
    outer loop
      vertex 12.0584 13.746 -55
      vertex 11.3693 16.1492 -55
      vertex 11.9357 16.301 -55
    endloop
  endfacet
  facet normal 0 0 -1
    outer loop
      vertex 10.8085 15.9777 -55
      vertex 11.5811 13.6001 -55
      vertex 11.1091 13.4376 -55
    endloop
  endfacet
  facet normal 0 0 -1
    outer loop
      vertex 11.5811 13.6001 -55
      vertex 10.8085 15.9777 -55
      vertex 11.3693 16.1492 -55
    endloop
  endfacet
  facet normal 0 0 -1
    outer loop
      vertex 10.2541 15.7868 -55
      vertex 11.1091 13.4376 -55
      vertex 10.6431 13.2587 -55
    endloop
  endfacet
  facet normal 0 0 -1
    outer loop
      vertex 11.1091 13.4376 -55
      vertex 10.2541 15.7868 -55
      vertex 10.8085 15.9777 -55
    endloop
  endfacet
  facet normal 0 0 -1
    outer loop
      vertex 9.70661 15.5767 -55
      vertex 10.6431 13.2587 -55
      vertex 10.1837 13.0637 -55
    endloop
  endfacet
  facet normal 0 0 -1
    outer loop
      vertex 9.16682 15.3476 -55
      vertex 10.1837 13.0637 -55
      vertex 9.73129 12.8528 -55
    endloop
  endfacet
  facet normal 0 0 -1
    outer loop
      vertex 10.6431 13.2587 -55
      vertex 9.70661 15.5767 -55
      vertex 10.2541 15.7868 -55
    endloop
  endfacet
  facet normal 0 0 -1
    outer loop
      vertex 8.63536 15.0997 -55
      vertex 9.73129 12.8528 -55
      vertex 9.28656 12.6262 -55
    endloop
  endfacet
  facet normal 0 0 -1
    outer loop
      vertex 10.1837 13.0637 -55
      vertex 9.16682 15.3476 -55
      vertex 9.70661 15.5767 -55
    endloop
  endfacet
  facet normal 0 0 -1
    outer loop
      vertex 8.11288 14.8335 -55
      vertex 9.28656 12.6262 -55
      vertex 8.85 12.3842 -55
    endloop
  endfacet
  facet normal 0 0 -1
    outer loop
      vertex 9.73129 12.8528 -55
      vertex 8.63536 15.0997 -55
      vertex 9.16682 15.3476 -55
    endloop
  endfacet
  facet normal 0 0 -1
    outer loop
      vertex 7.6 14.5492 -55
      vertex 8.85 12.3842 -55
      vertex 8.42215 12.1271 -55
    endloop
  endfacet
  facet normal 0 0 -1
    outer loop
      vertex 9.28656 12.6262 -55
      vertex 8.11288 14.8335 -55
      vertex 8.63536 15.0997 -55
    endloop
  endfacet
  facet normal 0 0 -1
    outer loop
      vertex 7.09736 14.2472 -55
      vertex 8.42215 12.1271 -55
      vertex 8.00354 11.8552 -55
    endloop
  endfacet
  facet normal 0 0 -1
    outer loop
      vertex 8.85 12.3842 -55
      vertex 7.6 14.5492 -55
      vertex 8.11288 14.8335 -55
    endloop
  endfacet
  facet normal 0 0 -1
    outer loop
      vertex 6.60556 13.9278 -55
      vertex 8.00354 11.8552 -55
      vertex 7.59467 11.5689 -55
    endloop
  endfacet
  facet normal 0 0 -1
    outer loop
      vertex 6.12521 13.5915 -55
      vertex 7.59467 11.5689 -55
      vertex 7.19604 11.2686 -55
    endloop
  endfacet
  facet normal 0 0 -1
    outer loop
      vertex 8.42215 12.1271 -55
      vertex 7.09736 14.2472 -55
      vertex 7.6 14.5492 -55
    endloop
  endfacet
  facet normal 0 0 -1
    outer loop
      vertex 5.65689 13.2386 -55
      vertex 7.19604 11.2686 -55
      vertex 6.80814 10.9544 -55
    endloop
  endfacet
  facet normal 0 0 -1
    outer loop
      vertex 8.00354 11.8552 -55
      vertex 6.60556 13.9278 -55
      vertex 7.09736 14.2472 -55
    endloop
  endfacet
  facet normal 0 0 -1
    outer loop
      vertex 5.20117 12.8695 -55
      vertex 6.80814 10.9544 -55
      vertex 6.43143 10.627 -55
    endloop
  endfacet
  facet normal 0 0 -1
    outer loop
      vertex 7.59467 11.5689 -55
      vertex 6.12521 13.5915 -55
      vertex 6.60556 13.9278 -55
    endloop
  endfacet
  facet normal 0 0 -1
    outer loop
      vertex 4.75861 12.4848 -55
      vertex 6.43143 10.627 -55
      vertex 6.06639 10.2866 -55
    endloop
  endfacet
  facet normal 0 0 -1
    outer loop
      vertex 4.32974 12.0849 -55
      vertex 6.06639 10.2866 -55
      vertex 5.71344 9.93361 -55
    endloop
  endfacet
  facet normal 0 0 -1
    outer loop
      vertex 7.19604 11.2686 -55
      vertex 5.65689 13.2386 -55
      vertex 6.12521 13.5915 -55
    endloop
  endfacet
  facet normal 0 0 -1
    outer loop
      vertex 3.91509 11.6703 -55
      vertex 5.71344 9.93361 -55
      vertex 5.37303 9.56857 -55
    endloop
  endfacet
  facet normal 0 0 -1
    outer loop
      vertex 6.80814 10.9544 -55
      vertex 5.20117 12.8695 -55
      vertex 5.65689 13.2386 -55
    endloop
  endfacet
  facet normal 0 0 -1
    outer loop
      vertex 3.51517 11.2414 -55
      vertex 5.37303 9.56857 -55
      vertex 5.04556 9.19186 -55
    endloop
  endfacet
  facet normal 0 0 -1
    outer loop
      vertex 6.43143 10.627 -55
      vertex 4.75861 12.4848 -55
      vertex 5.20117 12.8695 -55
    endloop
  endfacet
  facet normal 0 0 -1
    outer loop
      vertex 3.13045 10.7988 -55
      vertex 5.04556 9.19186 -55
      vertex 4.73145 8.80396 -55
    endloop
  endfacet
  facet normal 0 0 -1
    outer loop
      vertex 2.76142 10.3431 -55
      vertex 4.73145 8.80396 -55
      vertex 4.43106 8.40533 -55
    endloop
  endfacet
  facet normal 0 0 -1
    outer loop
      vertex 6.06639 10.2866 -55
      vertex 4.32974 12.0849 -55
      vertex 4.75861 12.4848 -55
    endloop
  endfacet
  facet normal 0 0 -1
    outer loop
      vertex 2.40851 9.87479 -55
      vertex 4.43106 8.40533 -55
      vertex 4.14476 7.99646 -55
    endloop
  endfacet
  facet normal 0 0 -1
    outer loop
      vertex 5.71344 9.93361 -55
      vertex 3.91509 11.6703 -55
      vertex 4.32974 12.0849 -55
    endloop
  endfacet
  facet normal 0 0 -1
    outer loop
      vertex 2.07217 9.39444 -55
      vertex 4.14476 7.99646 -55
      vertex 3.87291 7.57784 -55
    endloop
  endfacet
  facet normal 0 0 -1
    outer loop
      vertex 1.75279 8.90264 -55
      vertex 3.87291 7.57784 -55
      vertex 3.61584 7.15 -55
    endloop
  endfacet
  facet normal 0 0 -1
    outer loop
      vertex 5.37303 9.56857 -55
      vertex 3.51517 11.2414 -55
      vertex 3.91509 11.6703 -55
    endloop
  endfacet
  facet normal 0 0 -1
    outer loop
      vertex 1.45077 8.4 -55
      vertex 3.61584 7.15 -55
      vertex 3.37385 6.71344 -55
    endloop
  endfacet
  facet normal 0 0 -1
    outer loop
      vertex 1.16648 7.88712 -55
      vertex 3.37385 6.71344 -55
      vertex 3.14724 6.26871 -55
    endloop
  endfacet
  facet normal 0 0 -1
    outer loop
      vertex 5.04556 9.19186 -55
      vertex 3.13045 10.7988 -55
      vertex 3.51517 11.2414 -55
    endloop
  endfacet
  facet normal 0 0 -1
    outer loop
      vertex 0.90026 7.36463 -55
      vertex 3.14724 6.26871 -55
      vertex 2.9363 5.81633 -55
    endloop
  endfacet
  facet normal 0 0 -1
    outer loop
      vertex 4.73145 8.80396 -55
      vertex 2.76142 10.3431 -55
      vertex 3.13045 10.7988 -55
    endloop
  endfacet
  facet normal 0 0 -1
    outer loop
      vertex 0.652436 6.83317 -55
      vertex 2.9363 5.81633 -55
      vertex 2.74127 5.35687 -55
    endloop
  endfacet
  facet normal 0 0 -1
    outer loop
      vertex 0.423311 6.29339 -55
      vertex 2.74127 5.35687 -55
      vertex 2.5624 4.89089 -55
    endloop
  endfacet
  facet normal 0 0 -1
    outer loop
      vertex 4.43106 8.40533 -55
      vertex 2.40851 9.87479 -55
      vertex 2.76142 10.3431 -55
    endloop
  endfacet
  facet normal 0 0 -1
    outer loop
      vertex 0.213163 5.74594 -55
      vertex 2.5624 4.89089 -55
      vertex 2.39989 4.41894 -55
    endloop
  endfacet
  facet normal 0 0 -1
    outer loop
      vertex 0.0222502 5.19149 -55
      vertex 2.39989 4.41894 -55
      vertex 2.25396 3.94161 -55
    endloop
  endfacet
  facet normal 0 0 -1
    outer loop
      vertex -0.149196 4.63071 -55
      vertex 2.25396 3.94161 -55
      vertex 2.12477 3.45948 -55
    endloop
  endfacet
  facet normal 0 0 -1
    outer loop
      vertex 4.14476 7.99646 -55
      vertex 2.07217 9.39444 -55
      vertex 2.40851 9.87479 -55
    endloop
  endfacet
  facet normal 0 0 -1
    outer loop
      vertex -0.300968 4.06429 -55
      vertex 2.12477 3.45948 -55
      vertex 2.01249 2.97314 -55
    endloop
  endfacet
  facet normal 0 0 -1
    outer loop
      vertex -0.432879 3.49292 -55
      vertex 2.01249 2.97314 -55
      vertex 1.91725 2.48317 -55
    endloop
  endfacet
  facet normal 0 0 -1
    outer loop
      vertex -0.54477 2.91729 -55
      vertex 1.91725 2.48317 -55
      vertex 1.83917 1.99018 -55
    endloop
  endfacet
  facet normal 0 0 -1
    outer loop
      vertex -0.636503 2.33811 -55
      vertex 1.83917 1.99018 -55
      vertex 1.77834 1.49476 -55
    endloop
  endfacet
  facet normal 0 0 -1
    outer loop
      vertex 3.87291 7.57784 -55
      vertex 1.75279 8.90264 -55
      vertex 2.07217 9.39444 -55
    endloop
  endfacet
  facet normal 0 0 -1
    outer loop
      vertex -0.707968 1.75608 -55
      vertex 1.77834 1.49476 -55
      vertex 1.73483 0.997517 -55
    endloop
  endfacet
  facet normal 0 0 -1
    outer loop
      vertex -0.759075 1.17191 -55
      vertex 1.73483 0.997517 -55
      vertex 1.70871 0.499063 -55
    endloop
  endfacet
  facet normal 0 0 -1
    outer loop
      vertex -0.789765 0.586311 -55
      vertex 1.70871 0.499063 -55
      vertex 1.7 0 -55
    endloop
  endfacet
  facet normal 0 0 -1
    outer loop
      vertex -0.300968 -4.06429 -55
      vertex 2.12477 -3.45948 -55
      vertex -0.149196 -4.63071 -55
    endloop
  endfacet
  facet normal 0 0 -1
    outer loop
      vertex 3.61584 7.15 -55
      vertex 1.45077 8.4 -55
      vertex 1.75279 8.90264 -55
    endloop
  endfacet
  facet normal -0 0 -1
    outer loop
      vertex 2.12477 -3.45948 -55
      vertex -0.300968 -4.06429 -55
      vertex 2.01249 -2.97314 -55
    endloop
  endfacet
  facet normal 0 0 -1
    outer loop
      vertex 3.37385 6.71344 -55
      vertex 1.16648 7.88712 -55
      vertex 1.45077 8.4 -55
    endloop
  endfacet
  facet normal 0 0 -1
    outer loop
      vertex -0.432879 -3.49292 -55
      vertex 2.01249 -2.97314 -55
      vertex -0.300968 -4.06429 -55
    endloop
  endfacet
  facet normal 0 0 -1
    outer loop
      vertex 3.14724 6.26871 -55
      vertex 0.90026 7.36463 -55
      vertex 1.16648 7.88712 -55
    endloop
  endfacet
  facet normal -0 0 -1
    outer loop
      vertex 2.01249 -2.97314 -55
      vertex -0.432879 -3.49292 -55
      vertex 1.91725 -2.48317 -55
    endloop
  endfacet
  facet normal 0 0 -1
    outer loop
      vertex 2.9363 5.81633 -55
      vertex 0.652436 6.83317 -55
      vertex 0.90026 7.36463 -55
    endloop
  endfacet
  facet normal 0 0 -1
    outer loop
      vertex -0.54477 -2.91729 -55
      vertex 1.91725 -2.48317 -55
      vertex -0.432879 -3.49292 -55
    endloop
  endfacet
  facet normal 0 0 -1
    outer loop
      vertex 2.74127 5.35687 -55
      vertex 0.423311 6.29339 -55
      vertex 0.652436 6.83317 -55
    endloop
  endfacet
  facet normal -0 0 -1
    outer loop
      vertex 1.91725 -2.48317 -55
      vertex -0.54477 -2.91729 -55
      vertex 1.83917 -1.99018 -55
    endloop
  endfacet
  facet normal 0 0 -1
    outer loop
      vertex 2.5624 4.89089 -55
      vertex 0.213163 5.74594 -55
      vertex 0.423311 6.29339 -55
    endloop
  endfacet
  facet normal 0 0 -1
    outer loop
      vertex -0.636503 -2.33811 -55
      vertex 1.83917 -1.99018 -55
      vertex -0.54477 -2.91729 -55
    endloop
  endfacet
  facet normal 0 0 -1
    outer loop
      vertex 2.39989 4.41894 -55
      vertex 0.0222502 5.19149 -55
      vertex 0.213163 5.74594 -55
    endloop
  endfacet
  facet normal -0 0 -1
    outer loop
      vertex 1.83917 -1.99018 -55
      vertex -0.636503 -2.33811 -55
      vertex 1.77834 -1.49476 -55
    endloop
  endfacet
  facet normal 0 0 -1
    outer loop
      vertex 2.25396 3.94161 -55
      vertex -0.149196 4.63071 -55
      vertex 0.0222502 5.19149 -55
    endloop
  endfacet
  facet normal 0 0 -1
    outer loop
      vertex -0.707968 -1.75608 -55
      vertex 1.77834 -1.49476 -55
      vertex -0.636503 -2.33811 -55
    endloop
  endfacet
  facet normal 0 0 -1
    outer loop
      vertex 2.12477 3.45948 -55
      vertex -0.300968 4.06429 -55
      vertex -0.149196 4.63071 -55
    endloop
  endfacet
  facet normal -0 0 -1
    outer loop
      vertex 1.77834 -1.49476 -55
      vertex -0.707968 -1.75608 -55
      vertex 1.73483 -0.997517 -55
    endloop
  endfacet
  facet normal 0 0 -1
    outer loop
      vertex 2.01249 2.97314 -55
      vertex -0.432879 3.49292 -55
      vertex -0.300968 4.06429 -55
    endloop
  endfacet
  facet normal 0 0 -1
    outer loop
      vertex -0.759075 -1.17191 -55
      vertex 1.73483 -0.997517 -55
      vertex -0.707968 -1.75608 -55
    endloop
  endfacet
  facet normal 0 0 -1
    outer loop
      vertex 1.91725 2.48317 -55
      vertex -0.54477 2.91729 -55
      vertex -0.432879 3.49292 -55
    endloop
  endfacet
  facet normal -0 0 -1
    outer loop
      vertex 1.73483 -0.997517 -55
      vertex -0.759075 -1.17191 -55
      vertex 1.70871 -0.499063 -55
    endloop
  endfacet
  facet normal 0 0 -1
    outer loop
      vertex 1.83917 1.99018 -55
      vertex -0.636503 2.33811 -55
      vertex -0.54477 2.91729 -55
    endloop
  endfacet
  facet normal 0 0 -1
    outer loop
      vertex -0.789765 -0.586311 -55
      vertex 1.70871 -0.499063 -55
      vertex -0.759075 -1.17191 -55
    endloop
  endfacet
  facet normal 0 0 -1
    outer loop
      vertex 1.77834 1.49476 -55
      vertex -0.707968 1.75608 -55
      vertex -0.636503 2.33811 -55
    endloop
  endfacet
  facet normal -0 0 -1
    outer loop
      vertex 1.70871 -0.499063 -55
      vertex -0.789765 -0.586311 -55
      vertex 1.7 0 -55
    endloop
  endfacet
  facet normal 0 0 -1
    outer loop
      vertex 1.73483 0.997517 -55
      vertex -0.759075 1.17191 -55
      vertex -0.707968 1.75608 -55
    endloop
  endfacet
  facet normal 0 0 -1
    outer loop
      vertex -0.799999 0 -55
      vertex 1.7 0 -55
      vertex -0.789765 -0.586311 -55
    endloop
  endfacet
  facet normal 0 0 -1
    outer loop
      vertex 1.70871 0.499063 -55
      vertex -0.789765 0.586311 -55
      vertex -0.759075 1.17191 -55
    endloop
  endfacet
  facet normal 0 0 -1
    outer loop
      vertex 1.7 0 -55
      vertex -0.799999 0 -55
      vertex -0.789765 0.586311 -55
    endloop
  endfacet
  facet normal -0.0173946 -0.999849 0
    outer loop
      vertex 15.4137 -16.7898 -55
      vertex 16 -16.8 -5
      vertex 15.4137 -16.7898 -5
    endloop
  endfacet
  facet normal -0.0173946 -0.999849 -0
    outer loop
      vertex 16 -16.8 -5
      vertex 15.4137 -16.7898 -55
      vertex 16 -16.8 -55
    endloop
  endfacet
  facet normal -0.224922 -0.974377 0
    outer loop
      vertex 11.9357 -16.301 -55
      vertex 12.5071 -16.4329 -5
      vertex 11.9357 -16.301 -5
    endloop
  endfacet
  facet normal -0.224922 -0.974377 -0
    outer loop
      vertex 12.5071 -16.4329 -5
      vertex 11.9357 -16.301 -55
      vertex 12.5071 -16.4329 -55
    endloop
  endfacet
  facet normal -0.819156 0.573571 0
    outer loop
      vertex 2.07217 9.39444 -55
      vertex 2.40851 9.87479 -5
      vertex 2.40851 9.87479 -55
    endloop
  endfacet
  facet normal -0.819156 0.573571 0
    outer loop
      vertex 2.40851 9.87479 -5
      vertex 2.07217 9.39444 -55
      vertex 2.07217 9.39444 -5
    endloop
  endfacet
  facet normal -0.920504 0.390734 0
    outer loop
      vertex 0.423311 6.29339 -55
      vertex 0.652436 6.83317 -5
      vertex 0.652436 6.83317 -55
    endloop
  endfacet
  facet normal -0.920504 0.390734 0
    outer loop
      vertex 0.652436 6.83317 -5
      vertex 0.423311 6.29339 -55
      vertex 0.423311 6.29339 -5
    endloop
  endfacet
  facet normal 0.258872 0.965912 -0
    outer loop
      vertex 20.6307 16.1492 -55
      vertex 20.0643 16.301 -5
      vertex 20.6307 16.1492 -5
    endloop
  endfacet
  facet normal 0.258872 0.965912 0
    outer loop
      vertex 20.0643 16.301 -5
      vertex 20.6307 16.1492 -55
      vertex 20.0643 16.301 -55
    endloop
  endfacet
  facet normal 0.819188 -0.573525 0
    outer loop
      vertex 29.5915 -9.87479 -5
      vertex 29.9278 -9.39444 -55
      vertex 29.9278 -9.39444 -5
    endloop
  endfacet
  facet normal 0.819188 -0.573525 0
    outer loop
      vertex 29.9278 -9.39444 -55
      vertex 29.5915 -9.87479 -5
      vertex 29.5915 -9.87479 -55
    endloop
  endfacet
  facet normal -0.422725 0.906258 0
    outer loop
      vertex 9.16682 15.3476 -55
      vertex 8.63536 15.0997 -5
      vertex 9.16682 15.3476 -5
    endloop
  endfacet
  facet normal -0.422725 0.906258 0
    outer loop
      vertex 8.63536 15.0997 -5
      vertex 9.16682 15.3476 -55
      vertex 8.63536 15.0997 -55
    endloop
  endfacet
  facet normal -0.453968 -0.891018 0
    outer loop
      vertex 8.11288 -14.8335 -55
      vertex 8.63536 -15.0997 -5
      vertex 8.11288 -14.8335 -5
    endloop
  endfacet
  facet normal -0.453968 -0.891018 -0
    outer loop
      vertex 8.63536 -15.0997 -5
      vertex 8.11288 -14.8335 -55
      vertex 8.63536 -15.0997 -55
    endloop
  endfacet
  facet normal 0.777078 0.629404 0
    outer loop
      vertex 29.2386 10.3431 -5
      vertex 28.8695 10.7988 -55
      vertex 28.8695 10.7988 -5
    endloop
  endfacet
  facet normal 0.777078 0.629404 0
    outer loop
      vertex 28.8695 10.7988 -55
      vertex 29.2386 10.3431 -5
      vertex 29.2386 10.3431 -55
    endloop
  endfacet
  facet normal 0.798633 0.601818 0
    outer loop
      vertex 29.5915 9.87479 -5
      vertex 29.2386 10.3431 -55
      vertex 29.2386 10.3431 -5
    endloop
  endfacet
  facet normal 0.798633 0.601818 0
    outer loop
      vertex 29.2386 10.3431 -55
      vertex 29.5915 9.87479 -5
      vertex 29.5915 9.87479 -55
    endloop
  endfacet
  facet normal -0.453968 0.891018 0
    outer loop
      vertex 8.63536 15.0997 -55
      vertex 8.11288 14.8335 -5
      vertex 8.63536 15.0997 -5
    endloop
  endfacet
  facet normal -0.453968 0.891018 0
    outer loop
      vertex 8.11288 14.8335 -5
      vertex 8.63536 15.0997 -55
      vertex 8.11288 14.8335 -55
    endloop
  endfacet
  facet normal -0.484817 -0.874615 0
    outer loop
      vertex 7.6 -14.5492 -55
      vertex 8.11288 -14.8335 -5
      vertex 7.6 -14.5492 -5
    endloop
  endfacet
  facet normal -0.484817 -0.874615 -0
    outer loop
      vertex 8.11288 -14.8335 -5
      vertex 7.6 -14.5492 -55
      vertex 8.11288 -14.8335 -55
    endloop
  endfacet
  facet normal -0.594971 -0.803747 0
    outer loop
      vertex 23.5401 20.761 -5
      vertex 23.8554 20.5276 4
      vertex 23.5401 20.761 4
    endloop
  endfacet
  facet normal -0.594971 -0.803747 -0
    outer loop
      vertex 23.8554 20.5276 4
      vertex 23.5401 20.761 -5
      vertex 23.8554 20.5276 -5
    endloop
  endfacet
  facet normal -0.713198 -0.700963 0
    outer loop
      vertex 24.1304 20.2478 -5
      vertex 23.8554 20.5276 4
      vertex 23.8554 20.5276 -5
    endloop
  endfacet
  facet normal -0.713198 -0.700963 0
    outer loop
      vertex 23.8554 20.5276 4
      vertex 24.1304 20.2478 -5
      vertex 24.1304 20.2478 4
    endloop
  endfacet
  facet normal -0.98627 0.165143 0
    outer loop
      vertex 24.641 18.036 -5
      vertex 24.7058 18.423 4
      vertex 24.7058 18.423 -5
    endloop
  endfacet
  facet normal -0.98627 0.165143 0
    outer loop
      vertex 24.7058 18.423 4
      vertex 24.641 18.036 -5
      vertex 24.641 18.036 4
    endloop
  endfacet
  facet normal -0.446092 0.894987 0
    outer loop
      vertex 23.5029 16.4979 -5
      vertex 23.1518 16.3229 4
      vertex 23.5029 16.4979 4
    endloop
  endfacet
  facet normal -0.446092 0.894987 0
    outer loop
      vertex 23.1518 16.3229 4
      vertex 23.5029 16.4979 -5
      vertex 23.1518 16.3229 -5
    endloop
  endfacet
  facet normal -0.814147 -0.580659 0
    outer loop
      vertex 24.3582 19.9284 -5
      vertex 24.1304 20.2478 4
      vertex 24.1304 20.2478 -5
    endloop
  endfacet
  facet normal -0.814147 -0.580659 0
    outer loop
      vertex 24.1304 20.2478 4
      vertex 24.3582 19.9284 -5
      vertex 24.3582 19.9284 4
    endloop
  endfacet
  facet normal -0.147842 0.989011 0
    outer loop
      vertex 22.7777 16.2049 -5
      vertex 22.3897 16.1469 4
      vertex 22.7777 16.2049 4
    endloop
  endfacet
  facet normal -0.147842 0.989011 0
    outer loop
      vertex 22.3897 16.1469 4
      vertex 22.7777 16.2049 -5
      vertex 22.3897 16.1469 -5
    endloop
  endfacet
  facet normal -0.164936 -0.986304 0
    outer loop
      vertex 22.4332 21.1313 -5
      vertex 22.8201 21.0666 4
      vertex 22.4332 21.1313 4
    endloop
  endfacet
  facet normal -0.164936 -0.986304 -0
    outer loop
      vertex 22.8201 21.0666 4
      vertex 22.4332 21.1313 -5
      vertex 22.8201 21.0666 -5
    endloop
  endfacet
  facet normal 0.580659 -0.814147 0
    outer loop
      vertex 20.6083 20.556 -5
      vertex 20.9277 20.7838 4
      vertex 20.6083 20.556 4
    endloop
  endfacet
  facet normal 0.580659 -0.814147 0
    outer loop
      vertex 20.9277 20.7838 4
      vertex 20.6083 20.556 -5
      vertex 20.9277 20.7838 -5
    endloop
  endfacet
  facet normal 0.164936 0.986304 -0
    outer loop
      vertex 21.9974 16.1504 -5
      vertex 21.6105 16.2151 4
      vertex 21.9974 16.1504 4
    endloop
  endfacet
  facet normal 0.164936 0.986304 0
    outer loop
      vertex 21.6105 16.2151 4
      vertex 21.9974 16.1504 -5
      vertex 21.6105 16.2151 -5
    endloop
  endfacet
  facet normal 0.999962 -0.00866651 0
    outer loop
      vertex 19.7214 18.4664 4
      vertex 19.7248 18.8587 -5
      vertex 19.7248 18.8587 4
    endloop
  endfacet
  facet normal 0.999962 -0.00866651 0
    outer loop
      vertex 19.7248 18.8587 -5
      vertex 19.7214 18.4664 4
      vertex 19.7214 18.4664 -5
    endloop
  endfacet
  facet normal 0.446092 -0.894987 0
    outer loop
      vertex 20.9277 20.7838 -5
      vertex 21.2788 20.9588 4
      vertex 20.9277 20.7838 4
    endloop
  endfacet
  facet normal 0.446092 -0.894987 0
    outer loop
      vertex 21.2788 20.9588 4
      vertex 20.9277 20.7838 -5
      vertex 21.2788 20.9588 -5
    endloop
  endfacet
  facet normal -0.803869 0.594807 0
    outer loop
      vertex 24.1021 17.0007 -5
      vertex 24.3354 17.316 4
      vertex 24.3354 17.316 -5
    endloop
  endfacet
  facet normal -0.803869 0.594807 0
    outer loop
      vertex 24.3354 17.316 4
      vertex 24.1021 17.0007 -5
      vertex 24.1021 17.0007 4
    endloop
  endfacet
  facet normal 0.803959 -0.594685 0
    outer loop
      vertex 20.0952 19.9656 4
      vertex 20.3285 20.281 -5
      vertex 20.3285 20.281 4
    endloop
  endfacet
  facet normal 0.803959 -0.594685 0
    outer loop
      vertex 20.3285 20.281 -5
      vertex 20.0952 19.9656 4
      vertex 20.0952 19.9656 -5
    endloop
  endfacet
  facet normal 0.700963 -0.713198 0
    outer loop
      vertex 20.3285 20.281 -5
      vertex 20.6083 20.556 4
      vertex 20.3285 20.281 4
    endloop
  endfacet
  facet normal 0.700963 -0.713198 0
    outer loop
      vertex 20.6083 20.556 4
      vertex 20.3285 20.281 -5
      vertex 20.6083 20.556 -5
    endloop
  endfacet
  facet normal 0.814061 0.58078 0
    outer loop
      vertex 20.3002 17.0339 4
      vertex 20.0724 17.3532 -5
      vertex 20.0724 17.3532 4
    endloop
  endfacet
  facet normal 0.814061 0.58078 0
    outer loop
      vertex 20.0724 17.3532 -5
      vertex 20.3002 17.0339 4
      vertex 20.3002 17.0339 -5
    endloop
  endfacet
  facet normal 0.461634 0.887071 -0
    outer loop
      vertex 21.2385 16.3396 -5
      vertex 20.8905 16.5207 4
      vertex 21.2385 16.3396 4
    endloop
  endfacet
  facet normal 0.461634 0.887071 0
    outer loop
      vertex 20.8905 16.5207 4
      vertex 21.2385 16.3396 -5
      vertex 20.8905 16.5207 -5
    endloop
  endfacet
  facet normal -0.999962 0.00866872 0
    outer loop
      vertex 24.7058 18.423 -5
      vertex 24.7092 18.8152 4
      vertex 24.7092 18.8152 -5
    endloop
  endfacet
  facet normal -0.999962 0.00866872 0
    outer loop
      vertex 24.7092 18.8152 4
      vertex 24.7058 18.423 -5
      vertex 24.7058 18.423 4
    endloop
  endfacet
  facet normal 0.948326 -0.317298 0
    outer loop
      vertex 19.7895 19.2456 4
      vertex 19.914 19.6177 -5
      vertex 19.914 19.6177 4
    endloop
  endfacet
  facet normal 0.948326 -0.317298 0
    outer loop
      vertex 19.914 19.6177 -5
      vertex 19.7895 19.2456 4
      vertex 19.7895 19.2456 -5
    endloop
  endfacet
  facet normal 0.953779 0.300509 0
    outer loop
      vertex 19.8973 17.7043 4
      vertex 19.7794 18.0785 -5
      vertex 19.7794 18.0785 4
    endloop
  endfacet
  facet normal 0.953779 0.300509 0
    outer loop
      vertex 19.7794 18.0785 -5
      vertex 19.8973 17.7043 4
      vertex 19.8973 17.7043 -5
    endloop
  endfacet
  facet normal -0.894937 -0.446193 0
    outer loop
      vertex 24.5332 19.5774 -5
      vertex 24.3582 19.9284 4
      vertex 24.3582 19.9284 -5
    endloop
  endfacet
  facet normal -0.894937 -0.446193 0
    outer loop
      vertex 24.3582 19.9284 4
      vertex 24.5332 19.5774 -5
      vertex 24.5332 19.5774 4
    endloop
  endfacet
  facet normal 0.986304 -0.164936 0
    outer loop
      vertex 19.7248 18.8587 4
      vertex 19.7895 19.2456 -5
      vertex 19.7895 19.2456 4
    endloop
  endfacet
  facet normal 0.986304 -0.164936 0
    outer loop
      vertex 19.7895 19.2456 -5
      vertex 19.7248 18.8587 4
      vertex 19.7248 18.8587 -5
    endloop
  endfacet
  facet normal 0.989005 0.147879 0
    outer loop
      vertex 19.7794 18.0785 4
      vertex 19.7214 18.4664 -5
      vertex 19.7214 18.4664 4
    endloop
  endfacet
  facet normal 0.989005 0.147879 0
    outer loop
      vertex 19.7214 18.4664 -5
      vertex 19.7794 18.0785 4
      vertex 19.7794 18.0785 -5
    endloop
  endfacet
  facet normal 0.886912 -0.461939 0
    outer loop
      vertex 19.914 19.6177 4
      vertex 20.0952 19.9656 -5
      vertex 20.0952 19.9656 4
    endloop
  endfacet
  facet normal 0.886912 -0.461939 0
    outer loop
      vertex 20.0952 19.9656 -5
      vertex 19.914 19.6177 4
      vertex 19.914 19.6177 -5
    endloop
  endfacet
  facet normal 0.300814 -0.953683 0
    outer loop
      vertex 21.2788 20.9588 -5
      vertex 21.6529 21.0768 4
      vertex 21.2788 20.9588 4
    endloop
  endfacet
  facet normal 0.300814 -0.953683 0
    outer loop
      vertex 21.6529 21.0768 4
      vertex 21.2788 20.9588 -5
      vertex 21.6529 21.0768 -5
    endloop
  endfacet
  facet normal -0.953706 -0.300741 0
    outer loop
      vertex 24.6512 19.2032 -5
      vertex 24.5332 19.5774 4
      vertex 24.5332 19.5774 -5
    endloop
  endfacet
  facet normal -0.953706 -0.300741 0
    outer loop
      vertex 24.5332 19.5774 4
      vertex 24.6512 19.2032 -5
      vertex 24.6512 19.2032 4
    endloop
  endfacet
  facet normal -0.989011 -0.147842 0
    outer loop
      vertex 24.7092 18.8152 -5
      vertex 24.6512 19.2032 4
      vertex 24.6512 19.2032 -5
    endloop
  endfacet
  facet normal -0.989011 -0.147842 0
    outer loop
      vertex 24.6512 19.2032 4
      vertex 24.7092 18.8152 -5
      vertex 24.7092 18.8152 4
    endloop
  endfacet
  facet normal 0.894886 0.446296 0
    outer loop
      vertex 20.0724 17.3532 4
      vertex 19.8973 17.7043 -5
      vertex 19.8973 17.7043 4
    endloop
  endfacet
  facet normal 0.894886 0.446296 0
    outer loop
      vertex 19.8973 17.7043 -5
      vertex 20.0724 17.3532 4
      vertex 20.0724 17.3532 -5
    endloop
  endfacet
  facet normal -0.00892139 -0.99996 0
    outer loop
      vertex 22.0409 21.1348 -5
      vertex 22.4332 21.1313 4
      vertex 22.0409 21.1348 4
    endloop
  endfacet
  facet normal -0.00892139 -0.99996 -0
    outer loop
      vertex 22.4332 21.1313 4
      vertex 22.0409 21.1348 -5
      vertex 22.4332 21.1313 -5
    endloop
  endfacet
  facet normal 0.147842 -0.989011 0
    outer loop
      vertex 21.6529 21.0768 -5
      vertex 22.0409 21.1348 4
      vertex 21.6529 21.0768 4
    endloop
  endfacet
  facet normal 0.147842 -0.989011 0
    outer loop
      vertex 22.0409 21.1348 4
      vertex 21.6529 21.0768 -5
      vertex 22.0409 21.1348 -5
    endloop
  endfacet
  facet normal -0.700963 0.713198 0
    outer loop
      vertex 24.1021 17.0007 -5
      vertex 23.8223 16.7257 4
      vertex 24.1021 17.0007 4
    endloop
  endfacet
  facet normal -0.700963 0.713198 0
    outer loop
      vertex 23.8223 16.7257 4
      vertex 24.1021 17.0007 -5
      vertex 23.8223 16.7257 -5
    endloop
  endfacet
  facet normal 0.317375 0.9483 -0
    outer loop
      vertex 21.6105 16.2151 -5
      vertex 21.2385 16.3396 4
      vertex 21.6105 16.2151 4
    endloop
  endfacet
  facet normal 0.317375 0.9483 0
    outer loop
      vertex 21.2385 16.3396 4
      vertex 21.6105 16.2151 -5
      vertex 21.2385 16.3396 -5
    endloop
  endfacet
  facet normal 0.00892139 0.99996 -0
    outer loop
      vertex 22.3897 16.1469 -5
      vertex 21.9974 16.1504 4
      vertex 22.3897 16.1469 4
    endloop
  endfacet
  facet normal 0.00892139 0.99996 0
    outer loop
      vertex 21.9974 16.1504 4
      vertex 22.3897 16.1469 -5
      vertex 21.9974 16.1504 -5
    endloop
  endfacet
  facet normal -0.300814 0.953683 0
    outer loop
      vertex 23.1518 16.3229 -5
      vertex 22.7777 16.2049 4
      vertex 23.1518 16.3229 4
    endloop
  endfacet
  facet normal -0.300814 0.953683 0
    outer loop
      vertex 22.7777 16.2049 4
      vertex 23.1518 16.3229 -5
      vertex 22.7777 16.2049 -5
    endloop
  endfacet
  facet normal 0.713325 0.700833 0
    outer loop
      vertex 20.5751 16.7541 4
      vertex 20.3002 17.0339 -5
      vertex 20.3002 17.0339 4
    endloop
  endfacet
  facet normal 0.713325 0.700833 0
    outer loop
      vertex 20.3002 17.0339 -5
      vertex 20.5751 16.7541 4
      vertex 20.5751 16.7541 -5
    endloop
  endfacet
  facet normal -0.580659 0.814147 0
    outer loop
      vertex 23.8223 16.7257 -5
      vertex 23.5029 16.4979 4
      vertex 23.8223 16.7257 4
    endloop
  endfacet
  facet normal -0.580659 0.814147 0
    outer loop
      vertex 23.5029 16.4979 4
      vertex 23.8223 16.7257 -5
      vertex 23.5029 16.4979 -5
    endloop
  endfacet
  facet normal -0.948377 0.317145 0
    outer loop
      vertex 24.5166 17.664 -5
      vertex 24.641 18.036 4
      vertex 24.641 18.036 -5
    endloop
  endfacet
  facet normal -0.948377 0.317145 0
    outer loop
      vertex 24.641 18.036 4
      vertex 24.5166 17.664 -5
      vertex 24.5166 17.664 4
    endloop
  endfacet
  facet normal -0.886966 0.461834 0
    outer loop
      vertex 24.3354 17.316 -5
      vertex 24.5166 17.664 4
      vertex 24.5166 17.664 -5
    endloop
  endfacet
  facet normal -0.886966 0.461834 0
    outer loop
      vertex 24.5166 17.664 4
      vertex 24.3354 17.316 -5
      vertex 24.3354 17.316 4
    endloop
  endfacet
  facet normal -0.317375 -0.9483 0
    outer loop
      vertex 22.8201 21.0666 -5
      vertex 23.1921 20.9421 4
      vertex 22.8201 21.0666 4
    endloop
  endfacet
  facet normal -0.317375 -0.9483 -0
    outer loop
      vertex 23.1921 20.9421 4
      vertex 22.8201 21.0666 -5
      vertex 23.1921 20.9421 -5
    endloop
  endfacet
  facet normal -0.461634 -0.887071 0
    outer loop
      vertex 23.1921 20.9421 -5
      vertex 23.5401 20.761 4
      vertex 23.1921 20.9421 4
    endloop
  endfacet
  facet normal -0.461634 -0.887071 -0
    outer loop
      vertex 23.5401 20.761 4
      vertex 23.1921 20.9421 -5
      vertex 23.5401 20.761 -5
    endloop
  endfacet
  facet normal 0.59485 0.803837 -0
    outer loop
      vertex 20.8905 16.5207 -5
      vertex 20.5751 16.7541 4
      vertex 20.8905 16.5207 4
    endloop
  endfacet
  facet normal 0.59485 0.803837 0
    outer loop
      vertex 20.5751 16.7541 4
      vertex 20.8905 16.5207 -5
      vertex 20.5751 16.7541 -5
    endloop
  endfacet
  facet normal -0.986283 0.16506 0
    outer loop
      vertex -8.43785 26.2835 -5
      vertex -8.3731 26.6704 4
      vertex -8.3731 26.6704 -5
    endloop
  endfacet
  facet normal -0.986283 0.16506 0
    outer loop
      vertex -8.3731 26.6704 4
      vertex -8.43785 26.2835 -5
      vertex -8.43785 26.2835 4
    endloop
  endfacet
  facet normal 0.580659 -0.814147 0
    outer loop
      vertex -12.4706 28.8034 -5
      vertex -12.1512 29.0312 4
      vertex -12.4706 28.8034 4
    endloop
  endfacet
  facet normal 0.580659 -0.814147 0
    outer loop
      vertex -12.1512 29.0312 4
      vertex -12.4706 28.8034 -5
      vertex -12.1512 29.0312 -5
    endloop
  endfacet
  facet normal 0.446296 -0.894886 0
    outer loop
      vertex -12.1512 29.0312 -5
      vertex -11.8001 29.2063 4
      vertex -12.1512 29.0312 4
    endloop
  endfacet
  facet normal 0.446296 -0.894886 0
    outer loop
      vertex -11.8001 29.2063 4
      vertex -12.1512 29.0312 -5
      vertex -11.8001 29.2063 -5
    endloop
  endfacet
  facet normal -0.814135 -0.580676 0
    outer loop
      vertex -8.72067 28.1759 -5
      vertex -8.94848 28.4953 4
      vertex -8.94848 28.4953 -5
    endloop
  endfacet
  facet normal -0.814135 -0.580676 0
    outer loop
      vertex -8.94848 28.4953 4
      vertex -8.72067 28.1759 -5
      vertex -8.72067 28.1759 4
    endloop
  endfacet
  facet normal -0.989015 -0.147817 0
    outer loop
      vertex -8.36968 27.0627 -5
      vertex -8.42767 27.4507 4
      vertex -8.42767 27.4507 -5
    endloop
  endfacet
  facet normal -0.989015 -0.147817 0
    outer loop
      vertex -8.42767 27.4507 4
      vertex -8.36968 27.0627 -5
      vertex -8.36968 27.0627 4
    endloop
  endfacet
  facet normal -0.713249 -0.700911 0
    outer loop
      vertex -8.94848 28.4953 -5
      vertex -9.22344 28.7751 4
      vertex -9.22344 28.7751 -5
    endloop
  endfacet
  facet normal -0.713249 -0.700911 0
    outer loop
      vertex -9.22344 28.7751 4
      vertex -8.94848 28.4953 -5
      vertex -8.94848 28.4953 4
    endloop
  endfacet
  facet normal -0.580683 0.814129 0
    outer loop
      vertex -9.25662 24.9732 -5
      vertex -9.576 24.7454 4
      vertex -9.25662 24.9732 4
    endloop
  endfacet
  facet normal -0.580683 0.814129 0
    outer loop
      vertex -9.576 24.7454 4
      vertex -9.25662 24.9732 -5
      vertex -9.576 24.7454 -5
    endloop
  endfacet
  facet normal 0.317375 0.9483 -0
    outer loop
      vertex -11.4684 24.4626 -5
      vertex -11.8404 24.5871 4
      vertex -11.4684 24.4626 4
    endloop
  endfacet
  facet normal 0.317375 0.9483 0
    outer loop
      vertex -11.8404 24.5871 4
      vertex -11.4684 24.4626 -5
      vertex -11.8404 24.5871 -5
    endloop
  endfacet
  facet normal -0.948316 0.317329 0
    outer loop
      vertex -8.56233 25.9115 -5
      vertex -8.43785 26.2835 4
      vertex -8.43785 26.2835 -5
    endloop
  endfacet
  facet normal -0.948316 0.317329 0
    outer loop
      vertex -8.43785 26.2835 4
      vertex -8.56233 25.9115 -5
      vertex -8.56233 25.9115 4
    endloop
  endfacet
  facet normal 0.147593 -0.989048 0
    outer loop
      vertex -11.426 29.3243 -5
      vertex -11.038 29.3822 4
      vertex -11.426 29.3243 4
    endloop
  endfacet
  facet normal 0.147593 -0.989048 0
    outer loop
      vertex -11.038 29.3822 4
      vertex -11.426 29.3243 -5
      vertex -11.038 29.3822 -5
    endloop
  endfacet
  facet normal 0.713198 0.700963 0
    outer loop
      vertex -12.5037 25.0016 4
      vertex -12.7787 25.2814 -5
      vertex -12.7787 25.2814 4
    endloop
  endfacet
  facet normal 0.713198 0.700963 0
    outer loop
      vertex -12.7787 25.2814 -5
      vertex -12.5037 25.0016 4
      vertex -12.5037 25.0016 -5
    endloop
  endfacet
  facet normal -0.147842 0.989011 0
    outer loop
      vertex -10.3012 24.4524 -5
      vertex -10.6892 24.3944 4
      vertex -10.3012 24.4524 4
    endloop
  endfacet
  facet normal -0.147842 0.989011 0
    outer loop
      vertex -10.6892 24.3944 4
      vertex -10.3012 24.4524 -5
      vertex -10.6892 24.3944 -5
    endloop
  endfacet
  facet normal -0.446122 0.894972 0
    outer loop
      vertex -9.576 24.7454 -5
      vertex -9.92707 24.5704 4
      vertex -9.576 24.7454 4
    endloop
  endfacet
  facet normal -0.446122 0.894972 0
    outer loop
      vertex -9.92707 24.5704 4
      vertex -9.576 24.7454 -5
      vertex -9.92707 24.5704 -5
    endloop
  endfacet
  facet normal 0.948403 -0.317069 0
    outer loop
      vertex -13.2893 27.4931 4
      vertex -13.1649 27.8652 -5
      vertex -13.1649 27.8652 4
    endloop
  endfacet
  facet normal 0.948403 -0.317069 0
    outer loop
      vertex -13.1649 27.8652 -5
      vertex -13.2893 27.4931 4
      vertex -13.2893 27.4931 -5
    endloop
  endfacet
  facet normal -0.803808 0.594889 0
    outer loop
      vertex -8.97682 25.2482 -5
      vertex -8.74347 25.5635 4
      vertex -8.74347 25.5635 -5
    endloop
  endfacet
  facet normal -0.803808 0.594889 0
    outer loop
      vertex -8.74347 25.5635 4
      vertex -8.97682 25.2482 -5
      vertex -8.97682 25.2482 4
    endloop
  endfacet
  facet normal -0.00866651 -0.999962 0
    outer loop
      vertex -11.038 29.3822 -5
      vertex -10.6457 29.3788 4
      vertex -11.038 29.3822 4
    endloop
  endfacet
  facet normal -0.00866651 -0.999962 -0
    outer loop
      vertex -10.6457 29.3788 4
      vertex -11.038 29.3822 -5
      vertex -10.6457 29.3788 -5
    endloop
  endfacet
  facet normal -0.164936 -0.986304 0
    outer loop
      vertex -10.6457 29.3788 -5
      vertex -10.2588 29.3141 4
      vertex -10.6457 29.3788 4
    endloop
  endfacet
  facet normal -0.164936 -0.986304 -0
    outer loop
      vertex -10.2588 29.3141 4
      vertex -10.6457 29.3788 -5
      vertex -10.2588 29.3141 -5
    endloop
  endfacet
  facet normal -0.894947 -0.446173 0
    outer loop
      vertex -8.54563 27.8248 -5
      vertex -8.72067 28.1759 4
      vertex -8.72067 28.1759 -5
    endloop
  endfacet
  facet normal -0.894947 -0.446173 0
    outer loop
      vertex -8.72067 28.1759 4
      vertex -8.54563 27.8248 -5
      vertex -8.54563 27.8248 4
    endloop
  endfacet
  facet normal -0.461665 -0.887054 0
    outer loop
      vertex -9.88676 29.1896 -5
      vertex -9.53879 29.0085 4
      vertex -9.88676 29.1896 4
    endloop
  endfacet
  facet normal -0.461665 -0.887054 -0
    outer loop
      vertex -9.53879 29.0085 4
      vertex -9.88676 29.1896 -5
      vertex -9.53879 29.0085 -5
    endloop
  endfacet
  facet normal 0.953779 0.300509 0
    outer loop
      vertex -13.1816 25.9518 4
      vertex -13.2995 26.326 -5
      vertex -13.2995 26.326 4
    endloop
  endfacet
  facet normal 0.953779 0.300509 0
    outer loop
      vertex -13.2995 26.326 -5
      vertex -13.1816 25.9518 4
      vertex -13.1816 25.9518 -5
    endloop
  endfacet
  facet normal 0.989005 0.147879 0
    outer loop
      vertex -13.2995 26.326 4
      vertex -13.3575 26.7139 -5
      vertex -13.3575 26.7139 4
    endloop
  endfacet
  facet normal 0.989005 0.147879 0
    outer loop
      vertex -13.3575 26.7139 -5
      vertex -13.2995 26.326 4
      vertex -13.2995 26.326 -5
    endloop
  endfacet
  facet normal 0.886912 -0.461939 0
    outer loop
      vertex -13.1649 27.8652 4
      vertex -12.9837 28.2131 -5
      vertex -12.9837 28.2131 4
    endloop
  endfacet
  facet normal 0.886912 -0.461939 0
    outer loop
      vertex -12.9837 28.2131 -5
      vertex -13.1649 27.8652 4
      vertex -13.1649 27.8652 -5
    endloop
  endfacet
  facet normal 0.999962 -0.00866651 0
    outer loop
      vertex -13.3575 26.7139 4
      vertex -13.3541 27.1062 -5
      vertex -13.3541 27.1062 4
    endloop
  endfacet
  facet normal 0.999962 -0.00866651 0
    outer loop
      vertex -13.3541 27.1062 -5
      vertex -13.3575 26.7139 4
      vertex -13.3575 26.7139 -5
    endloop
  endfacet
  facet normal 0.300814 -0.953683 0
    outer loop
      vertex -11.8001 29.2063 -5
      vertex -11.426 29.3243 4
      vertex -11.8001 29.2063 4
    endloop
  endfacet
  facet normal 0.300814 -0.953683 0
    outer loop
      vertex -11.426 29.3243 4
      vertex -11.8001 29.2063 -5
      vertex -11.426 29.3243 -5
    endloop
  endfacet
  facet normal -0.317344 -0.94831 0
    outer loop
      vertex -10.2588 29.3141 -5
      vertex -9.88676 29.1896 4
      vertex -10.2588 29.3141 4
    endloop
  endfacet
  facet normal -0.317344 -0.94831 -0
    outer loop
      vertex -9.88676 29.1896 4
      vertex -10.2588 29.3141 -5
      vertex -9.88676 29.1896 -5
    endloop
  endfacet
  facet normal 0.986263 -0.165184 0
    outer loop
      vertex -13.3541 27.1062 4
      vertex -13.2893 27.4931 -5
      vertex -13.2893 27.4931 4
    endloop
  endfacet
  facet normal 0.986263 -0.165184 0
    outer loop
      vertex -13.2893 27.4931 -5
      vertex -13.3541 27.1062 4
      vertex -13.3541 27.1062 -5
    endloop
  endfacet
  facet normal 0.165184 0.986263 -0
    outer loop
      vertex -11.0815 24.3978 -5
      vertex -11.4684 24.4626 4
      vertex -11.0815 24.3978 4
    endloop
  endfacet
  facet normal 0.165184 0.986263 0
    outer loop
      vertex -11.4684 24.4626 4
      vertex -11.0815 24.3978 -5
      vertex -11.4684 24.4626 -5
    endloop
  endfacet
  facet normal -0.300792 0.95369 0
    outer loop
      vertex -9.92707 24.5704 -5
      vertex -10.3012 24.4524 4
      vertex -9.92707 24.5704 4
    endloop
  endfacet
  facet normal -0.300792 0.95369 0
    outer loop
      vertex -10.3012 24.4524 4
      vertex -9.92707 24.5704 -5
      vertex -10.3012 24.4524 -5
    endloop
  endfacet
  facet normal 0.814061 0.58078 0
    outer loop
      vertex -12.7787 25.2814 4
      vertex -13.0065 25.6007 -5
      vertex -13.0065 25.6007 4
    endloop
  endfacet
  facet normal 0.814061 0.58078 0
    outer loop
      vertex -13.0065 25.6007 -5
      vertex -12.7787 25.2814 4
      vertex -12.7787 25.2814 -5
    endloop
  endfacet
  facet normal -0.887029 0.461714 0
    outer loop
      vertex -8.74347 25.5635 -5
      vertex -8.56233 25.9115 4
      vertex -8.56233 25.9115 -5
    endloop
  endfacet
  facet normal -0.887029 0.461714 0
    outer loop
      vertex -8.56233 25.9115 4
      vertex -8.74347 25.5635 -5
      vertex -8.74347 25.5635 4
    endloop
  endfacet
  facet normal 0.894886 0.446296 0
    outer loop
      vertex -13.0065 25.6007 4
      vertex -13.1816 25.9518 -5
      vertex -13.1816 25.9518 4
    endloop
  endfacet
  facet normal 0.894886 0.446296 0
    outer loop
      vertex -13.1816 25.9518 -5
      vertex -13.0065 25.6007 4
      vertex -13.0065 25.6007 -5
    endloop
  endfacet
  facet normal 0.00866651 0.999962 -0
    outer loop
      vertex -10.6892 24.3944 -5
      vertex -11.0815 24.3978 4
      vertex -10.6892 24.3944 4
    endloop
  endfacet
  facet normal 0.00866651 0.999962 0
    outer loop
      vertex -11.0815 24.3978 4
      vertex -10.6892 24.3944 -5
      vertex -11.0815 24.3978 -5
    endloop
  endfacet
  facet normal -0.700963 0.713198 0
    outer loop
      vertex -8.97682 25.2482 -5
      vertex -9.25662 24.9732 4
      vertex -8.97682 25.2482 4
    endloop
  endfacet
  facet normal -0.700963 0.713198 0
    outer loop
      vertex -9.25662 24.9732 4
      vertex -8.97682 25.2482 -5
      vertex -9.25662 24.9732 -5
    endloop
  endfacet
  facet normal -0.594911 -0.803792 0
    outer loop
      vertex -9.53879 29.0085 -5
      vertex -9.22344 28.7751 4
      vertex -9.53879 29.0085 4
    endloop
  endfacet
  facet normal -0.594911 -0.803792 -0
    outer loop
      vertex -9.22344 28.7751 4
      vertex -9.53879 29.0085 -5
      vertex -9.22344 28.7751 -5
    endloop
  endfacet
  facet normal 0.803959 -0.594685 0
    outer loop
      vertex -12.9837 28.2131 4
      vertex -12.7504 28.5285 -5
      vertex -12.7504 28.5285 4
    endloop
  endfacet
  facet normal 0.803959 -0.594685 0
    outer loop
      vertex -12.7504 28.5285 -5
      vertex -12.9837 28.2131 4
      vertex -12.9837 28.2131 -5
    endloop
  endfacet
  facet normal -0.999962 0.00871749 0
    outer loop
      vertex -8.3731 26.6704 -5
      vertex -8.36968 27.0627 4
      vertex -8.36968 27.0627 -5
    endloop
  endfacet
  facet normal -0.999962 0.00871749 0
    outer loop
      vertex -8.36968 27.0627 4
      vertex -8.3731 26.6704 -5
      vertex -8.3731 26.6704 4
    endloop
  endfacet
  facet normal 0.700833 -0.713325 0
    outer loop
      vertex -12.7504 28.5285 -5
      vertex -12.4706 28.8034 4
      vertex -12.7504 28.5285 4
    endloop
  endfacet
  facet normal 0.700833 -0.713325 0
    outer loop
      vertex -12.4706 28.8034 4
      vertex -12.7504 28.5285 -5
      vertex -12.4706 28.8034 -5
    endloop
  endfacet
  facet normal -0.953712 -0.300721 0
    outer loop
      vertex -8.42767 27.4507 -5
      vertex -8.54563 27.8248 4
      vertex -8.54563 27.8248 -5
    endloop
  endfacet
  facet normal -0.953712 -0.300721 0
    outer loop
      vertex -8.54563 27.8248 4
      vertex -8.42767 27.4507 -5
      vertex -8.42767 27.4507 4
    endloop
  endfacet
  facet normal 0.461634 0.887071 -0
    outer loop
      vertex -11.8404 24.5871 -5
      vertex -12.1884 24.7682 4
      vertex -11.8404 24.5871 4
    endloop
  endfacet
  facet normal 0.461634 0.887071 0
    outer loop
      vertex -12.1884 24.7682 4
      vertex -11.8404 24.5871 -5
      vertex -12.1884 24.7682 -5
    endloop
  endfacet
  facet normal 0.594971 0.803747 -0
    outer loop
      vertex -12.1884 24.7682 -5
      vertex -12.5037 25.0016 4
      vertex -12.1884 24.7682 4
    endloop
  endfacet
  facet normal 0.594971 0.803747 0
    outer loop
      vertex -12.5037 25.0016 4
      vertex -12.1884 24.7682 -5
      vertex -12.5037 25.0016 -5
    endloop
  endfacet
  facet normal 0.894977 0.446112 0
    outer loop
      vertex -31.0723 -3.31053 4
      vertex -31.2473 -2.95945 -5
      vertex -31.2473 -2.95945 4
    endloop
  endfacet
  facet normal 0.894977 0.446112 0
    outer loop
      vertex -31.2473 -2.95945 -5
      vertex -31.0723 -3.31053 4
      vertex -31.0723 -3.31053 -5
    endloop
  endfacet
  facet normal -0.713203 -0.700958 0
    outer loop
      vertex -27.0142 -0.415968 -5
      vertex -27.2892 -0.136164 4
      vertex -27.2892 -0.136164 -5
    endloop
  endfacet
  facet normal -0.713203 -0.700958 0
    outer loop
      vertex -27.2892 -0.136164 4
      vertex -27.0142 -0.415968 -5
      vertex -27.0142 -0.415968 4
    endloop
  endfacet
  facet normal -0.953692 -0.300785 0
    outer loop
      vertex -26.4934 -1.46056 -5
      vertex -26.6114 -1.08642 4
      vertex -26.6114 -1.08642 -5
    endloop
  endfacet
  facet normal -0.953692 -0.300785 0
    outer loop
      vertex -26.6114 -1.08642 4
      vertex -26.4934 -1.46056 -5
      vertex -26.4934 -1.46056 4
    endloop
  endfacet
  facet normal -0.300648 0.953735 0
    outer loop
      vertex -27.9928 -4.3409 -5
      vertex -28.367 -4.45886 4
      vertex -27.9928 -4.3409 4
    endloop
  endfacet
  facet normal -0.300648 0.953735 0
    outer loop
      vertex -28.367 -4.45886 4
      vertex -27.9928 -4.3409 -5
      vertex -28.367 -4.45886 -5
    endloop
  endfacet
  facet normal 0.98901 0.147849 0
    outer loop
      vertex -31.3653 -2.58531 4
      vertex -31.4233 -2.19733 -5
      vertex -31.4233 -2.19733 4
    endloop
  endfacet
  facet normal 0.98901 0.147849 0
    outer loop
      vertex -31.4233 -2.19733 -5
      vertex -31.3653 -2.58531 4
      vertex -31.3653 -2.58531 -5
    endloop
  endfacet
  facet normal 0.461714 0.887029 -0
    outer loop
      vertex -29.9062 -4.3242 -5
      vertex -30.2542 -4.14306 4
      vertex -29.9062 -4.3242 4
    endloop
  endfacet
  facet normal 0.461714 0.887029 0
    outer loop
      vertex -30.2542 -4.14306 4
      vertex -29.9062 -4.3242 -5
      vertex -30.2542 -4.14306 -5
    endloop
  endfacet
  facet normal 0.814129 0.580683 0
    outer loop
      vertex -30.8445 -3.62991 4
      vertex -31.0723 -3.31053 -5
      vertex -31.0723 -3.31053 4
    endloop
  endfacet
  facet normal 0.814129 0.580683 0
    outer loop
      vertex -31.0723 -3.31053 -5
      vertex -30.8445 -3.62991 4
      vertex -30.8445 -3.62991 -5
    endloop
  endfacet
  facet normal 0.713198 0.700963 0
    outer loop
      vertex -30.5695 -3.90971 4
      vertex -30.8445 -3.62991 -5
      vertex -30.8445 -3.62991 4
    endloop
  endfacet
  facet normal 0.713198 0.700963 0
    outer loop
      vertex -30.8445 -3.62991 -5
      vertex -30.5695 -3.90971 4
      vertex -30.5695 -3.90971 -5
    endloop
  endfacet
  facet normal -0.446275 0.894896 0
    outer loop
      vertex -27.6418 -4.16586 -5
      vertex -27.9928 -4.3409 4
      vertex -27.6418 -4.16586 4
    endloop
  endfacet
  facet normal -0.446275 0.894896 0
    outer loop
      vertex -27.9928 -4.3409 4
      vertex -27.6418 -4.16586 -5
      vertex -27.9928 -4.3409 -5
    endloop
  endfacet
  facet normal 0.147804 -0.989017 0
    outer loop
      vertex -29.4917 0.412987 -5
      vertex -29.1037 0.470972 4
      vertex -29.4917 0.412987 4
    endloop
  endfacet
  facet normal 0.147804 -0.989017 0
    outer loop
      vertex -29.1037 0.470972 4
      vertex -29.4917 0.412987 -5
      vertex -29.1037 0.470972 -5
    endloop
  endfacet
  facet normal -0.99996 0.00892184 0
    outer loop
      vertex -26.4389 -2.24083 -5
      vertex -26.4354 -1.84855 4
      vertex -26.4354 -1.84855 -5
    endloop
  endfacet
  facet normal -0.99996 0.00892184 0
    outer loop
      vertex -26.4354 -1.84855 4
      vertex -26.4389 -2.24083 -5
      vertex -26.4389 -2.24083 4
    endloop
  endfacet
  facet normal -0.803783 0.594923 0
    outer loop
      vertex -27.0426 -3.66308 -5
      vertex -26.8092 -3.34774 4
      vertex -26.8092 -3.34774 -5
    endloop
  endfacet
  facet normal -0.803783 0.594923 0
    outer loop
      vertex -26.8092 -3.34774 4
      vertex -27.0426 -3.66308 -5
      vertex -27.0426 -3.66308 4
    endloop
  endfacet
  facet normal 0.948305 -0.317359 0
    outer loop
      vertex -31.3551 -1.41813 4
      vertex -31.2306 -1.04611 -5
      vertex -31.2306 -1.04611 4
    endloop
  endfacet
  facet normal 0.948305 -0.317359 0
    outer loop
      vertex -31.2306 -1.04611 -5
      vertex -31.3551 -1.41813 4
      vertex -31.3551 -1.41813 -5
    endloop
  endfacet
  facet normal 0.317329 0.948316 -0
    outer loop
      vertex -29.5342 -4.44868 -5
      vertex -29.9062 -4.3242 4
      vertex -29.5342 -4.44868 4
    endloop
  endfacet
  facet normal 0.317329 0.948316 0
    outer loop
      vertex -29.9062 -4.3242 4
      vertex -29.5342 -4.44868 -5
      vertex -29.9062 -4.3242 -5
    endloop
  endfacet
  facet normal 0.99996 -0.00892184 0
    outer loop
      vertex -31.4233 -2.19733 4
      vertex -31.4198 -1.80505 -5
      vertex -31.4198 -1.80505 4
    endloop
  endfacet
  facet normal 0.99996 -0.00892184 0
    outer loop
      vertex -31.4198 -1.80505 -5
      vertex -31.4233 -2.19733 4
      vertex -31.4233 -2.19733 -5
    endloop
  endfacet
  facet normal -0.147817 0.989015 0
    outer loop
      vertex -28.367 -4.45886 -5
      vertex -28.755 -4.51685 4
      vertex -28.367 -4.45886 4
    endloop
  endfacet
  facet normal -0.147817 0.989015 0
    outer loop
      vertex -28.755 -4.51685 4
      vertex -28.367 -4.45886 -5
      vertex -28.755 -4.51685 -5
    endloop
  endfacet
  facet normal 0.0087452 0.999962 -0
    outer loop
      vertex -28.755 -4.51685 -5
      vertex -29.1472 -4.51342 4
      vertex -28.755 -4.51685 4
    endloop
  endfacet
  facet normal 0.0087452 0.999962 0
    outer loop
      vertex -29.1472 -4.51342 4
      vertex -28.755 -4.51685 -5
      vertex -29.1472 -4.51342 -5
    endloop
  endfacet
  facet normal 0.887055 -0.461664 0
    outer loop
      vertex -31.2306 -1.04611 4
      vertex -31.0495 -0.698139 -5
      vertex -31.0495 -0.698139 4
    endloop
  endfacet
  facet normal 0.887055 -0.461664 0
    outer loop
      vertex -31.0495 -0.698139 -5
      vertex -31.2306 -1.04611 4
      vertex -31.2306 -1.04611 -5
    endloop
  endfacet
  facet normal -0.317248 -0.948343 0
    outer loop
      vertex -28.3246 0.402802 -5
      vertex -27.9525 0.278324 4
      vertex -28.3246 0.402802 4
    endloop
  endfacet
  facet normal -0.317248 -0.948343 -0
    outer loop
      vertex -27.9525 0.278324 4
      vertex -28.3246 0.402802 -5
      vertex -27.9525 0.278324 -5
    endloop
  endfacet
  facet normal -0.986305 0.164932 0
    outer loop
      vertex -26.5036 -2.62774 -5
      vertex -26.4389 -2.24083 4
      vertex -26.4389 -2.24083 -5
    endloop
  endfacet
  facet normal -0.986305 0.164932 0
    outer loop
      vertex -26.4389 -2.24083 4
      vertex -26.5036 -2.62774 -5
      vertex -26.5036 -2.62774 4
    endloop
  endfacet
  facet normal 0.58079 -0.814053 0
    outer loop
      vertex -30.5363 -0.107826 -5
      vertex -30.217 0.11998 4
      vertex -30.5363 -0.107826 4
    endloop
  endfacet
  facet normal 0.58079 -0.814053 0
    outer loop
      vertex -30.217 0.11998 4
      vertex -30.5363 -0.107826 -5
      vertex -30.217 0.11998 -5
    endloop
  endfacet
  facet normal -0.948308 0.317352 0
    outer loop
      vertex -26.6281 -2.99977 -5
      vertex -26.5036 -2.62774 4
      vertex -26.5036 -2.62774 -5
    endloop
  endfacet
  facet normal -0.948308 0.317352 0
    outer loop
      vertex -26.5036 -2.62774 4
      vertex -26.6281 -2.99977 -5
      vertex -26.6281 -2.99977 4
    endloop
  endfacet
  facet normal -0.580676 0.814135 0
    outer loop
      vertex -27.3224 -3.93805 -5
      vertex -27.6418 -4.16586 4
      vertex -27.3224 -3.93805 4
    endloop
  endfacet
  facet normal -0.580676 0.814135 0
    outer loop
      vertex -27.6418 -4.16586 4
      vertex -27.3224 -3.93805 -5
      vertex -27.6418 -4.16586 -5
    endloop
  endfacet
  facet normal 0.594889 0.803808 -0
    outer loop
      vertex -30.2542 -4.14306 -5
      vertex -30.5695 -3.90971 4
      vertex -30.2542 -4.14306 4
    endloop
  endfacet
  facet normal 0.594889 0.803808 0
    outer loop
      vertex -30.5695 -3.90971 4
      vertex -30.2542 -4.14306 -5
      vertex -30.5695 -3.90971 -5
    endloop
  endfacet
  facet normal -0.00872991 -0.999962 0
    outer loop
      vertex -29.1037 0.470972 -5
      vertex -28.7115 0.467548 4
      vertex -29.1037 0.470972 4
    endloop
  endfacet
  facet normal -0.00872991 -0.999962 -0
    outer loop
      vertex -28.7115 0.467548 4
      vertex -29.1037 0.470972 -5
      vertex -28.7115 0.467548 -5
    endloop
  endfacet
  facet normal -0.594761 -0.803902 0
    outer loop
      vertex -27.6046 0.0971823 -5
      vertex -27.2892 -0.136164 4
      vertex -27.6046 0.0971823 4
    endloop
  endfacet
  facet normal -0.594761 -0.803902 -0
    outer loop
      vertex -27.2892 -0.136164 4
      vertex -27.6046 0.0971823 -5
      vertex -27.2892 -0.136164 -5
    endloop
  endfacet
  facet normal 0.953692 0.300785 0
    outer loop
      vertex -31.2473 -2.95945 4
      vertex -31.3653 -2.58531 -5
      vertex -31.3653 -2.58531 4
    endloop
  endfacet
  facet normal 0.953692 0.300785 0
    outer loop
      vertex -31.3653 -2.58531 -5
      vertex -31.2473 -2.95945 4
      vertex -31.2473 -2.95945 -5
    endloop
  endfacet
  facet normal -0.98901 -0.147846 0
    outer loop
      vertex -26.4354 -1.84855 -5
      vertex -26.4934 -1.46056 4
      vertex -26.4934 -1.46056 -5
    endloop
  endfacet
  facet normal -0.98901 -0.147846 0
    outer loop
      vertex -26.4934 -1.46056 4
      vertex -26.4354 -1.84855 -5
      vertex -26.4354 -1.84855 4
    endloop
  endfacet
  facet normal -0.887054 0.461665 0
    outer loop
      vertex -26.8092 -3.34774 -5
      vertex -26.6281 -2.99977 4
      vertex -26.6281 -2.99977 -5
    endloop
  endfacet
  facet normal -0.887054 0.461665 0
    outer loop
      vertex -26.6281 -2.99977 4
      vertex -26.8092 -3.34774 -5
      vertex -26.8092 -3.34774 4
    endloop
  endfacet
  facet normal -0.814124 -0.580691 0
    outer loop
      vertex -26.7864 -0.735342 -5
      vertex -27.0142 -0.415968 4
      vertex -27.0142 -0.415968 -5
    endloop
  endfacet
  facet normal -0.814124 -0.580691 0
    outer loop
      vertex -27.0142 -0.415968 4
      vertex -26.7864 -0.735342 -5
      vertex -26.7864 -0.735342 4
    endloop
  endfacet
  facet normal -0.700924 0.713236 0
    outer loop
      vertex -27.0426 -3.66308 -5
      vertex -27.3224 -3.93805 4
      vertex -27.0426 -3.66308 4
    endloop
  endfacet
  facet normal -0.700924 0.713236 0
    outer loop
      vertex -27.3224 -3.93805 4
      vertex -27.0426 -3.66308 -5
      vertex -27.3224 -3.93805 -5
    endloop
  endfacet
  facet normal 0.986306 -0.164928 0
    outer loop
      vertex -31.4198 -1.80505 4
      vertex -31.3551 -1.41813 -5
      vertex -31.3551 -1.41813 4
    endloop
  endfacet
  facet normal 0.986306 -0.164928 0
    outer loop
      vertex -31.3551 -1.41813 -5
      vertex -31.4198 -1.80505 4
      vertex -31.4198 -1.80505 -5
    endloop
  endfacet
  facet normal 0.300662 -0.953731 0
    outer loop
      vertex -29.8659 0.295021 -5
      vertex -29.4917 0.412987 4
      vertex -29.8659 0.295021 4
    endloop
  endfacet
  facet normal 0.300662 -0.953731 0
    outer loop
      vertex -29.4917 0.412987 4
      vertex -29.8659 0.295021 -5
      vertex -29.4917 0.412987 -5
    endloop
  endfacet
  facet normal 0.164994 0.986295 -0
    outer loop
      vertex -29.1472 -4.51342 -5
      vertex -29.5342 -4.44868 4
      vertex -29.1472 -4.51342 4
    endloop
  endfacet
  facet normal 0.164994 0.986295 0
    outer loop
      vertex -29.5342 -4.44868 4
      vertex -29.1472 -4.51342 -5
      vertex -29.5342 -4.44868 -5
    endloop
  endfacet
  facet normal -0.894976 -0.446114 0
    outer loop
      vertex -26.6114 -1.08642 -5
      vertex -26.7864 -0.735342 4
      vertex -26.7864 -0.735342 -5
    endloop
  endfacet
  facet normal -0.894976 -0.446114 0
    outer loop
      vertex -26.7864 -0.735342 4
      vertex -26.6114 -1.08642 -5
      vertex -26.6114 -1.08642 4
    endloop
  endfacet
  facet normal 0.446175 -0.894946 0
    outer loop
      vertex -30.217 0.11998 -5
      vertex -29.8659 0.295021 4
      vertex -30.217 0.11998 4
    endloop
  endfacet
  facet normal 0.446175 -0.894946 0
    outer loop
      vertex -29.8659 0.295021 4
      vertex -30.217 0.11998 -5
      vertex -29.8659 0.295021 -5
    endloop
  endfacet
  facet normal -0.16505 -0.986285 0
    outer loop
      vertex -28.7115 0.467548 -5
      vertex -28.3246 0.402802 4
      vertex -28.7115 0.467548 4
    endloop
  endfacet
  facet normal -0.16505 -0.986285 -0
    outer loop
      vertex -28.3246 0.402802 4
      vertex -28.7115 0.467548 -5
      vertex -28.3246 0.402802 -5
    endloop
  endfacet
  facet normal -0.461822 -0.886973 0
    outer loop
      vertex -27.9525 0.278324 -5
      vertex -27.6046 0.0971823 4
      vertex -27.9525 0.278324 4
    endloop
  endfacet
  facet normal -0.461822 -0.886973 -0
    outer loop
      vertex -27.6046 0.0971823 4
      vertex -27.9525 0.278324 -5
      vertex -27.6046 0.0971823 -5
    endloop
  endfacet
  facet normal 0.700916 -0.713244 0
    outer loop
      vertex -30.8161 -0.38279 -5
      vertex -30.5363 -0.107826 4
      vertex -30.8161 -0.38279 4
    endloop
  endfacet
  facet normal 0.700916 -0.713244 0
    outer loop
      vertex -30.5363 -0.107826 4
      vertex -30.8161 -0.38279 -5
      vertex -30.5363 -0.107826 -5
    endloop
  endfacet
  facet normal 0.803791 -0.594912 0
    outer loop
      vertex -31.0495 -0.698139 4
      vertex -30.8161 -0.38279 -5
      vertex -30.8161 -0.38279 4
    endloop
  endfacet
  facet normal 0.803791 -0.594912 0
    outer loop
      vertex -30.8161 -0.38279 -5
      vertex -31.0495 -0.698139 4
      vertex -31.0495 -0.698139 -5
    endloop
  endfacet
  facet normal -0.999962 0.00874297 0
    outer loop
      vertex -4.52525 -28.3565 -5
      vertex -4.52182 -27.9642 4
      vertex -4.52182 -27.9642 -5
    endloop
  endfacet
  facet normal -0.999962 0.00874297 0
    outer loop
      vertex -4.52182 -27.9642 4
      vertex -4.52525 -28.3565 -5
      vertex -4.52525 -28.3565 4
    endloop
  endfacet
  facet normal -0.147849 0.98901 0
    outer loop
      vertex -6.45336 -30.5745 -5
      vertex -6.84134 -30.6325 4
      vertex -6.45336 -30.5745 4
    endloop
  endfacet
  facet normal -0.147849 0.98901 0
    outer loop
      vertex -6.84134 -30.6325 4
      vertex -6.45336 -30.5745 -5
      vertex -6.84134 -30.6325 -5
    endloop
  endfacet
  facet normal -0.00866673 -0.999962 0
    outer loop
      vertex -7.19013 -25.6447 -5
      vertex -6.79784 -25.6481 4
      vertex -7.19013 -25.6447 4
    endloop
  endfacet
  facet normal -0.00866673 -0.999962 -0
    outer loop
      vertex -6.79784 -25.6481 4
      vertex -7.19013 -25.6447 -5
      vertex -6.79784 -25.6481 -5
    endloop
  endfacet
  facet normal 0.461665 0.887054 -0
    outer loop
      vertex -7.99256 -30.4398 -5
      vertex -8.34053 -30.2587 4
      vertex -7.99256 -30.4398 4
    endloop
  endfacet
  facet normal 0.461665 0.887054 0
    outer loop
      vertex -8.34053 -30.2587 4
      vertex -7.99256 -30.4398 -5
      vertex -8.34053 -30.2587 -5
    endloop
  endfacet
  facet normal -0.803808 0.594889 0
    outer loop
      vertex -5.12896 -29.7787 -5
      vertex -4.89561 -29.4634 4
      vertex -4.89561 -29.4634 -5
    endloop
  endfacet
  facet normal -0.803808 0.594889 0
    outer loop
      vertex -4.89561 -29.4634 4
      vertex -5.12896 -29.7787 -5
      vertex -5.12896 -29.7787 4
    endloop
  endfacet
  facet normal 0.580696 -0.814121 0
    outer loop
      vertex -8.6227 -26.2235 -5
      vertex -8.30333 -25.9957 4
      vertex -8.6227 -26.2235 4
    endloop
  endfacet
  facet normal 0.580696 -0.814121 0
    outer loop
      vertex -8.30333 -25.9957 4
      vertex -8.6227 -26.2235 -5
      vertex -8.30333 -25.9957 -5
    endloop
  endfacet
  facet normal 0.317359 0.948305 -0
    outer loop
      vertex -7.62054 -30.5643 -5
      vertex -7.99256 -30.4398 4
      vertex -7.62054 -30.5643 4
    endloop
  endfacet
  facet normal 0.317359 0.948305 0
    outer loop
      vertex -7.99256 -30.4398 4
      vertex -7.62054 -30.5643 -5
      vertex -7.99256 -30.4398 -5
    endloop
  endfacet
  facet normal 0.165176 0.986264 -0
    outer loop
      vertex -7.23362 -30.6291 -5
      vertex -7.62054 -30.5643 4
      vertex -7.23362 -30.6291 4
    endloop
  endfacet
  facet normal 0.165176 0.986264 0
    outer loop
      vertex -7.62054 -30.5643 4
      vertex -7.23362 -30.6291 -5
      vertex -7.62054 -30.5643 -5
    endloop
  endfacet
  facet normal 0.70082 -0.713338 0
    outer loop
      vertex -8.90251 -26.4984 -5
      vertex -8.6227 -26.2235 4
      vertex -8.90251 -26.4984 4
    endloop
  endfacet
  facet normal 0.70082 -0.713338 0
    outer loop
      vertex -8.6227 -26.2235 4
      vertex -8.90251 -26.4984 -5
      vertex -8.6227 -26.2235 -5
    endloop
  endfacet
  facet normal -0.461865 -0.88695 0
    outer loop
      vertex -6.03891 -25.8373 -5
      vertex -5.69094 -26.0185 4
      vertex -6.03891 -25.8373 4
    endloop
  endfacet
  facet normal -0.461865 -0.88695 -0
    outer loop
      vertex -5.69094 -26.0185 4
      vertex -6.03891 -25.8373 -5
      vertex -5.69094 -26.0185 -5
    endloop
  endfacet
  facet normal 0.948349 -0.317229 0
    outer loop
      vertex -9.44147 -27.5338 4
      vertex -9.317 -27.1617 -5
      vertex -9.317 -27.1617 4
    endloop
  endfacet
  facet normal 0.948349 -0.317229 0
    outer loop
      vertex -9.317 -27.1617 -5
      vertex -9.44147 -27.5338 4
      vertex -9.44147 -27.5338 -5
    endloop
  endfacet
  facet normal -0.948323 0.317306 0
    outer loop
      vertex -4.71447 -29.1154 -5
      vertex -4.59 -28.7434 4
      vertex -4.59 -28.7434 -5
    endloop
  endfacet
  facet normal -0.948323 0.317306 0
    outer loop
      vertex -4.59 -28.7434 4
      vertex -4.71447 -29.1154 -5
      vertex -4.71447 -29.1154 4
    endloop
  endfacet
  facet normal 0.713236 0.700924 0
    outer loop
      vertex -8.65588 -30.0253 4
      vertex -8.93085 -29.7455 -5
      vertex -8.93085 -29.7455 4
    endloop
  endfacet
  facet normal 0.713236 0.700924 0
    outer loop
      vertex -8.93085 -29.7455 -5
      vertex -8.65588 -30.0253 4
      vertex -8.65588 -30.0253 -5
    endloop
  endfacet
  facet normal -0.317359 -0.948305 0
    outer loop
      vertex -6.41093 -25.7128 -5
      vertex -6.03891 -25.8373 4
      vertex -6.41093 -25.7128 4
    endloop
  endfacet
  facet normal -0.317359 -0.948305 -0
    outer loop
      vertex -6.03891 -25.8373 4
      vertex -6.41093 -25.7128 -5
      vertex -6.03891 -25.8373 -5
    endloop
  endfacet
  facet normal 0.953705 0.300745 0
    outer loop
      vertex -9.33369 -29.0751 4
      vertex -9.45166 -28.701 -5
      vertex -9.45166 -28.701 4
    endloop
  endfacet
  facet normal 0.953705 0.300745 0
    outer loop
      vertex -9.45166 -28.701 -5
      vertex -9.33369 -29.0751 4
      vertex -9.33369 -29.0751 -5
    endloop
  endfacet
  facet normal -0.953712 -0.300721 0
    outer loop
      vertex -4.57981 -27.5762 -5
      vertex -4.69777 -27.2021 4
      vertex -4.69777 -27.2021 -5
    endloop
  endfacet
  facet normal -0.953712 -0.300721 0
    outer loop
      vertex -4.69777 -27.2021 4
      vertex -4.57981 -27.5762 -5
      vertex -4.57981 -27.5762 4
    endloop
  endfacet
  facet normal 0.989018 0.147792 0
    outer loop
      vertex -9.45166 -28.701 4
      vertex -9.50964 -28.313 -5
      vertex -9.50964 -28.313 4
    endloop
  endfacet
  facet normal 0.989018 0.147792 0
    outer loop
      vertex -9.50964 -28.313 -5
      vertex -9.45166 -28.701 4
      vertex -9.45166 -28.701 -5
    endloop
  endfacet
  facet normal -0.814147 -0.580659 0
    outer loop
      vertex -4.87282 -26.851 -5
      vertex -5.10062 -26.5316 4
      vertex -5.10062 -26.5316 -5
    endloop
  endfacet
  facet normal -0.814147 -0.580659 0
    outer loop
      vertex -5.10062 -26.5316 4
      vertex -4.87282 -26.851 -5
      vertex -4.87282 -26.851 4
    endloop
  endfacet
  facet normal 0.814061 0.58078 0
    outer loop
      vertex -8.93085 -29.7455 4
      vertex -9.15865 -29.4262 -5
      vertex -9.15865 -29.4262 4
    endloop
  endfacet
  facet normal 0.814061 0.58078 0
    outer loop
      vertex -9.15865 -29.4262 -5
      vertex -8.93085 -29.7455 4
      vertex -8.93085 -29.7455 -5
    endloop
  endfacet
  facet normal 0.594911 0.803792 -0
    outer loop
      vertex -8.34053 -30.2587 -5
      vertex -8.65588 -30.0253 4
      vertex -8.34053 -30.2587 4
    endloop
  endfacet
  facet normal 0.594911 0.803792 0
    outer loop
      vertex -8.65588 -30.0253 4
      vertex -8.34053 -30.2587 -5
      vertex -8.65588 -30.0253 -5
    endloop
  endfacet
  facet normal -0.989015 -0.147817 0
    outer loop
      vertex -4.52182 -27.9642 -5
      vertex -4.57981 -27.5762 4
      vertex -4.57981 -27.5762 -5
    endloop
  endfacet
  facet normal -0.989015 -0.147817 0
    outer loop
      vertex -4.57981 -27.5762 4
      vertex -4.52182 -27.9642 -5
      vertex -4.52182 -27.9642 4
    endloop
  endfacet
  facet normal 0.00866695 0.999962 -0
    outer loop
      vertex -6.84134 -30.6325 -5
      vertex -7.23362 -30.6291 4
      vertex -6.84134 -30.6325 4
    endloop
  endfacet
  facet normal 0.00866695 0.999962 0
    outer loop
      vertex -7.23362 -30.6291 4
      vertex -6.84134 -30.6325 -5
      vertex -7.23362 -30.6291 -5
    endloop
  endfacet
  facet normal 0.999962 -0.00871749 0
    outer loop
      vertex -9.50964 -28.313 4
      vertex -9.50622 -27.9207 -5
      vertex -9.50622 -27.9207 4
    endloop
  endfacet
  facet normal 0.999962 -0.00871749 0
    outer loop
      vertex -9.50622 -27.9207 -5
      vertex -9.50964 -28.313 4
      vertex -9.50964 -28.313 -5
    endloop
  endfacet
  facet normal -0.300785 0.953692 0
    outer loop
      vertex -6.07922 -30.4565 -5
      vertex -6.45336 -30.5745 4
      vertex -6.07922 -30.4565 4
    endloop
  endfacet
  facet normal -0.300785 0.953692 0
    outer loop
      vertex -6.45336 -30.5745 4
      vertex -6.07922 -30.4565 -5
      vertex -6.45336 -30.5745 -5
    endloop
  endfacet
  facet normal -0.446112 0.894977 0
    outer loop
      vertex -5.72814 -30.2815 -5
      vertex -6.07922 -30.4565 4
      vertex -5.72814 -30.2815 4
    endloop
  endfacet
  facet normal -0.446112 0.894977 0
    outer loop
      vertex -6.07922 -30.4565 4
      vertex -5.72814 -30.2815 -5
      vertex -6.07922 -30.4565 -5
    endloop
  endfacet
  facet normal 0.147849 -0.98901 0
    outer loop
      vertex -7.57811 -25.7027 -5
      vertex -7.19013 -25.6447 4
      vertex -7.57811 -25.7027 4
    endloop
  endfacet
  facet normal 0.147849 -0.98901 0
    outer loop
      vertex -7.19013 -25.6447 4
      vertex -7.57811 -25.7027 -5
      vertex -7.19013 -25.6447 -5
    endloop
  endfacet
  facet normal -0.580696 0.814121 0
    outer loop
      vertex -5.40877 -30.0537 -5
      vertex -5.72814 -30.2815 4
      vertex -5.40877 -30.0537 4
    endloop
  endfacet
  facet normal -0.580696 0.814121 0
    outer loop
      vertex -5.72814 -30.2815 4
      vertex -5.40877 -30.0537 -5
      vertex -5.72814 -30.2815 -5
    endloop
  endfacet
  facet normal -0.894936 -0.446194 0
    outer loop
      vertex -4.69777 -27.2021 -5
      vertex -4.87282 -26.851 4
      vertex -4.87282 -26.851 -5
    endloop
  endfacet
  facet normal -0.894936 -0.446194 0
    outer loop
      vertex -4.87282 -26.851 4
      vertex -4.69777 -27.2021 -5
      vertex -4.69777 -27.2021 4
    endloop
  endfacet
  facet normal -0.70095 0.71321 0
    outer loop
      vertex -5.12896 -29.7787 -5
      vertex -5.40877 -30.0537 4
      vertex -5.12896 -29.7787 4
    endloop
  endfacet
  facet normal -0.70095 0.71321 0
    outer loop
      vertex -5.40877 -30.0537 4
      vertex -5.12896 -29.7787 -5
      vertex -5.40877 -30.0537 -5
    endloop
  endfacet
  facet normal 0.886964 -0.461838 0
    outer loop
      vertex -9.317 -27.1617 4
      vertex -9.13585 -26.8138 -5
      vertex -9.13585 -26.8138 4
    endloop
  endfacet
  facet normal 0.886964 -0.461838 0
    outer loop
      vertex -9.13585 -26.8138 -5
      vertex -9.317 -27.1617 4
      vertex -9.317 -27.1617 -5
    endloop
  endfacet
  facet normal 0.300553 -0.953765 0
    outer loop
      vertex -7.95225 -25.8206 -5
      vertex -7.57811 -25.7027 4
      vertex -7.95225 -25.8206 4
    endloop
  endfacet
  facet normal 0.300553 -0.953765 0
    outer loop
      vertex -7.57811 -25.7027 4
      vertex -7.95225 -25.8206 -5
      vertex -7.57811 -25.7027 -5
    endloop
  endfacet
  facet normal -0.594746 -0.803914 0
    outer loop
      vertex -5.69094 -26.0185 -5
      vertex -5.37559 -26.2518 4
      vertex -5.69094 -26.0185 4
    endloop
  endfacet
  facet normal -0.594746 -0.803914 -0
    outer loop
      vertex -5.37559 -26.2518 4
      vertex -5.69094 -26.0185 -5
      vertex -5.37559 -26.2518 -5
    endloop
  endfacet
  facet normal 0.986283 -0.16506 0
    outer loop
      vertex -9.50622 -27.9207 4
      vertex -9.44147 -27.5338 -5
      vertex -9.44147 -27.5338 4
    endloop
  endfacet
  facet normal 0.986283 -0.16506 0
    outer loop
      vertex -9.44147 -27.5338 -5
      vertex -9.50622 -27.9207 4
      vertex -9.50622 -27.9207 -5
    endloop
  endfacet
  facet normal -0.164932 -0.986305 0
    outer loop
      vertex -6.79784 -25.6481 -5
      vertex -6.41093 -25.7128 4
      vertex -6.79784 -25.6481 4
    endloop
  endfacet
  facet normal -0.164932 -0.986305 -0
    outer loop
      vertex -6.41093 -25.7128 4
      vertex -6.79784 -25.6481 -5
      vertex -6.41093 -25.7128 -5
    endloop
  endfacet
  facet normal -0.986283 0.16506 0
    outer loop
      vertex -4.59 -28.7434 -5
      vertex -4.52525 -28.3565 4
      vertex -4.52525 -28.3565 -5
    endloop
  endfacet
  facet normal -0.986283 0.16506 0
    outer loop
      vertex -4.52525 -28.3565 4
      vertex -4.59 -28.7434 -5
      vertex -4.59 -28.7434 4
    endloop
  endfacet
  facet normal 0.80391 -0.594751 0
    outer loop
      vertex -9.13585 -26.8138 4
      vertex -8.90251 -26.4984 -5
      vertex -8.90251 -26.4984 4
    endloop
  endfacet
  facet normal 0.80391 -0.594751 0
    outer loop
      vertex -8.90251 -26.4984 -5
      vertex -9.13585 -26.8138 4
      vertex -9.13585 -26.8138 -5
    endloop
  endfacet
  facet normal 0.894947 0.446173 0
    outer loop
      vertex -9.15865 -29.4262 4
      vertex -9.33369 -29.0751 -5
      vertex -9.33369 -29.0751 4
    endloop
  endfacet
  facet normal 0.894947 0.446173 0
    outer loop
      vertex -9.33369 -29.0751 -5
      vertex -9.15865 -29.4262 4
      vertex -9.15865 -29.4262 -5
    endloop
  endfacet
  facet normal -0.887029 0.461714 0
    outer loop
      vertex -4.89561 -29.4634 -5
      vertex -4.71447 -29.1154 4
      vertex -4.71447 -29.1154 -5
    endloop
  endfacet
  facet normal -0.887029 0.461714 0
    outer loop
      vertex -4.71447 -29.1154 4
      vertex -4.89561 -29.4634 -5
      vertex -4.89561 -29.4634 4
    endloop
  endfacet
  facet normal 0.446316 -0.894875 0
    outer loop
      vertex -8.30333 -25.9957 -5
      vertex -7.95225 -25.8206 4
      vertex -8.30333 -25.9957 4
    endloop
  endfacet
  facet normal 0.446316 -0.894875 0
    outer loop
      vertex -7.95225 -25.8206 4
      vertex -8.30333 -25.9957 -5
      vertex -7.95225 -25.8206 -5
    endloop
  endfacet
  facet normal -0.713236 -0.700924 0
    outer loop
      vertex -5.10062 -26.5316 -5
      vertex -5.37559 -26.2518 4
      vertex -5.37559 -26.2518 -5
    endloop
  endfacet
  facet normal -0.713236 -0.700924 0
    outer loop
      vertex -5.37559 -26.2518 4
      vertex -5.10062 -26.5316 -5
      vertex -5.10062 -26.5316 4
    endloop
  endfacet
  facet normal 0.461634 0.887071 -0
    outer loop
      vertex 23.6166 -17.6689 -5
      vertex 23.2686 -17.4878 4
      vertex 23.6166 -17.6689 4
    endloop
  endfacet
  facet normal 0.461634 0.887071 0
    outer loop
      vertex 23.2686 -17.4878 4
      vertex 23.6166 -17.6689 -5
      vertex 23.2686 -17.4878 -5
    endloop
  endfacet
  facet normal -0.98627 0.165143 0
    outer loop
      vertex 27.0191 -15.9725 -5
      vertex 27.0839 -15.5855 4
      vertex 27.0839 -15.5855 -5
    endloop
  endfacet
  facet normal -0.98627 0.165143 0
    outer loop
      vertex 27.0839 -15.5855 4
      vertex 27.0191 -15.9725 -5
      vertex 27.0191 -15.9725 4
    endloop
  endfacet
  facet normal 0.894886 0.446296 0
    outer loop
      vertex 22.4505 -16.6553 4
      vertex 22.2754 -16.3042 -5
      vertex 22.2754 -16.3042 4
    endloop
  endfacet
  facet normal 0.894886 0.446296 0
    outer loop
      vertex 22.2754 -16.3042 -5
      vertex 22.4505 -16.6553 4
      vertex 22.4505 -16.6553 -5
    endloop
  endfacet
  facet normal 0 0 1
    outer loop
      vertex 25.9182 -13.2475 -5.01
      vertex 25.8748 -13.5915 -5.01
      vertex 26.1266 -13.4017 -5.01
    endloop
  endfacet
  facet normal 0 0 1
    outer loop
      vertex 25.5702 -13.0664 -5.01
      vertex 25.8748 -13.5915 -5.01
      vertex 25.9182 -13.2475 -5.01
    endloop
  endfacet
  facet normal 0 0 1
    outer loop
      vertex 25.5702 -13.0664 -5.01
      vertex 25.3944 -13.9278 -5.01
      vertex 25.8748 -13.5915 -5.01
    endloop
  endfacet
  facet normal 0 0 1
    outer loop
      vertex 25.1982 -12.9419 -5.01
      vertex 25.3944 -13.9278 -5.01
      vertex 25.5702 -13.0664 -5.01
    endloop
  endfacet
  facet normal 0 0 1
    outer loop
      vertex 24.8113 -12.8772 -5.01
      vertex 25.3944 -13.9278 -5.01
      vertex 25.1982 -12.9419 -5.01
    endloop
  endfacet
  facet normal 0 0 1
    outer loop
      vertex 25.3944 -13.9278 -5.01
      vertex 24.8113 -12.8772 -5.01
      vertex 24.9026 -14.2472 -5.01
    endloop
  endfacet
  facet normal 0 0 1
    outer loop
      vertex 24.419 -12.8737 -5.01
      vertex 24.9026 -14.2472 -5.01
      vertex 24.8113 -12.8772 -5.01
    endloop
  endfacet
  facet normal -0 0 1
    outer loop
      vertex 24.031 -12.9317 -5.01
      vertex 24.9026 -14.2472 -5.01
      vertex 24.419 -12.8737 -5.01
    endloop
  endfacet
  facet normal 0 0 1
    outer loop
      vertex 24.9026 -14.2472 -5.01
      vertex 24.031 -12.9317 -5.01
      vertex 24.4 -14.5492 -5.01
    endloop
  endfacet
  facet normal -0 0 1
    outer loop
      vertex 23.6569 -13.0497 -5.01
      vertex 24.4 -14.5492 -5.01
      vertex 24.031 -12.9317 -5.01
    endloop
  endfacet
  facet normal -0 0 1
    outer loop
      vertex 23.3058 -13.2247 -5.01
      vertex 24.4 -14.5492 -5.01
      vertex 23.6569 -13.0497 -5.01
    endloop
  endfacet
  facet normal 0 0 1
    outer loop
      vertex 24.4 -14.5492 -5.01
      vertex 23.3058 -13.2247 -5.01
      vertex 23.8871 -14.8335 -5.01
    endloop
  endfacet
  facet normal -0 0 1
    outer loop
      vertex 22.9864 -13.4525 -5.01
      vertex 23.8871 -14.8335 -5.01
      vertex 23.3058 -13.2247 -5.01
    endloop
  endfacet
  facet normal -0 0 1
    outer loop
      vertex 22.7066 -13.7275 -5.01
      vertex 23.8871 -14.8335 -5.01
      vertex 22.9864 -13.4525 -5.01
    endloop
  endfacet
  facet normal 0 0 1
    outer loop
      vertex 23.8871 -14.8335 -5.01
      vertex 22.7066 -13.7275 -5.01
      vertex 23.3646 -15.0997 -5.01
    endloop
  endfacet
  facet normal -0 0 1
    outer loop
      vertex 22.4733 -14.0429 -5.01
      vertex 23.3646 -15.0997 -5.01
      vertex 22.7066 -13.7275 -5.01
    endloop
  endfacet
  facet normal -0 0 1
    outer loop
      vertex 22.2921 -14.3908 -5.01
      vertex 23.3646 -15.0997 -5.01
      vertex 22.4733 -14.0429 -5.01
    endloop
  endfacet
  facet normal 0 0 1
    outer loop
      vertex 23.3646 -15.0997 -5.01
      vertex 22.2921 -14.3908 -5.01
      vertex 22.8332 -15.3476 -5.01
    endloop
  endfacet
  facet normal -0 0 1
    outer loop
      vertex 22.1677 -14.7629 -5.01
      vertex 22.8332 -15.3476 -5.01
      vertex 22.2921 -14.3908 -5.01
    endloop
  endfacet
  facet normal -0 0 1
    outer loop
      vertex 22.1029 -15.1498 -5.01
      vertex 22.8332 -15.3476 -5.01
      vertex 22.1677 -14.7629 -5.01
    endloop
  endfacet
  facet normal 0 0 1
    outer loop
      vertex 22.8332 -15.3476 -5.01
      vertex 22.1029 -15.1498 -5.01
      vertex 22.2934 -15.5767 -5.01
    endloop
  endfacet
  facet normal -0 0 1
    outer loop
      vertex 22.0995 -15.542 -5.01
      vertex 22.2934 -15.5767 -5.01
      vertex 22.1029 -15.1498 -5.01
    endloop
  endfacet
  facet normal 0 0 1
    outer loop
      vertex 22.2934 -15.5767 -5.01
      vertex 22.0995 -15.542 -5.01
      vertex 22.1149 -15.6452 -5.01
    endloop
  endfacet
  facet normal -0.886966 0.461834 0
    outer loop
      vertex 26.7135 -16.6925 -5
      vertex 26.8947 -16.3445 4
      vertex 26.8947 -16.3445 -5
    endloop
  endfacet
  facet normal -0.886966 0.461834 0
    outer loop
      vertex 26.8947 -16.3445 4
      vertex 26.7135 -16.6925 -5
      vertex 26.7135 -16.6925 4
    endloop
  endfacet
  facet normal -0.700963 0.713198 0
    outer loop
      vertex 26.4802 -17.0078 -5
      vertex 26.2004 -17.2828 4
      vertex 26.4802 -17.0078 4
    endloop
  endfacet
  facet normal -0.700963 0.713198 0
    outer loop
      vertex 26.2004 -17.2828 4
      vertex 26.4802 -17.0078 -5
      vertex 26.2004 -17.2828 -5
    endloop
  endfacet
  facet normal 0.700963 -0.713198 0
    outer loop
      vertex 22.7066 -13.7275 -5.01
      vertex 22.9864 -13.4525 4
      vertex 22.7066 -13.7275 4
    endloop
  endfacet
  facet normal 0.700963 -0.713198 0
    outer loop
      vertex 22.9864 -13.4525 4
      vertex 22.7066 -13.7275 -5.01
      vertex 22.9864 -13.4525 -5.01
    endloop
  endfacet
  facet normal 0.147842 -0.989011 0
    outer loop
      vertex 24.031 -12.9317 -5.01
      vertex 24.419 -12.8737 4
      vertex 24.031 -12.9317 4
    endloop
  endfacet
  facet normal 0.147842 -0.989011 0
    outer loop
      vertex 24.419 -12.8737 4
      vertex 24.031 -12.9317 -5.01
      vertex 24.419 -12.8737 -5.01
    endloop
  endfacet
  facet normal 0.00892139 0.99996 -0
    outer loop
      vertex 24.7678 -17.8616 -5
      vertex 24.3755 -17.8581 4
      vertex 24.7678 -17.8616 4
    endloop
  endfacet
  facet normal 0.00892139 0.99996 0
    outer loop
      vertex 24.3755 -17.8581 4
      vertex 24.7678 -17.8616 -5
      vertex 24.3755 -17.8581 -5
    endloop
  endfacet
  facet normal 0.580659 -0.814147 0
    outer loop
      vertex 22.9864 -13.4525 -5.01
      vertex 23.3058 -13.2247 4
      vertex 22.9864 -13.4525 4
    endloop
  endfacet
  facet normal 0.580659 -0.814147 0
    outer loop
      vertex 23.3058 -13.2247 4
      vertex 22.9864 -13.4525 -5.01
      vertex 23.3058 -13.2247 -5.01
    endloop
  endfacet
  facet normal -0.580659 0.814147 0
    outer loop
      vertex 26.2004 -17.2828 -5
      vertex 25.881 -17.5106 4
      vertex 26.2004 -17.2828 4
    endloop
  endfacet
  facet normal -0.580659 0.814147 0
    outer loop
      vertex 25.881 -17.5106 4
      vertex 26.2004 -17.2828 -5
      vertex 25.881 -17.5106 -5
    endloop
  endfacet
  facet normal 0.446092 -0.894987 0
    outer loop
      vertex 23.3058 -13.2247 -5.01
      vertex 23.6569 -13.0497 4
      vertex 23.3058 -13.2247 4
    endloop
  endfacet
  facet normal 0.446092 -0.894987 0
    outer loop
      vertex 23.6569 -13.0497 4
      vertex 23.3058 -13.2247 -5.01
      vertex 23.6569 -13.0497 -5.01
    endloop
  endfacet
  facet normal -0.989011 -0.147842 0
    outer loop
      vertex 27.0873 -15.1933 -5
      vertex 27.0293 -14.8053 4
      vertex 27.0293 -14.8053 -5
    endloop
  endfacet
  facet normal -0.989011 -0.147842 0
    outer loop
      vertex 27.0293 -14.8053 4
      vertex 27.0873 -15.1933 -5
      vertex 27.0873 -15.1933 4
    endloop
  endfacet
  facet normal 0.886912 -0.461939 0
    outer loop
      vertex 22.2921 -14.3908 4
      vertex 22.4733 -14.0429 -5.01
      vertex 22.4733 -14.0429 4
    endloop
  endfacet
  facet normal 0.886912 -0.461939 0
    outer loop
      vertex 22.4733 -14.0429 -5.01
      vertex 22.2921 -14.3908 4
      vertex 22.2921 -14.3908 -5.01
    endloop
  endfacet
  facet normal -0.300814 0.953683 0
    outer loop
      vertex 25.5299 -17.6856 -5
      vertex 25.1558 -17.8036 4
      vertex 25.5299 -17.6856 4
    endloop
  endfacet
  facet normal -0.300814 0.953683 0
    outer loop
      vertex 25.1558 -17.8036 4
      vertex 25.5299 -17.6856 -5
      vertex 25.1558 -17.8036 -5
    endloop
  endfacet
  facet normal 0.317375 0.9483 -0
    outer loop
      vertex 23.9886 -17.7934 -5
      vertex 23.6166 -17.6689 4
      vertex 23.9886 -17.7934 4
    endloop
  endfacet
  facet normal 0.317375 0.9483 0
    outer loop
      vertex 23.6166 -17.6689 4
      vertex 23.9886 -17.7934 -5
      vertex 23.6166 -17.6689 -5
    endloop
  endfacet
  facet normal 0.164936 0.986304 -0
    outer loop
      vertex 24.3755 -17.8581 -5
      vertex 23.9886 -17.7934 4
      vertex 24.3755 -17.8581 4
    endloop
  endfacet
  facet normal 0.164936 0.986304 0
    outer loop
      vertex 23.9886 -17.7934 4
      vertex 24.3755 -17.8581 -5
      vertex 23.9886 -17.7934 -5
    endloop
  endfacet
  facet normal -0.814147 -0.580659 0
    outer loop
      vertex 26.7363 -14.0801 -5
      vertex 26.5085 -13.7607 4
      vertex 26.5085 -13.7607 -5
    endloop
  endfacet
  facet normal -0.814147 -0.580659 0
    outer loop
      vertex 26.5085 -13.7607 4
      vertex 26.7363 -14.0801 -5
      vertex 26.7363 -14.0801 4
    endloop
  endfacet
  facet normal 0.814061 0.58078 0
    outer loop
      vertex 22.6783 -16.9746 4
      vertex 22.4505 -16.6553 -5
      vertex 22.4505 -16.6553 4
    endloop
  endfacet
  facet normal 0.814061 0.58078 0
    outer loop
      vertex 22.4505 -16.6553 -5
      vertex 22.6783 -16.9746 4
      vertex 22.6783 -16.9746 -5
    endloop
  endfacet
  facet normal 0.953779 0.300509 0
    outer loop
      vertex 22.2754 -16.3042 4
      vertex 22.1575 -15.93 -5
      vertex 22.1575 -15.93 4
    endloop
  endfacet
  facet normal 0.953779 0.300509 0
    outer loop
      vertex 22.1575 -15.93 -5
      vertex 22.2754 -16.3042 4
      vertex 22.2754 -16.3042 -5
    endloop
  endfacet
  facet normal -0.948377 0.317145 0
    outer loop
      vertex 26.8947 -16.3445 -5
      vertex 27.0191 -15.9725 4
      vertex 27.0191 -15.9725 -5
    endloop
  endfacet
  facet normal -0.948377 0.317145 0
    outer loop
      vertex 27.0191 -15.9725 4
      vertex 26.8947 -16.3445 -5
      vertex 26.8947 -16.3445 4
    endloop
  endfacet
  facet normal -0.164936 -0.986304 0
    outer loop
      vertex 24.8113 -12.8772 -5.01
      vertex 25.1982 -12.9419 4
      vertex 24.8113 -12.8772 4
    endloop
  endfacet
  facet normal -0.164936 -0.986304 -0
    outer loop
      vertex 25.1982 -12.9419 4
      vertex 24.8113 -12.8772 -5.01
      vertex 25.1982 -12.9419 -5.01
    endloop
  endfacet
  facet normal -0.00892139 -0.99996 0
    outer loop
      vertex 24.419 -12.8737 -5.01
      vertex 24.8113 -12.8772 4
      vertex 24.419 -12.8737 4
    endloop
  endfacet
  facet normal -0.00892139 -0.99996 -0
    outer loop
      vertex 24.8113 -12.8772 4
      vertex 24.419 -12.8737 -5.01
      vertex 24.8113 -12.8772 -5.01
    endloop
  endfacet
  facet normal -0.594971 -0.803747 -6.03299e-06
    outer loop
      vertex 25.9182 -13.2475 4
      vertex 26.1266 -13.4017 -5
      vertex 26.2335 -13.4809 4
    endloop
  endfacet
  facet normal -0.594803 -0.803871 0
    outer loop
      vertex 25.9182 -13.2475 -5.01
      vertex 26.1266 -13.4017 -5
      vertex 25.9182 -13.2475 4
    endloop
  endfacet
  facet normal -0.594803 -0.803871 -0
    outer loop
      vertex 26.1266 -13.4017 -5
      vertex 25.9182 -13.2475 -5.01
      vertex 26.1266 -13.4017 -5.01
    endloop
  endfacet
  facet normal -0.595299 -0.803504 -0
    outer loop
      vertex 26.2335 -13.4809 4
      vertex 26.1266 -13.4017 -5
      vertex 26.2335 -13.4809 -5
    endloop
  endfacet
  facet normal 0.948403 -0.317069 0
    outer loop
      vertex 22.1677 -14.7629 4
      vertex 22.2921 -14.3908 -5.01
      vertex 22.2921 -14.3908 4
    endloop
  endfacet
  facet normal 0.948403 -0.317069 0
    outer loop
      vertex 22.2921 -14.3908 -5.01
      vertex 22.1677 -14.7629 4
      vertex 22.1677 -14.7629 -5.01
    endloop
  endfacet
  facet normal -0.999962 0.00866872 0
    outer loop
      vertex 27.0839 -15.5855 -5
      vertex 27.0873 -15.1933 4
      vertex 27.0873 -15.1933 -5
    endloop
  endfacet
  facet normal -0.999962 0.00866872 0
    outer loop
      vertex 27.0873 -15.1933 4
      vertex 27.0839 -15.5855 -5
      vertex 27.0839 -15.5855 4
    endloop
  endfacet
  facet normal 0.300814 -0.953683 0
    outer loop
      vertex 23.6569 -13.0497 -5.01
      vertex 24.031 -12.9317 4
      vertex 23.6569 -13.0497 4
    endloop
  endfacet
  facet normal 0.300814 -0.953683 0
    outer loop
      vertex 24.031 -12.9317 4
      vertex 23.6569 -13.0497 -5.01
      vertex 24.031 -12.9317 -5.01
    endloop
  endfacet
  facet normal -0.803869 0.594807 0
    outer loop
      vertex 26.4802 -17.0078 -5
      vertex 26.7135 -16.6925 4
      vertex 26.7135 -16.6925 -5
    endloop
  endfacet
  facet normal -0.803869 0.594807 0
    outer loop
      vertex 26.7135 -16.6925 4
      vertex 26.4802 -17.0078 -5
      vertex 26.4802 -17.0078 4
    endloop
  endfacet
  facet normal -0.713198 -0.700963 0
    outer loop
      vertex 26.5085 -13.7607 -5
      vertex 26.2335 -13.4809 4
      vertex 26.2335 -13.4809 -5
    endloop
  endfacet
  facet normal -0.713198 -0.700963 0
    outer loop
      vertex 26.2335 -13.4809 4
      vertex 26.5085 -13.7607 -5
      vertex 26.5085 -13.7607 4
    endloop
  endfacet
  facet normal -0.446092 0.894987 0
    outer loop
      vertex 25.881 -17.5106 -5
      vertex 25.5299 -17.6856 4
      vertex 25.881 -17.5106 4
    endloop
  endfacet
  facet normal -0.446092 0.894987 0
    outer loop
      vertex 25.5299 -17.6856 4
      vertex 25.881 -17.5106 -5
      vertex 25.5299 -17.6856 -5
    endloop
  endfacet
  facet normal 0.803959 -0.594685 0
    outer loop
      vertex 22.4733 -14.0429 4
      vertex 22.7066 -13.7275 -5.01
      vertex 22.7066 -13.7275 4
    endloop
  endfacet
  facet normal 0.803959 -0.594685 0
    outer loop
      vertex 22.7066 -13.7275 -5.01
      vertex 22.4733 -14.0429 4
      vertex 22.4733 -14.0429 -5.01
    endloop
  endfacet
  facet normal -0.894835 -0.446398 0
    outer loop
      vertex 26.9114 -14.4311 -5
      vertex 26.7363 -14.0801 4
      vertex 26.7363 -14.0801 -5
    endloop
  endfacet
  facet normal -0.894835 -0.446398 0
    outer loop
      vertex 26.7363 -14.0801 4
      vertex 26.9114 -14.4311 -5
      vertex 26.9114 -14.4311 4
    endloop
  endfacet
  facet normal -0.461634 -0.887071 0
    outer loop
      vertex 25.5702 -13.0664 -5.01
      vertex 25.9182 -13.2475 4
      vertex 25.5702 -13.0664 4
    endloop
  endfacet
  facet normal -0.461634 -0.887071 -0
    outer loop
      vertex 25.9182 -13.2475 4
      vertex 25.5702 -13.0664 -5.01
      vertex 25.9182 -13.2475 -5.01
    endloop
  endfacet
  facet normal -0.953779 -0.300509 0
    outer loop
      vertex 27.0293 -14.8053 -5
      vertex 26.9114 -14.4311 4
      vertex 26.9114 -14.4311 -5
    endloop
  endfacet
  facet normal -0.953779 -0.300509 0
    outer loop
      vertex 26.9114 -14.4311 4
      vertex 27.0293 -14.8053 -5
      vertex 27.0293 -14.8053 4
    endloop
  endfacet
  facet normal 0.999962 -0.00866872 0
    outer loop
      vertex 22.0995 -15.542 4
      vertex 22.1029 -15.1498 -5.01
      vertex 22.1029 -15.1498 4
    endloop
  endfacet
  facet normal 0.999962 -0.00866872 0
    outer loop
      vertex 22.1029 -15.1498 -5.01
      vertex 22.0995 -15.542 4
      vertex 22.0995 -15.542 -5.01
    endloop
  endfacet
  facet normal 0.989049 0.147591 0
    outer loop
      vertex 22.0995 -15.542 4
      vertex 22.1149 -15.6452 -5
      vertex 22.0995 -15.542 -5.01
    endloop
  endfacet
  facet normal 0.989011 0.147842 -2.94551e-06
    outer loop
      vertex 22.1575 -15.93 4
      vertex 22.1149 -15.6452 -5
      vertex 22.0995 -15.542 4
    endloop
  endfacet
  facet normal 0.988997 0.147933 0
    outer loop
      vertex 22.1149 -15.6452 -5
      vertex 22.1575 -15.93 4
      vertex 22.1575 -15.93 -5
    endloop
  endfacet
  facet normal 0.989049 0.147591 0
    outer loop
      vertex 22.0995 -15.542 -5.01
      vertex 22.1149 -15.6452 -5
      vertex 22.1149 -15.6452 -5.01
    endloop
  endfacet
  facet normal -0.147842 0.989011 0
    outer loop
      vertex 25.1558 -17.8036 -5
      vertex 24.7678 -17.8616 4
      vertex 25.1558 -17.8036 4
    endloop
  endfacet
  facet normal -0.147842 0.989011 0
    outer loop
      vertex 24.7678 -17.8616 4
      vertex 25.1558 -17.8036 -5
      vertex 24.7678 -17.8616 -5
    endloop
  endfacet
  facet normal -0.317375 -0.9483 0
    outer loop
      vertex 25.1982 -12.9419 -5.01
      vertex 25.5702 -13.0664 4
      vertex 25.1982 -12.9419 4
    endloop
  endfacet
  facet normal -0.317375 -0.9483 -0
    outer loop
      vertex 25.5702 -13.0664 4
      vertex 25.1982 -12.9419 -5.01
      vertex 25.5702 -13.0664 -5.01
    endloop
  endfacet
  facet normal 0.986263 -0.165184 0
    outer loop
      vertex 22.1029 -15.1498 4
      vertex 22.1677 -14.7629 -5.01
      vertex 22.1677 -14.7629 4
    endloop
  endfacet
  facet normal 0.986263 -0.165184 0
    outer loop
      vertex 22.1677 -14.7629 -5.01
      vertex 22.1029 -15.1498 4
      vertex 22.1029 -15.1498 -5.01
    endloop
  endfacet
  facet normal 0.59485 0.803837 -0
    outer loop
      vertex 23.2686 -17.4878 -5
      vertex 22.9532 -17.2544 4
      vertex 23.2686 -17.4878 4
    endloop
  endfacet
  facet normal 0.59485 0.803837 0
    outer loop
      vertex 22.9532 -17.2544 4
      vertex 23.2686 -17.4878 -5
      vertex 22.9532 -17.2544 -5
    endloop
  endfacet
  facet normal 0.713325 0.700833 0
    outer loop
      vertex 22.9532 -17.2544 4
      vertex 22.6783 -16.9746 -5
      vertex 22.6783 -16.9746 4
    endloop
  endfacet
  facet normal 0.713325 0.700833 0
    outer loop
      vertex 22.6783 -16.9746 -5
      vertex 22.9532 -17.2544 4
      vertex 22.9532 -17.2544 -5
    endloop
  endfacet
  facet normal 0.857169 -0.515035 0
    outer loop
      vertex 3.61584 7.15 4
      vertex 3.87291 7.57784 -55
      vertex 3.87291 7.57784 4
    endloop
  endfacet
  facet normal 0.857169 -0.515035 0
    outer loop
      vertex 3.87291 7.57784 -55
      vertex 3.61584 7.15 4
      vertex 3.61584 7.15 -55
    endloop
  endfacet
  facet normal -0.945522 -0.325558 0
    outer loop
      vertex 29.6001 4.41894 -55
      vertex 29.4376 4.89089 4
      vertex 29.4376 4.89089 -55
    endloop
  endfacet
  facet normal -0.945522 -0.325558 0
    outer loop
      vertex 29.4376 4.89089 4
      vertex 29.6001 4.41894 -55
      vertex 29.6001 4.41894 4
    endloop
  endfacet
  facet normal -0.998632 -0.0522903 0
    outer loop
      vertex 30.2913 0.499063 -55
      vertex 30.2652 0.997517 4
      vertex 30.2652 0.997517 -55
    endloop
  endfacet
  facet normal -0.998632 -0.0522903 0
    outer loop
      vertex 30.2652 0.997517 4
      vertex 30.2913 0.499063 -55
      vertex 30.2913 0.499063 4
    endloop
  endfacet
  facet normal -0.999848 -0.01743 0
    outer loop
      vertex 30.3 0 -55
      vertex 30.2913 0.499063 4
      vertex 30.2913 0.499063 -55
    endloop
  endfacet
  facet normal -0.999848 -0.01743 0
    outer loop
      vertex 30.2913 0.499063 4
      vertex 30.3 0 -55
      vertex 30.3 0 4
    endloop
  endfacet
  facet normal -0.965919 0.258845 0
    outer loop
      vertex 29.746 -3.94161 -55
      vertex 29.8752 -3.45948 4
      vertex 29.8752 -3.45948 -55
    endloop
  endfacet
  facet normal -0.965919 0.258845 0
    outer loop
      vertex 29.8752 -3.45948 4
      vertex 29.746 -3.94161 -55
      vertex 29.746 -3.94161 4
    endloop
  endfacet
  facet normal -0.0871396 -0.996196 0
    outer loop
      vertex 16.9975 14.2652 -55
      vertex 17.4948 14.2217 4
      vertex 16.9975 14.2652 4
    endloop
  endfacet
  facet normal -0.0871396 -0.996196 -0
    outer loop
      vertex 17.4948 14.2217 4
      vertex 16.9975 14.2652 -55
      vertex 17.4948 14.2217 -55
    endloop
  endfacet
  facet normal -0.891008 0.453989 0
    outer loop
      vertex 28.6262 -6.71344 -55
      vertex 28.8528 -6.26871 4
      vertex 28.8528 -6.26871 -55
    endloop
  endfacet
  facet normal -0.891008 0.453989 0
    outer loop
      vertex 28.8528 -6.26871 4
      vertex 28.6262 -6.71344 -55
      vertex 28.6262 -6.71344 4
    endloop
  endfacet
  facet normal 0.681993 0.731359 -0
    outer loop
      vertex 6.43143 -10.627 -55
      vertex 6.06639 -10.2866 4
      vertex 6.43143 -10.627 4
    endloop
  endfacet
  facet normal 0.681993 0.731359 0
    outer loop
      vertex 6.06639 -10.2866 4
      vertex 6.43143 -10.627 -55
      vertex 6.06639 -10.2866 -55
    endloop
  endfacet
  facet normal 0.992546 0.121869 0
    outer loop
      vertex 1.83917 -1.99018 4
      vertex 1.77834 -1.49476 -55
      vertex 1.77834 -1.49476 4
    endloop
  endfacet
  facet normal 0.992546 0.121869 0
    outer loop
      vertex 1.77834 -1.49476 -55
      vertex 1.83917 -1.99018 4
      vertex 1.83917 -1.99018 -55
    endloop
  endfacet
  facet normal 0.292325 0.956319 -0
    outer loop
      vertex 12.0584 -13.746 -55
      vertex 11.5811 -13.6001 4
      vertex 12.0584 -13.746 4
    endloop
  endfacet
  facet normal 0.292325 0.956319 0
    outer loop
      vertex 11.5811 -13.6001 4
      vertex 12.0584 -13.746 -55
      vertex 11.5811 -13.6001 -55
    endloop
  endfacet
  facet normal -0.422523 -0.906352 0
    outer loop
      vertex 21.8163 13.0637 -55
      vertex 22.2687 12.8528 4
      vertex 21.8163 13.0637 4
    endloop
  endfacet
  facet normal -0.422523 -0.906352 -0
    outer loop
      vertex 22.2687 12.8528 4
      vertex 21.8163 13.0637 -55
      vertex 22.2687 12.8528 -55
    endloop
  endfacet
  facet normal -0.0522959 0.998632 0
    outer loop
      vertex 16.9975 -14.2652 -55
      vertex 16.4991 -14.2913 4
      vertex 16.9975 -14.2652 4
    endloop
  endfacet
  facet normal -0.0522959 0.998632 0
    outer loop
      vertex 16.4991 -14.2913 4
      vertex 16.9975 -14.2652 -55
      vertex 16.4991 -14.2913 -55
    endloop
  endfacet
  facet normal -0.122012 0.992529 0
    outer loop
      vertex 17.9902 -14.1608 -55
      vertex 17.4948 -14.2217 4
      vertex 17.9902 -14.1608 4
    endloop
  endfacet
  facet normal -0.122012 0.992529 0
    outer loop
      vertex 17.4948 -14.2217 4
      vertex 17.9902 -14.1608 -55
      vertex 17.4948 -14.2217 -55
    endloop
  endfacet
  facet normal -0.544629 0.838677 0
    outer loop
      vertex 23.9965 -11.8552 -55
      vertex 23.5778 -12.1271 4
      vertex 23.9965 -11.8552 4
    endloop
  endfacet
  facet normal -0.544629 0.838677 0
    outer loop
      vertex 23.5778 -12.1271 4
      vertex 23.9965 -11.8552 -55
      vertex 23.5778 -12.1271 -55
    endloop
  endfacet
  facet normal -0.891008 -0.453989 0
    outer loop
      vertex 28.8528 6.26871 -55
      vertex 28.6262 6.71344 4
      vertex 28.6262 6.71344 -55
    endloop
  endfacet
  facet normal -0.891008 -0.453989 0
    outer loop
      vertex 28.6262 6.71344 4
      vertex 28.8528 6.26871 -55
      vertex 28.8528 6.26871 4
    endloop
  endfacet
  facet normal -0.987714 -0.156274 0
    outer loop
      vertex 30.1608 1.99018 -55
      vertex 30.0828 2.48317 4
      vertex 30.0828 2.48317 -55
    endloop
  endfacet
  facet normal -0.987714 -0.156274 0
    outer loop
      vertex 30.0828 2.48317 4
      vertex 30.1608 1.99018 -55
      vertex 30.1608 1.99018 4
    endloop
  endfacet
  facet normal 0.707147 0.707067 0
    outer loop
      vertex 6.06639 -10.2866 4
      vertex 5.71344 -9.93361 -55
      vertex 5.71344 -9.93361 4
    endloop
  endfacet
  facet normal 0.707147 0.707067 0
    outer loop
      vertex 5.71344 -9.93361 -55
      vertex 6.06639 -10.2866 4
      vertex 6.06639 -10.2866 -55
    endloop
  endfacet
  facet normal 0.965924 0.258826 0
    outer loop
      vertex 2.25396 -3.94161 4
      vertex 2.12477 -3.45948 -55
      vertex 2.12477 -3.45948 4
    endloop
  endfacet
  facet normal 0.965924 0.258826 0
    outer loop
      vertex 2.12477 -3.45948 -55
      vertex 2.25396 -3.94161 4
      vertex 2.25396 -3.94161 -55
    endloop
  endfacet
  facet normal -0.974361 -0.224988 0
    outer loop
      vertex 29.9875 2.97314 -55
      vertex 29.8752 3.45948 4
      vertex 29.8752 3.45948 -55
    endloop
  endfacet
  facet normal -0.974361 -0.224988 0
    outer loop
      vertex 29.8752 3.45948 4
      vertex 29.9875 2.97314 -55
      vertex 29.9875 2.97314 4
    endloop
  endfacet
  facet normal 0.122012 0.992529 -0
    outer loop
      vertex 14.5052 -14.2217 -55
      vertex 14.0098 -14.1608 4
      vertex 14.5052 -14.2217 4
    endloop
  endfacet
  facet normal 0.122012 0.992529 0
    outer loop
      vertex 14.0098 -14.1608 4
      vertex 14.5052 -14.2217 -55
      vertex 14.0098 -14.1608 -55
    endloop
  endfacet
  facet normal 0.920504 0.390732 0
    outer loop
      vertex 2.9363 -5.81633 4
      vertex 2.74127 -5.35687 -55
      vertex 2.74127 -5.35687 4
    endloop
  endfacet
  facet normal 0.920504 0.390732 0
    outer loop
      vertex 2.74127 -5.35687 -55
      vertex 2.9363 -5.81633 4
      vertex 2.9363 -5.81633 -55
    endloop
  endfacet
  facet normal -0.515114 0.857121 0
    outer loop
      vertex 23.5778 -12.1271 -55
      vertex 23.15 -12.3842 4
      vertex 23.5778 -12.1271 4
    endloop
  endfacet
  facet normal -0.515114 0.857121 0
    outer loop
      vertex 23.15 -12.3842 4
      vertex 23.5778 -12.1271 -55
      vertex 23.15 -12.3842 -55
    endloop
  endfacet
  facet normal -0.956324 -0.292309 0
    outer loop
      vertex 29.746 3.94161 -55
      vertex 29.6001 4.41894 4
      vertex 29.6001 4.41894 -55
    endloop
  endfacet
  facet normal -0.956324 -0.292309 0
    outer loop
      vertex 29.6001 4.41894 4
      vertex 29.746 3.94161 -55
      vertex 29.746 3.94161 4
    endloop
  endfacet
  facet normal -0.65599 -0.754769 0
    outer loop
      vertex 25.1919 10.9544 -55
      vertex 25.5686 10.627 4
      vertex 25.1919 10.9544 4
    endloop
  endfacet
  facet normal -0.65599 -0.754769 -0
    outer loop
      vertex 25.5686 10.627 4
      vertex 25.1919 10.9544 -55
      vertex 25.5686 10.627 -55
    endloop
  endfacet
  facet normal -0.358402 -0.933567 0
    outer loop
      vertex 20.8909 13.4376 -55
      vertex 21.3569 13.2587 4
      vertex 20.8909 13.4376 4
    endloop
  endfacet
  facet normal -0.358402 -0.933567 -0
    outer loop
      vertex 21.3569 13.2587 4
      vertex 20.8909 13.4376 -55
      vertex 21.3569 13.2587 -55
    endloop
  endfacet
  facet normal -0.484792 -0.874629 0
    outer loop
      vertex 22.7134 12.6262 -55
      vertex 23.15 12.3842 4
      vertex 22.7134 12.6262 4
    endloop
  endfacet
  facet normal -0.484792 -0.874629 -0
    outer loop
      vertex 23.15 12.3842 4
      vertex 22.7134 12.6262 -55
      vertex 23.15 12.3842 -55
    endloop
  endfacet
  facet normal -0.999848 0.01743 0
    outer loop
      vertex 30.2913 -0.499063 -55
      vertex 30.3 0 4
      vertex 30.3 0 -55
    endloop
  endfacet
  facet normal -0.999848 0.01743 0
    outer loop
      vertex 30.3 0 4
      vertex 30.2913 -0.499063 -55
      vertex 30.2913 -0.499063 4
    endloop
  endfacet
  facet normal -0.454013 -0.890995 0
    outer loop
      vertex 22.2687 12.8528 -55
      vertex 22.7134 12.6262 4
      vertex 22.2687 12.8528 4
    endloop
  endfacet
  facet normal -0.454013 -0.890995 -0
    outer loop
      vertex 22.7134 12.6262 4
      vertex 22.2687 12.8528 -55
      vertex 22.7134 12.6262 -55
    endloop
  endfacet
  facet normal 0.573585 -0.819146 0
    outer loop
      vertex 7.59467 11.5689 -55
      vertex 8.00354 11.8552 4
      vertex 7.59467 11.5689 4
    endloop
  endfacet
  facet normal 0.573585 -0.819146 0
    outer loop
      vertex 8.00354 11.8552 4
      vertex 7.59467 11.5689 -55
      vertex 8.00354 11.8552 -55
    endloop
  endfacet
  facet normal -0.996195 0.0871495 0
    outer loop
      vertex 30.2217 -1.49476 -55
      vertex 30.2652 -0.997517 4
      vertex 30.2652 -0.997517 -55
    endloop
  endfacet
  facet normal -0.996195 0.0871495 0
    outer loop
      vertex 30.2652 -0.997517 4
      vertex 30.2217 -1.49476 -55
      vertex 30.2217 -1.49476 4
    endloop
  endfacet
  facet normal -0.19095 0.9816 0
    outer loop
      vertex 18.9731 -13.9875 -55
      vertex 18.4832 -14.0828 4
      vertex 18.9731 -13.9875 4
    endloop
  endfacet
  facet normal -0.19095 0.9816 0
    outer loop
      vertex 18.4832 -14.0828 4
      vertex 18.9731 -13.9875 -55
      vertex 18.4832 -14.0828 -55
    endloop
  endfacet
  facet normal 0.777151 -0.629314 0
    outer loop
      vertex 4.73145 8.80396 4
      vertex 5.04556 9.19186 -55
      vertex 5.04556 9.19186 4
    endloop
  endfacet
  facet normal 0.777151 -0.629314 0
    outer loop
      vertex 5.04556 9.19186 -55
      vertex 4.73145 8.80396 4
      vertex 4.73145 8.80396 -55
    endloop
  endfacet
  facet normal 0.97437 -0.22495 0
    outer loop
      vertex 2.01249 2.97314 4
      vertex 2.12477 3.45948 -55
      vertex 2.12477 3.45948 4
    endloop
  endfacet
  facet normal 0.97437 -0.22495 0
    outer loop
      vertex 2.12477 3.45948 -55
      vertex 2.01249 2.97314 4
      vertex 2.01249 2.97314 -55
    endloop
  endfacet
  facet normal 0.156271 0.987714 -0
    outer loop
      vertex 14.0098 -14.1608 -55
      vertex 13.5168 -14.0828 4
      vertex 14.0098 -14.1608 4
    endloop
  endfacet
  facet normal 0.156271 0.987714 0
    outer loop
      vertex 13.5168 -14.0828 4
      vertex 14.0098 -14.1608 -55
      vertex 13.5168 -14.0828 -55
    endloop
  endfacet
  facet normal 0.996194 -0.0871694 0
    outer loop
      vertex 1.73483 0.997517 4
      vertex 1.77834 1.49476 -55
      vertex 1.77834 1.49476 4
    endloop
  endfacet
  facet normal 0.996194 -0.0871694 0
    outer loop
      vertex 1.77834 1.49476 -55
      vertex 1.73483 0.997517 4
      vertex 1.73483 0.997517 -55
    endloop
  endfacet
  facet normal -0.292325 0.956319 0
    outer loop
      vertex 20.4189 -13.6001 -55
      vertex 19.9416 -13.746 4
      vertex 20.4189 -13.6001 4
    endloop
  endfacet
  facet normal -0.292325 0.956319 0
    outer loop
      vertex 19.9416 -13.746 4
      vertex 20.4189 -13.6001 -55
      vertex 19.9416 -13.746 -55
    endloop
  endfacet
  facet normal -0.998632 0.0522903 0
    outer loop
      vertex 30.2652 -0.997517 -55
      vertex 30.2913 -0.499063 4
      vertex 30.2913 -0.499063 -55
    endloop
  endfacet
  facet normal -0.998632 0.0522903 0
    outer loop
      vertex 30.2913 -0.499063 4
      vertex 30.2652 -0.997517 -55
      vertex 30.2652 -0.997517 4
    endloop
  endfacet
  facet normal 0.890999 -0.454004 0
    outer loop
      vertex 3.14724 6.26871 4
      vertex 3.37385 6.71344 -55
      vertex 3.37385 6.71344 4
    endloop
  endfacet
  facet normal 0.890999 -0.454004 0
    outer loop
      vertex 3.37385 6.71344 -55
      vertex 3.14724 6.26871 4
      vertex 3.14724 6.26871 -55
    endloop
  endfacet
  facet normal 0.0522959 -0.998632 0
    outer loop
      vertex 15.0025 14.2652 -55
      vertex 15.5009 14.2913 4
      vertex 15.0025 14.2652 4
    endloop
  endfacet
  facet normal 0.0522959 -0.998632 0
    outer loop
      vertex 15.5009 14.2913 4
      vertex 15.0025 14.2652 -55
      vertex 15.5009 14.2913 -55
    endloop
  endfacet
  facet normal 0.453989 0.891008 -0
    outer loop
      vertex 9.73129 -12.8528 -55
      vertex 9.28656 -12.6262 4
      vertex 9.73129 -12.8528 4
    endloop
  endfacet
  facet normal 0.453989 0.891008 0
    outer loop
      vertex 9.28656 -12.6262 4
      vertex 9.73129 -12.8528 -55
      vertex 9.28656 -12.6262 -55
    endloop
  endfacet
  facet normal 0.965924 -0.258826 0
    outer loop
      vertex 2.12477 3.45948 4
      vertex 2.25396 3.94161 -55
      vertex 2.25396 3.94161 4
    endloop
  endfacet
  facet normal 0.965924 -0.258826 0
    outer loop
      vertex 2.25396 3.94161 -55
      vertex 2.12477 3.45948 4
      vertex 2.12477 3.45948 -55
    endloop
  endfacet
  facet normal -0.629423 -0.777063 0
    outer loop
      vertex 24.804 11.2686 -55
      vertex 25.1919 10.9544 4
      vertex 24.804 11.2686 4
    endloop
  endfacet
  facet normal -0.629423 -0.777063 -0
    outer loop
      vertex 25.1919 10.9544 4
      vertex 24.804 11.2686 -55
      vertex 25.1919 10.9544 -55
    endloop
  endfacet
  facet normal 0.906314 0.422605 0
    outer loop
      vertex 3.14724 -6.26871 4
      vertex 2.9363 -5.81633 -55
      vertex 2.9363 -5.81633 4
    endloop
  endfacet
  facet normal 0.906314 0.422605 0
    outer loop
      vertex 2.9363 -5.81633 -55
      vertex 3.14724 -6.26871 4
      vertex 3.14724 -6.26871 -55
    endloop
  endfacet
  facet normal -0.573651 -0.8191 0
    outer loop
      vertex 23.9965 11.8552 -55
      vertex 24.4053 11.5689 4
      vertex 23.9965 11.8552 4
    endloop
  endfacet
  facet normal -0.573651 -0.8191 -0
    outer loop
      vertex 24.4053 11.5689 4
      vertex 23.9965 11.8552 -55
      vertex 24.4053 11.5689 -55
    endloop
  endfacet
  facet normal 0.224962 0.974368 -0
    outer loop
      vertex 13.0269 -13.9875 -55
      vertex 12.5405 -13.8752 4
      vertex 13.0269 -13.9875 4
    endloop
  endfacet
  facet normal 0.224962 0.974368 0
    outer loop
      vertex 12.5405 -13.8752 4
      vertex 13.0269 -13.9875 -55
      vertex 12.5405 -13.8752 -55
    endloop
  endfacet
  facet normal 0.325528 -0.945533 0
    outer loop
      vertex 11.1091 13.4376 -55
      vertex 11.5811 13.6001 4
      vertex 11.1091 13.4376 4
    endloop
  endfacet
  facet normal 0.325528 -0.945533 0
    outer loop
      vertex 11.5811 13.6001 4
      vertex 11.1091 13.4376 -55
      vertex 11.5811 13.6001 -55
    endloop
  endfacet
  facet normal 0.156271 -0.987714 0
    outer loop
      vertex 13.5168 14.0828 -55
      vertex 14.0098 14.1608 4
      vertex 13.5168 14.0828 4
    endloop
  endfacet
  facet normal 0.156271 -0.987714 0
    outer loop
      vertex 14.0098 14.1608 4
      vertex 13.5168 14.0828 -55
      vertex 14.0098 14.1608 -55
    endloop
  endfacet
  facet normal 0.874619 -0.484811 0
    outer loop
      vertex 3.37385 6.71344 4
      vertex 3.61584 7.15 -55
      vertex 3.61584 7.15 4
    endloop
  endfacet
  facet normal 0.874619 -0.484811 0
    outer loop
      vertex 3.61584 7.15 -55
      vertex 3.37385 6.71344 4
      vertex 3.37385 6.71344 -55
    endloop
  endfacet
  facet normal 0.122012 -0.992529 0
    outer loop
      vertex 14.0098 14.1608 -55
      vertex 14.5052 14.2217 4
      vertex 14.0098 14.1608 4
    endloop
  endfacet
  facet normal 0.122012 -0.992529 0
    outer loop
      vertex 14.5052 14.2217 4
      vertex 14.0098 14.1608 -55
      vertex 14.5052 14.2217 -55
    endloop
  endfacet
  facet normal -0.454013 0.890995 0
    outer loop
      vertex 22.7134 -12.6262 -55
      vertex 22.2687 -12.8528 4
      vertex 22.7134 -12.6262 4
    endloop
  endfacet
  facet normal -0.454013 0.890995 0
    outer loop
      vertex 22.2687 -12.8528 4
      vertex 22.7134 -12.6262 -55
      vertex 22.2687 -12.8528 -55
    endloop
  endfacet
  facet normal 0.956307 -0.292364 0
    outer loop
      vertex 2.25396 3.94161 4
      vertex 2.39989 4.41894 -55
      vertex 2.39989 4.41894 4
    endloop
  endfacet
  facet normal 0.956307 -0.292364 0
    outer loop
      vertex 2.39989 4.41894 -55
      vertex 2.25396 3.94161 4
      vertex 2.25396 3.94161 -55
    endloop
  endfacet
  facet normal -0.325528 -0.945533 0
    outer loop
      vertex 20.4189 13.6001 -55
      vertex 20.8909 13.4376 4
      vertex 20.4189 13.6001 4
    endloop
  endfacet
  facet normal -0.325528 -0.945533 -0
    outer loop
      vertex 20.8909 13.4376 4
      vertex 20.4189 13.6001 -55
      vertex 20.8909 13.4376 -55
    endloop
  endfacet
  facet normal 0.51507 -0.857148 0
    outer loop
      vertex 8.42215 12.1271 -55
      vertex 8.85 12.3842 4
      vertex 8.42215 12.1271 4
    endloop
  endfacet
  facet normal 0.51507 -0.857148 0
    outer loop
      vertex 8.85 12.3842 4
      vertex 8.42215 12.1271 -55
      vertex 8.85 12.3842 -55
    endloop
  endfacet
  facet normal 0.544712 0.838623 -0
    outer loop
      vertex 8.42215 -12.1271 -55
      vertex 8.00354 -11.8552 4
      vertex 8.42215 -12.1271 4
    endloop
  endfacet
  facet normal 0.544712 0.838623 0
    outer loop
      vertex 8.00354 -11.8552 4
      vertex 8.42215 -12.1271 -55
      vertex 8.00354 -11.8552 -55
    endloop
  endfacet
  facet normal -0.156271 0.987714 0
    outer loop
      vertex 18.4832 -14.0828 -55
      vertex 17.9902 -14.1608 4
      vertex 18.4832 -14.0828 4
    endloop
  endfacet
  facet normal -0.156271 0.987714 0
    outer loop
      vertex 17.9902 -14.1608 4
      vertex 18.4832 -14.0828 -55
      vertex 17.9902 -14.1608 -55
    endloop
  endfacet
  facet normal 0.945516 -0.325576 0
    outer loop
      vertex 2.39989 4.41894 4
      vertex 2.5624 4.89089 -55
      vertex 2.5624 4.89089 4
    endloop
  endfacet
  facet normal 0.945516 -0.325576 0
    outer loop
      vertex 2.5624 4.89089 -55
      vertex 2.39989 4.41894 4
      vertex 2.39989 4.41894 -55
    endloop
  endfacet
  facet normal 0.798635 -0.601816 0
    outer loop
      vertex 4.43106 8.40533 4
      vertex 4.73145 8.80396 -55
      vertex 4.73145 8.80396 4
    endloop
  endfacet
  facet normal 0.798635 -0.601816 0
    outer loop
      vertex 4.73145 8.80396 -55
      vertex 4.43106 8.40533 4
      vertex 4.43106 8.40533 -55
    endloop
  endfacet
  facet normal 0.798635 0.601816 0
    outer loop
      vertex 4.73145 -8.80396 4
      vertex 4.43106 -8.40533 -55
      vertex 4.43106 -8.40533 4
    endloop
  endfacet
  facet normal 0.798635 0.601816 0
    outer loop
      vertex 4.43106 -8.40533 -55
      vertex 4.73145 -8.80396 4
      vertex 4.73145 -8.80396 -55
    endloop
  endfacet
  facet normal 0.358402 -0.933567 0
    outer loop
      vertex 10.6431 13.2587 -55
      vertex 11.1091 13.4376 4
      vertex 10.6431 13.2587 4
    endloop
  endfacet
  facet normal 0.358402 -0.933567 0
    outer loop
      vertex 11.1091 13.4376 4
      vertex 10.6431 13.2587 -55
      vertex 11.1091 13.4376 -55
    endloop
  endfacet
  facet normal -0.981605 0.190924 0
    outer loop
      vertex 29.9875 -2.97314 -55
      vertex 30.0828 -2.48317 4
      vertex 30.0828 -2.48317 -55
    endloop
  endfacet
  facet normal -0.981605 0.190924 0
    outer loop
      vertex 30.0828 -2.48317 4
      vertex 29.9875 -2.97314 -55
      vertex 29.9875 -2.97314 4
    endloop
  endfacet
  facet normal 0.544712 -0.838623 0
    outer loop
      vertex 8.00354 11.8552 -55
      vertex 8.42215 12.1271 4
      vertex 8.00354 11.8552 4
    endloop
  endfacet
  facet normal 0.544712 -0.838623 0
    outer loop
      vertex 8.42215 12.1271 4
      vertex 8.00354 11.8552 -55
      vertex 8.42215 12.1271 -55
    endloop
  endfacet
  facet normal -0.838629 -0.544702 0
    outer loop
      vertex 28.1271 7.57784 -55
      vertex 27.8552 7.99646 4
      vertex 27.8552 7.99646 -55
    endloop
  endfacet
  facet normal -0.838629 -0.544702 0
    outer loop
      vertex 27.8552 7.99646 4
      vertex 28.1271 7.57784 -55
      vertex 28.1271 7.57784 4
    endloop
  endfacet
  facet normal -0.857143 0.515079 0
    outer loop
      vertex 28.1271 -7.57784 -55
      vertex 28.3842 -7.15 4
      vertex 28.3842 -7.15 -55
    endloop
  endfacet
  facet normal -0.857143 0.515079 0
    outer loop
      vertex 28.3842 -7.15 4
      vertex 28.1271 -7.57784 -55
      vertex 28.1271 -7.57784 4
    endloop
  endfacet
  facet normal -0.920526 0.390682 0
    outer loop
      vertex 29.0637 -5.81633 -55
      vertex 29.2587 -5.35687 4
      vertex 29.2587 -5.35687 -55
    endloop
  endfacet
  facet normal -0.920526 0.390682 0
    outer loop
      vertex 29.2587 -5.35687 4
      vertex 29.0637 -5.81633 -55
      vertex 29.0637 -5.81633 4
    endloop
  endfacet
  facet normal -0.707097 -0.707117 0
    outer loop
      vertex 25.9336 10.2866 -55
      vertex 26.2866 9.93361 4
      vertex 25.9336 10.2866 4
    endloop
  endfacet
  facet normal -0.707097 -0.707117 -0
    outer loop
      vertex 26.2866 9.93361 4
      vertex 25.9336 10.2866 -55
      vertex 26.2866 9.93361 -55
    endloop
  endfacet
  facet normal -0.933562 0.358415 0
    outer loop
      vertex 29.2587 -5.35687 -55
      vertex 29.4376 -4.89089 4
      vertex 29.4376 -4.89089 -55
    endloop
  endfacet
  facet normal -0.933562 0.358415 0
    outer loop
      vertex 29.4376 -4.89089 4
      vertex 29.2587 -5.35687 -55
      vertex 29.2587 -5.35687 4
    endloop
  endfacet
  facet normal 0.920504 -0.390732 0
    outer loop
      vertex 2.74127 5.35687 4
      vertex 2.9363 5.81633 -55
      vertex 2.9363 5.81633 4
    endloop
  endfacet
  facet normal 0.920504 -0.390732 0
    outer loop
      vertex 2.9363 5.81633 -55
      vertex 2.74127 5.35687 4
      vertex 2.74127 5.35687 -55
    endloop
  endfacet
  facet normal 0.25886 -0.965915 0
    outer loop
      vertex 12.0584 13.746 -55
      vertex 12.5405 13.8752 4
      vertex 12.0584 13.746 4
    endloop
  endfacet
  facet normal 0.25886 -0.965915 0
    outer loop
      vertex 12.5405 13.8752 4
      vertex 12.0584 13.746 -55
      vertex 12.5405 13.8752 -55
    endloop
  endfacet
  facet normal 0.777151 0.629314 0
    outer loop
      vertex 5.04556 -9.19186 4
      vertex 4.73145 -8.80396 -55
      vertex 4.73145 -8.80396 4
    endloop
  endfacet
  facet normal 0.777151 0.629314 0
    outer loop
      vertex 4.73145 -8.80396 -55
      vertex 5.04556 -9.19186 4
      vertex 5.04556 -9.19186 -55
    endloop
  endfacet
  facet normal 0.999848 -0.01745 0
    outer loop
      vertex 1.7 0 4
      vertex 1.70871 0.499063 -55
      vertex 1.70871 0.499063 4
    endloop
  endfacet
  facet normal 0.999848 -0.01745 0
    outer loop
      vertex 1.70871 0.499063 -55
      vertex 1.7 0 4
      vertex 1.7 0 -55
    endloop
  endfacet
  facet normal -0.933562 -0.358415 0
    outer loop
      vertex 29.4376 4.89089 -55
      vertex 29.2587 5.35687 4
      vertex 29.2587 5.35687 -55
    endloop
  endfacet
  facet normal -0.933562 -0.358415 0
    outer loop
      vertex 29.2587 5.35687 4
      vertex 29.4376 4.89089 -55
      vertex 29.4376 4.89089 4
    endloop
  endfacet
  facet normal 0.906314 -0.422605 0
    outer loop
      vertex 2.9363 5.81633 4
      vertex 3.14724 6.26871 -55
      vertex 3.14724 6.26871 4
    endloop
  endfacet
  facet normal 0.906314 -0.422605 0
    outer loop
      vertex 3.14724 6.26871 -55
      vertex 2.9363 5.81633 4
      vertex 2.9363 5.81633 -55
    endloop
  endfacet
  facet normal -0.390725 0.920508 0
    outer loop
      vertex 21.8163 -13.0637 -55
      vertex 21.3569 -13.2587 4
      vertex 21.8163 -13.0637 4
    endloop
  endfacet
  facet normal -0.390725 0.920508 0
    outer loop
      vertex 21.3569 -13.2587 4
      vertex 21.8163 -13.0637 -55
      vertex 21.3569 -13.2587 -55
    endloop
  endfacet
  facet normal -0.981605 -0.190924 0
    outer loop
      vertex 30.0828 2.48317 -55
      vertex 29.9875 2.97314 4
      vertex 29.9875 2.97314 -55
    endloop
  endfacet
  facet normal -0.981605 -0.190924 0
    outer loop
      vertex 29.9875 2.97314 4
      vertex 30.0828 2.48317 -55
      vertex 30.0828 2.48317 4
    endloop
  endfacet
  facet normal -0.906345 -0.422539 0
    outer loop
      vertex 29.0637 5.81633 -55
      vertex 28.8528 6.26871 4
      vertex 28.8528 6.26871 -55
    endloop
  endfacet
  facet normal -0.906345 -0.422539 0
    outer loop
      vertex 28.8528 6.26871 4
      vertex 29.0637 5.81633 -55
      vertex 29.0637 5.81633 4
    endloop
  endfacet
  facet normal 0.19095 0.9816 -0
    outer loop
      vertex 13.5168 -14.0828 -55
      vertex 13.0269 -13.9875 4
      vertex 13.5168 -14.0828 4
    endloop
  endfacet
  facet normal 0.19095 0.9816 0
    outer loop
      vertex 13.0269 -13.9875 4
      vertex 13.5168 -14.0828 -55
      vertex 13.0269 -13.9875 -55
    endloop
  endfacet
  facet normal -0.798721 0.601701 0
    outer loop
      vertex 27.2686 -8.80396 -55
      vertex 27.5689 -8.40533 4
      vertex 27.5689 -8.40533 -55
    endloop
  endfacet
  facet normal -0.798721 0.601701 0
    outer loop
      vertex 27.5689 -8.40533 4
      vertex 27.2686 -8.80396 -55
      vertex 27.2686 -8.80396 4
    endloop
  endfacet
  facet normal -0.974361 0.224988 0
    outer loop
      vertex 29.8752 -3.45948 -55
      vertex 29.9875 -2.97314 4
      vertex 29.9875 -2.97314 -55
    endloop
  endfacet
  facet normal -0.974361 0.224988 0
    outer loop
      vertex 29.9875 -2.97314 4
      vertex 29.8752 -3.45948 -55
      vertex 29.8752 -3.45948 4
    endloop
  endfacet
  facet normal -0.965919 -0.258845 0
    outer loop
      vertex 29.8752 3.45948 -55
      vertex 29.746 3.94161 4
      vertex 29.746 3.94161 -55
    endloop
  endfacet
  facet normal -0.965919 -0.258845 0
    outer loop
      vertex 29.746 3.94161 4
      vertex 29.8752 3.45948 -55
      vertex 29.8752 3.45948 4
    endloop
  endfacet
  facet normal -0.325528 0.945533 0
    outer loop
      vertex 20.8909 -13.4376 -55
      vertex 20.4189 -13.6001 4
      vertex 20.8909 -13.4376 4
    endloop
  endfacet
  facet normal -0.325528 0.945533 0
    outer loop
      vertex 20.4189 -13.6001 4
      vertex 20.8909 -13.4376 -55
      vertex 20.4189 -13.6001 -55
    endloop
  endfacet
  facet normal -0.819146 -0.573585 0
    outer loop
      vertex 27.8552 7.99646 -55
      vertex 27.5689 8.40533 4
      vertex 27.5689 8.40533 -55
    endloop
  endfacet
  facet normal -0.819146 -0.573585 0
    outer loop
      vertex 27.5689 8.40533 4
      vertex 27.8552 7.99646 -55
      vertex 27.8552 7.99646 4
    endloop
  endfacet
  facet normal 0.992546 -0.121869 0
    outer loop
      vertex 1.77834 1.49476 4
      vertex 1.83917 1.99018 -55
      vertex 1.83917 1.99018 4
    endloop
  endfacet
  facet normal 0.992546 -0.121869 0
    outer loop
      vertex 1.83917 1.99018 -55
      vertex 1.77834 1.49476 4
      vertex 1.77834 1.49476 -55
    endloop
  endfacet
  facet normal 0.484826 0.87461 -0
    outer loop
      vertex 9.28656 -12.6262 -55
      vertex 8.85 -12.3842 4
      vertex 9.28656 -12.6262 4
    endloop
  endfacet
  facet normal 0.484826 0.87461 0
    outer loop
      vertex 8.85 -12.3842 4
      vertex 9.28656 -12.6262 -55
      vertex 8.85 -12.3842 -55
    endloop
  endfacet
  facet normal 0.857169 0.515035 0
    outer loop
      vertex 3.87291 -7.57784 4
      vertex 3.61584 -7.15 -55
      vertex 3.61584 -7.15 4
    endloop
  endfacet
  facet normal 0.857169 0.515035 0
    outer loop
      vertex 3.61584 -7.15 -55
      vertex 3.87291 -7.57784 4
      vertex 3.87291 -7.57784 -55
    endloop
  endfacet
  facet normal -0.292325 -0.956319 0
    outer loop
      vertex 19.9416 13.746 -55
      vertex 20.4189 13.6001 4
      vertex 19.9416 13.746 4
    endloop
  endfacet
  facet normal -0.292325 -0.956319 -0
    outer loop
      vertex 20.4189 13.6001 4
      vertex 19.9416 13.746 -55
      vertex 20.4189 13.6001 -55
    endloop
  endfacet
  facet normal 0.390725 -0.920508 0
    outer loop
      vertex 10.1837 13.0637 -55
      vertex 10.6431 13.2587 4
      vertex 10.1837 13.0637 4
    endloop
  endfacet
  facet normal 0.390725 -0.920508 0
    outer loop
      vertex 10.6431 13.2587 4
      vertex 10.1837 13.0637 -55
      vertex 10.6431 13.2587 -55
    endloop
  endfacet
  facet normal -0.857143 -0.515079 0
    outer loop
      vertex 28.3842 7.15 -55
      vertex 28.1271 7.57784 4
      vertex 28.1271 7.57784 -55
    endloop
  endfacet
  facet normal -0.857143 -0.515079 0
    outer loop
      vertex 28.1271 7.57784 4
      vertex 28.3842 7.15 -55
      vertex 28.3842 7.15 4
    endloop
  endfacet
  facet normal 0.19095 -0.9816 0
    outer loop
      vertex 13.0269 13.9875 -55
      vertex 13.5168 14.0828 4
      vertex 13.0269 13.9875 4
    endloop
  endfacet
  facet normal 0.19095 -0.9816 0
    outer loop
      vertex 13.5168 14.0828 4
      vertex 13.0269 13.9875 -55
      vertex 13.5168 14.0828 -55
    endloop
  endfacet
  facet normal -0.992529 -0.122008 0
    outer loop
      vertex 30.2217 1.49476 -55
      vertex 30.1608 1.99018 4
      vertex 30.1608 1.99018 -55
    endloop
  endfacet
  facet normal -0.992529 -0.122008 0
    outer loop
      vertex 30.1608 1.99018 4
      vertex 30.2217 1.49476 -55
      vertex 30.2217 1.49476 4
    endloop
  endfacet
  facet normal 0.0871396 0.996196 -0
    outer loop
      vertex 15.0025 -14.2652 -55
      vertex 14.5052 -14.2217 4
      vertex 15.0025 -14.2652 4
    endloop
  endfacet
  facet normal 0.0871396 0.996196 0
    outer loop
      vertex 14.5052 -14.2217 4
      vertex 15.0025 -14.2652 -55
      vertex 14.5052 -14.2217 -55
    endloop
  endfacet
  facet normal -0.224962 -0.974368 0
    outer loop
      vertex 18.9731 13.9875 -55
      vertex 19.4595 13.8752 4
      vertex 18.9731 13.9875 4
    endloop
  endfacet
  facet normal -0.224962 -0.974368 -0
    outer loop
      vertex 19.4595 13.8752 4
      vertex 18.9731 13.9875 -55
      vertex 19.4595 13.8752 -55
    endloop
  endfacet
  facet normal -0.0174287 0.999848 0
    outer loop
      vertex 16.4991 -14.2913 -55
      vertex 16 -14.3 4
      vertex 16.4991 -14.2913 4
    endloop
  endfacet
  facet normal -0.0174287 0.999848 0
    outer loop
      vertex 16 -14.3 4
      vertex 16.4991 -14.2913 -55
      vertex 16 -14.3 -55
    endloop
  endfacet
  facet normal 0.933582 -0.358363 0
    outer loop
      vertex 2.5624 4.89089 4
      vertex 2.74127 5.35687 -55
      vertex 2.74127 5.35687 4
    endloop
  endfacet
  facet normal 0.933582 -0.358363 0
    outer loop
      vertex 2.74127 5.35687 -55
      vertex 2.5624 4.89089 4
      vertex 2.5624 4.89089 -55
    endloop
  endfacet
  facet normal 0.707147 -0.707067 0
    outer loop
      vertex 5.71344 9.93361 4
      vertex 6.06639 10.2866 -55
      vertex 6.06639 10.2866 4
    endloop
  endfacet
  facet normal 0.707147 -0.707067 0
    outer loop
      vertex 6.06639 10.2866 -55
      vertex 5.71344 9.93361 4
      vertex 5.71344 9.93361 -55
    endloop
  endfacet
  facet normal 0.754709 0.65606 0
    outer loop
      vertex 5.37303 -9.56857 4
      vertex 5.04556 -9.19186 -55
      vertex 5.04556 -9.19186 4
    endloop
  endfacet
  facet normal 0.754709 0.65606 0
    outer loop
      vertex 5.04556 -9.19186 -55
      vertex 5.37303 -9.56857 4
      vertex 5.37303 -9.56857 -55
    endloop
  endfacet
  facet normal 0.99863 0.0523302 0
    outer loop
      vertex 1.73483 -0.997517 4
      vertex 1.70871 -0.499063 -55
      vertex 1.70871 -0.499063 4
    endloop
  endfacet
  facet normal 0.99863 0.0523302 0
    outer loop
      vertex 1.70871 -0.499063 -55
      vertex 1.73483 -0.997517 4
      vertex 1.73483 -0.997517 -55
    endloop
  endfacet
  facet normal -0.601634 -0.798772 0
    outer loop
      vertex 24.4053 11.5689 -55
      vertex 24.804 11.2686 4
      vertex 24.4053 11.5689 4
    endloop
  endfacet
  facet normal -0.601634 -0.798772 -0
    outer loop
      vertex 24.804 11.2686 4
      vertex 24.4053 11.5689 -55
      vertex 24.804 11.2686 -55
    endloop
  endfacet
  facet normal -0.358402 0.933567 0
    outer loop
      vertex 21.3569 -13.2587 -55
      vertex 20.8909 -13.4376 4
      vertex 21.3569 -13.2587 4
    endloop
  endfacet
  facet normal -0.358402 0.933567 0
    outer loop
      vertex 20.8909 -13.4376 4
      vertex 21.3569 -13.2587 -55
      vertex 20.8909 -13.4376 -55
    endloop
  endfacet
  facet normal -0.920526 -0.390682 0
    outer loop
      vertex 29.2587 5.35687 -55
      vertex 29.0637 5.81633 4
      vertex 29.0637 5.81633 -55
    endloop
  endfacet
  facet normal -0.920526 -0.390682 0
    outer loop
      vertex 29.0637 5.81633 4
      vertex 29.2587 5.35687 -55
      vertex 29.2587 5.35687 4
    endloop
  endfacet
  facet normal -0.0871396 0.996196 0
    outer loop
      vertex 17.4948 -14.2217 -55
      vertex 16.9975 -14.2652 4
      vertex 17.4948 -14.2217 4
    endloop
  endfacet
  facet normal -0.0871396 0.996196 0
    outer loop
      vertex 16.9975 -14.2652 4
      vertex 17.4948 -14.2217 -55
      vertex 16.9975 -14.2652 -55
    endloop
  endfacet
  facet normal -0.515114 -0.857121 0
    outer loop
      vertex 23.15 12.3842 -55
      vertex 23.5778 12.1271 4
      vertex 23.15 12.3842 4
    endloop
  endfacet
  facet normal -0.515114 -0.857121 -0
    outer loop
      vertex 23.5778 12.1271 4
      vertex 23.15 12.3842 -55
      vertex 23.5778 12.1271 -55
    endloop
  endfacet
  facet normal 0.65598 0.754778 -0
    outer loop
      vertex 6.80814 -10.9544 -55
      vertex 6.43143 -10.627 4
      vertex 6.80814 -10.9544 4
    endloop
  endfacet
  facet normal 0.65598 0.754778 0
    outer loop
      vertex 6.43143 -10.627 4
      vertex 6.80814 -10.9544 -55
      vertex 6.43143 -10.627 -55
    endloop
  endfacet
  facet normal 0.731349 -0.682003 0
    outer loop
      vertex 5.37303 9.56857 4
      vertex 5.71344 9.93361 -55
      vertex 5.71344 9.93361 4
    endloop
  endfacet
  facet normal 0.731349 -0.682003 0
    outer loop
      vertex 5.71344 9.93361 -55
      vertex 5.37303 9.56857 4
      vertex 5.37303 9.56857 -55
    endloop
  endfacet
  facet normal -0.956324 0.292309 0
    outer loop
      vertex 29.6001 -4.41894 -55
      vertex 29.746 -3.94161 4
      vertex 29.746 -3.94161 -55
    endloop
  endfacet
  facet normal -0.956324 0.292309 0
    outer loop
      vertex 29.746 -3.94161 4
      vertex 29.6001 -4.41894 -55
      vertex 29.6001 -4.41894 4
    endloop
  endfacet
  facet normal -0.87461 -0.484826 0
    outer loop
      vertex 28.6262 6.71344 -55
      vertex 28.3842 7.15 4
      vertex 28.3842 7.15 -55
    endloop
  endfacet
  facet normal -0.87461 -0.484826 0
    outer loop
      vertex 28.3842 7.15 4
      vertex 28.6262 6.71344 -55
      vertex 28.6262 6.71344 4
    endloop
  endfacet
  facet normal 0.731349 0.682003 0
    outer loop
      vertex 5.71344 -9.93361 4
      vertex 5.37303 -9.56857 -55
      vertex 5.37303 -9.56857 4
    endloop
  endfacet
  facet normal 0.731349 0.682003 0
    outer loop
      vertex 5.37303 -9.56857 -55
      vertex 5.71344 -9.93361 4
      vertex 5.71344 -9.93361 -55
    endloop
  endfacet
  facet normal -0.798721 -0.601701 0
    outer loop
      vertex 27.5689 8.40533 -55
      vertex 27.2686 8.80396 4
      vertex 27.2686 8.80396 -55
    endloop
  endfacet
  facet normal -0.798721 -0.601701 0
    outer loop
      vertex 27.2686 8.80396 4
      vertex 27.5689 8.40533 -55
      vertex 27.5689 8.40533 4
    endloop
  endfacet
  facet normal 0.754709 -0.65606 0
    outer loop
      vertex 5.04556 9.19186 4
      vertex 5.37303 9.56857 -55
      vertex 5.37303 9.56857 4
    endloop
  endfacet
  facet normal 0.754709 -0.65606 0
    outer loop
      vertex 5.37303 9.56857 -55
      vertex 5.04556 9.19186 4
      vertex 5.04556 9.19186 -55
    endloop
  endfacet
  facet normal -0.992529 0.122008 0
    outer loop
      vertex 30.1608 -1.99018 -55
      vertex 30.2217 -1.49476 4
      vertex 30.2217 -1.49476 -55
    endloop
  endfacet
  facet normal -0.992529 0.122008 0
    outer loop
      vertex 30.2217 -1.49476 4
      vertex 30.1608 -1.99018 -55
      vertex 30.1608 -1.99018 4
    endloop
  endfacet
  facet normal 0.484826 -0.87461 0
    outer loop
      vertex 8.85 12.3842 -55
      vertex 9.28656 12.6262 4
      vertex 8.85 12.3842 4
    endloop
  endfacet
  facet normal 0.484826 -0.87461 0
    outer loop
      vertex 9.28656 12.6262 4
      vertex 8.85 12.3842 -55
      vertex 9.28656 12.6262 -55
    endloop
  endfacet
  facet normal -0.987714 0.156274 0
    outer loop
      vertex 30.0828 -2.48317 -55
      vertex 30.1608 -1.99018 4
      vertex 30.1608 -1.99018 -55
    endloop
  endfacet
  facet normal -0.987714 0.156274 0
    outer loop
      vertex 30.1608 -1.99018 4
      vertex 30.0828 -2.48317 -55
      vertex 30.0828 -2.48317 4
    endloop
  endfacet
  facet normal -0.906345 0.422539 0
    outer loop
      vertex 28.8528 -6.26871 -55
      vertex 29.0637 -5.81633 4
      vertex 29.0637 -5.81633 -55
    endloop
  endfacet
  facet normal -0.906345 0.422539 0
    outer loop
      vertex 29.0637 -5.81633 4
      vertex 28.8528 -6.26871 -55
      vertex 28.8528 -6.26871 4
    endloop
  endfacet
  facet normal -0.224962 0.974368 0
    outer loop
      vertex 19.4595 -13.8752 -55
      vertex 18.9731 -13.9875 4
      vertex 19.4595 -13.8752 4
    endloop
  endfacet
  facet normal -0.224962 0.974368 0
    outer loop
      vertex 18.9731 -13.9875 4
      vertex 19.4595 -13.8752 -55
      vertex 18.9731 -13.9875 -55
    endloop
  endfacet
  facet normal 0.422516 0.906356 -0
    outer loop
      vertex 10.1837 -13.0637 -55
      vertex 9.73129 -12.8528 4
      vertex 10.1837 -13.0637 4
    endloop
  endfacet
  facet normal 0.422516 0.906356 0
    outer loop
      vertex 9.73129 -12.8528 4
      vertex 10.1837 -13.0637 -55
      vertex 9.73129 -12.8528 -55
    endloop
  endfacet
  facet normal -0.390725 -0.920508 0
    outer loop
      vertex 21.3569 13.2587 -55
      vertex 21.8163 13.0637 4
      vertex 21.3569 13.2587 4
    endloop
  endfacet
  facet normal -0.390725 -0.920508 -0
    outer loop
      vertex 21.8163 13.0637 4
      vertex 21.3569 13.2587 -55
      vertex 21.8163 13.0637 -55
    endloop
  endfacet
  facet normal -0.601634 0.798772 0
    outer loop
      vertex 24.804 -11.2686 -55
      vertex 24.4053 -11.5689 4
      vertex 24.804 -11.2686 4
    endloop
  endfacet
  facet normal -0.601634 0.798772 0
    outer loop
      vertex 24.4053 -11.5689 4
      vertex 24.804 -11.2686 -55
      vertex 24.4053 -11.5689 -55
    endloop
  endfacet
  facet normal 0.601701 0.798721 -0
    outer loop
      vertex 7.59467 -11.5689 -55
      vertex 7.19604 -11.2686 4
      vertex 7.59467 -11.5689 4
    endloop
  endfacet
  facet normal 0.601701 0.798721 0
    outer loop
      vertex 7.19604 -11.2686 4
      vertex 7.59467 -11.5689 -55
      vertex 7.19604 -11.2686 -55
    endloop
  endfacet
  facet normal -0.838629 0.544702 0
    outer loop
      vertex 27.8552 -7.99646 -55
      vertex 28.1271 -7.57784 4
      vertex 28.1271 -7.57784 -55
    endloop
  endfacet
  facet normal -0.838629 0.544702 0
    outer loop
      vertex 28.1271 -7.57784 4
      vertex 27.8552 -7.99646 -55
      vertex 27.8552 -7.99646 4
    endloop
  endfacet
  facet normal 0.629423 0.777063 -0
    outer loop
      vertex 7.19604 -11.2686 -55
      vertex 6.80814 -10.9544 4
      vertex 7.19604 -11.2686 4
    endloop
  endfacet
  facet normal 0.629423 0.777063 0
    outer loop
      vertex 6.80814 -10.9544 4
      vertex 7.19604 -11.2686 -55
      vertex 6.80814 -10.9544 -55
    endloop
  endfacet
  facet normal -0.544629 -0.838677 0
    outer loop
      vertex 23.5778 12.1271 -55
      vertex 23.9965 11.8552 4
      vertex 23.5778 12.1271 4
    endloop
  endfacet
  facet normal -0.544629 -0.838677 -0
    outer loop
      vertex 23.9965 11.8552 4
      vertex 23.5778 12.1271 -55
      vertex 23.9965 11.8552 -55
    endloop
  endfacet
  facet normal -0.0522959 -0.998632 0
    outer loop
      vertex 16.4991 14.2913 -55
      vertex 16.9975 14.2652 4
      vertex 16.4991 14.2913 4
    endloop
  endfacet
  facet normal -0.0522959 -0.998632 -0
    outer loop
      vertex 16.9975 14.2652 4
      vertex 16.4991 14.2913 -55
      vertex 16.9975 14.2652 -55
    endloop
  endfacet
  facet normal 0.999848 0.01745 0
    outer loop
      vertex 1.70871 -0.499063 4
      vertex 1.7 0 -55
      vertex 1.7 0 4
    endloop
  endfacet
  facet normal 0.999848 0.01745 0
    outer loop
      vertex 1.7 0 -55
      vertex 1.70871 -0.499063 4
      vertex 1.70871 -0.499063 -55
    endloop
  endfacet
  facet normal -0.682033 -0.731322 0
    outer loop
      vertex 25.5686 10.627 -55
      vertex 25.9336 10.2866 4
      vertex 25.5686 10.627 4
    endloop
  endfacet
  facet normal -0.682033 -0.731322 -0
    outer loop
      vertex 25.9336 10.2866 4
      vertex 25.5686 10.627 -55
      vertex 25.9336 10.2866 -55
    endloop
  endfacet
  facet normal -0.731359 -0.681993 0
    outer loop
      vertex 26.627 9.56857 -55
      vertex 26.2866 9.93361 4
      vertex 26.2866 9.93361 -55
    endloop
  endfacet
  facet normal -0.731359 -0.681993 0
    outer loop
      vertex 26.2866 9.93361 4
      vertex 26.627 9.56857 -55
      vertex 26.627 9.56857 4
    endloop
  endfacet
  facet normal 0.0871396 -0.996196 0
    outer loop
      vertex 14.5052 14.2217 -55
      vertex 15.0025 14.2652 4
      vertex 14.5052 14.2217 4
    endloop
  endfacet
  facet normal 0.0871396 -0.996196 0
    outer loop
      vertex 15.0025 14.2652 4
      vertex 14.5052 14.2217 -55
      vertex 15.0025 14.2652 -55
    endloop
  endfacet
  facet normal -0.945522 0.325558 0
    outer loop
      vertex 29.4376 -4.89089 -55
      vertex 29.6001 -4.41894 4
      vertex 29.6001 -4.41894 -55
    endloop
  endfacet
  facet normal -0.945522 0.325558 0
    outer loop
      vertex 29.6001 -4.41894 4
      vertex 29.4376 -4.89089 -55
      vertex 29.4376 -4.89089 4
    endloop
  endfacet
  facet normal 0.629423 -0.777063 0
    outer loop
      vertex 6.80814 10.9544 -55
      vertex 7.19604 11.2686 4
      vertex 6.80814 10.9544 4
    endloop
  endfacet
  facet normal 0.629423 -0.777063 0
    outer loop
      vertex 7.19604 11.2686 4
      vertex 6.80814 10.9544 -55
      vertex 7.19604 11.2686 -55
    endloop
  endfacet
  facet normal 0.987689 0.156431 0
    outer loop
      vertex 1.91725 -2.48317 4
      vertex 1.83917 -1.99018 -55
      vertex 1.83917 -1.99018 4
    endloop
  endfacet
  facet normal 0.987689 0.156431 0
    outer loop
      vertex 1.83917 -1.99018 -55
      vertex 1.91725 -2.48317 4
      vertex 1.91725 -2.48317 -55
    endloop
  endfacet
  facet normal -0.87461 0.484826 0
    outer loop
      vertex 28.3842 -7.15 -55
      vertex 28.6262 -6.71344 4
      vertex 28.6262 -6.71344 -55
    endloop
  endfacet
  facet normal -0.87461 0.484826 0
    outer loop
      vertex 28.6262 -6.71344 4
      vertex 28.3842 -7.15 -55
      vertex 28.3842 -7.15 4
    endloop
  endfacet
  facet normal -0.19095 -0.9816 0
    outer loop
      vertex 18.4832 14.0828 -55
      vertex 18.9731 13.9875 4
      vertex 18.4832 14.0828 4
    endloop
  endfacet
  facet normal -0.19095 -0.9816 -0
    outer loop
      vertex 18.9731 13.9875 4
      vertex 18.4832 14.0828 -55
      vertex 18.9731 13.9875 -55
    endloop
  endfacet
  facet normal -0.754778 0.65598 0
    outer loop
      vertex 26.627 -9.56857 -55
      vertex 26.9544 -9.19186 4
      vertex 26.9544 -9.19186 -55
    endloop
  endfacet
  facet normal -0.754778 0.65598 0
    outer loop
      vertex 26.9544 -9.19186 4
      vertex 26.627 -9.56857 -55
      vertex 26.627 -9.56857 4
    endloop
  endfacet
  facet normal -0.996195 -0.0871495 0
    outer loop
      vertex 30.2652 0.997517 -55
      vertex 30.2217 1.49476 4
      vertex 30.2217 1.49476 -55
    endloop
  endfacet
  facet normal -0.996195 -0.0871495 0
    outer loop
      vertex 30.2217 1.49476 4
      vertex 30.2652 0.997517 -55
      vertex 30.2652 0.997517 4
    endloop
  endfacet
  facet normal -0.156271 -0.987714 0
    outer loop
      vertex 17.9902 14.1608 -55
      vertex 18.4832 14.0828 4
      vertex 17.9902 14.1608 4
    endloop
  endfacet
  facet normal -0.156271 -0.987714 -0
    outer loop
      vertex 18.4832 14.0828 4
      vertex 17.9902 14.1608 -55
      vertex 18.4832 14.0828 -55
    endloop
  endfacet
  facet normal -0.65599 0.754769 0
    outer loop
      vertex 25.5686 -10.627 -55
      vertex 25.1919 -10.9544 4
      vertex 25.5686 -10.627 4
    endloop
  endfacet
  facet normal -0.65599 0.754769 0
    outer loop
      vertex 25.1919 -10.9544 4
      vertex 25.5686 -10.627 -55
      vertex 25.1919 -10.9544 -55
    endloop
  endfacet
  facet normal -0.484792 0.874629 0
    outer loop
      vertex 23.15 -12.3842 -55
      vertex 22.7134 -12.6262 4
      vertex 23.15 -12.3842 4
    endloop
  endfacet
  facet normal -0.484792 0.874629 0
    outer loop
      vertex 22.7134 -12.6262 4
      vertex 23.15 -12.3842 -55
      vertex 22.7134 -12.6262 -55
    endloop
  endfacet
  facet normal 0.681993 -0.731359 0
    outer loop
      vertex 6.06639 10.2866 -55
      vertex 6.43143 10.627 4
      vertex 6.06639 10.2866 4
    endloop
  endfacet
  facet normal 0.681993 -0.731359 0
    outer loop
      vertex 6.43143 10.627 4
      vertex 6.06639 10.2866 -55
      vertex 6.43143 10.627 -55
    endloop
  endfacet
  facet normal -0.777063 0.629423 0
    outer loop
      vertex 26.9544 -9.19186 -55
      vertex 27.2686 -8.80396 4
      vertex 27.2686 -8.80396 -55
    endloop
  endfacet
  facet normal -0.777063 0.629423 0
    outer loop
      vertex 27.2686 -8.80396 4
      vertex 26.9544 -9.19186 -55
      vertex 26.9544 -9.19186 4
    endloop
  endfacet
  facet normal 0.945516 0.325576 0
    outer loop
      vertex 2.5624 -4.89089 4
      vertex 2.39989 -4.41894 -55
      vertex 2.39989 -4.41894 4
    endloop
  endfacet
  facet normal 0.945516 0.325576 0
    outer loop
      vertex 2.39989 -4.41894 -55
      vertex 2.5624 -4.89089 4
      vertex 2.5624 -4.89089 -55
    endloop
  endfacet
  facet normal 0.0522959 0.998632 -0
    outer loop
      vertex 15.5009 -14.2913 -55
      vertex 15.0025 -14.2652 4
      vertex 15.5009 -14.2913 4
    endloop
  endfacet
  facet normal 0.0522959 0.998632 0
    outer loop
      vertex 15.0025 -14.2652 4
      vertex 15.5009 -14.2913 -55
      vertex 15.0025 -14.2652 -55
    endloop
  endfacet
  facet normal 0.0174287 0.999848 -0
    outer loop
      vertex 16 -14.3 -55
      vertex 15.5009 -14.2913 4
      vertex 16 -14.3 4
    endloop
  endfacet
  facet normal 0.0174287 0.999848 0
    outer loop
      vertex 15.5009 -14.2913 4
      vertex 16 -14.3 -55
      vertex 15.5009 -14.2913 -55
    endloop
  endfacet
  facet normal 0.573585 0.819146 -0
    outer loop
      vertex 8.00354 -11.8552 -55
      vertex 7.59467 -11.5689 4
      vertex 8.00354 -11.8552 4
    endloop
  endfacet
  facet normal 0.573585 0.819146 0
    outer loop
      vertex 7.59467 -11.5689 4
      vertex 8.00354 -11.8552 -55
      vertex 7.59467 -11.5689 -55
    endloop
  endfacet
  facet normal -0.422523 0.906352 0
    outer loop
      vertex 22.2687 -12.8528 -55
      vertex 21.8163 -13.0637 4
      vertex 22.2687 -12.8528 4
    endloop
  endfacet
  facet normal -0.422523 0.906352 0
    outer loop
      vertex 21.8163 -13.0637 4
      vertex 22.2687 -12.8528 -55
      vertex 21.8163 -13.0637 -55
    endloop
  endfacet
  facet normal 0.292325 -0.956319 0
    outer loop
      vertex 11.5811 13.6001 -55
      vertex 12.0584 13.746 4
      vertex 11.5811 13.6001 4
    endloop
  endfacet
  facet normal 0.292325 -0.956319 0
    outer loop
      vertex 12.0584 13.746 4
      vertex 11.5811 13.6001 -55
      vertex 12.0584 13.746 -55
    endloop
  endfacet
  facet normal 0.838675 -0.544632 0
    outer loop
      vertex 3.87291 7.57784 4
      vertex 4.14476 7.99646 -55
      vertex 4.14476 7.99646 4
    endloop
  endfacet
  facet normal 0.838675 -0.544632 0
    outer loop
      vertex 4.14476 7.99646 -55
      vertex 3.87291 7.57784 4
      vertex 3.87291 7.57784 -55
    endloop
  endfacet
  facet normal -0.819146 0.573585 0
    outer loop
      vertex 27.5689 -8.40533 -55
      vertex 27.8552 -7.99646 4
      vertex 27.8552 -7.99646 -55
    endloop
  endfacet
  facet normal -0.819146 0.573585 0
    outer loop
      vertex 27.8552 -7.99646 4
      vertex 27.5689 -8.40533 -55
      vertex 27.5689 -8.40533 4
    endloop
  endfacet
  facet normal 0.0174287 -0.999848 0
    outer loop
      vertex 15.5009 14.2913 -55
      vertex 16 14.3 4
      vertex 15.5009 14.2913 4
    endloop
  endfacet
  facet normal 0.0174287 -0.999848 0
    outer loop
      vertex 16 14.3 4
      vertex 15.5009 14.2913 -55
      vertex 16 14.3 -55
    endloop
  endfacet
  facet normal 0.819146 -0.573585 0
    outer loop
      vertex 4.14476 7.99646 4
      vertex 4.43106 8.40533 -55
      vertex 4.43106 8.40533 4
    endloop
  endfacet
  facet normal 0.819146 -0.573585 0
    outer loop
      vertex 4.43106 8.40533 -55
      vertex 4.14476 7.99646 4
      vertex 4.14476 7.99646 -55
    endloop
  endfacet
  facet normal 0.996194 0.0871694 0
    outer loop
      vertex 1.77834 -1.49476 4
      vertex 1.73483 -0.997517 -55
      vertex 1.73483 -0.997517 4
    endloop
  endfacet
  facet normal 0.996194 0.0871694 0
    outer loop
      vertex 1.73483 -0.997517 -55
      vertex 1.77834 -1.49476 4
      vertex 1.77834 -1.49476 -55
    endloop
  endfacet
  facet normal 0.981627 0.190808 0
    outer loop
      vertex 2.01249 -2.97314 4
      vertex 1.91725 -2.48317 -55
      vertex 1.91725 -2.48317 4
    endloop
  endfacet
  facet normal 0.981627 0.190808 0
    outer loop
      vertex 1.91725 -2.48317 -55
      vertex 2.01249 -2.97314 4
      vertex 2.01249 -2.97314 -55
    endloop
  endfacet
  facet normal -0.777063 -0.629423 0
    outer loop
      vertex 27.2686 8.80396 -55
      vertex 26.9544 9.19186 4
      vertex 26.9544 9.19186 -55
    endloop
  endfacet
  facet normal -0.777063 -0.629423 0
    outer loop
      vertex 26.9544 9.19186 4
      vertex 27.2686 8.80396 -55
      vertex 27.2686 8.80396 4
    endloop
  endfacet
  facet normal 0.933582 0.358363 0
    outer loop
      vertex 2.74127 -5.35687 4
      vertex 2.5624 -4.89089 -55
      vertex 2.5624 -4.89089 4
    endloop
  endfacet
  facet normal 0.933582 0.358363 0
    outer loop
      vertex 2.5624 -4.89089 -55
      vertex 2.74127 -5.35687 4
      vertex 2.74127 -5.35687 -55
    endloop
  endfacet
  facet normal 0.838675 0.544632 0
    outer loop
      vertex 4.14476 -7.99646 4
      vertex 3.87291 -7.57784 -55
      vertex 3.87291 -7.57784 4
    endloop
  endfacet
  facet normal 0.838675 0.544632 0
    outer loop
      vertex 3.87291 -7.57784 -55
      vertex 4.14476 -7.99646 4
      vertex 4.14476 -7.99646 -55
    endloop
  endfacet
  facet normal 0.358402 0.933567 -0
    outer loop
      vertex 11.1091 -13.4376 -55
      vertex 10.6431 -13.2587 4
      vertex 11.1091 -13.4376 4
    endloop
  endfacet
  facet normal 0.358402 0.933567 0
    outer loop
      vertex 10.6431 -13.2587 4
      vertex 11.1091 -13.4376 -55
      vertex 10.6431 -13.2587 -55
    endloop
  endfacet
  facet normal 0.890999 0.454004 0
    outer loop
      vertex 3.37385 -6.71344 4
      vertex 3.14724 -6.26871 -55
      vertex 3.14724 -6.26871 4
    endloop
  endfacet
  facet normal 0.890999 0.454004 0
    outer loop
      vertex 3.14724 -6.26871 -55
      vertex 3.37385 -6.71344 4
      vertex 3.37385 -6.71344 -55
    endloop
  endfacet
  facet normal 0.956307 0.292364 0
    outer loop
      vertex 2.39989 -4.41894 4
      vertex 2.25396 -3.94161 -55
      vertex 2.25396 -3.94161 4
    endloop
  endfacet
  facet normal 0.956307 0.292364 0
    outer loop
      vertex 2.25396 -3.94161 -55
      vertex 2.39989 -4.41894 4
      vertex 2.39989 -4.41894 -55
    endloop
  endfacet
  facet normal -0.122012 -0.992529 0
    outer loop
      vertex 17.4948 14.2217 -55
      vertex 17.9902 14.1608 4
      vertex 17.4948 14.2217 4
    endloop
  endfacet
  facet normal -0.122012 -0.992529 -0
    outer loop
      vertex 17.9902 14.1608 4
      vertex 17.4948 14.2217 -55
      vertex 17.9902 14.1608 -55
    endloop
  endfacet
  facet normal 0.874619 0.484811 0
    outer loop
      vertex 3.61584 -7.15 4
      vertex 3.37385 -6.71344 -55
      vertex 3.37385 -6.71344 4
    endloop
  endfacet
  facet normal 0.874619 0.484811 0
    outer loop
      vertex 3.37385 -6.71344 -55
      vertex 3.61584 -7.15 4
      vertex 3.61584 -7.15 -55
    endloop
  endfacet
  facet normal -0.25886 0.965915 0
    outer loop
      vertex 19.9416 -13.746 -55
      vertex 19.4595 -13.8752 4
      vertex 19.9416 -13.746 4
    endloop
  endfacet
  facet normal -0.25886 0.965915 0
    outer loop
      vertex 19.4595 -13.8752 4
      vertex 19.9416 -13.746 -55
      vertex 19.4595 -13.8752 -55
    endloop
  endfacet
  facet normal 0.601701 -0.798721 0
    outer loop
      vertex 7.19604 11.2686 -55
      vertex 7.59467 11.5689 4
      vertex 7.19604 11.2686 4
    endloop
  endfacet
  facet normal 0.601701 -0.798721 0
    outer loop
      vertex 7.59467 11.5689 4
      vertex 7.19604 11.2686 -55
      vertex 7.59467 11.5689 -55
    endloop
  endfacet
  facet normal -0.754778 -0.65598 0
    outer loop
      vertex 26.9544 9.19186 -55
      vertex 26.627 9.56857 4
      vertex 26.627 9.56857 -55
    endloop
  endfacet
  facet normal -0.754778 -0.65598 0
    outer loop
      vertex 26.627 9.56857 4
      vertex 26.9544 9.19186 -55
      vertex 26.9544 9.19186 4
    endloop
  endfacet
  facet normal -0.0174287 -0.999848 0
    outer loop
      vertex 16 14.3 -55
      vertex 16.4991 14.2913 4
      vertex 16 14.3 4
    endloop
  endfacet
  facet normal -0.0174287 -0.999848 -0
    outer loop
      vertex 16.4991 14.2913 4
      vertex 16 14.3 -55
      vertex 16.4991 14.2913 -55
    endloop
  endfacet
  facet normal 0.65598 -0.754778 0
    outer loop
      vertex 6.43143 10.627 -55
      vertex 6.80814 10.9544 4
      vertex 6.43143 10.627 4
    endloop
  endfacet
  facet normal 0.65598 -0.754778 0
    outer loop
      vertex 6.80814 10.9544 4
      vertex 6.43143 10.627 -55
      vertex 6.80814 10.9544 -55
    endloop
  endfacet
  facet normal -0.629423 0.777063 0
    outer loop
      vertex 25.1919 -10.9544 -55
      vertex 24.804 -11.2686 4
      vertex 25.1919 -10.9544 4
    endloop
  endfacet
  facet normal -0.629423 0.777063 0
    outer loop
      vertex 24.804 -11.2686 4
      vertex 25.1919 -10.9544 -55
      vertex 24.804 -11.2686 -55
    endloop
  endfacet
  facet normal -0.573651 0.8191 0
    outer loop
      vertex 24.4053 -11.5689 -55
      vertex 23.9965 -11.8552 4
      vertex 24.4053 -11.5689 4
    endloop
  endfacet
  facet normal -0.573651 0.8191 0
    outer loop
      vertex 23.9965 -11.8552 4
      vertex 24.4053 -11.5689 -55
      vertex 23.9965 -11.8552 -55
    endloop
  endfacet
  facet normal 0.981627 -0.190808 0
    outer loop
      vertex 1.91725 2.48317 4
      vertex 2.01249 2.97314 -55
      vertex 2.01249 2.97314 4
    endloop
  endfacet
  facet normal 0.981627 -0.190808 0
    outer loop
      vertex 2.01249 2.97314 -55
      vertex 1.91725 2.48317 4
      vertex 1.91725 2.48317 -55
    endloop
  endfacet
  facet normal 0.987689 -0.156431 0
    outer loop
      vertex 1.83917 1.99018 4
      vertex 1.91725 2.48317 -55
      vertex 1.91725 2.48317 4
    endloop
  endfacet
  facet normal 0.987689 -0.156431 0
    outer loop
      vertex 1.91725 2.48317 -55
      vertex 1.83917 1.99018 4
      vertex 1.83917 1.99018 -55
    endloop
  endfacet
  facet normal 0.422516 -0.906356 0
    outer loop
      vertex 9.73129 12.8528 -55
      vertex 10.1837 13.0637 4
      vertex 9.73129 12.8528 4
    endloop
  endfacet
  facet normal 0.422516 -0.906356 0
    outer loop
      vertex 10.1837 13.0637 4
      vertex 9.73129 12.8528 -55
      vertex 10.1837 13.0637 -55
    endloop
  endfacet
  facet normal 0.25886 0.965915 -0
    outer loop
      vertex 12.5405 -13.8752 -55
      vertex 12.0584 -13.746 4
      vertex 12.5405 -13.8752 4
    endloop
  endfacet
  facet normal 0.25886 0.965915 0
    outer loop
      vertex 12.0584 -13.746 4
      vertex 12.5405 -13.8752 -55
      vertex 12.0584 -13.746 -55
    endloop
  endfacet
  facet normal 0.99863 -0.0523302 0
    outer loop
      vertex 1.70871 0.499063 4
      vertex 1.73483 0.997517 -55
      vertex 1.73483 0.997517 4
    endloop
  endfacet
  facet normal 0.99863 -0.0523302 0
    outer loop
      vertex 1.73483 0.997517 -55
      vertex 1.70871 0.499063 4
      vertex 1.70871 0.499063 -55
    endloop
  endfacet
  facet normal -0.682033 0.731322 0
    outer loop
      vertex 25.9336 -10.2866 -55
      vertex 25.5686 -10.627 4
      vertex 25.9336 -10.2866 4
    endloop
  endfacet
  facet normal -0.682033 0.731322 0
    outer loop
      vertex 25.5686 -10.627 4
      vertex 25.9336 -10.2866 -55
      vertex 25.5686 -10.627 -55
    endloop
  endfacet
  facet normal 0.97437 0.22495 0
    outer loop
      vertex 2.12477 -3.45948 4
      vertex 2.01249 -2.97314 -55
      vertex 2.01249 -2.97314 4
    endloop
  endfacet
  facet normal 0.97437 0.22495 0
    outer loop
      vertex 2.01249 -2.97314 -55
      vertex 2.12477 -3.45948 4
      vertex 2.12477 -3.45948 -55
    endloop
  endfacet
  facet normal 0.325528 0.945533 -0
    outer loop
      vertex 11.5811 -13.6001 -55
      vertex 11.1091 -13.4376 4
      vertex 11.5811 -13.6001 4
    endloop
  endfacet
  facet normal 0.325528 0.945533 0
    outer loop
      vertex 11.1091 -13.4376 4
      vertex 11.5811 -13.6001 -55
      vertex 11.1091 -13.4376 -55
    endloop
  endfacet
  facet normal 0.453989 -0.891008 0
    outer loop
      vertex 9.28656 12.6262 -55
      vertex 9.73129 12.8528 4
      vertex 9.28656 12.6262 4
    endloop
  endfacet
  facet normal 0.453989 -0.891008 0
    outer loop
      vertex 9.73129 12.8528 4
      vertex 9.28656 12.6262 -55
      vertex 9.73129 12.8528 -55
    endloop
  endfacet
  facet normal 0.390725 0.920508 -0
    outer loop
      vertex 10.6431 -13.2587 -55
      vertex 10.1837 -13.0637 4
      vertex 10.6431 -13.2587 4
    endloop
  endfacet
  facet normal 0.390725 0.920508 0
    outer loop
      vertex 10.1837 -13.0637 4
      vertex 10.6431 -13.2587 -55
      vertex 10.1837 -13.0637 -55
    endloop
  endfacet
  facet normal -0.707097 0.707117 0
    outer loop
      vertex 26.2866 -9.93361 -55
      vertex 25.9336 -10.2866 4
      vertex 26.2866 -9.93361 4
    endloop
  endfacet
  facet normal -0.707097 0.707117 0
    outer loop
      vertex 25.9336 -10.2866 4
      vertex 26.2866 -9.93361 -55
      vertex 25.9336 -10.2866 -55
    endloop
  endfacet
  facet normal -0.731359 0.681993 0
    outer loop
      vertex 26.2866 -9.93361 -55
      vertex 26.627 -9.56857 4
      vertex 26.627 -9.56857 -55
    endloop
  endfacet
  facet normal -0.731359 0.681993 0
    outer loop
      vertex 26.627 -9.56857 4
      vertex 26.2866 -9.93361 -55
      vertex 26.2866 -9.93361 4
    endloop
  endfacet
  facet normal 0.819146 0.573585 0
    outer loop
      vertex 4.43106 -8.40533 4
      vertex 4.14476 -7.99646 -55
      vertex 4.14476 -7.99646 4
    endloop
  endfacet
  facet normal 0.819146 0.573585 0
    outer loop
      vertex 4.14476 -7.99646 -55
      vertex 4.43106 -8.40533 4
      vertex 4.43106 -8.40533 -55
    endloop
  endfacet
  facet normal 0.224962 -0.974368 0
    outer loop
      vertex 12.5405 13.8752 -55
      vertex 13.0269 13.9875 4
      vertex 12.5405 13.8752 4
    endloop
  endfacet
  facet normal 0.224962 -0.974368 0
    outer loop
      vertex 13.0269 13.9875 4
      vertex 12.5405 13.8752 -55
      vertex 13.0269 13.9875 -55
    endloop
  endfacet
  facet normal 0.51507 0.857148 -0
    outer loop
      vertex 8.85 -12.3842 -55
      vertex 8.42215 -12.1271 4
      vertex 8.85 -12.3842 4
    endloop
  endfacet
  facet normal 0.51507 0.857148 0
    outer loop
      vertex 8.42215 -12.1271 4
      vertex 8.85 -12.3842 -55
      vertex 8.42215 -12.1271 -55
    endloop
  endfacet
  facet normal -0.25886 -0.965915 0
    outer loop
      vertex 19.4595 13.8752 -55
      vertex 19.9416 13.746 4
      vertex 19.4595 13.8752 4
    endloop
  endfacet
  facet normal -0.25886 -0.965915 -0
    outer loop
      vertex 19.9416 13.746 4
      vertex 19.4595 13.8752 -55
      vertex 19.9416 13.746 -55
    endloop
  endfacet
  facet normal -1 0 0
    outer loop
      vertex 3.4 -39.3474 0
      vertex 3.4 -37 4
      vertex 3.4 -37 0
    endloop
  endfacet
  facet normal -1 -0 0
    outer loop
      vertex 3.4 -37 4
      vertex 3.4 -39.3474 0
      vertex 3.4 -39.3474 4
    endloop
  endfacet
  facet normal 1 -0 0
    outer loop
      vertex -3.4 -39.3474 4
      vertex -3.4 -37 0
      vertex -3.4 -37 4
    endloop
  endfacet
  facet normal 1 0 0
    outer loop
      vertex -3.4 -37 0
      vertex -3.4 -39.3474 4
      vertex -3.4 -39.3474 0
    endloop
  endfacet
  facet normal 0 -1 0
    outer loop
      vertex -3.4 -37 0
      vertex 3.4 -37 4
      vertex -3.4 -37 4
    endloop
  endfacet
  facet normal 0 -1 -0
    outer loop
      vertex 3.4 -37 4
      vertex -3.4 -37 0
      vertex 3.4 -37 0
    endloop
  endfacet
  facet normal 0.714027 0.700118 0
    outer loop
      vertex -7.00042 38.359 4
      vertex -7.27879 38.6429 0
      vertex -7.27879 38.6429 4
    endloop
  endfacet
  facet normal 0.714027 0.700118 0
    outer loop
      vertex -7.27879 38.6429 0
      vertex -7.00042 38.359 4
      vertex -7.00042 38.359 0
    endloop
  endfacet
  facet normal -0.0397341 0.99921 0
    outer loop
      vertex 0.59615 35.5178 -5
      vertex 0.198821 35.502 4
      vertex 0.59615 35.5178 4
    endloop
  endfacet
  facet normal -0.0397341 0.99921 0
    outer loop
      vertex 0.198821 35.502 4
      vertex 0.59615 35.5178 -5
      vertex 0.198821 35.502 -5
    endloop
  endfacet
  facet normal -0.387283 0.921961 0
    outer loop
      vertex 4.05525 36.3592 -5
      vertex 3.68864 36.2052 4
      vertex 4.05525 36.3592 4
    endloop
  endfacet
  facet normal -0.387283 0.921961 0
    outer loop
      vertex 3.68864 36.2052 4
      vertex 4.05525 36.3592 -5
      vertex 3.68864 36.2052 -5
    endloop
  endfacet
  facet normal -0.561795 0.827277 0
    outer loop
      vertex 5.78092 37.3403 0
      vertex 5.45195 37.1169 4
      vertex 5.78092 37.3403 4
    endloop
  endfacet
  facet normal -0.561795 0.827277 0
    outer loop
      vertex 5.45195 37.1169 4
      vertex 5.78092 37.3403 0
      vertex 5.45195 37.1169 0
    endloop
  endfacet
  facet normal -0.118953 0.9929 0
    outer loop
      vertex 1.38735 35.5967 -5
      vertex 0.992537 35.5494 4
      vertex 1.38735 35.5967 4
    endloop
  endfacet
  facet normal -0.118953 0.9929 0
    outer loop
      vertex 0.992537 35.5494 4
      vertex 1.38735 35.5967 -5
      vertex 0.992537 35.5494 -5
    endloop
  endfacet
  facet normal 0.387283 0.921961 -0
    outer loop
      vertex -3.68864 36.2052 -5
      vertex -4.05525 36.3592 4
      vertex -3.68864 36.2052 4
    endloop
  endfacet
  facet normal 0.387283 0.921961 0
    outer loop
      vertex -4.05525 36.3592 4
      vertex -3.68864 36.2052 -5
      vertex -4.05525 36.3592 -5
    endloop
  endfacet
  facet normal -0.236389 0.971659 0
    outer loop
      vertex 2.55617 35.8322 -5
      vertex 2.16979 35.7382 4
      vertex 2.55617 35.8322 4
    endloop
  endfacet
  facet normal -0.236389 0.971659 0
    outer loop
      vertex 2.16979 35.7382 4
      vertex 2.55617 35.8322 -5
      vertex 2.16979 35.7382 -5
    endloop
  endfacet
  facet normal 0.15843 0.98737 -0
    outer loop
      vertex -1.38735 35.5967 -5
      vertex -1.77998 35.6597 4
      vertex -1.38735 35.5967 4
    endloop
  endfacet
  facet normal 0.15843 0.98737 0
    outer loop
      vertex -1.77998 35.6597 4
      vertex -1.38735 35.5967 -5
      vertex -1.77998 35.6597 -5
    endloop
  endfacet
  facet normal 0.656172 0.754611 -0
    outer loop
      vertex -6.41094 37.8254 0
      vertex -6.71098 38.0863 4
      vertex -6.41094 37.8254 4
    endloop
  endfacet
  facet normal 0.656172 0.754611 0
    outer loop
      vertex -6.71098 38.0863 4
      vertex -6.41094 37.8254 0
      vertex -6.71098 38.0863 0
    endloop
  endfacet
  facet normal 0.494372 0.86925 -0
    outer loop
      vertex -4.76867 36.7102 0
      vertex -5.11435 36.9068 4
      vertex -4.76867 36.7102 4
    endloop
  endfacet
  facet normal 0.494372 0.86925 0
    outer loop
      vertex -5.11435 36.9068 4
      vertex -4.76867 36.7102 0
      vertex -5.11435 36.9068 0
    endloop
  endfacet
  facet normal 0.741512 0.670939 0
    outer loop
      vertex -7.27879 38.6429 4
      vertex -7.41379 38.7921 0
      vertex -7.41379 38.7921 4
    endloop
  endfacet
  facet normal 0.741512 0.670939 0
    outer loop
      vertex -7.41379 38.7921 0
      vertex -7.27879 38.6429 4
      vertex -7.27879 38.6429 0
    endloop
  endfacet
  facet normal 0.079468 0.996837 -0
    outer loop
      vertex -0.59615 35.5178 -5
      vertex -0.992537 35.5494 4
      vertex -0.59615 35.5178 4
    endloop
  endfacet
  facet normal 0.079468 0.996837 0
    outer loop
      vertex -0.992537 35.5494 4
      vertex -0.59615 35.5178 -5
      vertex -0.992537 35.5494 -5
    endloop
  endfacet
  facet normal -0.423493 0.905899 0
    outer loop
      vertex 4.24646 36.4486 0
      vertex 4.41545 36.5276 4
      vertex 4.41545 36.5276 0
    endloop
  endfacet
  facet normal -0.423519 0.905887 1.33041e-06
    outer loop
      vertex 4.41545 36.5276 4
      vertex 4.24646 36.4486 0
      vertex 4.05525 36.3592 4
    endloop
  endfacet
  facet normal -0.423542 0.905877 0
    outer loop
      vertex 4.05525 36.3592 -5
      vertex 4.24646 36.4486 0
      vertex 4.24646 36.4486 -5
    endloop
  endfacet
  facet normal -0.423542 0.905877 0
    outer loop
      vertex 4.24646 36.4486 0
      vertex 4.05525 36.3592 -5
      vertex 4.05525 36.3592 4
    endloop
  endfacet
  facet normal -0.741512 0.670939 0
    outer loop
      vertex 7.27879 38.6429 0
      vertex 7.41379 38.7921 4
      vertex 7.41379 38.7921 0
    endloop
  endfacet
  facet normal -0.741512 0.670939 0
    outer loop
      vertex 7.41379 38.7921 4
      vertex 7.27879 38.6429 0
      vertex 7.27879 38.6429 4
    endloop
  endfacet
  facet normal 0.459224 0.88832 -0
    outer loop
      vertex -4.41545 36.5276 0
      vertex -4.76867 36.7102 4
      vertex -4.41545 36.5276 4
    endloop
  endfacet
  facet normal 0.459224 0.88832 0
    outer loop
      vertex -4.76867 36.7102 4
      vertex -4.41545 36.5276 0
      vertex -4.76867 36.7102 0
    endloop
  endfacet
  facet normal -0.656172 0.754611 0
    outer loop
      vertex 6.71098 38.0863 0
      vertex 6.41094 37.8254 4
      vertex 6.71098 38.0863 4
    endloop
  endfacet
  facet normal -0.656172 0.754611 0
    outer loop
      vertex 6.41094 37.8254 4
      vertex 6.71098 38.0863 0
      vertex 6.41094 37.8254 0
    endloop
  endfacet
  facet normal -0.594235 0.804292 0
    outer loop
      vertex 6.10075 37.5766 0
      vertex 5.78092 37.3403 4
      vertex 6.10075 37.5766 4
    endloop
  endfacet
  facet normal -0.594235 0.804292 0
    outer loop
      vertex 5.78092 37.3403 4
      vertex 6.10075 37.5766 0
      vertex 5.78092 37.3403 0
    endloop
  endfacet
  facet normal -0.15843 0.98737 0
    outer loop
      vertex 1.77998 35.6597 -5
      vertex 1.38735 35.5967 4
      vertex 1.77998 35.6597 4
    endloop
  endfacet
  facet normal -0.15843 0.98737 0
    outer loop
      vertex 1.38735 35.5967 4
      vertex 1.77998 35.6597 -5
      vertex 1.38735 35.5967 -5
    endloop
  endfacet
  facet normal -0.079468 0.996837 0
    outer loop
      vertex 0.992537 35.5494 -5
      vertex 0.59615 35.5178 4
      vertex 0.992537 35.5494 4
    endloop
  endfacet
  facet normal -0.079468 0.996837 0
    outer loop
      vertex 0.59615 35.5178 4
      vertex 0.992537 35.5494 -5
      vertex 0.59615 35.5178 -5
    endloop
  endfacet
  facet normal -0.625688 0.780073 0
    outer loop
      vertex 6.41094 37.8254 0
      vertex 6.10075 37.5766 4
      vertex 6.41094 37.8254 4
    endloop
  endfacet
  facet normal -0.625688 0.780073 0
    outer loop
      vertex 6.10075 37.5766 4
      vertex 6.41094 37.8254 0
      vertex 6.10075 37.5766 0
    endloop
  endfacet
  facet normal -0.494372 0.86925 0
    outer loop
      vertex 5.11435 36.9068 0
      vertex 4.76867 36.7102 4
      vertex 5.11435 36.9068 4
    endloop
  endfacet
  facet normal -0.494372 0.86925 0
    outer loop
      vertex 4.76867 36.7102 4
      vertex 5.11435 36.9068 0
      vertex 4.76867 36.7102 0
    endloop
  endfacet
  facet normal 0.685746 0.727841 -0
    outer loop
      vertex -6.71098 38.0863 0
      vertex -7.00042 38.359 4
      vertex -6.71098 38.0863 4
    endloop
  endfacet
  facet normal 0.685746 0.727841 0
    outer loop
      vertex -7.00042 38.359 4
      vertex -6.71098 38.0863 0
      vertex -7.00042 38.359 0
    endloop
  endfacet
  facet normal 0.274867 0.961482 -0
    outer loop
      vertex -2.55617 35.8322 -5
      vertex -2.9385 35.9415 4
      vertex -2.55617 35.8322 4
    endloop
  endfacet
  facet normal 0.274867 0.961482 0
    outer loop
      vertex -2.9385 35.9415 4
      vertex -2.55617 35.8322 -5
      vertex -2.9385 35.9415 -5
    endloop
  endfacet
  facet normal -0.274867 0.961482 0
    outer loop
      vertex 2.9385 35.9415 -5
      vertex 2.55617 35.8322 4
      vertex 2.9385 35.9415 4
    endloop
  endfacet
  facet normal -0.274867 0.961482 0
    outer loop
      vertex 2.55617 35.8322 4
      vertex 2.9385 35.9415 -5
      vertex 2.55617 35.8322 -5
    endloop
  endfacet
  facet normal -0.52837 0.849014 0
    outer loop
      vertex 5.45195 37.1169 0
      vertex 5.11435 36.9068 4
      vertex 5.45195 37.1169 4
    endloop
  endfacet
  facet normal -0.52837 0.849014 0
    outer loop
      vertex 5.11435 36.9068 4
      vertex 5.45195 37.1169 0
      vertex 5.11435 36.9068 0
    endloop
  endfacet
  facet normal 0.625688 0.780073 -0
    outer loop
      vertex -6.10075 37.5766 0
      vertex -6.41094 37.8254 4
      vertex -6.10075 37.5766 4
    endloop
  endfacet
  facet normal 0.625688 0.780073 0
    outer loop
      vertex -6.41094 37.8254 4
      vertex -6.10075 37.5766 0
      vertex -6.41094 37.8254 0
    endloop
  endfacet
  facet normal -0.459224 0.88832 0
    outer loop
      vertex 4.76867 36.7102 0
      vertex 4.41545 36.5276 4
      vertex 4.76867 36.7102 4
    endloop
  endfacet
  facet normal -0.459224 0.88832 0
    outer loop
      vertex 4.41545 36.5276 4
      vertex 4.76867 36.7102 0
      vertex 4.41545 36.5276 0
    endloop
  endfacet
  facet normal 0.312838 0.949806 -0
    outer loop
      vertex -2.9385 35.9415 -5
      vertex -3.31619 36.0659 4
      vertex -2.9385 35.9415 4
    endloop
  endfacet
  facet normal 0.312838 0.949806 0
    outer loop
      vertex -3.31619 36.0659 4
      vertex -2.9385 35.9415 -5
      vertex -3.31619 36.0659 -5
    endloop
  endfacet
  facet normal -0.197417 0.98032 0
    outer loop
      vertex 2.16979 35.7382 -5
      vertex 1.77998 35.6597 4
      vertex 2.16979 35.7382 4
    endloop
  endfacet
  facet normal -0.197417 0.98032 0
    outer loop
      vertex 1.77998 35.6597 4
      vertex 2.16979 35.7382 -5
      vertex 1.77998 35.6597 -5
    endloop
  endfacet
  facet normal -0.714027 0.700118 0
    outer loop
      vertex 7.00042 38.359 0
      vertex 7.27879 38.6429 4
      vertex 7.27879 38.6429 0
    endloop
  endfacet
  facet normal -0.714027 0.700118 0
    outer loop
      vertex 7.27879 38.6429 4
      vertex 7.00042 38.359 0
      vertex 7.00042 38.359 4
    endloop
  endfacet
  facet normal -0.312838 0.949806 0
    outer loop
      vertex 3.31619 36.0659 -5
      vertex 2.9385 35.9415 4
      vertex 3.31619 36.0659 4
    endloop
  endfacet
  facet normal -0.312838 0.949806 0
    outer loop
      vertex 2.9385 35.9415 4
      vertex 3.31619 36.0659 -5
      vertex 2.9385 35.9415 -5
    endloop
  endfacet
  facet normal 0.118953 0.9929 -0
    outer loop
      vertex -0.992537 35.5494 -5
      vertex -1.38735 35.5967 4
      vertex -0.992537 35.5494 4
    endloop
  endfacet
  facet normal 0.118953 0.9929 0
    outer loop
      vertex -1.38735 35.5967 4
      vertex -0.992537 35.5494 -5
      vertex -1.38735 35.5967 -5
    endloop
  endfacet
  facet normal 0 1 -0
    outer loop
      vertex 0.198821 35.502 -5
      vertex -0.198821 35.502 4
      vertex 0.198821 35.502 4
    endloop
  endfacet
  facet normal 0 1 0
    outer loop
      vertex -0.198821 35.502 4
      vertex 0.198821 35.502 -5
      vertex -0.198821 35.502 -5
    endloop
  endfacet
  facet normal 0.0397341 0.99921 -0
    outer loop
      vertex -0.198821 35.502 -5
      vertex -0.59615 35.5178 4
      vertex -0.198821 35.502 4
    endloop
  endfacet
  facet normal 0.0397341 0.99921 0
    outer loop
      vertex -0.59615 35.5178 4
      vertex -0.198821 35.502 -5
      vertex -0.59615 35.5178 -5
    endloop
  endfacet
  facet normal -0.685746 0.727841 0
    outer loop
      vertex 7.00042 38.359 0
      vertex 6.71098 38.0863 4
      vertex 7.00042 38.359 4
    endloop
  endfacet
  facet normal -0.685746 0.727841 0
    outer loop
      vertex 6.71098 38.0863 4
      vertex 7.00042 38.359 0
      vertex 6.71098 38.0863 0
    endloop
  endfacet
  facet normal 0.423519 0.905887 1.33041e-06
    outer loop
      vertex -4.05525 36.3592 4
      vertex -4.24646 36.4486 0
      vertex -4.41545 36.5276 4
    endloop
  endfacet
  facet normal 0.423542 0.905877 -0
    outer loop
      vertex -4.05525 36.3592 -5
      vertex -4.24646 36.4486 0
      vertex -4.05525 36.3592 4
    endloop
  endfacet
  facet normal 0.423542 0.905877 0
    outer loop
      vertex -4.24646 36.4486 0
      vertex -4.05525 36.3592 -5
      vertex -4.24646 36.4486 -5
    endloop
  endfacet
  facet normal 0.423493 0.905899 0
    outer loop
      vertex -4.41545 36.5276 4
      vertex -4.24646 36.4486 0
      vertex -4.41545 36.5276 0
    endloop
  endfacet
  facet normal 0.236389 0.971659 -0
    outer loop
      vertex -2.16979 35.7382 -5
      vertex -2.55617 35.8322 4
      vertex -2.16979 35.7382 4
    endloop
  endfacet
  facet normal 0.236389 0.971659 0
    outer loop
      vertex -2.55617 35.8322 4
      vertex -2.16979 35.7382 -5
      vertex -2.55617 35.8322 -5
    endloop
  endfacet
  facet normal 0.35031 0.936634 -0
    outer loop
      vertex -3.31619 36.0659 -5
      vertex -3.68864 36.2052 4
      vertex -3.31619 36.0659 4
    endloop
  endfacet
  facet normal 0.35031 0.936634 0
    outer loop
      vertex -3.68864 36.2052 4
      vertex -3.31619 36.0659 -5
      vertex -3.68864 36.2052 -5
    endloop
  endfacet
  facet normal 0.197417 0.98032 -0
    outer loop
      vertex -1.77998 35.6597 -5
      vertex -2.16979 35.7382 4
      vertex -1.77998 35.6597 4
    endloop
  endfacet
  facet normal 0.197417 0.98032 0
    outer loop
      vertex -2.16979 35.7382 4
      vertex -1.77998 35.6597 -5
      vertex -2.16979 35.7382 -5
    endloop
  endfacet
  facet normal -0.35031 0.936634 0
    outer loop
      vertex 3.68864 36.2052 -5
      vertex 3.31619 36.0659 4
      vertex 3.68864 36.2052 4
    endloop
  endfacet
  facet normal -0.35031 0.936634 0
    outer loop
      vertex 3.31619 36.0659 4
      vertex 3.68864 36.2052 -5
      vertex 3.31619 36.0659 -5
    endloop
  endfacet
  facet normal 0.52837 0.849014 -0
    outer loop
      vertex -5.11435 36.9068 0
      vertex -5.45195 37.1169 4
      vertex -5.11435 36.9068 4
    endloop
  endfacet
  facet normal 0.52837 0.849014 0
    outer loop
      vertex -5.45195 37.1169 4
      vertex -5.11435 36.9068 0
      vertex -5.45195 37.1169 0
    endloop
  endfacet
  facet normal 0.594235 0.804292 -0
    outer loop
      vertex -5.78092 37.3403 0
      vertex -6.10075 37.5766 4
      vertex -5.78092 37.3403 4
    endloop
  endfacet
  facet normal 0.594235 0.804292 0
    outer loop
      vertex -6.10075 37.5766 4
      vertex -5.78092 37.3403 0
      vertex -6.10075 37.5766 0
    endloop
  endfacet
  facet normal 0.561795 0.827277 -0
    outer loop
      vertex -5.45195 37.1169 0
      vertex -5.78092 37.3403 4
      vertex -5.45195 37.1169 4
    endloop
  endfacet
  facet normal 0.561795 0.827277 0
    outer loop
      vertex -5.78092 37.3403 4
      vertex -5.45195 37.1169 0
      vertex -5.78092 37.3403 0
    endloop
  endfacet
endsolid OpenSCAD_Model
