solid OpenSCAD_Model
  facet normal 0.998632 0.0522824 0
    outer loop
      vertex 29.6819 1.03651 0
      vertex 29.6277 2.07177 -5
      vertex 29.6277 2.07177 0
    endloop
  endfacet
  facet normal 0.998632 0.0522824 0
    outer loop
      vertex 29.6277 2.07177 -5
      vertex 29.6819 1.03651 0
      vertex 29.6819 1.03651 -5
    endloop
  endfacet
  facet normal 0.999848 0.0174598 0
    outer loop
      vertex 29.7 0 0
      vertex 29.6819 1.03651 -5
      vertex 29.6819 1.03651 0
    endloop
  endfacet
  facet normal 0.999848 0.0174598 0
    outer loop
      vertex 29.6819 1.03651 -5
      vertex 29.7 0 0
      vertex 29.7 0 -5
    endloop
  endfacet
  facet normal 0.996191 0.0872015 0
    outer loop
      vertex 29.6277 2.07177 0
      vertex 29.5373 3.1045 -5
      vertex 29.5373 3.1045 0
    endloop
  endfacet
  facet normal 0.996191 0.0872015 0
    outer loop
      vertex 29.5373 3.1045 -5
      vertex 29.6277 2.07177 0
      vertex 29.6277 2.07177 -5
    endloop
  endfacet
  facet normal 0.0872015 -0.996191 0
    outer loop
      vertex 2.07177 -29.6277 -5
      vertex 3.1045 -29.5373 0
      vertex 2.07177 -29.6277 0
    endloop
  endfacet
  facet normal 0.0872015 -0.996191 0
    outer loop
      vertex 3.1045 -29.5373 0
      vertex 2.07177 -29.6277 -5
      vertex 3.1045 -29.5373 -5
    endloop
  endfacet
  facet normal 0.0522824 0.998632 -0
    outer loop
      vertex 2.07177 29.6277 -5
      vertex 1.03651 29.6819 0
      vertex 2.07177 29.6277 0
    endloop
  endfacet
  facet normal 0.0522824 0.998632 0
    outer loop
      vertex 1.03651 29.6819 0
      vertex 2.07177 29.6277 -5
      vertex 1.03651 29.6819 -5
    endloop
  endfacet
  facet normal 0.573566 0.819159 -0
    outer loop
      vertex 17.4572 24.0278 -5
      vertex 16.608 24.6224 0
      vertex 17.4572 24.0278 0
    endloop
  endfacet
  facet normal 0.573566 0.819159 0
    outer loop
      vertex 16.608 24.6224 0
      vertex 17.4572 24.0278 -5
      vertex 16.608 24.6224 -5
    endloop
  endfacet
  facet normal -0.422621 0.906306 0
    outer loop
      vertex -12.0801 27.1323 -5
      vertex -13.0196 26.6942 0
      vertex -12.0801 27.1323 0
    endloop
  endfacet
  facet normal -0.422621 0.906306 0
    outer loop
      vertex -13.0196 26.6942 0
      vertex -12.0801 27.1323 -5
      vertex -13.0196 26.6942 -5
    endloop
  endfacet
  facet normal -0.890986 -0.45403 0
    outer loop
      vertex -26.2235 -13.9433 -5
      vertex -26.6942 -13.0196 0
      vertex -26.6942 -13.0196 -5
    endloop
  endfacet
  facet normal -0.890986 -0.45403 0
    outer loop
      vertex -26.6942 -13.0196 0
      vertex -26.2235 -13.9433 -5
      vertex -26.2235 -13.9433 0
    endloop
  endfacet
  facet normal 0.422621 -0.906306 0
    outer loop
      vertex 12.0801 -27.1323 -5
      vertex 13.0196 -26.6942 0
      vertex 12.0801 -27.1323 0
    endloop
  endfacet
  facet normal 0.422621 -0.906306 0
    outer loop
      vertex 13.0196 -26.6942 0
      vertex 12.0801 -27.1323 -5
      vertex 13.0196 -26.6942 -5
    endloop
  endfacet
  facet normal 0.996191 -0.0872015 0
    outer loop
      vertex 29.5373 -3.1045 0
      vertex 29.6277 -2.07177 -5
      vertex 29.6277 -2.07177 0
    endloop
  endfacet
  facet normal 0.996191 -0.0872015 0
    outer loop
      vertex 29.6277 -2.07177 -5
      vertex 29.5373 -3.1045 0
      vertex 29.5373 -3.1045 -5
    endloop
  endfacet
  facet normal -0.544642 -0.838668 0
    outer loop
      vertex -16.608 -24.6224 -5
      vertex -15.7386 -25.187 0
      vertex -16.608 -24.6224 0
    endloop
  endfacet
  facet normal -0.544642 -0.838668 -0
    outer loop
      vertex -15.7386 -25.187 0
      vertex -16.608 -24.6224 -5
      vertex -15.7386 -25.187 -5
    endloop
  endfacet
  facet normal -0.156461 -0.987684 0
    outer loop
      vertex -5.15735 -29.2488 -5
      vertex -4.13344 -29.411 0
      vertex -5.15735 -29.2488 0
    endloop
  endfacet
  facet normal -0.156461 -0.987684 -0
    outer loop
      vertex -4.13344 -29.411 0
      vertex -5.15735 -29.2488 -5
      vertex -4.13344 -29.411 -5
    endloop
  endfacet
  facet normal 0.857135 0.515091 0
    outer loop
      vertex 25.721 14.85 0
      vertex 25.187 15.7386 -5
      vertex 25.187 15.7386 0
    endloop
  endfacet
  facet normal 0.857135 0.515091 0
    outer loop
      vertex 25.187 15.7386 -5
      vertex 25.721 14.85 0
      vertex 25.721 14.85 -5
    endloop
  endfacet
  facet normal 0.258809 0.965928 -0
    outer loop
      vertex 8.18643 28.5495 -5
      vertex 7.18508 28.8178 0
      vertex 8.18643 28.5495 0
    endloop
  endfacet
  facet normal 0.258809 0.965928 0
    outer loop
      vertex 7.18508 28.8178 0
      vertex 8.18643 28.5495 -5
      vertex 7.18508 28.8178 -5
    endloop
  endfacet
  facet normal -0.0522824 -0.998632 0
    outer loop
      vertex -2.07177 -29.6277 -5
      vertex -1.03651 -29.6819 0
      vertex -2.07177 -29.6277 0
    endloop
  endfacet
  facet normal -0.0522824 -0.998632 -0
    outer loop
      vertex -1.03651 -29.6819 0
      vertex -2.07177 -29.6277 -5
      vertex -1.03651 -29.6819 -5
    endloop
  endfacet
  facet normal -0.999848 0.0174598 0
    outer loop
      vertex -29.7 0 -5
      vertex -29.6819 1.03651 0
      vertex -29.6819 1.03651 -5
    endloop
  endfacet
  facet normal -0.999848 0.0174598 0
    outer loop
      vertex -29.6819 1.03651 0
      vertex -29.7 0 -5
      vertex -29.7 0 0
    endloop
  endfacet
  facet normal -0.0174598 -0.999848 0
    outer loop
      vertex -1.03651 -29.6819 -5
      vertex 0 -29.7 0
      vertex -1.03651 -29.6819 0
    endloop
  endfacet
  facet normal -0.0174598 -0.999848 -0
    outer loop
      vertex 0 -29.7 0
      vertex -1.03651 -29.6819 -5
      vertex 0 -29.7 -5
    endloop
  endfacet
  facet normal 0.992551 -0.121833 0
    outer loop
      vertex 29.411 -4.13344 0
      vertex 29.5373 -3.1045 -5
      vertex 29.5373 -3.1045 0
    endloop
  endfacet
  facet normal 0.992551 -0.121833 0
    outer loop
      vertex 29.5373 -3.1045 -5
      vertex 29.411 -4.13344 0
      vertex 29.411 -4.13344 -5
    endloop
  endfacet
  facet normal -0.987684 0.156461 0
    outer loop
      vertex -29.411 4.13344 -5
      vertex -29.2488 5.15735 0
      vertex -29.2488 5.15735 -5
    endloop
  endfacet
  facet normal -0.987684 0.156461 0
    outer loop
      vertex -29.2488 5.15735 0
      vertex -29.411 4.13344 -5
      vertex -29.411 4.13344 0
    endloop
  endfacet
  facet normal -0.754724 -0.656043 0
    outer loop
      vertex -22.0714 -19.8732 -5
      vertex -22.7515 -19.0908 0
      vertex -22.7515 -19.0908 -5
    endloop
  endfacet
  facet normal -0.754724 -0.656043 0
    outer loop
      vertex -22.7515 -19.0908 0
      vertex -22.0714 -19.8732 -5
      vertex -22.0714 -19.8732 0
    endloop
  endfacet
  facet normal -0.422621 -0.906306 0
    outer loop
      vertex -13.0196 -26.6942 -5
      vertex -12.0801 -27.1323 0
      vertex -13.0196 -26.6942 0
    endloop
  endfacet
  facet normal -0.422621 -0.906306 -0
    outer loop
      vertex -12.0801 -27.1323 0
      vertex -13.0196 -26.6942 -5
      vertex -12.0801 -27.1323 -5
    endloop
  endfacet
  facet normal -0.992551 -0.121833 0
    outer loop
      vertex -29.411 -4.13344 -5
      vertex -29.5373 -3.1045 0
      vertex -29.5373 -3.1045 -5
    endloop
  endfacet
  facet normal -0.992551 -0.121833 0
    outer loop
      vertex -29.5373 -3.1045 0
      vertex -29.411 -4.13344 -5
      vertex -29.411 -4.13344 0
    endloop
  endfacet
  facet normal 0.422621 0.906306 -0
    outer loop
      vertex 13.0196 26.6942 -5
      vertex 12.0801 27.1323 0
      vertex 13.0196 26.6942 0
    endloop
  endfacet
  facet normal 0.422621 0.906306 0
    outer loop
      vertex 12.0801 27.1323 0
      vertex 13.0196 26.6942 -5
      vertex 12.0801 27.1323 -5
    endloop
  endfacet
  facet normal 0.0174598 0.999848 -0
    outer loop
      vertex 1.03651 29.6819 -5
      vertex 0 29.7 0
      vertex 1.03651 29.6819 0
    endloop
  endfacet
  facet normal 0.0174598 0.999848 0
    outer loop
      vertex 0 29.7 0
      vertex 1.03651 29.6819 -5
      vertex 0 29.7 -5
    endloop
  endfacet
  facet normal 0.73137 0.681981 0
    outer loop
      vertex 22.0714 19.8732 0
      vertex 21.3644 20.6314 -5
      vertex 21.3644 20.6314 0
    endloop
  endfacet
  facet normal 0.73137 0.681981 0
    outer loop
      vertex 21.3644 20.6314 -5
      vertex 22.0714 19.8732 0
      vertex 22.0714 19.8732 -5
    endloop
  endfacet
  facet normal 0.484742 -0.874657 0
    outer loop
      vertex 13.9433 -26.2235 -5
      vertex 14.85 -25.721 0
      vertex 13.9433 -26.2235 0
    endloop
  endfacet
  facet normal 0.484742 -0.874657 0
    outer loop
      vertex 14.85 -25.721 0
      vertex 13.9433 -26.2235 -5
      vertex 14.85 -25.721 -5
    endloop
  endfacet
  facet normal 0.999848 -0.0174598 0
    outer loop
      vertex 29.6819 -1.03651 0
      vertex 29.7 0 -5
      vertex 29.7 0 0
    endloop
  endfacet
  facet normal 0.999848 -0.0174598 0
    outer loop
      vertex 29.7 0 -5
      vertex 29.6819 -1.03651 0
      vertex 29.6819 -1.03651 -5
    endloop
  endfacet
  facet normal 0.965928 0.258809 0
    outer loop
      vertex 28.8178 7.18508 0
      vertex 28.5495 8.18643 -5
      vertex 28.5495 8.18643 0
    endloop
  endfacet
  facet normal 0.965928 0.258809 0
    outer loop
      vertex 28.5495 8.18643 -5
      vertex 28.8178 7.18508 0
      vertex 28.8178 7.18508 -5
    endloop
  endfacet
  facet normal -0.358365 0.933582 0
    outer loop
      vertex -10.158 27.9089 -5
      vertex -11.1258 27.5374 0
      vertex -10.158 27.9089 0
    endloop
  endfacet
  facet normal -0.358365 0.933582 0
    outer loop
      vertex -11.1258 27.5374 0
      vertex -10.158 27.9089 -5
      vertex -11.1258 27.5374 -5
    endloop
  endfacet
  facet normal 0.79862 -0.601835 0
    outer loop
      vertex 23.4039 -18.2851 0
      vertex 24.0278 -17.4572 -5
      vertex 24.0278 -17.4572 0
    endloop
  endfacet
  facet normal 0.79862 -0.601835 0
    outer loop
      vertex 24.0278 -17.4572 -5
      vertex 23.4039 -18.2851 0
      vertex 23.4039 -18.2851 -5
    endloop
  endfacet
  facet normal -0.224951 0.97437 0
    outer loop
      vertex -6.17498 29.051 -5
      vertex -7.18508 28.8178 0
      vertex -6.17498 29.051 0
    endloop
  endfacet
  facet normal -0.224951 0.97437 0
    outer loop
      vertex -7.18508 28.8178 0
      vertex -6.17498 29.051 -5
      vertex -7.18508 28.8178 -5
    endloop
  endfacet
  facet normal 0.965928 -0.258809 0
    outer loop
      vertex 28.5495 -8.18643 0
      vertex 28.8178 -7.18508 -5
      vertex 28.8178 -7.18508 0
    endloop
  endfacet
  facet normal 0.965928 -0.258809 0
    outer loop
      vertex 28.8178 -7.18508 -5
      vertex 28.5495 -8.18643 0
      vertex 28.5495 -8.18643 -5
    endloop
  endfacet
  facet normal 0.79862 0.601835 0
    outer loop
      vertex 24.0278 17.4572 0
      vertex 23.4039 18.2851 -5
      vertex 23.4039 18.2851 0
    endloop
  endfacet
  facet normal 0.79862 0.601835 0
    outer loop
      vertex 23.4039 18.2851 -5
      vertex 24.0278 17.4572 0
      vertex 24.0278 17.4572 -5
    endloop
  endfacet
  facet normal 0.121833 -0.992551 0
    outer loop
      vertex 3.1045 -29.5373 -5
      vertex 4.13344 -29.411 0
      vertex 3.1045 -29.5373 0
    endloop
  endfacet
  facet normal 0.121833 -0.992551 0
    outer loop
      vertex 4.13344 -29.411 0
      vertex 3.1045 -29.5373 -5
      vertex 4.13344 -29.411 -5
    endloop
  endfacet
  facet normal -0.515091 0.857135 0
    outer loop
      vertex -14.85 25.721 -5
      vertex -15.7386 25.187 0
      vertex -14.85 25.721 0
    endloop
  endfacet
  facet normal -0.515091 0.857135 0
    outer loop
      vertex -15.7386 25.187 0
      vertex -14.85 25.721 -5
      vertex -15.7386 25.187 -5
    endloop
  endfacet
  facet normal 0.874657 0.484742 0
    outer loop
      vertex 26.2235 13.9433 0
      vertex 25.721 14.85 -5
      vertex 25.721 14.85 0
    endloop
  endfacet
  facet normal 0.874657 0.484742 0
    outer loop
      vertex 25.721 14.85 -5
      vertex 26.2235 13.9433 0
      vertex 26.2235 13.9433 -5
    endloop
  endfacet
  facet normal 0.998632 -0.0522824 0
    outer loop
      vertex 29.6277 -2.07177 0
      vertex 29.6819 -1.03651 -5
      vertex 29.6819 -1.03651 0
    endloop
  endfacet
  facet normal 0.998632 -0.0522824 0
    outer loop
      vertex 29.6819 -1.03651 -5
      vertex 29.6277 -2.07177 0
      vertex 29.6277 -2.07177 -5
    endloop
  endfacet
  facet normal -0.292379 -0.956303 0
    outer loop
      vertex -9.1778 -28.2464 -5
      vertex -8.18643 -28.5495 0
      vertex -9.1778 -28.2464 0
    endloop
  endfacet
  facet normal -0.292379 -0.956303 -0
    outer loop
      vertex -8.18643 -28.5495 0
      vertex -9.1778 -28.2464 -5
      vertex -8.18643 -28.5495 -5
    endloop
  endfacet
  facet normal -0.890986 0.45403 0
    outer loop
      vertex -26.6942 13.0196 -5
      vertex -26.2235 13.9433 0
      vertex -26.2235 13.9433 -5
    endloop
  endfacet
  facet normal -0.890986 0.45403 0
    outer loop
      vertex -26.2235 13.9433 0
      vertex -26.6942 13.0196 -5
      vertex -26.6942 13.0196 0
    endloop
  endfacet
  facet normal -0.73137 -0.681981 0
    outer loop
      vertex -21.3644 -20.6314 -5
      vertex -22.0714 -19.8732 0
      vertex -22.0714 -19.8732 -5
    endloop
  endfacet
  facet normal -0.73137 -0.681981 0
    outer loop
      vertex -22.0714 -19.8732 0
      vertex -21.3644 -20.6314 -5
      vertex -21.3644 -20.6314 0
    endloop
  endfacet
  facet normal -0.32556 -0.945522 0
    outer loop
      vertex -10.158 -27.9089 -5
      vertex -9.1778 -28.2464 0
      vertex -10.158 -27.9089 0
    endloop
  endfacet
  facet normal -0.32556 -0.945522 -0
    outer loop
      vertex -9.1778 -28.2464 0
      vertex -10.158 -27.9089 -5
      vertex -9.1778 -28.2464 -5
    endloop
  endfacet
  facet normal 0.777166 0.629295 0
    outer loop
      vertex 23.4039 18.2851 0
      vertex 22.7515 19.0908 -5
      vertex 22.7515 19.0908 0
    endloop
  endfacet
  facet normal 0.777166 0.629295 0
    outer loop
      vertex 22.7515 19.0908 -5
      vertex 23.4039 18.2851 0
      vertex 23.4039 18.2851 -5
    endloop
  endfacet
  facet normal -0.629295 0.777166 0
    outer loop
      vertex -18.2851 23.4039 -5
      vertex -19.0908 22.7515 0
      vertex -18.2851 23.4039 0
    endloop
  endfacet
  facet normal -0.629295 0.777166 0
    outer loop
      vertex -19.0908 22.7515 0
      vertex -18.2851 23.4039 -5
      vertex -19.0908 22.7515 -5
    endloop
  endfacet
  facet normal 0.920497 0.39075 0
    outer loop
      vertex 27.5374 11.1258 0
      vertex 27.1323 12.0801 -5
      vertex 27.1323 12.0801 0
    endloop
  endfacet
  facet normal 0.920497 0.39075 0
    outer loop
      vertex 27.1323 12.0801 -5
      vertex 27.5374 11.1258 0
      vertex 27.5374 11.1258 -5
    endloop
  endfacet
  facet normal -0.681981 0.73137 0
    outer loop
      vertex -19.8732 22.0714 -5
      vertex -20.6314 21.3644 0
      vertex -19.8732 22.0714 0
    endloop
  endfacet
  facet normal -0.681981 0.73137 0
    outer loop
      vertex -20.6314 21.3644 0
      vertex -19.8732 22.0714 -5
      vertex -20.6314 21.3644 -5
    endloop
  endfacet
  facet normal -0.777166 0.629295 0
    outer loop
      vertex -23.4039 18.2851 -5
      vertex -22.7515 19.0908 0
      vertex -22.7515 19.0908 -5
    endloop
  endfacet
  facet normal -0.777166 0.629295 0
    outer loop
      vertex -22.7515 19.0908 0
      vertex -23.4039 18.2851 -5
      vertex -23.4039 18.2851 0
    endloop
  endfacet
  facet normal -0.73137 0.681981 0
    outer loop
      vertex -22.0714 19.8732 -5
      vertex -21.3644 20.6314 0
      vertex -21.3644 20.6314 -5
    endloop
  endfacet
  facet normal -0.73137 0.681981 0
    outer loop
      vertex -21.3644 20.6314 0
      vertex -22.0714 19.8732 -5
      vertex -22.0714 19.8732 0
    endloop
  endfacet
  facet normal 0.73137 -0.681981 0
    outer loop
      vertex 21.3644 -20.6314 0
      vertex 22.0714 -19.8732 -5
      vertex 22.0714 -19.8732 0
    endloop
  endfacet
  facet normal 0.73137 -0.681981 0
    outer loop
      vertex 22.0714 -19.8732 -5
      vertex 21.3644 -20.6314 0
      vertex 21.3644 -20.6314 -5
    endloop
  endfacet
  facet normal -0.358365 -0.933582 0
    outer loop
      vertex -11.1258 -27.5374 -5
      vertex -10.158 -27.9089 0
      vertex -11.1258 -27.5374 0
    endloop
  endfacet
  facet normal -0.358365 -0.933582 -0
    outer loop
      vertex -10.158 -27.9089 0
      vertex -11.1258 -27.5374 -5
      vertex -10.158 -27.9089 -5
    endloop
  endfacet
  facet normal -0.933582 -0.358365 0
    outer loop
      vertex -27.5374 -11.1258 -5
      vertex -27.9089 -10.158 0
      vertex -27.9089 -10.158 -5
    endloop
  endfacet
  facet normal -0.933582 -0.358365 0
    outer loop
      vertex -27.9089 -10.158 0
      vertex -27.5374 -11.1258 -5
      vertex -27.5374 -11.1258 0
    endloop
  endfacet
  facet normal -0.906306 0.422621 0
    outer loop
      vertex -27.1323 12.0801 -5
      vertex -26.6942 13.0196 0
      vertex -26.6942 13.0196 -5
    endloop
  endfacet
  facet normal -0.906306 0.422621 0
    outer loop
      vertex -26.6942 13.0196 0
      vertex -27.1323 12.0801 -5
      vertex -27.1323 12.0801 0
    endloop
  endfacet
  facet normal -0.190802 0.981628 0
    outer loop
      vertex -5.15735 29.2488 -5
      vertex -6.17498 29.051 0
      vertex -5.15735 29.2488 0
    endloop
  endfacet
  facet normal -0.190802 0.981628 0
    outer loop
      vertex -6.17498 29.051 0
      vertex -5.15735 29.2488 -5
      vertex -6.17498 29.051 -5
    endloop
  endfacet
  facet normal -0.156461 0.987684 0
    outer loop
      vertex -4.13344 29.411 -5
      vertex -5.15735 29.2488 0
      vertex -4.13344 29.411 0
    endloop
  endfacet
  facet normal -0.156461 0.987684 0
    outer loop
      vertex -5.15735 29.2488 0
      vertex -4.13344 29.411 -5
      vertex -5.15735 29.2488 -5
    endloop
  endfacet
  facet normal -0.777166 -0.629295 0
    outer loop
      vertex -22.7515 -19.0908 -5
      vertex -23.4039 -18.2851 0
      vertex -23.4039 -18.2851 -5
    endloop
  endfacet
  facet normal -0.777166 -0.629295 0
    outer loop
      vertex -23.4039 -18.2851 0
      vertex -22.7515 -19.0908 -5
      vertex -22.7515 -19.0908 0
    endloop
  endfacet
  facet normal 0.838668 -0.544642 0
    outer loop
      vertex 24.6224 -16.608 0
      vertex 25.187 -15.7386 -5
      vertex 25.187 -15.7386 0
    endloop
  endfacet
  facet normal 0.838668 -0.544642 0
    outer loop
      vertex 25.187 -15.7386 -5
      vertex 24.6224 -16.608 0
      vertex 24.6224 -16.608 -5
    endloop
  endfacet
  facet normal -0.484742 0.874657 0
    outer loop
      vertex -13.9433 26.2235 -5
      vertex -14.85 25.721 0
      vertex -13.9433 26.2235 0
    endloop
  endfacet
  facet normal -0.484742 0.874657 0
    outer loop
      vertex -14.85 25.721 0
      vertex -13.9433 26.2235 -5
      vertex -14.85 25.721 -5
    endloop
  endfacet
  facet normal -0.996191 -0.0872015 0
    outer loop
      vertex -29.5373 -3.1045 -5
      vertex -29.6277 -2.07177 0
      vertex -29.6277 -2.07177 -5
    endloop
  endfacet
  facet normal -0.996191 -0.0872015 0
    outer loop
      vertex -29.6277 -2.07177 0
      vertex -29.5373 -3.1045 -5
      vertex -29.5373 -3.1045 0
    endloop
  endfacet
  facet normal -0.819159 -0.573566 0
    outer loop
      vertex -24.0278 -17.4572 -5
      vertex -24.6224 -16.608 0
      vertex -24.6224 -16.608 -5
    endloop
  endfacet
  facet normal -0.819159 -0.573566 0
    outer loop
      vertex -24.6224 -16.608 0
      vertex -24.0278 -17.4572 -5
      vertex -24.0278 -17.4572 0
    endloop
  endfacet
  facet normal -0.629295 -0.777166 0
    outer loop
      vertex -19.0908 -22.7515 -5
      vertex -18.2851 -23.4039 0
      vertex -19.0908 -22.7515 0
    endloop
  endfacet
  facet normal -0.629295 -0.777166 -0
    outer loop
      vertex -18.2851 -23.4039 0
      vertex -19.0908 -22.7515 -5
      vertex -18.2851 -23.4039 -5
    endloop
  endfacet
  facet normal 0.945522 0.32556 0
    outer loop
      vertex 28.2464 9.1778 0
      vertex 27.9089 10.158 -5
      vertex 27.9089 10.158 0
    endloop
  endfacet
  facet normal 0.945522 0.32556 0
    outer loop
      vertex 27.9089 10.158 -5
      vertex 28.2464 9.1778 0
      vertex 28.2464 9.1778 -5
    endloop
  endfacet
  facet normal -0.999848 -0.0174598 0
    outer loop
      vertex -29.6819 -1.03651 -5
      vertex -29.7 0 0
      vertex -29.7 0 -5
    endloop
  endfacet
  facet normal -0.999848 -0.0174598 0
    outer loop
      vertex -29.7 0 0
      vertex -29.6819 -1.03651 -5
      vertex -29.6819 -1.03651 0
    endloop
  endfacet
  facet normal -0.39075 -0.920497 0
    outer loop
      vertex -12.0801 -27.1323 -5
      vertex -11.1258 -27.5374 0
      vertex -12.0801 -27.1323 0
    endloop
  endfacet
  facet normal -0.39075 -0.920497 -0
    outer loop
      vertex -11.1258 -27.5374 0
      vertex -12.0801 -27.1323 -5
      vertex -11.1258 -27.5374 -5
    endloop
  endfacet
  facet normal -0.121833 0.992551 0
    outer loop
      vertex -3.1045 29.5373 -5
      vertex -4.13344 29.411 0
      vertex -3.1045 29.5373 0
    endloop
  endfacet
  facet normal -0.121833 0.992551 0
    outer loop
      vertex -4.13344 29.411 0
      vertex -3.1045 29.5373 -5
      vertex -4.13344 29.411 -5
    endloop
  endfacet
  facet normal 0.819159 0.573566 0
    outer loop
      vertex 24.6224 16.608 0
      vertex 24.0278 17.4572 -5
      vertex 24.0278 17.4572 0
    endloop
  endfacet
  facet normal 0.819159 0.573566 0
    outer loop
      vertex 24.0278 17.4572 -5
      vertex 24.6224 16.608 0
      vertex 24.6224 16.608 -5
    endloop
  endfacet
  facet normal 0.629295 0.777166 -0
    outer loop
      vertex 19.0908 22.7515 -5
      vertex 18.2851 23.4039 0
      vertex 19.0908 22.7515 0
    endloop
  endfacet
  facet normal 0.629295 0.777166 0
    outer loop
      vertex 18.2851 23.4039 0
      vertex 19.0908 22.7515 -5
      vertex 18.2851 23.4039 -5
    endloop
  endfacet
  facet normal -0.190802 -0.981628 0
    outer loop
      vertex -6.17498 -29.051 -5
      vertex -5.15735 -29.2488 0
      vertex -6.17498 -29.051 0
    endloop
  endfacet
  facet normal -0.190802 -0.981628 -0
    outer loop
      vertex -5.15735 -29.2488 0
      vertex -6.17498 -29.051 -5
      vertex -5.15735 -29.2488 -5
    endloop
  endfacet
  facet normal 0.707107 -0.707107 0
    outer loop
      vertex 20.6314 -21.3644 0
      vertex 21.3644 -20.6314 -5
      vertex 21.3644 -20.6314 0
    endloop
  endfacet
  facet normal 0.707107 -0.707107 0
    outer loop
      vertex 21.3644 -20.6314 -5
      vertex 20.6314 -21.3644 0
      vertex 20.6314 -21.3644 -5
    endloop
  endfacet
  facet normal -0.956303 -0.292379 0
    outer loop
      vertex -28.2464 -9.1778 -5
      vertex -28.5495 -8.18643 0
      vertex -28.5495 -8.18643 -5
    endloop
  endfacet
  facet normal -0.956303 -0.292379 0
    outer loop
      vertex -28.5495 -8.18643 0
      vertex -28.2464 -9.1778 -5
      vertex -28.2464 -9.1778 0
    endloop
  endfacet
  facet normal 0.874657 -0.484742 0
    outer loop
      vertex 25.721 -14.85 0
      vertex 26.2235 -13.9433 -5
      vertex 26.2235 -13.9433 0
    endloop
  endfacet
  facet normal 0.874657 -0.484742 0
    outer loop
      vertex 26.2235 -13.9433 -5
      vertex 25.721 -14.85 0
      vertex 25.721 -14.85 -5
    endloop
  endfacet
  facet normal 0.987684 0.156461 0
    outer loop
      vertex 29.411 4.13344 0
      vertex 29.2488 5.15735 -5
      vertex 29.2488 5.15735 0
    endloop
  endfacet
  facet normal 0.987684 0.156461 0
    outer loop
      vertex 29.2488 5.15735 -5
      vertex 29.411 4.13344 0
      vertex 29.411 4.13344 -5
    endloop
  endfacet
  facet normal 0.358365 -0.933582 0
    outer loop
      vertex 10.158 -27.9089 -5
      vertex 11.1258 -27.5374 0
      vertex 10.158 -27.9089 0
    endloop
  endfacet
  facet normal 0.358365 -0.933582 0
    outer loop
      vertex 11.1258 -27.5374 0
      vertex 10.158 -27.9089 -5
      vertex 11.1258 -27.5374 -5
    endloop
  endfacet
  facet normal -0.956303 0.292379 0
    outer loop
      vertex -28.5495 8.18643 -5
      vertex -28.2464 9.1778 0
      vertex -28.2464 9.1778 -5
    endloop
  endfacet
  facet normal -0.956303 0.292379 0
    outer loop
      vertex -28.2464 9.1778 0
      vertex -28.5495 8.18643 -5
      vertex -28.5495 8.18643 0
    endloop
  endfacet
  facet normal 0.681981 0.73137 -0
    outer loop
      vertex 20.6314 21.3644 -5
      vertex 19.8732 22.0714 0
      vertex 20.6314 21.3644 0
    endloop
  endfacet
  facet normal 0.681981 0.73137 0
    outer loop
      vertex 19.8732 22.0714 0
      vertex 20.6314 21.3644 -5
      vertex 19.8732 22.0714 -5
    endloop
  endfacet
  facet normal -0.656043 0.754724 0
    outer loop
      vertex -19.0908 22.7515 -5
      vertex -19.8732 22.0714 0
      vertex -19.0908 22.7515 0
    endloop
  endfacet
  facet normal -0.656043 0.754724 0
    outer loop
      vertex -19.8732 22.0714 0
      vertex -19.0908 22.7515 -5
      vertex -19.8732 22.0714 -5
    endloop
  endfacet
  facet normal -0.754724 0.656043 0
    outer loop
      vertex -22.7515 19.0908 -5
      vertex -22.0714 19.8732 0
      vertex -22.0714 19.8732 -5
    endloop
  endfacet
  facet normal -0.754724 0.656043 0
    outer loop
      vertex -22.0714 19.8732 0
      vertex -22.7515 19.0908 -5
      vertex -22.7515 19.0908 0
    endloop
  endfacet
  facet normal -0.601835 0.79862 0
    outer loop
      vertex -17.4572 24.0278 -5
      vertex -18.2851 23.4039 0
      vertex -17.4572 24.0278 0
    endloop
  endfacet
  facet normal -0.601835 0.79862 0
    outer loop
      vertex -18.2851 23.4039 0
      vertex -17.4572 24.0278 -5
      vertex -18.2851 23.4039 -5
    endloop
  endfacet
  facet normal -0.998632 -0.0522824 0
    outer loop
      vertex -29.6277 -2.07177 -5
      vertex -29.6819 -1.03651 0
      vertex -29.6819 -1.03651 -5
    endloop
  endfacet
  facet normal -0.998632 -0.0522824 0
    outer loop
      vertex -29.6819 -1.03651 0
      vertex -29.6277 -2.07177 -5
      vertex -29.6277 -2.07177 0
    endloop
  endfacet
  facet normal 0.629295 -0.777166 0
    outer loop
      vertex 18.2851 -23.4039 -5
      vertex 19.0908 -22.7515 0
      vertex 18.2851 -23.4039 0
    endloop
  endfacet
  facet normal 0.629295 -0.777166 0
    outer loop
      vertex 19.0908 -22.7515 0
      vertex 18.2851 -23.4039 -5
      vertex 19.0908 -22.7515 -5
    endloop
  endfacet
  facet normal 0.39075 0.920497 -0
    outer loop
      vertex 12.0801 27.1323 -5
      vertex 11.1258 27.5374 0
      vertex 12.0801 27.1323 0
    endloop
  endfacet
  facet normal 0.39075 0.920497 0
    outer loop
      vertex 11.1258 27.5374 0
      vertex 12.0801 27.1323 -5
      vertex 11.1258 27.5374 -5
    endloop
  endfacet
  facet normal -0.0872015 -0.996191 0
    outer loop
      vertex -3.1045 -29.5373 -5
      vertex -2.07177 -29.6277 0
      vertex -3.1045 -29.5373 0
    endloop
  endfacet
  facet normal -0.0872015 -0.996191 -0
    outer loop
      vertex -2.07177 -29.6277 0
      vertex -3.1045 -29.5373 -5
      vertex -2.07177 -29.6277 -5
    endloop
  endfacet
  facet normal 0.956303 0.292379 0
    outer loop
      vertex 28.5495 8.18643 0
      vertex 28.2464 9.1778 -5
      vertex 28.2464 9.1778 0
    endloop
  endfacet
  facet normal 0.956303 0.292379 0
    outer loop
      vertex 28.2464 9.1778 -5
      vertex 28.5495 8.18643 0
      vertex 28.5495 8.18643 -5
    endloop
  endfacet
  facet normal 0.39075 -0.920497 0
    outer loop
      vertex 11.1258 -27.5374 -5
      vertex 12.0801 -27.1323 0
      vertex 11.1258 -27.5374 0
    endloop
  endfacet
  facet normal 0.39075 -0.920497 0
    outer loop
      vertex 12.0801 -27.1323 0
      vertex 11.1258 -27.5374 -5
      vertex 12.0801 -27.1323 -5
    endloop
  endfacet
  facet normal 0.0174598 -0.999848 0
    outer loop
      vertex 0 -29.7 -5
      vertex 1.03651 -29.6819 0
      vertex 0 -29.7 0
    endloop
  endfacet
  facet normal 0.0174598 -0.999848 0
    outer loop
      vertex 1.03651 -29.6819 0
      vertex 0 -29.7 -5
      vertex 1.03651 -29.6819 -5
    endloop
  endfacet
  facet normal -0.933582 0.358365 0
    outer loop
      vertex -27.9089 10.158 -5
      vertex -27.5374 11.1258 0
      vertex -27.5374 11.1258 -5
    endloop
  endfacet
  facet normal -0.933582 0.358365 0
    outer loop
      vertex -27.5374 11.1258 0
      vertex -27.9089 10.158 -5
      vertex -27.9089 10.158 0
    endloop
  endfacet
  facet normal -0.707107 -0.707107 0
    outer loop
      vertex -20.6314 -21.3644 -5
      vertex -21.3644 -20.6314 0
      vertex -21.3644 -20.6314 -5
    endloop
  endfacet
  facet normal -0.707107 -0.707107 0
    outer loop
      vertex -21.3644 -20.6314 0
      vertex -20.6314 -21.3644 -5
      vertex -20.6314 -21.3644 0
    endloop
  endfacet
  facet normal 0.838668 0.544642 0
    outer loop
      vertex 25.187 15.7386 0
      vertex 24.6224 16.608 -5
      vertex 24.6224 16.608 0
    endloop
  endfacet
  facet normal 0.838668 0.544642 0
    outer loop
      vertex 24.6224 16.608 -5
      vertex 25.187 15.7386 0
      vertex 25.187 15.7386 -5
    endloop
  endfacet
  facet normal 0.992551 0.121833 0
    outer loop
      vertex 29.5373 3.1045 0
      vertex 29.411 4.13344 -5
      vertex 29.411 4.13344 0
    endloop
  endfacet
  facet normal 0.992551 0.121833 0
    outer loop
      vertex 29.411 4.13344 -5
      vertex 29.5373 3.1045 0
      vertex 29.5373 3.1045 -5
    endloop
  endfacet
  facet normal -0.981628 -0.190802 0
    outer loop
      vertex -29.051 -6.17498 -5
      vertex -29.2488 -5.15735 0
      vertex -29.2488 -5.15735 -5
    endloop
  endfacet
  facet normal -0.981628 -0.190802 0
    outer loop
      vertex -29.2488 -5.15735 0
      vertex -29.051 -6.17498 -5
      vertex -29.051 -6.17498 0
    endloop
  endfacet
  facet normal 0.981628 0.190802 0
    outer loop
      vertex 29.2488 5.15735 0
      vertex 29.051 6.17498 -5
      vertex 29.051 6.17498 0
    endloop
  endfacet
  facet normal 0.981628 0.190802 0
    outer loop
      vertex 29.051 6.17498 -5
      vertex 29.2488 5.15735 0
      vertex 29.2488 5.15735 -5
    endloop
  endfacet
  facet normal 0.190802 0.981628 -0
    outer loop
      vertex 6.17498 29.051 -5
      vertex 5.15735 29.2488 0
      vertex 6.17498 29.051 0
    endloop
  endfacet
  facet normal 0.190802 0.981628 0
    outer loop
      vertex 5.15735 29.2488 0
      vertex 6.17498 29.051 -5
      vertex 5.15735 29.2488 -5
    endloop
  endfacet
  facet normal -0.681981 -0.73137 0
    outer loop
      vertex -20.6314 -21.3644 -5
      vertex -19.8732 -22.0714 0
      vertex -20.6314 -21.3644 0
    endloop
  endfacet
  facet normal -0.681981 -0.73137 -0
    outer loop
      vertex -19.8732 -22.0714 0
      vertex -20.6314 -21.3644 -5
      vertex -19.8732 -22.0714 -5
    endloop
  endfacet
  facet normal -0.998632 0.0522824 0
    outer loop
      vertex -29.6819 1.03651 -5
      vertex -29.6277 2.07177 0
      vertex -29.6277 2.07177 -5
    endloop
  endfacet
  facet normal -0.998632 0.0522824 0
    outer loop
      vertex -29.6277 2.07177 0
      vertex -29.6819 1.03651 -5
      vertex -29.6819 1.03651 0
    endloop
  endfacet
  facet normal 0.890986 -0.45403 0
    outer loop
      vertex 26.2235 -13.9433 0
      vertex 26.6942 -13.0196 -5
      vertex 26.6942 -13.0196 0
    endloop
  endfacet
  facet normal 0.890986 -0.45403 0
    outer loop
      vertex 26.6942 -13.0196 -5
      vertex 26.2235 -13.9433 0
      vertex 26.2235 -13.9433 -5
    endloop
  endfacet
  facet normal 0.0522824 -0.998632 0
    outer loop
      vertex 1.03651 -29.6819 -5
      vertex 2.07177 -29.6277 0
      vertex 1.03651 -29.6819 0
    endloop
  endfacet
  facet normal 0.0522824 -0.998632 0
    outer loop
      vertex 2.07177 -29.6277 0
      vertex 1.03651 -29.6819 -5
      vertex 2.07177 -29.6277 -5
    endloop
  endfacet
  facet normal -0.0872015 0.996191 0
    outer loop
      vertex -2.07177 29.6277 -5
      vertex -3.1045 29.5373 0
      vertex -2.07177 29.6277 0
    endloop
  endfacet
  facet normal -0.0872015 0.996191 0
    outer loop
      vertex -3.1045 29.5373 0
      vertex -2.07177 29.6277 -5
      vertex -3.1045 29.5373 -5
    endloop
  endfacet
  facet normal 0.32556 -0.945522 0
    outer loop
      vertex 9.1778 -28.2464 -5
      vertex 10.158 -27.9089 0
      vertex 9.1778 -28.2464 0
    endloop
  endfacet
  facet normal 0.32556 -0.945522 0
    outer loop
      vertex 10.158 -27.9089 0
      vertex 9.1778 -28.2464 -5
      vertex 10.158 -27.9089 -5
    endloop
  endfacet
  facet normal 0.601835 0.79862 -0
    outer loop
      vertex 18.2851 23.4039 -5
      vertex 17.4572 24.0278 0
      vertex 18.2851 23.4039 0
    endloop
  endfacet
  facet normal 0.601835 0.79862 0
    outer loop
      vertex 17.4572 24.0278 0
      vertex 18.2851 23.4039 -5
      vertex 17.4572 24.0278 -5
    endloop
  endfacet
  facet normal -0.965928 0.258809 0
    outer loop
      vertex -28.8178 7.18508 -5
      vertex -28.5495 8.18643 0
      vertex -28.5495 8.18643 -5
    endloop
  endfacet
  facet normal -0.965928 0.258809 0
    outer loop
      vertex -28.5495 8.18643 0
      vertex -28.8178 7.18508 -5
      vertex -28.8178 7.18508 0
    endloop
  endfacet
  facet normal 0.945522 -0.32556 0
    outer loop
      vertex 27.9089 -10.158 0
      vertex 28.2464 -9.1778 -5
      vertex 28.2464 -9.1778 0
    endloop
  endfacet
  facet normal 0.945522 -0.32556 0
    outer loop
      vertex 28.2464 -9.1778 -5
      vertex 27.9089 -10.158 0
      vertex 27.9089 -10.158 -5
    endloop
  endfacet
  facet normal 0.906306 0.422621 0
    outer loop
      vertex 27.1323 12.0801 0
      vertex 26.6942 13.0196 -5
      vertex 26.6942 13.0196 0
    endloop
  endfacet
  facet normal 0.906306 0.422621 0
    outer loop
      vertex 26.6942 13.0196 -5
      vertex 27.1323 12.0801 0
      vertex 27.1323 12.0801 -5
    endloop
  endfacet
  facet normal 0.0872015 0.996191 -0
    outer loop
      vertex 3.1045 29.5373 -5
      vertex 2.07177 29.6277 0
      vertex 3.1045 29.5373 0
    endloop
  endfacet
  facet normal 0.0872015 0.996191 0
    outer loop
      vertex 2.07177 29.6277 0
      vertex 3.1045 29.5373 -5
      vertex 2.07177 29.6277 -5
    endloop
  endfacet
  facet normal -0.97437 -0.224951 0
    outer loop
      vertex -28.8178 -7.18508 -5
      vertex -29.051 -6.17498 0
      vertex -29.051 -6.17498 -5
    endloop
  endfacet
  facet normal -0.97437 -0.224951 0
    outer loop
      vertex -29.051 -6.17498 0
      vertex -28.8178 -7.18508 -5
      vertex -28.8178 -7.18508 0
    endloop
  endfacet
  facet normal -0.996191 0.0872015 0
    outer loop
      vertex -29.6277 2.07177 -5
      vertex -29.5373 3.1045 0
      vertex -29.5373 3.1045 -5
    endloop
  endfacet
  facet normal -0.996191 0.0872015 0
    outer loop
      vertex -29.5373 3.1045 0
      vertex -29.6277 2.07177 -5
      vertex -29.6277 2.07177 0
    endloop
  endfacet
  facet normal -0.981628 0.190802 0
    outer loop
      vertex -29.2488 5.15735 -5
      vertex -29.051 6.17498 0
      vertex -29.051 6.17498 -5
    endloop
  endfacet
  facet normal -0.981628 0.190802 0
    outer loop
      vertex -29.051 6.17498 0
      vertex -29.2488 5.15735 -5
      vertex -29.2488 5.15735 0
    endloop
  endfacet
  facet normal 0.754724 -0.656043 0
    outer loop
      vertex 22.0714 -19.8732 0
      vertex 22.7515 -19.0908 -5
      vertex 22.7515 -19.0908 0
    endloop
  endfacet
  facet normal 0.754724 -0.656043 0
    outer loop
      vertex 22.7515 -19.0908 -5
      vertex 22.0714 -19.8732 0
      vertex 22.0714 -19.8732 -5
    endloop
  endfacet
  facet normal -0.0522824 0.998632 0
    outer loop
      vertex -1.03651 29.6819 -5
      vertex -2.07177 29.6277 0
      vertex -1.03651 29.6819 0
    endloop
  endfacet
  facet normal -0.0522824 0.998632 0
    outer loop
      vertex -2.07177 29.6277 0
      vertex -1.03651 29.6819 -5
      vertex -2.07177 29.6277 -5
    endloop
  endfacet
  facet normal -0.32556 0.945522 0
    outer loop
      vertex -9.1778 28.2464 -5
      vertex -10.158 27.9089 0
      vertex -9.1778 28.2464 0
    endloop
  endfacet
  facet normal -0.32556 0.945522 0
    outer loop
      vertex -10.158 27.9089 0
      vertex -9.1778 28.2464 -5
      vertex -10.158 27.9089 -5
    endloop
  endfacet
  facet normal 0.97437 -0.224951 0
    outer loop
      vertex 28.8178 -7.18508 0
      vertex 29.051 -6.17498 -5
      vertex 29.051 -6.17498 0
    endloop
  endfacet
  facet normal 0.97437 -0.224951 0
    outer loop
      vertex 29.051 -6.17498 -5
      vertex 28.8178 -7.18508 0
      vertex 28.8178 -7.18508 -5
    endloop
  endfacet
  facet normal 0.358365 0.933582 -0
    outer loop
      vertex 11.1258 27.5374 -5
      vertex 10.158 27.9089 0
      vertex 11.1258 27.5374 0
    endloop
  endfacet
  facet normal 0.358365 0.933582 0
    outer loop
      vertex 10.158 27.9089 0
      vertex 11.1258 27.5374 -5
      vertex 10.158 27.9089 -5
    endloop
  endfacet
  facet normal -0.515091 -0.857135 0
    outer loop
      vertex -15.7386 -25.187 -5
      vertex -14.85 -25.721 0
      vertex -15.7386 -25.187 0
    endloop
  endfacet
  facet normal -0.515091 -0.857135 -0
    outer loop
      vertex -14.85 -25.721 0
      vertex -15.7386 -25.187 -5
      vertex -14.85 -25.721 -5
    endloop
  endfacet
  facet normal -0.656043 -0.754724 0
    outer loop
      vertex -19.8732 -22.0714 -5
      vertex -19.0908 -22.7515 0
      vertex -19.8732 -22.0714 0
    endloop
  endfacet
  facet normal -0.656043 -0.754724 -0
    outer loop
      vertex -19.0908 -22.7515 0
      vertex -19.8732 -22.0714 -5
      vertex -19.0908 -22.7515 -5
    endloop
  endfacet
  facet normal 0.754724 0.656043 0
    outer loop
      vertex 22.7515 19.0908 0
      vertex 22.0714 19.8732 -5
      vertex 22.0714 19.8732 0
    endloop
  endfacet
  facet normal 0.754724 0.656043 0
    outer loop
      vertex 22.0714 19.8732 -5
      vertex 22.7515 19.0908 0
      vertex 22.7515 19.0908 -5
    endloop
  endfacet
  facet normal 0.890986 0.45403 0
    outer loop
      vertex 26.6942 13.0196 0
      vertex 26.2235 13.9433 -5
      vertex 26.2235 13.9433 0
    endloop
  endfacet
  facet normal 0.890986 0.45403 0
    outer loop
      vertex 26.2235 13.9433 -5
      vertex 26.6942 13.0196 0
      vertex 26.6942 13.0196 -5
    endloop
  endfacet
  facet normal 0.258809 -0.965928 0
    outer loop
      vertex 7.18508 -28.8178 -5
      vertex 8.18643 -28.5495 0
      vertex 7.18508 -28.8178 0
    endloop
  endfacet
  facet normal 0.258809 -0.965928 0
    outer loop
      vertex 8.18643 -28.5495 0
      vertex 7.18508 -28.8178 -5
      vertex 8.18643 -28.5495 -5
    endloop
  endfacet
  facet normal 0.224951 -0.97437 0
    outer loop
      vertex 6.17498 -29.051 -5
      vertex 7.18508 -28.8178 0
      vertex 6.17498 -29.051 0
    endloop
  endfacet
  facet normal 0.224951 -0.97437 0
    outer loop
      vertex 7.18508 -28.8178 0
      vertex 6.17498 -29.051 -5
      vertex 7.18508 -28.8178 -5
    endloop
  endfacet
  facet normal 0.956303 -0.292379 0
    outer loop
      vertex 28.2464 -9.1778 0
      vertex 28.5495 -8.18643 -5
      vertex 28.5495 -8.18643 0
    endloop
  endfacet
  facet normal 0.956303 -0.292379 0
    outer loop
      vertex 28.5495 -8.18643 -5
      vertex 28.2464 -9.1778 0
      vertex 28.2464 -9.1778 -5
    endloop
  endfacet
  facet normal 0.544642 0.838668 -0
    outer loop
      vertex 16.608 24.6224 -5
      vertex 15.7386 25.187 0
      vertex 16.608 24.6224 0
    endloop
  endfacet
  facet normal 0.544642 0.838668 0
    outer loop
      vertex 15.7386 25.187 0
      vertex 16.608 24.6224 -5
      vertex 15.7386 25.187 -5
    endloop
  endfacet
  facet normal 0.544642 -0.838668 0
    outer loop
      vertex 15.7386 -25.187 -5
      vertex 16.608 -24.6224 0
      vertex 15.7386 -25.187 0
    endloop
  endfacet
  facet normal 0.544642 -0.838668 0
    outer loop
      vertex 16.608 -24.6224 0
      vertex 15.7386 -25.187 -5
      vertex 16.608 -24.6224 -5
    endloop
  endfacet
  facet normal 0.857135 -0.515091 0
    outer loop
      vertex 25.187 -15.7386 0
      vertex 25.721 -14.85 -5
      vertex 25.721 -14.85 0
    endloop
  endfacet
  facet normal 0.857135 -0.515091 0
    outer loop
      vertex 25.721 -14.85 -5
      vertex 25.187 -15.7386 0
      vertex 25.187 -15.7386 -5
    endloop
  endfacet
  facet normal 0.190802 -0.981628 0
    outer loop
      vertex 5.15735 -29.2488 -5
      vertex 6.17498 -29.051 0
      vertex 5.15735 -29.2488 0
    endloop
  endfacet
  facet normal 0.190802 -0.981628 0
    outer loop
      vertex 6.17498 -29.051 0
      vertex 5.15735 -29.2488 -5
      vertex 6.17498 -29.051 -5
    endloop
  endfacet
  facet normal 0.97437 0.224951 0
    outer loop
      vertex 29.051 6.17498 0
      vertex 28.8178 7.18508 -5
      vertex 28.8178 7.18508 0
    endloop
  endfacet
  facet normal 0.97437 0.224951 0
    outer loop
      vertex 28.8178 7.18508 -5
      vertex 29.051 6.17498 0
      vertex 29.051 6.17498 -5
    endloop
  endfacet
  facet normal -0.544642 0.838668 0
    outer loop
      vertex -15.7386 25.187 -5
      vertex -16.608 24.6224 0
      vertex -15.7386 25.187 0
    endloop
  endfacet
  facet normal -0.544642 0.838668 0
    outer loop
      vertex -16.608 24.6224 0
      vertex -15.7386 25.187 -5
      vertex -16.608 24.6224 -5
    endloop
  endfacet
  facet normal 0.707107 0.707107 0
    outer loop
      vertex 21.3644 20.6314 0
      vertex 20.6314 21.3644 -5
      vertex 20.6314 21.3644 0
    endloop
  endfacet
  facet normal 0.707107 0.707107 0
    outer loop
      vertex 20.6314 21.3644 -5
      vertex 21.3644 20.6314 0
      vertex 21.3644 20.6314 -5
    endloop
  endfacet
  facet normal -0.874657 0.484742 0
    outer loop
      vertex -26.2235 13.9433 -5
      vertex -25.721 14.85 0
      vertex -25.721 14.85 -5
    endloop
  endfacet
  facet normal -0.874657 0.484742 0
    outer loop
      vertex -25.721 14.85 0
      vertex -26.2235 13.9433 -5
      vertex -26.2235 13.9433 0
    endloop
  endfacet
  facet normal -0.945522 0.32556 0
    outer loop
      vertex -28.2464 9.1778 -5
      vertex -27.9089 10.158 0
      vertex -27.9089 10.158 -5
    endloop
  endfacet
  facet normal -0.945522 0.32556 0
    outer loop
      vertex -27.9089 10.158 0
      vertex -28.2464 9.1778 -5
      vertex -28.2464 9.1778 0
    endloop
  endfacet
  facet normal -0.601835 -0.79862 0
    outer loop
      vertex -18.2851 -23.4039 -5
      vertex -17.4572 -24.0278 0
      vertex -18.2851 -23.4039 0
    endloop
  endfacet
  facet normal -0.601835 -0.79862 -0
    outer loop
      vertex -17.4572 -24.0278 0
      vertex -18.2851 -23.4039 -5
      vertex -17.4572 -24.0278 -5
    endloop
  endfacet
  facet normal 0.656043 0.754724 -0
    outer loop
      vertex 19.8732 22.0714 -5
      vertex 19.0908 22.7515 0
      vertex 19.8732 22.0714 0
    endloop
  endfacet
  facet normal 0.656043 0.754724 0
    outer loop
      vertex 19.0908 22.7515 0
      vertex 19.8732 22.0714 -5
      vertex 19.0908 22.7515 -5
    endloop
  endfacet
  facet normal 0.601835 -0.79862 0
    outer loop
      vertex 17.4572 -24.0278 -5
      vertex 18.2851 -23.4039 0
      vertex 17.4572 -24.0278 0
    endloop
  endfacet
  facet normal 0.601835 -0.79862 0
    outer loop
      vertex 18.2851 -23.4039 0
      vertex 17.4572 -24.0278 -5
      vertex 18.2851 -23.4039 -5
    endloop
  endfacet
  facet normal -0.874657 -0.484742 0
    outer loop
      vertex -25.721 -14.85 -5
      vertex -26.2235 -13.9433 0
      vertex -26.2235 -13.9433 -5
    endloop
  endfacet
  facet normal -0.874657 -0.484742 0
    outer loop
      vertex -26.2235 -13.9433 0
      vertex -25.721 -14.85 -5
      vertex -25.721 -14.85 0
    endloop
  endfacet
  facet normal 0.777166 -0.629295 0
    outer loop
      vertex 22.7515 -19.0908 0
      vertex 23.4039 -18.2851 -5
      vertex 23.4039 -18.2851 0
    endloop
  endfacet
  facet normal 0.777166 -0.629295 0
    outer loop
      vertex 23.4039 -18.2851 -5
      vertex 22.7515 -19.0908 0
      vertex 22.7515 -19.0908 -5
    endloop
  endfacet
  facet normal 0.484742 0.874657 -0
    outer loop
      vertex 14.85 25.721 -5
      vertex 13.9433 26.2235 0
      vertex 14.85 25.721 0
    endloop
  endfacet
  facet normal 0.484742 0.874657 0
    outer loop
      vertex 13.9433 26.2235 0
      vertex 14.85 25.721 -5
      vertex 13.9433 26.2235 -5
    endloop
  endfacet
  facet normal 0.515091 0.857135 -0
    outer loop
      vertex 15.7386 25.187 -5
      vertex 14.85 25.721 0
      vertex 15.7386 25.187 0
    endloop
  endfacet
  facet normal 0.515091 0.857135 0
    outer loop
      vertex 14.85 25.721 0
      vertex 15.7386 25.187 -5
      vertex 14.85 25.721 -5
    endloop
  endfacet
  facet normal -0.45403 0.890986 0
    outer loop
      vertex -13.0196 26.6942 -5
      vertex -13.9433 26.2235 0
      vertex -13.0196 26.6942 0
    endloop
  endfacet
  facet normal -0.45403 0.890986 0
    outer loop
      vertex -13.9433 26.2235 0
      vertex -13.0196 26.6942 -5
      vertex -13.9433 26.2235 -5
    endloop
  endfacet
  facet normal 0.121833 0.992551 -0
    outer loop
      vertex 4.13344 29.411 -5
      vertex 3.1045 29.5373 0
      vertex 4.13344 29.411 0
    endloop
  endfacet
  facet normal 0.121833 0.992551 0
    outer loop
      vertex 3.1045 29.5373 0
      vertex 4.13344 29.411 -5
      vertex 3.1045 29.5373 -5
    endloop
  endfacet
  facet normal 0.573566 -0.819159 0
    outer loop
      vertex 16.608 -24.6224 -5
      vertex 17.4572 -24.0278 0
      vertex 16.608 -24.6224 0
    endloop
  endfacet
  facet normal 0.573566 -0.819159 0
    outer loop
      vertex 17.4572 -24.0278 0
      vertex 16.608 -24.6224 -5
      vertex 17.4572 -24.0278 -5
    endloop
  endfacet
  facet normal 0.656043 -0.754724 0
    outer loop
      vertex 19.0908 -22.7515 -5
      vertex 19.8732 -22.0714 0
      vertex 19.0908 -22.7515 0
    endloop
  endfacet
  facet normal 0.656043 -0.754724 0
    outer loop
      vertex 19.8732 -22.0714 0
      vertex 19.0908 -22.7515 -5
      vertex 19.8732 -22.0714 -5
    endloop
  endfacet
  facet normal -0.224951 -0.97437 0
    outer loop
      vertex -7.18508 -28.8178 -5
      vertex -6.17498 -29.051 0
      vertex -7.18508 -28.8178 0
    endloop
  endfacet
  facet normal -0.224951 -0.97437 -0
    outer loop
      vertex -6.17498 -29.051 0
      vertex -7.18508 -28.8178 -5
      vertex -6.17498 -29.051 -5
    endloop
  endfacet
  facet normal -0.121833 -0.992551 0
    outer loop
      vertex -4.13344 -29.411 -5
      vertex -3.1045 -29.5373 0
      vertex -4.13344 -29.411 0
    endloop
  endfacet
  facet normal -0.121833 -0.992551 -0
    outer loop
      vertex -3.1045 -29.5373 0
      vertex -4.13344 -29.411 -5
      vertex -3.1045 -29.5373 -5
    endloop
  endfacet
  facet normal 0.45403 0.890986 -0
    outer loop
      vertex 13.9433 26.2235 -5
      vertex 13.0196 26.6942 0
      vertex 13.9433 26.2235 0
    endloop
  endfacet
  facet normal 0.45403 0.890986 0
    outer loop
      vertex 13.0196 26.6942 0
      vertex 13.9433 26.2235 -5
      vertex 13.0196 26.6942 -5
    endloop
  endfacet
  facet normal -0.258809 -0.965928 0
    outer loop
      vertex -8.18643 -28.5495 -5
      vertex -7.18508 -28.8178 0
      vertex -8.18643 -28.5495 0
    endloop
  endfacet
  facet normal -0.258809 -0.965928 -0
    outer loop
      vertex -7.18508 -28.8178 0
      vertex -8.18643 -28.5495 -5
      vertex -7.18508 -28.8178 -5
    endloop
  endfacet
  facet normal -0.97437 0.224951 0
    outer loop
      vertex -29.051 6.17498 -5
      vertex -28.8178 7.18508 0
      vertex -28.8178 7.18508 -5
    endloop
  endfacet
  facet normal -0.97437 0.224951 0
    outer loop
      vertex -28.8178 7.18508 0
      vertex -29.051 6.17498 -5
      vertex -29.051 6.17498 0
    endloop
  endfacet
  facet normal -0.920497 -0.39075 0
    outer loop
      vertex -27.1323 -12.0801 -5
      vertex -27.5374 -11.1258 0
      vertex -27.5374 -11.1258 -5
    endloop
  endfacet
  facet normal -0.920497 -0.39075 0
    outer loop
      vertex -27.5374 -11.1258 0
      vertex -27.1323 -12.0801 -5
      vertex -27.1323 -12.0801 0
    endloop
  endfacet
  facet normal -0.906306 -0.422621 0
    outer loop
      vertex -26.6942 -13.0196 -5
      vertex -27.1323 -12.0801 0
      vertex -27.1323 -12.0801 -5
    endloop
  endfacet
  facet normal -0.906306 -0.422621 0
    outer loop
      vertex -27.1323 -12.0801 0
      vertex -26.6942 -13.0196 -5
      vertex -26.6942 -13.0196 0
    endloop
  endfacet
  facet normal 0.515091 -0.857135 0
    outer loop
      vertex 14.85 -25.721 -5
      vertex 15.7386 -25.187 0
      vertex 14.85 -25.721 0
    endloop
  endfacet
  facet normal 0.515091 -0.857135 0
    outer loop
      vertex 15.7386 -25.187 0
      vertex 14.85 -25.721 -5
      vertex 15.7386 -25.187 -5
    endloop
  endfacet
  facet normal -0.258809 0.965928 0
    outer loop
      vertex -7.18508 28.8178 -5
      vertex -8.18643 28.5495 0
      vertex -7.18508 28.8178 0
    endloop
  endfacet
  facet normal -0.258809 0.965928 0
    outer loop
      vertex -8.18643 28.5495 0
      vertex -7.18508 28.8178 -5
      vertex -8.18643 28.5495 -5
    endloop
  endfacet
  facet normal -0.79862 -0.601835 0
    outer loop
      vertex -23.4039 -18.2851 -5
      vertex -24.0278 -17.4572 0
      vertex -24.0278 -17.4572 -5
    endloop
  endfacet
  facet normal -0.79862 -0.601835 0
    outer loop
      vertex -24.0278 -17.4572 0
      vertex -23.4039 -18.2851 -5
      vertex -23.4039 -18.2851 0
    endloop
  endfacet
  facet normal -0.0174598 0.999848 0
    outer loop
      vertex 0 29.7 -5
      vertex -1.03651 29.6819 0
      vertex 0 29.7 0
    endloop
  endfacet
  facet normal -0.0174598 0.999848 0
    outer loop
      vertex -1.03651 29.6819 0
      vertex 0 29.7 -5
      vertex -1.03651 29.6819 -5
    endloop
  endfacet
  facet normal 0.933582 0.358365 0
    outer loop
      vertex 27.9089 10.158 0
      vertex 27.5374 11.1258 -5
      vertex 27.5374 11.1258 0
    endloop
  endfacet
  facet normal 0.933582 0.358365 0
    outer loop
      vertex 27.5374 11.1258 -5
      vertex 27.9089 10.158 0
      vertex 27.9089 10.158 -5
    endloop
  endfacet
  facet normal 0.156461 0.987684 -0
    outer loop
      vertex 5.15735 29.2488 -5
      vertex 4.13344 29.411 0
      vertex 5.15735 29.2488 0
    endloop
  endfacet
  facet normal 0.156461 0.987684 0
    outer loop
      vertex 4.13344 29.411 0
      vertex 5.15735 29.2488 -5
      vertex 4.13344 29.411 -5
    endloop
  endfacet
  facet normal 0.933582 -0.358365 0
    outer loop
      vertex 27.5374 -11.1258 0
      vertex 27.9089 -10.158 -5
      vertex 27.9089 -10.158 0
    endloop
  endfacet
  facet normal 0.933582 -0.358365 0
    outer loop
      vertex 27.9089 -10.158 -5
      vertex 27.5374 -11.1258 0
      vertex 27.5374 -11.1258 -5
    endloop
  endfacet
  facet normal -0.857135 -0.515091 0
    outer loop
      vertex -25.187 -15.7386 -5
      vertex -25.721 -14.85 0
      vertex -25.721 -14.85 -5
    endloop
  endfacet
  facet normal -0.857135 -0.515091 0
    outer loop
      vertex -25.721 -14.85 0
      vertex -25.187 -15.7386 -5
      vertex -25.187 -15.7386 0
    endloop
  endfacet
  facet normal 0.681981 -0.73137 0
    outer loop
      vertex 19.8732 -22.0714 -5
      vertex 20.6314 -21.3644 0
      vertex 19.8732 -22.0714 0
    endloop
  endfacet
  facet normal 0.681981 -0.73137 0
    outer loop
      vertex 20.6314 -21.3644 0
      vertex 19.8732 -22.0714 -5
      vertex 20.6314 -21.3644 -5
    endloop
  endfacet
  facet normal 0.45403 -0.890986 0
    outer loop
      vertex 13.0196 -26.6942 -5
      vertex 13.9433 -26.2235 0
      vertex 13.0196 -26.6942 0
    endloop
  endfacet
  facet normal 0.45403 -0.890986 0
    outer loop
      vertex 13.9433 -26.2235 0
      vertex 13.0196 -26.6942 -5
      vertex 13.9433 -26.2235 -5
    endloop
  endfacet
  facet normal -0.965928 -0.258809 0
    outer loop
      vertex -28.5495 -8.18643 -5
      vertex -28.8178 -7.18508 0
      vertex -28.8178 -7.18508 -5
    endloop
  endfacet
  facet normal -0.965928 -0.258809 0
    outer loop
      vertex -28.8178 -7.18508 0
      vertex -28.5495 -8.18643 -5
      vertex -28.5495 -8.18643 0
    endloop
  endfacet
  facet normal 0.292379 -0.956303 0
    outer loop
      vertex 8.18643 -28.5495 -5
      vertex 9.1778 -28.2464 0
      vertex 8.18643 -28.5495 0
    endloop
  endfacet
  facet normal 0.292379 -0.956303 0
    outer loop
      vertex 9.1778 -28.2464 0
      vertex 8.18643 -28.5495 -5
      vertex 9.1778 -28.2464 -5
    endloop
  endfacet
  facet normal 0.156461 -0.987684 0
    outer loop
      vertex 4.13344 -29.411 -5
      vertex 5.15735 -29.2488 0
      vertex 4.13344 -29.411 0
    endloop
  endfacet
  facet normal 0.156461 -0.987684 0
    outer loop
      vertex 5.15735 -29.2488 0
      vertex 4.13344 -29.411 -5
      vertex 5.15735 -29.2488 -5
    endloop
  endfacet
  facet normal -0.992551 0.121833 0
    outer loop
      vertex -29.5373 3.1045 -5
      vertex -29.411 4.13344 0
      vertex -29.411 4.13344 -5
    endloop
  endfacet
  facet normal -0.992551 0.121833 0
    outer loop
      vertex -29.411 4.13344 0
      vertex -29.5373 3.1045 -5
      vertex -29.5373 3.1045 0
    endloop
  endfacet
  facet normal 0.32556 0.945522 -0
    outer loop
      vertex 10.158 27.9089 -5
      vertex 9.1778 28.2464 0
      vertex 10.158 27.9089 0
    endloop
  endfacet
  facet normal 0.32556 0.945522 0
    outer loop
      vertex 9.1778 28.2464 0
      vertex 10.158 27.9089 -5
      vertex 9.1778 28.2464 -5
    endloop
  endfacet
  facet normal -0.920497 0.39075 0
    outer loop
      vertex -27.5374 11.1258 -5
      vertex -27.1323 12.0801 0
      vertex -27.1323 12.0801 -5
    endloop
  endfacet
  facet normal -0.920497 0.39075 0
    outer loop
      vertex -27.1323 12.0801 0
      vertex -27.5374 11.1258 -5
      vertex -27.5374 11.1258 0
    endloop
  endfacet
  facet normal -0.79862 0.601835 0
    outer loop
      vertex -24.0278 17.4572 -5
      vertex -23.4039 18.2851 0
      vertex -23.4039 18.2851 -5
    endloop
  endfacet
  facet normal -0.79862 0.601835 0
    outer loop
      vertex -23.4039 18.2851 0
      vertex -24.0278 17.4572 -5
      vertex -24.0278 17.4572 0
    endloop
  endfacet
  facet normal -0.707107 0.707107 0
    outer loop
      vertex -21.3644 20.6314 -5
      vertex -20.6314 21.3644 0
      vertex -20.6314 21.3644 -5
    endloop
  endfacet
  facet normal -0.707107 0.707107 0
    outer loop
      vertex -20.6314 21.3644 0
      vertex -21.3644 20.6314 -5
      vertex -21.3644 20.6314 0
    endloop
  endfacet
  facet normal -0.39075 0.920497 0
    outer loop
      vertex -11.1258 27.5374 -5
      vertex -12.0801 27.1323 0
      vertex -11.1258 27.5374 0
    endloop
  endfacet
  facet normal -0.39075 0.920497 0
    outer loop
      vertex -12.0801 27.1323 0
      vertex -11.1258 27.5374 -5
      vertex -12.0801 27.1323 -5
    endloop
  endfacet
  facet normal -0.838668 0.544642 0
    outer loop
      vertex -25.187 15.7386 -5
      vertex -24.6224 16.608 0
      vertex -24.6224 16.608 -5
    endloop
  endfacet
  facet normal -0.838668 0.544642 0
    outer loop
      vertex -24.6224 16.608 0
      vertex -25.187 15.7386 -5
      vertex -25.187 15.7386 0
    endloop
  endfacet
  facet normal 0.906306 -0.422621 0
    outer loop
      vertex 26.6942 -13.0196 0
      vertex 27.1323 -12.0801 -5
      vertex 27.1323 -12.0801 0
    endloop
  endfacet
  facet normal 0.906306 -0.422621 0
    outer loop
      vertex 27.1323 -12.0801 -5
      vertex 26.6942 -13.0196 0
      vertex 26.6942 -13.0196 -5
    endloop
  endfacet
  facet normal -0.838668 -0.544642 0
    outer loop
      vertex -24.6224 -16.608 -5
      vertex -25.187 -15.7386 0
      vertex -25.187 -15.7386 -5
    endloop
  endfacet
  facet normal -0.838668 -0.544642 0
    outer loop
      vertex -25.187 -15.7386 0
      vertex -24.6224 -16.608 -5
      vertex -24.6224 -16.608 0
    endloop
  endfacet
  facet normal -0.484742 -0.874657 0
    outer loop
      vertex -14.85 -25.721 -5
      vertex -13.9433 -26.2235 0
      vertex -14.85 -25.721 0
    endloop
  endfacet
  facet normal -0.484742 -0.874657 -0
    outer loop
      vertex -13.9433 -26.2235 0
      vertex -14.85 -25.721 -5
      vertex -13.9433 -26.2235 -5
    endloop
  endfacet
  facet normal -0.292379 0.956303 0
    outer loop
      vertex -8.18643 28.5495 -5
      vertex -9.1778 28.2464 0
      vertex -8.18643 28.5495 0
    endloop
  endfacet
  facet normal -0.292379 0.956303 0
    outer loop
      vertex -9.1778 28.2464 0
      vertex -8.18643 28.5495 -5
      vertex -9.1778 28.2464 -5
    endloop
  endfacet
  facet normal 0.292379 0.956303 -0
    outer loop
      vertex 9.1778 28.2464 -5
      vertex 8.18643 28.5495 0
      vertex 9.1778 28.2464 0
    endloop
  endfacet
  facet normal 0.292379 0.956303 0
    outer loop
      vertex 8.18643 28.5495 0
      vertex 9.1778 28.2464 -5
      vertex 8.18643 28.5495 -5
    endloop
  endfacet
  facet normal 0.224951 0.97437 -0
    outer loop
      vertex 7.18508 28.8178 -5
      vertex 6.17498 29.051 0
      vertex 7.18508 28.8178 0
    endloop
  endfacet
  facet normal 0.224951 0.97437 0
    outer loop
      vertex 6.17498 29.051 0
      vertex 7.18508 28.8178 -5
      vertex 6.17498 29.051 -5
    endloop
  endfacet
  facet normal -0.573566 0.819159 0
    outer loop
      vertex -16.608 24.6224 -5
      vertex -17.4572 24.0278 0
      vertex -16.608 24.6224 0
    endloop
  endfacet
  facet normal -0.573566 0.819159 0
    outer loop
      vertex -17.4572 24.0278 0
      vertex -16.608 24.6224 -5
      vertex -17.4572 24.0278 -5
    endloop
  endfacet
  facet normal -0.945522 -0.32556 0
    outer loop
      vertex -27.9089 -10.158 -5
      vertex -28.2464 -9.1778 0
      vertex -28.2464 -9.1778 -5
    endloop
  endfacet
  facet normal -0.945522 -0.32556 0
    outer loop
      vertex -28.2464 -9.1778 0
      vertex -27.9089 -10.158 -5
      vertex -27.9089 -10.158 0
    endloop
  endfacet
  facet normal 0 0 -1
    outer loop
      vertex 27.7 0 -5
      vertex 29.7 0 -5
      vertex 29.6819 -1.03651 -5
    endloop
  endfacet
  facet normal 0 0 -1
    outer loop
      vertex 27.6831 -0.966716 -5
      vertex 29.6819 -1.03651 -5
      vertex 29.6277 -2.07177 -5
    endloop
  endfacet
  facet normal 0 0 -1
    outer loop
      vertex 29.7 0 -5
      vertex 27.7 0 -5
      vertex 29.6819 1.03651 -5
    endloop
  endfacet
  facet normal 0 0 -1
    outer loop
      vertex 27.6325 -1.93225 -5
      vertex 29.6277 -2.07177 -5
      vertex 29.5373 -3.1045 -5
    endloop
  endfacet
  facet normal 0 0 -1
    outer loop
      vertex 27.6831 0.966716 -5
      vertex 29.6819 1.03651 -5
      vertex 27.7 0 -5
    endloop
  endfacet
  facet normal 0 0 -1
    outer loop
      vertex 27.5483 -2.89544 -5
      vertex 29.5373 -3.1045 -5
      vertex 29.411 -4.13344 -5
    endloop
  endfacet
  facet normal -0 0 -1
    outer loop
      vertex 29.6819 1.03651 -5
      vertex 27.6831 0.966716 -5
      vertex 29.6277 2.07177 -5
    endloop
  endfacet
  facet normal 0 0 -1
    outer loop
      vertex 27.4304 -3.85509 -5
      vertex 29.411 -4.13344 -5
      vertex 29.2488 -5.15735 -5
    endloop
  endfacet
  facet normal 0 0 -1
    outer loop
      vertex 27.6325 1.93225 -5
      vertex 29.6277 2.07177 -5
      vertex 27.6831 0.966716 -5
    endloop
  endfacet
  facet normal 0 0 -1
    outer loop
      vertex 27.2792 -4.81005 -5
      vertex 29.2488 -5.15735 -5
      vertex 29.051 -6.17498 -5
    endloop
  endfacet
  facet normal -0 0 -1
    outer loop
      vertex 29.6277 2.07177 -5
      vertex 27.6325 1.93225 -5
      vertex 29.5373 3.1045 -5
    endloop
  endfacet
  facet normal 0 0 -1
    outer loop
      vertex 27.0947 -5.75915 -5
      vertex 29.051 -6.17498 -5
      vertex 28.8178 -7.18508 -5
    endloop
  endfacet
  facet normal 0 0 -1
    outer loop
      vertex 27.5483 2.89544 -5
      vertex 29.5373 3.1045 -5
      vertex 27.6325 1.93225 -5
    endloop
  endfacet
  facet normal 0 0 -1
    outer loop
      vertex 26.8772 -6.70124 -5
      vertex 28.8178 -7.18508 -5
      vertex 28.5495 -8.18643 -5
    endloop
  endfacet
  facet normal -0 0 -1
    outer loop
      vertex 29.5373 3.1045 -5
      vertex 27.5483 2.89544 -5
      vertex 29.411 4.13344 -5
    endloop
  endfacet
  facet normal 0 0 -1
    outer loop
      vertex 26.6269 -7.63515 -5
      vertex 28.5495 -8.18643 -5
      vertex 28.2464 -9.1778 -5
    endloop
  endfacet
  facet normal 0 0 -1
    outer loop
      vertex 27.4304 3.85509 -5
      vertex 29.411 4.13344 -5
      vertex 27.5483 2.89544 -5
    endloop
  endfacet
  facet normal 0 0 -1
    outer loop
      vertex 26.3443 -8.55977 -5
      vertex 28.2464 -9.1778 -5
      vertex 27.9089 -10.158 -5
    endloop
  endfacet
  facet normal -0 0 -1
    outer loop
      vertex 29.411 4.13344 -5
      vertex 27.4304 3.85509 -5
      vertex 29.2488 5.15735 -5
    endloop
  endfacet
  facet normal 0 0 -1
    outer loop
      vertex 27.2792 4.81005 -5
      vertex 29.2488 5.15735 -5
      vertex 27.4304 3.85509 -5
    endloop
  endfacet
  facet normal 0 0 -1
    outer loop
      vertex 29.6819 -1.03651 -5
      vertex 27.6831 -0.966716 -5
      vertex 27.7 0 -5
    endloop
  endfacet
  facet normal 0 0 -1
    outer loop
      vertex 29.6277 -2.07177 -5
      vertex 27.6325 -1.93225 -5
      vertex 27.6831 -0.966716 -5
    endloop
  endfacet
  facet normal 0 0 -1
    outer loop
      vertex 29.5373 -3.1045 -5
      vertex 27.5483 -2.89544 -5
      vertex 27.6325 -1.93225 -5
    endloop
  endfacet
  facet normal 0 0 -1
    outer loop
      vertex 26.0295 -9.47396 -5
      vertex 27.9089 -10.158 -5
      vertex 27.5374 -11.1258 -5
    endloop
  endfacet
  facet normal 0 0 -1
    outer loop
      vertex 29.411 -4.13344 -5
      vertex 27.4304 -3.85509 -5
      vertex 27.5483 -2.89544 -5
    endloop
  endfacet
  facet normal 0 0 -1
    outer loop
      vertex 29.2488 -5.15735 -5
      vertex 27.2792 -4.81005 -5
      vertex 27.4304 -3.85509 -5
    endloop
  endfacet
  facet normal 0 0 -1
    outer loop
      vertex 25.683 -10.3766 -5
      vertex 27.5374 -11.1258 -5
      vertex 27.1323 -12.0801 -5
    endloop
  endfacet
  facet normal 0 0 -1
    outer loop
      vertex 29.051 -6.17498 -5
      vertex 27.0947 -5.75915 -5
      vertex 27.2792 -4.81005 -5
    endloop
  endfacet
  facet normal 0 0 -1
    outer loop
      vertex 28.8178 -7.18508 -5
      vertex 26.8772 -6.70124 -5
      vertex 27.0947 -5.75915 -5
    endloop
  endfacet
  facet normal 0 0 -1
    outer loop
      vertex 25.3052 -11.2666 -5
      vertex 27.1323 -12.0801 -5
      vertex 26.6942 -13.0196 -5
    endloop
  endfacet
  facet normal 0 0 -1
    outer loop
      vertex 28.5495 -8.18643 -5
      vertex 26.6269 -7.63515 -5
      vertex 26.8772 -6.70124 -5
    endloop
  endfacet
  facet normal 0 0 -1
    outer loop
      vertex 28.2464 -9.1778 -5
      vertex 26.3443 -8.55977 -5
      vertex 26.6269 -7.63515 -5
    endloop
  endfacet
  facet normal 0 0 -1
    outer loop
      vertex 24.8966 -12.1429 -5
      vertex 26.6942 -13.0196 -5
      vertex 26.2235 -13.9433 -5
    endloop
  endfacet
  facet normal 0 0 -1
    outer loop
      vertex 27.9089 -10.158 -5
      vertex 26.0295 -9.47396 -5
      vertex 26.3443 -8.55977 -5
    endloop
  endfacet
  facet normal 0 0 -1
    outer loop
      vertex 24.4576 -13.0044 -5
      vertex 26.2235 -13.9433 -5
      vertex 25.721 -14.85 -5
    endloop
  endfacet
  facet normal 0 0 -1
    outer loop
      vertex 27.5374 -11.1258 -5
      vertex 25.683 -10.3766 -5
      vertex 26.0295 -9.47396 -5
    endloop
  endfacet
  facet normal 0 0 -1
    outer loop
      vertex 27.1323 -12.0801 -5
      vertex 25.3052 -11.2666 -5
      vertex 25.683 -10.3766 -5
    endloop
  endfacet
  facet normal 0 0 -1
    outer loop
      vertex 23.9889 -13.85 -5
      vertex 25.721 -14.85 -5
      vertex 25.187 -15.7386 -5
    endloop
  endfacet
  facet normal 0 0 -1
    outer loop
      vertex 26.6942 -13.0196 -5
      vertex 24.8966 -12.1429 -5
      vertex 25.3052 -11.2666 -5
    endloop
  endfacet
  facet normal 0 0 -1
    outer loop
      vertex 23.4909 -14.6788 -5
      vertex 25.187 -15.7386 -5
      vertex 24.6224 -16.608 -5
    endloop
  endfacet
  facet normal 0 0 -1
    outer loop
      vertex 26.2235 -13.9433 -5
      vertex 24.4576 -13.0044 -5
      vertex 24.8966 -12.1429 -5
    endloop
  endfacet
  facet normal 0 0 -1
    outer loop
      vertex 22.9643 -15.4896 -5
      vertex 24.6224 -16.608 -5
      vertex 24.0278 -17.4572 -5
    endloop
  endfacet
  facet normal 0 0 -1
    outer loop
      vertex 25.721 -14.85 -5
      vertex 23.9889 -13.85 -5
      vertex 24.4576 -13.0044 -5
    endloop
  endfacet
  facet normal 0 0 -1
    outer loop
      vertex 25.187 -15.7386 -5
      vertex 23.4909 -14.6788 -5
      vertex 23.9889 -13.85 -5
    endloop
  endfacet
  facet normal 0 0 -1
    outer loop
      vertex 22.4098 -16.2817 -5
      vertex 24.0278 -17.4572 -5
      vertex 23.4039 -18.2851 -5
    endloop
  endfacet
  facet normal 0 0 -1
    outer loop
      vertex 24.6224 -16.608 -5
      vertex 22.9643 -15.4896 -5
      vertex 23.4909 -14.6788 -5
    endloop
  endfacet
  facet normal 0 0 -1
    outer loop
      vertex 21.8279 -17.0538 -5
      vertex 23.4039 -18.2851 -5
      vertex 22.7515 -19.0908 -5
    endloop
  endfacet
  facet normal 0 0 -1
    outer loop
      vertex 24.0278 -17.4572 -5
      vertex 22.4098 -16.2817 -5
      vertex 22.9643 -15.4896 -5
    endloop
  endfacet
  facet normal 0 0 -1
    outer loop
      vertex 21.2194 -17.8052 -5
      vertex 22.7515 -19.0908 -5
      vertex 22.0714 -19.8732 -5
    endloop
  endfacet
  facet normal 0 0 -1
    outer loop
      vertex 23.4039 -18.2851 -5
      vertex 21.8279 -17.0538 -5
      vertex 22.4098 -16.2817 -5
    endloop
  endfacet
  facet normal 0 0 -1
    outer loop
      vertex 20.5851 -18.5349 -5
      vertex 22.0714 -19.8732 -5
      vertex 21.3644 -20.6314 -5
    endloop
  endfacet
  facet normal 0 0 -1
    outer loop
      vertex 22.7515 -19.0908 -5
      vertex 21.2194 -17.8052 -5
      vertex 21.8279 -17.0538 -5
    endloop
  endfacet
  facet normal 0 0 -1
    outer loop
      vertex 19.9257 -19.242 -5
      vertex 21.3644 -20.6314 -5
      vertex 20.6314 -21.3644 -5
    endloop
  endfacet
  facet normal 0 0 -1
    outer loop
      vertex 22.0714 -19.8732 -5
      vertex 20.5851 -18.5349 -5
      vertex 21.2194 -17.8052 -5
    endloop
  endfacet
  facet normal 0 0 -1
    outer loop
      vertex 21.3644 -20.6314 -5
      vertex 19.9257 -19.242 -5
      vertex 20.5851 -18.5349 -5
    endloop
  endfacet
  facet normal 0 0 -1
    outer loop
      vertex 19.242 -19.9257 -5
      vertex 20.6314 -21.3644 -5
      vertex 19.8732 -22.0714 -5
    endloop
  endfacet
  facet normal 0 0 -1
    outer loop
      vertex 20.6314 -21.3644 -5
      vertex 19.242 -19.9257 -5
      vertex 19.9257 -19.242 -5
    endloop
  endfacet
  facet normal 0 0 -1
    outer loop
      vertex 18.5349 -20.5851 -5
      vertex 19.8732 -22.0714 -5
      vertex 19.0908 -22.7515 -5
    endloop
  endfacet
  facet normal 0 0 -1
    outer loop
      vertex 19.8732 -22.0714 -5
      vertex 18.5349 -20.5851 -5
      vertex 19.242 -19.9257 -5
    endloop
  endfacet
  facet normal 0 0 -1
    outer loop
      vertex 17.8052 -21.2194 -5
      vertex 19.0908 -22.7515 -5
      vertex 18.2851 -23.4039 -5
    endloop
  endfacet
  facet normal 0 0 -1
    outer loop
      vertex 19.0908 -22.7515 -5
      vertex 17.8052 -21.2194 -5
      vertex 18.5349 -20.5851 -5
    endloop
  endfacet
  facet normal 0 0 -1
    outer loop
      vertex 17.0538 -21.8279 -5
      vertex 18.2851 -23.4039 -5
      vertex 17.4572 -24.0278 -5
    endloop
  endfacet
  facet normal 0 0 -1
    outer loop
      vertex 18.2851 -23.4039 -5
      vertex 17.0538 -21.8279 -5
      vertex 17.8052 -21.2194 -5
    endloop
  endfacet
  facet normal 0 0 -1
    outer loop
      vertex 16.2817 -22.4098 -5
      vertex 17.4572 -24.0278 -5
      vertex 16.608 -24.6224 -5
    endloop
  endfacet
  facet normal 0 0 -1
    outer loop
      vertex 17.4572 -24.0278 -5
      vertex 16.2817 -22.4098 -5
      vertex 17.0538 -21.8279 -5
    endloop
  endfacet
  facet normal 0 0 -1
    outer loop
      vertex 15.4896 -22.9643 -5
      vertex 16.608 -24.6224 -5
      vertex 15.7386 -25.187 -5
    endloop
  endfacet
  facet normal 0 0 -1
    outer loop
      vertex 16.608 -24.6224 -5
      vertex 15.4896 -22.9643 -5
      vertex 16.2817 -22.4098 -5
    endloop
  endfacet
  facet normal 0 0 -1
    outer loop
      vertex 14.6788 -23.4909 -5
      vertex 15.7386 -25.187 -5
      vertex 14.85 -25.721 -5
    endloop
  endfacet
  facet normal 0 0 -1
    outer loop
      vertex 15.7386 -25.187 -5
      vertex 14.6788 -23.4909 -5
      vertex 15.4896 -22.9643 -5
    endloop
  endfacet
  facet normal 0 0 -1
    outer loop
      vertex 13.85 -23.9889 -5
      vertex 14.85 -25.721 -5
      vertex 13.9433 -26.2235 -5
    endloop
  endfacet
  facet normal 0 0 -1
    outer loop
      vertex 14.85 -25.721 -5
      vertex 13.85 -23.9889 -5
      vertex 14.6788 -23.4909 -5
    endloop
  endfacet
  facet normal 0 0 -1
    outer loop
      vertex 13.0044 -24.4576 -5
      vertex 13.9433 -26.2235 -5
      vertex 13.0196 -26.6942 -5
    endloop
  endfacet
  facet normal 0 0 -1
    outer loop
      vertex 13.9433 -26.2235 -5
      vertex 13.0044 -24.4576 -5
      vertex 13.85 -23.9889 -5
    endloop
  endfacet
  facet normal 0 0 -1
    outer loop
      vertex 13.0196 -26.6942 -5
      vertex 12.1429 -24.8966 -5
      vertex 13.0044 -24.4576 -5
    endloop
  endfacet
  facet normal 0 0 -1
    outer loop
      vertex 12.0801 -27.1323 -5
      vertex 12.1429 -24.8966 -5
      vertex 13.0196 -26.6942 -5
    endloop
  endfacet
  facet normal 0 0 -1
    outer loop
      vertex 12.0801 -27.1323 -5
      vertex 11.2666 -25.3052 -5
      vertex 12.1429 -24.8966 -5
    endloop
  endfacet
  facet normal 0 0 -1
    outer loop
      vertex 11.1258 -27.5374 -5
      vertex 11.2666 -25.3052 -5
      vertex 12.0801 -27.1323 -5
    endloop
  endfacet
  facet normal 0 0 -1
    outer loop
      vertex 11.1258 -27.5374 -5
      vertex 10.3766 -25.683 -5
      vertex 11.2666 -25.3052 -5
    endloop
  endfacet
  facet normal 0 0 -1
    outer loop
      vertex 10.158 -27.9089 -5
      vertex 10.3766 -25.683 -5
      vertex 11.1258 -27.5374 -5
    endloop
  endfacet
  facet normal 0 0 -1
    outer loop
      vertex 10.158 -27.9089 -5
      vertex 9.47396 -26.0295 -5
      vertex 10.3766 -25.683 -5
    endloop
  endfacet
  facet normal 0 0 -1
    outer loop
      vertex 9.1778 -28.2464 -5
      vertex 9.47396 -26.0295 -5
      vertex 10.158 -27.9089 -5
    endloop
  endfacet
  facet normal 0 0 -1
    outer loop
      vertex 9.1778 -28.2464 -5
      vertex 8.55977 -26.3443 -5
      vertex 9.47396 -26.0295 -5
    endloop
  endfacet
  facet normal 0 0 -1
    outer loop
      vertex 8.18643 -28.5495 -5
      vertex 8.55977 -26.3443 -5
      vertex 9.1778 -28.2464 -5
    endloop
  endfacet
  facet normal 0 0 -1
    outer loop
      vertex 8.18643 -28.5495 -5
      vertex 7.63515 -26.6269 -5
      vertex 8.55977 -26.3443 -5
    endloop
  endfacet
  facet normal 0 0 -1
    outer loop
      vertex 7.18508 -28.8178 -5
      vertex 7.63515 -26.6269 -5
      vertex 8.18643 -28.5495 -5
    endloop
  endfacet
  facet normal 0 0 -1
    outer loop
      vertex 7.18508 -28.8178 -5
      vertex 6.70124 -26.8772 -5
      vertex 7.63515 -26.6269 -5
    endloop
  endfacet
  facet normal 0 0 -1
    outer loop
      vertex 6.17498 -29.051 -5
      vertex 6.70124 -26.8772 -5
      vertex 7.18508 -28.8178 -5
    endloop
  endfacet
  facet normal 0 0 -1
    outer loop
      vertex 6.17498 -29.051 -5
      vertex 5.75915 -27.0947 -5
      vertex 6.70124 -26.8772 -5
    endloop
  endfacet
  facet normal 0 0 -1
    outer loop
      vertex 5.15735 -29.2488 -5
      vertex 5.75915 -27.0947 -5
      vertex 6.17498 -29.051 -5
    endloop
  endfacet
  facet normal 0 0 -1
    outer loop
      vertex 5.15735 -29.2488 -5
      vertex 4.81005 -27.2792 -5
      vertex 5.75915 -27.0947 -5
    endloop
  endfacet
  facet normal 0 0 -1
    outer loop
      vertex 4.13344 -29.411 -5
      vertex 4.81005 -27.2792 -5
      vertex 5.15735 -29.2488 -5
    endloop
  endfacet
  facet normal 0 0 -1
    outer loop
      vertex 4.13344 -29.411 -5
      vertex 3.85509 -27.4304 -5
      vertex 4.81005 -27.2792 -5
    endloop
  endfacet
  facet normal 0 0 -1
    outer loop
      vertex 3.1045 -29.5373 -5
      vertex 3.85509 -27.4304 -5
      vertex 4.13344 -29.411 -5
    endloop
  endfacet
  facet normal 0 0 -1
    outer loop
      vertex 3.1045 -29.5373 -5
      vertex 2.89544 -27.5483 -5
      vertex 3.85509 -27.4304 -5
    endloop
  endfacet
  facet normal 0 0 -1
    outer loop
      vertex 2.07177 -29.6277 -5
      vertex 2.89544 -27.5483 -5
      vertex 3.1045 -29.5373 -5
    endloop
  endfacet
  facet normal 0 0 -1
    outer loop
      vertex 2.07177 -29.6277 -5
      vertex 1.93225 -27.6325 -5
      vertex 2.89544 -27.5483 -5
    endloop
  endfacet
  facet normal 0 0 -1
    outer loop
      vertex 1.03651 -29.6819 -5
      vertex 1.93225 -27.6325 -5
      vertex 2.07177 -29.6277 -5
    endloop
  endfacet
  facet normal 0 0 -1
    outer loop
      vertex 1.03651 -29.6819 -5
      vertex 0.966716 -27.6831 -5
      vertex 1.93225 -27.6325 -5
    endloop
  endfacet
  facet normal 0 0 -1
    outer loop
      vertex 0 -29.7 -5
      vertex 0.966716 -27.6831 -5
      vertex 1.03651 -29.6819 -5
    endloop
  endfacet
  facet normal 0 0 -1
    outer loop
      vertex 0 -29.7 -5
      vertex 0 -27.7 -5
      vertex 0.966716 -27.6831 -5
    endloop
  endfacet
  facet normal 0 0 -1
    outer loop
      vertex 0 -29.7 -5
      vertex -0.966716 -27.6831 -5
      vertex 0 -27.7 -5
    endloop
  endfacet
  facet normal 0 0 -1
    outer loop
      vertex -1.03651 -29.6819 -5
      vertex -0.966716 -27.6831 -5
      vertex 0 -29.7 -5
    endloop
  endfacet
  facet normal 0 0 -1
    outer loop
      vertex -1.03651 -29.6819 -5
      vertex -1.93225 -27.6325 -5
      vertex -0.966716 -27.6831 -5
    endloop
  endfacet
  facet normal 0 0 -1
    outer loop
      vertex -2.07177 -29.6277 -5
      vertex -1.93225 -27.6325 -5
      vertex -1.03651 -29.6819 -5
    endloop
  endfacet
  facet normal 0 0 -1
    outer loop
      vertex -2.07177 -29.6277 -5
      vertex -2.89544 -27.5483 -5
      vertex -1.93225 -27.6325 -5
    endloop
  endfacet
  facet normal 0 0 -1
    outer loop
      vertex -3.1045 -29.5373 -5
      vertex -2.89544 -27.5483 -5
      vertex -2.07177 -29.6277 -5
    endloop
  endfacet
  facet normal 0 0 -1
    outer loop
      vertex -3.1045 -29.5373 -5
      vertex -3.85509 -27.4304 -5
      vertex -2.89544 -27.5483 -5
    endloop
  endfacet
  facet normal 0 0 -1
    outer loop
      vertex -4.13344 -29.411 -5
      vertex -3.85509 -27.4304 -5
      vertex -3.1045 -29.5373 -5
    endloop
  endfacet
  facet normal 0 0 -1
    outer loop
      vertex -4.13344 -29.411 -5
      vertex -4.81005 -27.2792 -5
      vertex -3.85509 -27.4304 -5
    endloop
  endfacet
  facet normal 0 0 -1
    outer loop
      vertex -5.15735 -29.2488 -5
      vertex -4.81005 -27.2792 -5
      vertex -4.13344 -29.411 -5
    endloop
  endfacet
  facet normal 0 0 -1
    outer loop
      vertex -5.15735 -29.2488 -5
      vertex -5.75915 -27.0947 -5
      vertex -4.81005 -27.2792 -5
    endloop
  endfacet
  facet normal 0 0 -1
    outer loop
      vertex -6.17498 -29.051 -5
      vertex -5.75915 -27.0947 -5
      vertex -5.15735 -29.2488 -5
    endloop
  endfacet
  facet normal 0 0 -1
    outer loop
      vertex -6.17498 -29.051 -5
      vertex -6.70124 -26.8772 -5
      vertex -5.75915 -27.0947 -5
    endloop
  endfacet
  facet normal 0 0 -1
    outer loop
      vertex -7.18508 -28.8178 -5
      vertex -6.70124 -26.8772 -5
      vertex -6.17498 -29.051 -5
    endloop
  endfacet
  facet normal 0 0 -1
    outer loop
      vertex -7.18508 -28.8178 -5
      vertex -7.63515 -26.6269 -5
      vertex -6.70124 -26.8772 -5
    endloop
  endfacet
  facet normal 0 0 -1
    outer loop
      vertex -8.18643 -28.5495 -5
      vertex -7.63515 -26.6269 -5
      vertex -7.18508 -28.8178 -5
    endloop
  endfacet
  facet normal 0 0 -1
    outer loop
      vertex -8.18643 -28.5495 -5
      vertex -8.55977 -26.3443 -5
      vertex -7.63515 -26.6269 -5
    endloop
  endfacet
  facet normal 0 0 -1
    outer loop
      vertex -9.1778 -28.2464 -5
      vertex -8.55977 -26.3443 -5
      vertex -8.18643 -28.5495 -5
    endloop
  endfacet
  facet normal 0 0 -1
    outer loop
      vertex -9.1778 -28.2464 -5
      vertex -9.47396 -26.0295 -5
      vertex -8.55977 -26.3443 -5
    endloop
  endfacet
  facet normal 0 0 -1
    outer loop
      vertex -10.158 -27.9089 -5
      vertex -9.47396 -26.0295 -5
      vertex -9.1778 -28.2464 -5
    endloop
  endfacet
  facet normal 0 0 -1
    outer loop
      vertex -10.158 -27.9089 -5
      vertex -10.3766 -25.683 -5
      vertex -9.47396 -26.0295 -5
    endloop
  endfacet
  facet normal 0 0 -1
    outer loop
      vertex -11.1258 -27.5374 -5
      vertex -10.3766 -25.683 -5
      vertex -10.158 -27.9089 -5
    endloop
  endfacet
  facet normal 0 0 -1
    outer loop
      vertex -11.1258 -27.5374 -5
      vertex -11.2666 -25.3052 -5
      vertex -10.3766 -25.683 -5
    endloop
  endfacet
  facet normal 0 0 -1
    outer loop
      vertex -12.0801 -27.1323 -5
      vertex -11.2666 -25.3052 -5
      vertex -11.1258 -27.5374 -5
    endloop
  endfacet
  facet normal 0 0 -1
    outer loop
      vertex -12.0801 -27.1323 -5
      vertex -12.1429 -24.8966 -5
      vertex -11.2666 -25.3052 -5
    endloop
  endfacet
  facet normal 0 0 -1
    outer loop
      vertex -13.0196 -26.6942 -5
      vertex -12.1429 -24.8966 -5
      vertex -12.0801 -27.1323 -5
    endloop
  endfacet
  facet normal -0 0 -1
    outer loop
      vertex -12.1429 -24.8966 -5
      vertex -13.0196 -26.6942 -5
      vertex -13.0044 -24.4576 -5
    endloop
  endfacet
  facet normal 0 0 -1
    outer loop
      vertex -13.9433 -26.2235 -5
      vertex -13.0044 -24.4576 -5
      vertex -13.0196 -26.6942 -5
    endloop
  endfacet
  facet normal -0 0 -1
    outer loop
      vertex -13.0044 -24.4576 -5
      vertex -13.9433 -26.2235 -5
      vertex -13.85 -23.9889 -5
    endloop
  endfacet
  facet normal 0 0 -1
    outer loop
      vertex -14.85 -25.721 -5
      vertex -13.85 -23.9889 -5
      vertex -13.9433 -26.2235 -5
    endloop
  endfacet
  facet normal -0 0 -1
    outer loop
      vertex -13.85 -23.9889 -5
      vertex -14.85 -25.721 -5
      vertex -14.6788 -23.4909 -5
    endloop
  endfacet
  facet normal 0 0 -1
    outer loop
      vertex -15.7386 -25.187 -5
      vertex -14.6788 -23.4909 -5
      vertex -14.85 -25.721 -5
    endloop
  endfacet
  facet normal -0 0 -1
    outer loop
      vertex -14.6788 -23.4909 -5
      vertex -15.7386 -25.187 -5
      vertex -15.4896 -22.9643 -5
    endloop
  endfacet
  facet normal 0 0 -1
    outer loop
      vertex -16.608 -24.6224 -5
      vertex -15.4896 -22.9643 -5
      vertex -15.7386 -25.187 -5
    endloop
  endfacet
  facet normal -0 0 -1
    outer loop
      vertex -15.4896 -22.9643 -5
      vertex -16.608 -24.6224 -5
      vertex -16.2817 -22.4098 -5
    endloop
  endfacet
  facet normal 0 0 -1
    outer loop
      vertex -17.4572 -24.0278 -5
      vertex -16.2817 -22.4098 -5
      vertex -16.608 -24.6224 -5
    endloop
  endfacet
  facet normal -0 0 -1
    outer loop
      vertex -16.2817 -22.4098 -5
      vertex -17.4572 -24.0278 -5
      vertex -17.0538 -21.8279 -5
    endloop
  endfacet
  facet normal 0 0 -1
    outer loop
      vertex -18.2851 -23.4039 -5
      vertex -17.0538 -21.8279 -5
      vertex -17.4572 -24.0278 -5
    endloop
  endfacet
  facet normal -0 0 -1
    outer loop
      vertex -17.0538 -21.8279 -5
      vertex -18.2851 -23.4039 -5
      vertex -17.8052 -21.2194 -5
    endloop
  endfacet
  facet normal 0 0 -1
    outer loop
      vertex -19.0908 -22.7515 -5
      vertex -17.8052 -21.2194 -5
      vertex -18.2851 -23.4039 -5
    endloop
  endfacet
  facet normal -0 0 -1
    outer loop
      vertex -17.8052 -21.2194 -5
      vertex -19.0908 -22.7515 -5
      vertex -18.5349 -20.5851 -5
    endloop
  endfacet
  facet normal 0 0 -1
    outer loop
      vertex -19.8732 -22.0714 -5
      vertex -18.5349 -20.5851 -5
      vertex -19.0908 -22.7515 -5
    endloop
  endfacet
  facet normal -0 0 -1
    outer loop
      vertex -18.5349 -20.5851 -5
      vertex -19.8732 -22.0714 -5
      vertex -19.242 -19.9257 -5
    endloop
  endfacet
  facet normal 0 0 -1
    outer loop
      vertex -20.6314 -21.3644 -5
      vertex -19.242 -19.9257 -5
      vertex -19.8732 -22.0714 -5
    endloop
  endfacet
  facet normal -0 0 -1
    outer loop
      vertex -19.242 -19.9257 -5
      vertex -20.6314 -21.3644 -5
      vertex -19.9257 -19.242 -5
    endloop
  endfacet
  facet normal 0 0 -1
    outer loop
      vertex -21.3644 -20.6314 -5
      vertex -19.9257 -19.242 -5
      vertex -20.6314 -21.3644 -5
    endloop
  endfacet
  facet normal -0 0 -1
    outer loop
      vertex -19.9257 -19.242 -5
      vertex -21.3644 -20.6314 -5
      vertex -20.5851 -18.5349 -5
    endloop
  endfacet
  facet normal 0 0 -1
    outer loop
      vertex -22.0714 -19.8732 -5
      vertex -20.5851 -18.5349 -5
      vertex -21.3644 -20.6314 -5
    endloop
  endfacet
  facet normal -0 0 -1
    outer loop
      vertex -20.5851 -18.5349 -5
      vertex -22.0714 -19.8732 -5
      vertex -21.2194 -17.8052 -5
    endloop
  endfacet
  facet normal 0 0 -1
    outer loop
      vertex -22.7515 -19.0908 -5
      vertex -21.2194 -17.8052 -5
      vertex -22.0714 -19.8732 -5
    endloop
  endfacet
  facet normal -0 0 -1
    outer loop
      vertex -21.2194 -17.8052 -5
      vertex -22.7515 -19.0908 -5
      vertex -21.8279 -17.0538 -5
    endloop
  endfacet
  facet normal 0 0 -1
    outer loop
      vertex -23.4039 -18.2851 -5
      vertex -21.8279 -17.0538 -5
      vertex -22.7515 -19.0908 -5
    endloop
  endfacet
  facet normal -0 0 -1
    outer loop
      vertex -21.8279 -17.0538 -5
      vertex -23.4039 -18.2851 -5
      vertex -22.4098 -16.2817 -5
    endloop
  endfacet
  facet normal 0 0 -1
    outer loop
      vertex -24.0278 -17.4572 -5
      vertex -22.4098 -16.2817 -5
      vertex -23.4039 -18.2851 -5
    endloop
  endfacet
  facet normal -0 0 -1
    outer loop
      vertex -22.4098 -16.2817 -5
      vertex -24.0278 -17.4572 -5
      vertex -22.9643 -15.4896 -5
    endloop
  endfacet
  facet normal 0 0 -1
    outer loop
      vertex -24.6224 -16.608 -5
      vertex -22.9643 -15.4896 -5
      vertex -24.0278 -17.4572 -5
    endloop
  endfacet
  facet normal -0 0 -1
    outer loop
      vertex -22.9643 -15.4896 -5
      vertex -24.6224 -16.608 -5
      vertex -23.4909 -14.6788 -5
    endloop
  endfacet
  facet normal 0 0 -1
    outer loop
      vertex -25.187 -15.7386 -5
      vertex -23.4909 -14.6788 -5
      vertex -24.6224 -16.608 -5
    endloop
  endfacet
  facet normal -0 0 -1
    outer loop
      vertex -23.4909 -14.6788 -5
      vertex -25.187 -15.7386 -5
      vertex -23.9889 -13.85 -5
    endloop
  endfacet
  facet normal 0 0 -1
    outer loop
      vertex -25.721 -14.85 -5
      vertex -23.9889 -13.85 -5
      vertex -25.187 -15.7386 -5
    endloop
  endfacet
  facet normal -0 0 -1
    outer loop
      vertex -23.9889 -13.85 -5
      vertex -25.721 -14.85 -5
      vertex -24.4576 -13.0044 -5
    endloop
  endfacet
  facet normal 0 0 -1
    outer loop
      vertex -26.2235 -13.9433 -5
      vertex -24.4576 -13.0044 -5
      vertex -25.721 -14.85 -5
    endloop
  endfacet
  facet normal -0 0 -1
    outer loop
      vertex -24.4576 -13.0044 -5
      vertex -26.2235 -13.9433 -5
      vertex -24.8966 -12.1429 -5
    endloop
  endfacet
  facet normal 0 0 -1
    outer loop
      vertex -26.6942 -13.0196 -5
      vertex -24.8966 -12.1429 -5
      vertex -26.2235 -13.9433 -5
    endloop
  endfacet
  facet normal -0 0 -1
    outer loop
      vertex -24.8966 -12.1429 -5
      vertex -26.6942 -13.0196 -5
      vertex -25.3052 -11.2666 -5
    endloop
  endfacet
  facet normal 0 0 -1
    outer loop
      vertex -27.1323 -12.0801 -5
      vertex -25.3052 -11.2666 -5
      vertex -26.6942 -13.0196 -5
    endloop
  endfacet
  facet normal -0 0 -1
    outer loop
      vertex -25.3052 -11.2666 -5
      vertex -27.1323 -12.0801 -5
      vertex -25.683 -10.3766 -5
    endloop
  endfacet
  facet normal 0 0 -1
    outer loop
      vertex -27.5374 -11.1258 -5
      vertex -25.683 -10.3766 -5
      vertex -27.1323 -12.0801 -5
    endloop
  endfacet
  facet normal -0 0 -1
    outer loop
      vertex -25.683 -10.3766 -5
      vertex -27.5374 -11.1258 -5
      vertex -26.0295 -9.47396 -5
    endloop
  endfacet
  facet normal 0 0 -1
    outer loop
      vertex -27.9089 -10.158 -5
      vertex -26.0295 -9.47396 -5
      vertex -27.5374 -11.1258 -5
    endloop
  endfacet
  facet normal -0 0 -1
    outer loop
      vertex -26.0295 -9.47396 -5
      vertex -27.9089 -10.158 -5
      vertex -26.3443 -8.55977 -5
    endloop
  endfacet
  facet normal 0 0 -1
    outer loop
      vertex -28.2464 -9.1778 -5
      vertex -26.3443 -8.55977 -5
      vertex -27.9089 -10.158 -5
    endloop
  endfacet
  facet normal -0 0 -1
    outer loop
      vertex -26.3443 -8.55977 -5
      vertex -28.2464 -9.1778 -5
      vertex -26.6269 -7.63515 -5
    endloop
  endfacet
  facet normal 0 0 -1
    outer loop
      vertex -28.5495 -8.18643 -5
      vertex -26.6269 -7.63515 -5
      vertex -28.2464 -9.1778 -5
    endloop
  endfacet
  facet normal -0 0 -1
    outer loop
      vertex -26.6269 -7.63515 -5
      vertex -28.5495 -8.18643 -5
      vertex -26.8772 -6.70124 -5
    endloop
  endfacet
  facet normal 0 0 -1
    outer loop
      vertex -28.8178 -7.18508 -5
      vertex -26.8772 -6.70124 -5
      vertex -28.5495 -8.18643 -5
    endloop
  endfacet
  facet normal -0 0 -1
    outer loop
      vertex -26.8772 -6.70124 -5
      vertex -28.8178 -7.18508 -5
      vertex -27.0947 -5.75915 -5
    endloop
  endfacet
  facet normal 0 0 -1
    outer loop
      vertex -29.051 -6.17498 -5
      vertex -27.0947 -5.75915 -5
      vertex -28.8178 -7.18508 -5
    endloop
  endfacet
  facet normal -0 0 -1
    outer loop
      vertex -27.0947 -5.75915 -5
      vertex -29.051 -6.17498 -5
      vertex -27.2792 -4.81005 -5
    endloop
  endfacet
  facet normal 0 0 -1
    outer loop
      vertex -29.2488 -5.15735 -5
      vertex -27.2792 -4.81005 -5
      vertex -29.051 -6.17498 -5
    endloop
  endfacet
  facet normal -0 0 -1
    outer loop
      vertex 29.2488 5.15735 -5
      vertex 27.2792 4.81005 -5
      vertex 29.051 6.17498 -5
    endloop
  endfacet
  facet normal 0 0 -1
    outer loop
      vertex 27.0947 5.75915 -5
      vertex 29.051 6.17498 -5
      vertex 27.2792 4.81005 -5
    endloop
  endfacet
  facet normal -0 0 -1
    outer loop
      vertex 29.051 6.17498 -5
      vertex 27.0947 5.75915 -5
      vertex 28.8178 7.18508 -5
    endloop
  endfacet
  facet normal 0 0 -1
    outer loop
      vertex 26.8772 6.70124 -5
      vertex 28.8178 7.18508 -5
      vertex 27.0947 5.75915 -5
    endloop
  endfacet
  facet normal -0 0 -1
    outer loop
      vertex 28.8178 7.18508 -5
      vertex 26.8772 6.70124 -5
      vertex 28.5495 8.18643 -5
    endloop
  endfacet
  facet normal 0 0 -1
    outer loop
      vertex 26.6269 7.63515 -5
      vertex 28.5495 8.18643 -5
      vertex 26.8772 6.70124 -5
    endloop
  endfacet
  facet normal -0 0 -1
    outer loop
      vertex 28.5495 8.18643 -5
      vertex 26.6269 7.63515 -5
      vertex 28.2464 9.1778 -5
    endloop
  endfacet
  facet normal 0 0 -1
    outer loop
      vertex 26.3443 8.55977 -5
      vertex 28.2464 9.1778 -5
      vertex 26.6269 7.63515 -5
    endloop
  endfacet
  facet normal -0 0 -1
    outer loop
      vertex 28.2464 9.1778 -5
      vertex 26.3443 8.55977 -5
      vertex 27.9089 10.158 -5
    endloop
  endfacet
  facet normal 0 0 -1
    outer loop
      vertex 26.0295 9.47396 -5
      vertex 27.9089 10.158 -5
      vertex 26.3443 8.55977 -5
    endloop
  endfacet
  facet normal -0 0 -1
    outer loop
      vertex 27.9089 10.158 -5
      vertex 26.0295 9.47396 -5
      vertex 27.5374 11.1258 -5
    endloop
  endfacet
  facet normal 0 0 -1
    outer loop
      vertex 25.683 10.3766 -5
      vertex 27.5374 11.1258 -5
      vertex 26.0295 9.47396 -5
    endloop
  endfacet
  facet normal -0 0 -1
    outer loop
      vertex 27.5374 11.1258 -5
      vertex 25.683 10.3766 -5
      vertex 27.1323 12.0801 -5
    endloop
  endfacet
  facet normal 0 0 -1
    outer loop
      vertex 25.3052 11.2666 -5
      vertex 27.1323 12.0801 -5
      vertex 25.683 10.3766 -5
    endloop
  endfacet
  facet normal -0 0 -1
    outer loop
      vertex 27.1323 12.0801 -5
      vertex 25.3052 11.2666 -5
      vertex 26.6942 13.0196 -5
    endloop
  endfacet
  facet normal 0 0 -1
    outer loop
      vertex 24.8966 12.1429 -5
      vertex 26.6942 13.0196 -5
      vertex 25.3052 11.2666 -5
    endloop
  endfacet
  facet normal -0 0 -1
    outer loop
      vertex 26.6942 13.0196 -5
      vertex 24.8966 12.1429 -5
      vertex 26.2235 13.9433 -5
    endloop
  endfacet
  facet normal 0 0 -1
    outer loop
      vertex 24.4576 13.0044 -5
      vertex 26.2235 13.9433 -5
      vertex 24.8966 12.1429 -5
    endloop
  endfacet
  facet normal -0 0 -1
    outer loop
      vertex 26.2235 13.9433 -5
      vertex 24.4576 13.0044 -5
      vertex 25.721 14.85 -5
    endloop
  endfacet
  facet normal 0 0 -1
    outer loop
      vertex 23.9889 13.85 -5
      vertex 25.721 14.85 -5
      vertex 24.4576 13.0044 -5
    endloop
  endfacet
  facet normal -0 0 -1
    outer loop
      vertex 25.721 14.85 -5
      vertex 23.9889 13.85 -5
      vertex 25.187 15.7386 -5
    endloop
  endfacet
  facet normal 0 0 -1
    outer loop
      vertex 23.4909 14.6788 -5
      vertex 25.187 15.7386 -5
      vertex 23.9889 13.85 -5
    endloop
  endfacet
  facet normal -0 0 -1
    outer loop
      vertex 25.187 15.7386 -5
      vertex 23.4909 14.6788 -5
      vertex 24.6224 16.608 -5
    endloop
  endfacet
  facet normal 0 0 -1
    outer loop
      vertex 22.9643 15.4896 -5
      vertex 24.6224 16.608 -5
      vertex 23.4909 14.6788 -5
    endloop
  endfacet
  facet normal -0 0 -1
    outer loop
      vertex 24.6224 16.608 -5
      vertex 22.9643 15.4896 -5
      vertex 24.0278 17.4572 -5
    endloop
  endfacet
  facet normal 0 0 -1
    outer loop
      vertex 22.4098 16.2817 -5
      vertex 24.0278 17.4572 -5
      vertex 22.9643 15.4896 -5
    endloop
  endfacet
  facet normal -0 0 -1
    outer loop
      vertex 24.0278 17.4572 -5
      vertex 22.4098 16.2817 -5
      vertex 23.4039 18.2851 -5
    endloop
  endfacet
  facet normal 0 0 -1
    outer loop
      vertex 21.8279 17.0538 -5
      vertex 23.4039 18.2851 -5
      vertex 22.4098 16.2817 -5
    endloop
  endfacet
  facet normal -0 0 -1
    outer loop
      vertex 23.4039 18.2851 -5
      vertex 21.8279 17.0538 -5
      vertex 22.7515 19.0908 -5
    endloop
  endfacet
  facet normal 0 0 -1
    outer loop
      vertex 21.2194 17.8052 -5
      vertex 22.7515 19.0908 -5
      vertex 21.8279 17.0538 -5
    endloop
  endfacet
  facet normal -0 0 -1
    outer loop
      vertex 22.7515 19.0908 -5
      vertex 21.2194 17.8052 -5
      vertex 22.0714 19.8732 -5
    endloop
  endfacet
  facet normal 0 0 -1
    outer loop
      vertex 20.5851 18.5349 -5
      vertex 22.0714 19.8732 -5
      vertex 21.2194 17.8052 -5
    endloop
  endfacet
  facet normal -0 0 -1
    outer loop
      vertex 22.0714 19.8732 -5
      vertex 20.5851 18.5349 -5
      vertex 21.3644 20.6314 -5
    endloop
  endfacet
  facet normal 0 0 -1
    outer loop
      vertex 19.9257 19.242 -5
      vertex 21.3644 20.6314 -5
      vertex 20.5851 18.5349 -5
    endloop
  endfacet
  facet normal -0 0 -1
    outer loop
      vertex 21.3644 20.6314 -5
      vertex 19.9257 19.242 -5
      vertex 20.6314 21.3644 -5
    endloop
  endfacet
  facet normal 0 0 -1
    outer loop
      vertex 19.242 19.9257 -5
      vertex 20.6314 21.3644 -5
      vertex 19.9257 19.242 -5
    endloop
  endfacet
  facet normal -0 0 -1
    outer loop
      vertex 20.6314 21.3644 -5
      vertex 19.242 19.9257 -5
      vertex 19.8732 22.0714 -5
    endloop
  endfacet
  facet normal 0 0 -1
    outer loop
      vertex 18.5349 20.5851 -5
      vertex 19.8732 22.0714 -5
      vertex 19.242 19.9257 -5
    endloop
  endfacet
  facet normal -0 0 -1
    outer loop
      vertex 19.8732 22.0714 -5
      vertex 18.5349 20.5851 -5
      vertex 19.0908 22.7515 -5
    endloop
  endfacet
  facet normal 0 0 -1
    outer loop
      vertex 17.8052 21.2194 -5
      vertex 19.0908 22.7515 -5
      vertex 18.5349 20.5851 -5
    endloop
  endfacet
  facet normal -0 0 -1
    outer loop
      vertex 19.0908 22.7515 -5
      vertex 17.8052 21.2194 -5
      vertex 18.2851 23.4039 -5
    endloop
  endfacet
  facet normal 0 0 -1
    outer loop
      vertex 17.0538 21.8279 -5
      vertex 18.2851 23.4039 -5
      vertex 17.8052 21.2194 -5
    endloop
  endfacet
  facet normal -0 0 -1
    outer loop
      vertex 18.2851 23.4039 -5
      vertex 17.0538 21.8279 -5
      vertex 17.4572 24.0278 -5
    endloop
  endfacet
  facet normal 0 0 -1
    outer loop
      vertex 16.2817 22.4098 -5
      vertex 17.4572 24.0278 -5
      vertex 17.0538 21.8279 -5
    endloop
  endfacet
  facet normal -0 0 -1
    outer loop
      vertex 17.4572 24.0278 -5
      vertex 16.2817 22.4098 -5
      vertex 16.608 24.6224 -5
    endloop
  endfacet
  facet normal 0 0 -1
    outer loop
      vertex 15.4896 22.9643 -5
      vertex 16.608 24.6224 -5
      vertex 16.2817 22.4098 -5
    endloop
  endfacet
  facet normal -0 0 -1
    outer loop
      vertex 16.608 24.6224 -5
      vertex 15.4896 22.9643 -5
      vertex 15.7386 25.187 -5
    endloop
  endfacet
  facet normal 0 0 -1
    outer loop
      vertex 14.6788 23.4909 -5
      vertex 15.7386 25.187 -5
      vertex 15.4896 22.9643 -5
    endloop
  endfacet
  facet normal -0 0 -1
    outer loop
      vertex 15.7386 25.187 -5
      vertex 14.6788 23.4909 -5
      vertex 14.85 25.721 -5
    endloop
  endfacet
  facet normal 0 0 -1
    outer loop
      vertex 13.85 23.9889 -5
      vertex 14.85 25.721 -5
      vertex 14.6788 23.4909 -5
    endloop
  endfacet
  facet normal -0 0 -1
    outer loop
      vertex 14.85 25.721 -5
      vertex 13.85 23.9889 -5
      vertex 13.9433 26.2235 -5
    endloop
  endfacet
  facet normal 0 0 -1
    outer loop
      vertex 13.0044 24.4576 -5
      vertex 13.9433 26.2235 -5
      vertex 13.85 23.9889 -5
    endloop
  endfacet
  facet normal -0 0 -1
    outer loop
      vertex 13.9433 26.2235 -5
      vertex 13.0044 24.4576 -5
      vertex 13.0196 26.6942 -5
    endloop
  endfacet
  facet normal 0 0 -1
    outer loop
      vertex 12.1429 24.8966 -5
      vertex 13.0196 26.6942 -5
      vertex 13.0044 24.4576 -5
    endloop
  endfacet
  facet normal 0 0 -1
    outer loop
      vertex 12.1429 24.8966 -5
      vertex 12.0801 27.1323 -5
      vertex 13.0196 26.6942 -5
    endloop
  endfacet
  facet normal 0 0 -1
    outer loop
      vertex 11.2666 25.3052 -5
      vertex 12.0801 27.1323 -5
      vertex 12.1429 24.8966 -5
    endloop
  endfacet
  facet normal 0 0 -1
    outer loop
      vertex 11.2666 25.3052 -5
      vertex 11.1258 27.5374 -5
      vertex 12.0801 27.1323 -5
    endloop
  endfacet
  facet normal 0 0 -1
    outer loop
      vertex 10.3766 25.683 -5
      vertex 11.1258 27.5374 -5
      vertex 11.2666 25.3052 -5
    endloop
  endfacet
  facet normal 0 0 -1
    outer loop
      vertex 10.3766 25.683 -5
      vertex 10.158 27.9089 -5
      vertex 11.1258 27.5374 -5
    endloop
  endfacet
  facet normal 0 0 -1
    outer loop
      vertex 9.47396 26.0295 -5
      vertex 10.158 27.9089 -5
      vertex 10.3766 25.683 -5
    endloop
  endfacet
  facet normal 0 0 -1
    outer loop
      vertex 9.47396 26.0295 -5
      vertex 9.1778 28.2464 -5
      vertex 10.158 27.9089 -5
    endloop
  endfacet
  facet normal 0 0 -1
    outer loop
      vertex 8.55977 26.3443 -5
      vertex 9.1778 28.2464 -5
      vertex 9.47396 26.0295 -5
    endloop
  endfacet
  facet normal 0 0 -1
    outer loop
      vertex 8.55977 26.3443 -5
      vertex 8.18643 28.5495 -5
      vertex 9.1778 28.2464 -5
    endloop
  endfacet
  facet normal 0 0 -1
    outer loop
      vertex 7.63515 26.6269 -5
      vertex 8.18643 28.5495 -5
      vertex 8.55977 26.3443 -5
    endloop
  endfacet
  facet normal 0 0 -1
    outer loop
      vertex 7.63515 26.6269 -5
      vertex 7.18508 28.8178 -5
      vertex 8.18643 28.5495 -5
    endloop
  endfacet
  facet normal 0 0 -1
    outer loop
      vertex 6.70124 26.8772 -5
      vertex 7.18508 28.8178 -5
      vertex 7.63515 26.6269 -5
    endloop
  endfacet
  facet normal 0 0 -1
    outer loop
      vertex 6.70124 26.8772 -5
      vertex 6.17498 29.051 -5
      vertex 7.18508 28.8178 -5
    endloop
  endfacet
  facet normal 0 0 -1
    outer loop
      vertex 5.75915 27.0947 -5
      vertex 6.17498 29.051 -5
      vertex 6.70124 26.8772 -5
    endloop
  endfacet
  facet normal 0 0 -1
    outer loop
      vertex 5.75915 27.0947 -5
      vertex 5.15735 29.2488 -5
      vertex 6.17498 29.051 -5
    endloop
  endfacet
  facet normal 0 0 -1
    outer loop
      vertex 4.81005 27.2792 -5
      vertex 5.15735 29.2488 -5
      vertex 5.75915 27.0947 -5
    endloop
  endfacet
  facet normal 0 0 -1
    outer loop
      vertex 4.81005 27.2792 -5
      vertex 4.13344 29.411 -5
      vertex 5.15735 29.2488 -5
    endloop
  endfacet
  facet normal 0 0 -1
    outer loop
      vertex 3.85509 27.4304 -5
      vertex 4.13344 29.411 -5
      vertex 4.81005 27.2792 -5
    endloop
  endfacet
  facet normal 0 0 -1
    outer loop
      vertex 3.85509 27.4304 -5
      vertex 3.1045 29.5373 -5
      vertex 4.13344 29.411 -5
    endloop
  endfacet
  facet normal 0 0 -1
    outer loop
      vertex 2.89544 27.5483 -5
      vertex 3.1045 29.5373 -5
      vertex 3.85509 27.4304 -5
    endloop
  endfacet
  facet normal 0 0 -1
    outer loop
      vertex 2.89544 27.5483 -5
      vertex 2.07177 29.6277 -5
      vertex 3.1045 29.5373 -5
    endloop
  endfacet
  facet normal 0 0 -1
    outer loop
      vertex 1.93225 27.6325 -5
      vertex 2.07177 29.6277 -5
      vertex 2.89544 27.5483 -5
    endloop
  endfacet
  facet normal 0 0 -1
    outer loop
      vertex 1.93225 27.6325 -5
      vertex 1.03651 29.6819 -5
      vertex 2.07177 29.6277 -5
    endloop
  endfacet
  facet normal 0 0 -1
    outer loop
      vertex 0.966716 27.6831 -5
      vertex 1.03651 29.6819 -5
      vertex 1.93225 27.6325 -5
    endloop
  endfacet
  facet normal 0 0 -1
    outer loop
      vertex 0 27.7 -5
      vertex 1.03651 29.6819 -5
      vertex 0.966716 27.6831 -5
    endloop
  endfacet
  facet normal 0 0 -1
    outer loop
      vertex 0 27.7 -5
      vertex 0 29.7 -5
      vertex 1.03651 29.6819 -5
    endloop
  endfacet
  facet normal 0 0 -1
    outer loop
      vertex -0.966716 27.6831 -5
      vertex 0 29.7 -5
      vertex 0 27.7 -5
    endloop
  endfacet
  facet normal 0 0 -1
    outer loop
      vertex -0.966716 27.6831 -5
      vertex -1.03651 29.6819 -5
      vertex 0 29.7 -5
    endloop
  endfacet
  facet normal 0 0 -1
    outer loop
      vertex -1.93225 27.6325 -5
      vertex -1.03651 29.6819 -5
      vertex -0.966716 27.6831 -5
    endloop
  endfacet
  facet normal 0 0 -1
    outer loop
      vertex -1.93225 27.6325 -5
      vertex -2.07177 29.6277 -5
      vertex -1.03651 29.6819 -5
    endloop
  endfacet
  facet normal 0 0 -1
    outer loop
      vertex -2.89544 27.5483 -5
      vertex -2.07177 29.6277 -5
      vertex -1.93225 27.6325 -5
    endloop
  endfacet
  facet normal 0 0 -1
    outer loop
      vertex -2.89544 27.5483 -5
      vertex -3.1045 29.5373 -5
      vertex -2.07177 29.6277 -5
    endloop
  endfacet
  facet normal 0 0 -1
    outer loop
      vertex -3.85509 27.4304 -5
      vertex -3.1045 29.5373 -5
      vertex -2.89544 27.5483 -5
    endloop
  endfacet
  facet normal 0 0 -1
    outer loop
      vertex -3.85509 27.4304 -5
      vertex -4.13344 29.411 -5
      vertex -3.1045 29.5373 -5
    endloop
  endfacet
  facet normal 0 0 -1
    outer loop
      vertex -4.81005 27.2792 -5
      vertex -4.13344 29.411 -5
      vertex -3.85509 27.4304 -5
    endloop
  endfacet
  facet normal 0 0 -1
    outer loop
      vertex -4.81005 27.2792 -5
      vertex -5.15735 29.2488 -5
      vertex -4.13344 29.411 -5
    endloop
  endfacet
  facet normal 0 0 -1
    outer loop
      vertex -5.75915 27.0947 -5
      vertex -5.15735 29.2488 -5
      vertex -4.81005 27.2792 -5
    endloop
  endfacet
  facet normal 0 0 -1
    outer loop
      vertex -5.75915 27.0947 -5
      vertex -6.17498 29.051 -5
      vertex -5.15735 29.2488 -5
    endloop
  endfacet
  facet normal 0 0 -1
    outer loop
      vertex -6.70124 26.8772 -5
      vertex -6.17498 29.051 -5
      vertex -5.75915 27.0947 -5
    endloop
  endfacet
  facet normal 0 0 -1
    outer loop
      vertex -6.70124 26.8772 -5
      vertex -7.18508 28.8178 -5
      vertex -6.17498 29.051 -5
    endloop
  endfacet
  facet normal 0 0 -1
    outer loop
      vertex -7.63515 26.6269 -5
      vertex -7.18508 28.8178 -5
      vertex -6.70124 26.8772 -5
    endloop
  endfacet
  facet normal 0 0 -1
    outer loop
      vertex -7.63515 26.6269 -5
      vertex -8.18643 28.5495 -5
      vertex -7.18508 28.8178 -5
    endloop
  endfacet
  facet normal 0 0 -1
    outer loop
      vertex -8.55977 26.3443 -5
      vertex -8.18643 28.5495 -5
      vertex -7.63515 26.6269 -5
    endloop
  endfacet
  facet normal 0 0 -1
    outer loop
      vertex -8.55977 26.3443 -5
      vertex -9.1778 28.2464 -5
      vertex -8.18643 28.5495 -5
    endloop
  endfacet
  facet normal 0 0 -1
    outer loop
      vertex -9.47396 26.0295 -5
      vertex -9.1778 28.2464 -5
      vertex -8.55977 26.3443 -5
    endloop
  endfacet
  facet normal 0 0 -1
    outer loop
      vertex -9.47396 26.0295 -5
      vertex -10.158 27.9089 -5
      vertex -9.1778 28.2464 -5
    endloop
  endfacet
  facet normal 0 0 -1
    outer loop
      vertex -10.3766 25.683 -5
      vertex -10.158 27.9089 -5
      vertex -9.47396 26.0295 -5
    endloop
  endfacet
  facet normal 0 0 -1
    outer loop
      vertex -10.3766 25.683 -5
      vertex -11.1258 27.5374 -5
      vertex -10.158 27.9089 -5
    endloop
  endfacet
  facet normal 0 0 -1
    outer loop
      vertex -11.2666 25.3052 -5
      vertex -11.1258 27.5374 -5
      vertex -10.3766 25.683 -5
    endloop
  endfacet
  facet normal 0 0 -1
    outer loop
      vertex -11.2666 25.3052 -5
      vertex -12.0801 27.1323 -5
      vertex -11.1258 27.5374 -5
    endloop
  endfacet
  facet normal 0 0 -1
    outer loop
      vertex -12.1429 24.8966 -5
      vertex -12.0801 27.1323 -5
      vertex -11.2666 25.3052 -5
    endloop
  endfacet
  facet normal 0 0 -1
    outer loop
      vertex -13.0196 26.6942 -5
      vertex -12.1429 24.8966 -5
      vertex -13.0044 24.4576 -5
    endloop
  endfacet
  facet normal 0 0 -1
    outer loop
      vertex -12.1429 24.8966 -5
      vertex -13.0196 26.6942 -5
      vertex -12.0801 27.1323 -5
    endloop
  endfacet
  facet normal 0 0 -1
    outer loop
      vertex -13.9433 26.2235 -5
      vertex -13.0044 24.4576 -5
      vertex -13.85 23.9889 -5
    endloop
  endfacet
  facet normal 0 0 -1
    outer loop
      vertex -13.0044 24.4576 -5
      vertex -13.9433 26.2235 -5
      vertex -13.0196 26.6942 -5
    endloop
  endfacet
  facet normal 0 0 -1
    outer loop
      vertex -14.85 25.721 -5
      vertex -13.85 23.9889 -5
      vertex -14.6788 23.4909 -5
    endloop
  endfacet
  facet normal 0 0 -1
    outer loop
      vertex -13.85 23.9889 -5
      vertex -14.85 25.721 -5
      vertex -13.9433 26.2235 -5
    endloop
  endfacet
  facet normal 0 0 -1
    outer loop
      vertex -15.7386 25.187 -5
      vertex -14.6788 23.4909 -5
      vertex -15.4896 22.9643 -5
    endloop
  endfacet
  facet normal 0 0 -1
    outer loop
      vertex -14.6788 23.4909 -5
      vertex -15.7386 25.187 -5
      vertex -14.85 25.721 -5
    endloop
  endfacet
  facet normal 0 0 -1
    outer loop
      vertex -16.608 24.6224 -5
      vertex -15.4896 22.9643 -5
      vertex -16.2817 22.4098 -5
    endloop
  endfacet
  facet normal 0 0 -1
    outer loop
      vertex -15.4896 22.9643 -5
      vertex -16.608 24.6224 -5
      vertex -15.7386 25.187 -5
    endloop
  endfacet
  facet normal 0 0 -1
    outer loop
      vertex -17.4572 24.0278 -5
      vertex -16.2817 22.4098 -5
      vertex -17.0538 21.8279 -5
    endloop
  endfacet
  facet normal 0 0 -1
    outer loop
      vertex -16.2817 22.4098 -5
      vertex -17.4572 24.0278 -5
      vertex -16.608 24.6224 -5
    endloop
  endfacet
  facet normal 0 0 -1
    outer loop
      vertex -18.2851 23.4039 -5
      vertex -17.0538 21.8279 -5
      vertex -17.8052 21.2194 -5
    endloop
  endfacet
  facet normal 0 0 -1
    outer loop
      vertex -17.0538 21.8279 -5
      vertex -18.2851 23.4039 -5
      vertex -17.4572 24.0278 -5
    endloop
  endfacet
  facet normal 0 0 -1
    outer loop
      vertex -19.0908 22.7515 -5
      vertex -17.8052 21.2194 -5
      vertex -18.5349 20.5851 -5
    endloop
  endfacet
  facet normal 0 0 -1
    outer loop
      vertex -17.8052 21.2194 -5
      vertex -19.0908 22.7515 -5
      vertex -18.2851 23.4039 -5
    endloop
  endfacet
  facet normal 0 0 -1
    outer loop
      vertex -19.8732 22.0714 -5
      vertex -18.5349 20.5851 -5
      vertex -19.242 19.9257 -5
    endloop
  endfacet
  facet normal 0 0 -1
    outer loop
      vertex -18.5349 20.5851 -5
      vertex -19.8732 22.0714 -5
      vertex -19.0908 22.7515 -5
    endloop
  endfacet
  facet normal 0 0 -1
    outer loop
      vertex -20.6314 21.3644 -5
      vertex -19.242 19.9257 -5
      vertex -19.9257 19.242 -5
    endloop
  endfacet
  facet normal 0 0 -1
    outer loop
      vertex -21.3644 20.6314 -5
      vertex -19.9257 19.242 -5
      vertex -20.5851 18.5349 -5
    endloop
  endfacet
  facet normal 0 0 -1
    outer loop
      vertex -19.242 19.9257 -5
      vertex -20.6314 21.3644 -5
      vertex -19.8732 22.0714 -5
    endloop
  endfacet
  facet normal 0 0 -1
    outer loop
      vertex -22.0714 19.8732 -5
      vertex -20.5851 18.5349 -5
      vertex -21.2194 17.8052 -5
    endloop
  endfacet
  facet normal 0 0 -1
    outer loop
      vertex -19.9257 19.242 -5
      vertex -21.3644 20.6314 -5
      vertex -20.6314 21.3644 -5
    endloop
  endfacet
  facet normal 0 0 -1
    outer loop
      vertex -22.7515 19.0908 -5
      vertex -21.2194 17.8052 -5
      vertex -21.8279 17.0538 -5
    endloop
  endfacet
  facet normal 0 0 -1
    outer loop
      vertex -20.5851 18.5349 -5
      vertex -22.0714 19.8732 -5
      vertex -21.3644 20.6314 -5
    endloop
  endfacet
  facet normal 0 0 -1
    outer loop
      vertex -23.4039 18.2851 -5
      vertex -21.8279 17.0538 -5
      vertex -22.4098 16.2817 -5
    endloop
  endfacet
  facet normal 0 0 -1
    outer loop
      vertex -21.2194 17.8052 -5
      vertex -22.7515 19.0908 -5
      vertex -22.0714 19.8732 -5
    endloop
  endfacet
  facet normal 0 0 -1
    outer loop
      vertex -24.0278 17.4572 -5
      vertex -22.4098 16.2817 -5
      vertex -22.9643 15.4896 -5
    endloop
  endfacet
  facet normal 0 0 -1
    outer loop
      vertex -21.8279 17.0538 -5
      vertex -23.4039 18.2851 -5
      vertex -22.7515 19.0908 -5
    endloop
  endfacet
  facet normal 0 0 -1
    outer loop
      vertex -24.6224 16.608 -5
      vertex -22.9643 15.4896 -5
      vertex -23.4909 14.6788 -5
    endloop
  endfacet
  facet normal 0 0 -1
    outer loop
      vertex -25.187 15.7386 -5
      vertex -23.4909 14.6788 -5
      vertex -23.9889 13.85 -5
    endloop
  endfacet
  facet normal 0 0 -1
    outer loop
      vertex -22.4098 16.2817 -5
      vertex -24.0278 17.4572 -5
      vertex -23.4039 18.2851 -5
    endloop
  endfacet
  facet normal 0 0 -1
    outer loop
      vertex -25.721 14.85 -5
      vertex -23.9889 13.85 -5
      vertex -24.4576 13.0044 -5
    endloop
  endfacet
  facet normal 0 0 -1
    outer loop
      vertex -22.9643 15.4896 -5
      vertex -24.6224 16.608 -5
      vertex -24.0278 17.4572 -5
    endloop
  endfacet
  facet normal 0 0 -1
    outer loop
      vertex -26.2235 13.9433 -5
      vertex -24.4576 13.0044 -5
      vertex -24.8966 12.1429 -5
    endloop
  endfacet
  facet normal 0 0 -1
    outer loop
      vertex -23.4909 14.6788 -5
      vertex -25.187 15.7386 -5
      vertex -24.6224 16.608 -5
    endloop
  endfacet
  facet normal 0 0 -1
    outer loop
      vertex -26.6942 13.0196 -5
      vertex -24.8966 12.1429 -5
      vertex -25.3052 11.2666 -5
    endloop
  endfacet
  facet normal 0 0 -1
    outer loop
      vertex -27.1323 12.0801 -5
      vertex -25.3052 11.2666 -5
      vertex -25.683 10.3766 -5
    endloop
  endfacet
  facet normal 0 0 -1
    outer loop
      vertex -23.9889 13.85 -5
      vertex -25.721 14.85 -5
      vertex -25.187 15.7386 -5
    endloop
  endfacet
  facet normal 0 0 -1
    outer loop
      vertex -27.5374 11.1258 -5
      vertex -25.683 10.3766 -5
      vertex -26.0295 9.47396 -5
    endloop
  endfacet
  facet normal 0 0 -1
    outer loop
      vertex -24.4576 13.0044 -5
      vertex -26.2235 13.9433 -5
      vertex -25.721 14.85 -5
    endloop
  endfacet
  facet normal 0 0 -1
    outer loop
      vertex -27.9089 10.158 -5
      vertex -26.0295 9.47396 -5
      vertex -26.3443 8.55977 -5
    endloop
  endfacet
  facet normal 0 0 -1
    outer loop
      vertex -28.2464 9.1778 -5
      vertex -26.3443 8.55977 -5
      vertex -26.6269 7.63515 -5
    endloop
  endfacet
  facet normal 0 0 -1
    outer loop
      vertex -24.8966 12.1429 -5
      vertex -26.6942 13.0196 -5
      vertex -26.2235 13.9433 -5
    endloop
  endfacet
  facet normal 0 0 -1
    outer loop
      vertex -28.5495 8.18643 -5
      vertex -26.6269 7.63515 -5
      vertex -26.8772 6.70124 -5
    endloop
  endfacet
  facet normal 0 0 -1
    outer loop
      vertex -28.8178 7.18508 -5
      vertex -26.8772 6.70124 -5
      vertex -27.0947 5.75915 -5
    endloop
  endfacet
  facet normal 0 0 -1
    outer loop
      vertex -25.3052 11.2666 -5
      vertex -27.1323 12.0801 -5
      vertex -26.6942 13.0196 -5
    endloop
  endfacet
  facet normal 0 0 -1
    outer loop
      vertex -29.051 6.17498 -5
      vertex -27.0947 5.75915 -5
      vertex -27.2792 4.81005 -5
    endloop
  endfacet
  facet normal 0 0 -1
    outer loop
      vertex -29.2488 5.15735 -5
      vertex -27.2792 4.81005 -5
      vertex -27.4304 3.85509 -5
    endloop
  endfacet
  facet normal 0 0 -1
    outer loop
      vertex -25.683 10.3766 -5
      vertex -27.5374 11.1258 -5
      vertex -27.1323 12.0801 -5
    endloop
  endfacet
  facet normal 0 0 -1
    outer loop
      vertex -29.411 4.13344 -5
      vertex -27.4304 3.85509 -5
      vertex -27.5483 2.89544 -5
    endloop
  endfacet
  facet normal 0 0 -1
    outer loop
      vertex -29.5373 3.1045 -5
      vertex -27.5483 2.89544 -5
      vertex -27.6325 1.93225 -5
    endloop
  endfacet
  facet normal 0 0 -1
    outer loop
      vertex -29.6277 2.07177 -5
      vertex -27.6325 1.93225 -5
      vertex -27.6831 0.966716 -5
    endloop
  endfacet
  facet normal 0 0 -1
    outer loop
      vertex -29.6819 1.03651 -5
      vertex -27.6831 0.966716 -5
      vertex -27.7 0 -5
    endloop
  endfacet
  facet normal -0 0 -1
    outer loop
      vertex -27.2792 -4.81005 -5
      vertex -29.2488 -5.15735 -5
      vertex -27.4304 -3.85509 -5
    endloop
  endfacet
  facet normal 0 0 -1
    outer loop
      vertex -26.0295 9.47396 -5
      vertex -27.9089 10.158 -5
      vertex -27.5374 11.1258 -5
    endloop
  endfacet
  facet normal 0 0 -1
    outer loop
      vertex -29.411 -4.13344 -5
      vertex -27.4304 -3.85509 -5
      vertex -29.2488 -5.15735 -5
    endloop
  endfacet
  facet normal 0 0 -1
    outer loop
      vertex -26.3443 8.55977 -5
      vertex -28.2464 9.1778 -5
      vertex -27.9089 10.158 -5
    endloop
  endfacet
  facet normal -0 0 -1
    outer loop
      vertex -27.4304 -3.85509 -5
      vertex -29.411 -4.13344 -5
      vertex -27.5483 -2.89544 -5
    endloop
  endfacet
  facet normal 0 0 -1
    outer loop
      vertex -26.6269 7.63515 -5
      vertex -28.5495 8.18643 -5
      vertex -28.2464 9.1778 -5
    endloop
  endfacet
  facet normal 0 0 -1
    outer loop
      vertex -29.5373 -3.1045 -5
      vertex -27.5483 -2.89544 -5
      vertex -29.411 -4.13344 -5
    endloop
  endfacet
  facet normal 0 0 -1
    outer loop
      vertex -26.8772 6.70124 -5
      vertex -28.8178 7.18508 -5
      vertex -28.5495 8.18643 -5
    endloop
  endfacet
  facet normal -0 0 -1
    outer loop
      vertex -27.5483 -2.89544 -5
      vertex -29.5373 -3.1045 -5
      vertex -27.6325 -1.93225 -5
    endloop
  endfacet
  facet normal 0 0 -1
    outer loop
      vertex -27.0947 5.75915 -5
      vertex -29.051 6.17498 -5
      vertex -28.8178 7.18508 -5
    endloop
  endfacet
  facet normal 0 0 -1
    outer loop
      vertex -29.6277 -2.07177 -5
      vertex -27.6325 -1.93225 -5
      vertex -29.5373 -3.1045 -5
    endloop
  endfacet
  facet normal 0 0 -1
    outer loop
      vertex -27.2792 4.81005 -5
      vertex -29.2488 5.15735 -5
      vertex -29.051 6.17498 -5
    endloop
  endfacet
  facet normal -0 0 -1
    outer loop
      vertex -27.6325 -1.93225 -5
      vertex -29.6277 -2.07177 -5
      vertex -27.6831 -0.966716 -5
    endloop
  endfacet
  facet normal 0 0 -1
    outer loop
      vertex -27.4304 3.85509 -5
      vertex -29.411 4.13344 -5
      vertex -29.2488 5.15735 -5
    endloop
  endfacet
  facet normal 0 0 -1
    outer loop
      vertex -29.6819 -1.03651 -5
      vertex -27.6831 -0.966716 -5
      vertex -29.6277 -2.07177 -5
    endloop
  endfacet
  facet normal 0 0 -1
    outer loop
      vertex -27.5483 2.89544 -5
      vertex -29.5373 3.1045 -5
      vertex -29.411 4.13344 -5
    endloop
  endfacet
  facet normal -0 0 -1
    outer loop
      vertex -27.6831 -0.966716 -5
      vertex -29.6819 -1.03651 -5
      vertex -27.7 0 -5
    endloop
  endfacet
  facet normal 0 0 -1
    outer loop
      vertex -27.6325 1.93225 -5
      vertex -29.6277 2.07177 -5
      vertex -29.5373 3.1045 -5
    endloop
  endfacet
  facet normal 0 0 -1
    outer loop
      vertex -29.7 0 -5
      vertex -27.7 0 -5
      vertex -29.6819 -1.03651 -5
    endloop
  endfacet
  facet normal 0 0 -1
    outer loop
      vertex -27.6831 0.966716 -5
      vertex -29.6819 1.03651 -5
      vertex -29.6277 2.07177 -5
    endloop
  endfacet
  facet normal 0 0 -1
    outer loop
      vertex -27.7 0 -5
      vertex -29.7 0 -5
      vertex -29.6819 1.03651 -5
    endloop
  endfacet
  facet normal -0.819159 0.573566 0
    outer loop
      vertex -24.6224 16.608 -5
      vertex -24.0278 17.4572 0
      vertex -24.0278 17.4572 -5
    endloop
  endfacet
  facet normal -0.819159 0.573566 0
    outer loop
      vertex -24.0278 17.4572 0
      vertex -24.6224 16.608 -5
      vertex -24.6224 16.608 0
    endloop
  endfacet
  facet normal -0.987684 -0.156461 0
    outer loop
      vertex -29.2488 -5.15735 -5
      vertex -29.411 -4.13344 0
      vertex -29.411 -4.13344 -5
    endloop
  endfacet
  facet normal -0.987684 -0.156461 0
    outer loop
      vertex -29.411 -4.13344 0
      vertex -29.2488 -5.15735 -5
      vertex -29.2488 -5.15735 0
    endloop
  endfacet
  facet normal 0.987684 -0.156461 0
    outer loop
      vertex 29.2488 -5.15735 0
      vertex 29.411 -4.13344 -5
      vertex 29.411 -4.13344 0
    endloop
  endfacet
  facet normal 0.987684 -0.156461 0
    outer loop
      vertex 29.411 -4.13344 -5
      vertex 29.2488 -5.15735 0
      vertex 29.2488 -5.15735 -5
    endloop
  endfacet
  facet normal 0.981628 -0.190802 0
    outer loop
      vertex 29.051 -6.17498 0
      vertex 29.2488 -5.15735 -5
      vertex 29.2488 -5.15735 0
    endloop
  endfacet
  facet normal 0.981628 -0.190802 0
    outer loop
      vertex 29.2488 -5.15735 -5
      vertex 29.051 -6.17498 0
      vertex 29.051 -6.17498 -5
    endloop
  endfacet
  facet normal -0.857135 0.515091 0
    outer loop
      vertex -25.721 14.85 -5
      vertex -25.187 15.7386 0
      vertex -25.187 15.7386 -5
    endloop
  endfacet
  facet normal -0.857135 0.515091 0
    outer loop
      vertex -25.187 15.7386 0
      vertex -25.721 14.85 -5
      vertex -25.721 14.85 0
    endloop
  endfacet
  facet normal 0.819159 -0.573566 0
    outer loop
      vertex 24.0278 -17.4572 0
      vertex 24.6224 -16.608 -5
      vertex 24.6224 -16.608 0
    endloop
  endfacet
  facet normal 0.819159 -0.573566 0
    outer loop
      vertex 24.6224 -16.608 -5
      vertex 24.0278 -17.4572 0
      vertex 24.0278 -17.4572 -5
    endloop
  endfacet
  facet normal -0.573566 -0.819159 0
    outer loop
      vertex -17.4572 -24.0278 -5
      vertex -16.608 -24.6224 0
      vertex -17.4572 -24.0278 0
    endloop
  endfacet
  facet normal -0.573566 -0.819159 -0
    outer loop
      vertex -16.608 -24.6224 0
      vertex -17.4572 -24.0278 -5
      vertex -16.608 -24.6224 -5
    endloop
  endfacet
  facet normal 0.920497 -0.39075 0
    outer loop
      vertex 27.1323 -12.0801 0
      vertex 27.5374 -11.1258 -5
      vertex 27.5374 -11.1258 0
    endloop
  endfacet
  facet normal 0.920497 -0.39075 0
    outer loop
      vertex 27.5374 -11.1258 -5
      vertex 27.1323 -12.0801 0
      vertex 27.1323 -12.0801 -5
    endloop
  endfacet
  facet normal -0.45403 -0.890986 0
    outer loop
      vertex -13.9433 -26.2235 -5
      vertex -13.0196 -26.6942 0
      vertex -13.9433 -26.2235 0
    endloop
  endfacet
  facet normal -0.45403 -0.890986 -0
    outer loop
      vertex -13.0196 -26.6942 0
      vertex -13.9433 -26.2235 -5
      vertex -13.0196 -26.6942 -5
    endloop
  endfacet
  facet normal -0.258877 -0.96591 0
    outer loop
      vertex 6.70124 26.8772 -5
      vertex 7.63515 26.6269 0
      vertex 6.70124 26.8772 0
    endloop
  endfacet
  facet normal -0.258877 -0.96591 -0
    outer loop
      vertex 7.63515 26.6269 0
      vertex 6.70124 26.8772 -5
      vertex 7.63515 26.6269 -5
    endloop
  endfacet
  facet normal -0.99863 -0.0523344 0
    outer loop
      vertex 27.6831 0.966716 -5
      vertex 27.6325 1.93225 0
      vertex 27.6325 1.93225 -5
    endloop
  endfacet
  facet normal -0.99863 -0.0523344 0
    outer loop
      vertex 27.6325 1.93225 0
      vertex 27.6831 0.966716 -5
      vertex 27.6831 0.966716 0
    endloop
  endfacet
  facet normal -0.999847 -0.0174792 0
    outer loop
      vertex 27.7 0 -5
      vertex 27.6831 0.966716 0
      vertex 27.6831 0.966716 -5
    endloop
  endfacet
  facet normal -0.999847 -0.0174792 0
    outer loop
      vertex 27.6831 0.966716 0
      vertex 27.7 0 -5
      vertex 27.7 0 0
    endloop
  endfacet
  facet normal -0.996201 -0.0870857 0
    outer loop
      vertex 27.6325 1.93225 -5
      vertex 27.5483 2.89544 0
      vertex 27.5483 2.89544 -5
    endloop
  endfacet
  facet normal -0.996201 -0.0870857 0
    outer loop
      vertex 27.5483 2.89544 0
      vertex 27.6325 1.93225 -5
      vertex 27.6325 1.93225 0
    endloop
  endfacet
  facet normal -0.390746 -0.920498 0
    outer loop
      vertex 10.3766 25.683 -5
      vertex 11.2666 25.3052 0
      vertex 10.3766 25.683 0
    endloop
  endfacet
  facet normal -0.390746 -0.920498 -0
    outer loop
      vertex 11.2666 25.3052 0
      vertex 10.3766 25.683 -5
      vertex 11.2666 25.3052 -5
    endloop
  endfacet
  facet normal -0.0523344 0.99863 0
    outer loop
      vertex 1.93225 -27.6325 -5
      vertex 0.966716 -27.6831 0
      vertex 1.93225 -27.6325 0
    endloop
  endfacet
  facet normal -0.0523344 0.99863 0
    outer loop
      vertex 0.966716 -27.6831 0
      vertex 1.93225 -27.6325 -5
      vertex 0.966716 -27.6831 -5
    endloop
  endfacet
  facet normal 0.358376 -0.933577 0
    outer loop
      vertex -10.3766 25.683 -5
      vertex -9.47396 26.0295 0
      vertex -10.3766 25.683 0
    endloop
  endfacet
  facet normal 0.358376 -0.933577 0
    outer loop
      vertex -9.47396 26.0295 0
      vertex -10.3766 25.683 -5
      vertex -9.47396 26.0295 -5
    endloop
  endfacet
  facet normal 0.731344 -0.682009 0
    outer loop
      vertex -20.5851 18.5349 0
      vertex -19.9257 19.242 -5
      vertex -19.9257 19.242 0
    endloop
  endfacet
  facet normal 0.731344 -0.682009 0
    outer loop
      vertex -19.9257 19.242 -5
      vertex -20.5851 18.5349 0
      vertex -20.5851 18.5349 -5
    endloop
  endfacet
  facet normal 0.777132 0.629338 0
    outer loop
      vertex -21.2194 -17.8052 0
      vertex -21.8279 -17.0538 -5
      vertex -21.8279 -17.0538 0
    endloop
  endfacet
  facet normal 0.777132 0.629338 0
    outer loop
      vertex -21.8279 -17.0538 -5
      vertex -21.2194 -17.8052 0
      vertex -21.2194 -17.8052 -5
    endloop
  endfacet
  facet normal 0.601868 -0.798595 0
    outer loop
      vertex -17.0538 21.8279 -5
      vertex -16.2817 22.4098 0
      vertex -17.0538 21.8279 0
    endloop
  endfacet
  facet normal 0.601868 -0.798595 0
    outer loop
      vertex -16.2817 22.4098 0
      vertex -17.0538 21.8279 -5
      vertex -16.2817 22.4098 -5
    endloop
  endfacet
  facet normal -0.682009 -0.731344 0
    outer loop
      vertex 18.5349 20.5851 -5
      vertex 19.242 19.9257 0
      vertex 18.5349 20.5851 0
    endloop
  endfacet
  facet normal -0.682009 -0.731344 -0
    outer loop
      vertex 19.242 19.9257 0
      vertex 18.5349 20.5851 -5
      vertex 19.242 19.9257 -5
    endloop
  endfacet
  facet normal 0.707107 -0.707107 0
    outer loop
      vertex -19.9257 19.242 0
      vertex -19.242 19.9257 -5
      vertex -19.242 19.9257 0
    endloop
  endfacet
  facet normal 0.707107 -0.707107 0
    outer loop
      vertex -19.242 19.9257 -5
      vertex -19.9257 19.242 0
      vertex -19.9257 19.242 -5
    endloop
  endfacet
  facet normal 0.0870857 -0.996201 0
    outer loop
      vertex -2.89544 27.5483 -5
      vertex -1.93225 27.6325 0
      vertex -2.89544 27.5483 0
    endloop
  endfacet
  facet normal 0.0870857 -0.996201 0
    outer loop
      vertex -1.93225 27.6325 0
      vertex -2.89544 27.5483 -5
      vertex -1.93225 27.6325 -5
    endloop
  endfacet
  facet normal -0.96591 0.258877 0
    outer loop
      vertex 26.6269 -7.63515 -5
      vertex 26.8772 -6.70124 0
      vertex 26.8772 -6.70124 -5
    endloop
  endfacet
  facet normal -0.96591 0.258877 0
    outer loop
      vertex 26.8772 -6.70124 0
      vertex 26.6269 -7.63515 -5
      vertex 26.6269 -7.63515 0
    endloop
  endfacet
  facet normal 0.12194 -0.992537 0
    outer loop
      vertex -3.85509 27.4304 -5
      vertex -2.89544 27.5483 0
      vertex -3.85509 27.4304 0
    endloop
  endfacet
  facet normal 0.12194 -0.992537 0
    outer loop
      vertex -2.89544 27.5483 0
      vertex -3.85509 27.4304 -5
      vertex -2.89544 27.5483 -5
    endloop
  endfacet
  facet normal 0.422597 -0.906318 0
    outer loop
      vertex -12.1429 24.8966 -5
      vertex -11.2666 25.3052 0
      vertex -12.1429 24.8966 0
    endloop
  endfacet
  facet normal 0.422597 -0.906318 0
    outer loop
      vertex -11.2666 25.3052 0
      vertex -12.1429 24.8966 -5
      vertex -11.2666 25.3052 -5
    endloop
  endfacet
  facet normal -0.390746 0.920498 0
    outer loop
      vertex 11.2666 -25.3052 -5
      vertex 10.3766 -25.683 0
      vertex 11.2666 -25.3052 0
    endloop
  endfacet
  facet normal -0.390746 0.920498 0
    outer loop
      vertex 10.3766 -25.683 0
      vertex 11.2666 -25.3052 -5
      vertex 10.3766 -25.683 -5
    endloop
  endfacet
  facet normal -0.454026 0.890988 0
    outer loop
      vertex 13.0044 -24.4576 -5
      vertex 12.1429 -24.8966 0
      vertex 13.0044 -24.4576 0
    endloop
  endfacet
  facet normal -0.454026 0.890988 0
    outer loop
      vertex 12.1429 -24.8966 0
      vertex 13.0044 -24.4576 -5
      vertex 12.1429 -24.8966 -5
    endloop
  endfacet
  facet normal -0.933577 0.358376 0
    outer loop
      vertex 25.683 -10.3766 -5
      vertex 26.0295 -9.47396 0
      vertex 26.0295 -9.47396 -5
    endloop
  endfacet
  facet normal -0.933577 0.358376 0
    outer loop
      vertex 26.0295 -9.47396 0
      vertex 25.683 -10.3766 -5
      vertex 25.683 -10.3766 0
    endloop
  endfacet
  facet normal 0.656048 -0.754719 0
    outer loop
      vertex -18.5349 20.5851 -5
      vertex -17.8052 21.2194 0
      vertex -18.5349 20.5851 0
    endloop
  endfacet
  facet normal 0.656048 -0.754719 0
    outer loop
      vertex -17.8052 21.2194 0
      vertex -18.5349 20.5851 -5
      vertex -17.8052 21.2194 -5
    endloop
  endfacet
  facet normal -0.754719 -0.656048 0
    outer loop
      vertex 21.2194 17.8052 -5
      vertex 20.5851 18.5349 0
      vertex 20.5851 18.5349 -5
    endloop
  endfacet
  facet normal -0.754719 -0.656048 0
    outer loop
      vertex 20.5851 18.5349 0
      vertex 21.2194 17.8052 -5
      vertex 21.2194 17.8052 0
    endloop
  endfacet
  facet normal 0.224952 0.97437 -0
    outer loop
      vertex -5.75915 -27.0947 -5
      vertex -6.70124 -26.8772 0
      vertex -5.75915 -27.0947 0
    endloop
  endfacet
  facet normal 0.224952 0.97437 0
    outer loop
      vertex -6.70124 -26.8772 0
      vertex -5.75915 -27.0947 -5
      vertex -6.70124 -26.8772 -5
    endloop
  endfacet
  facet normal 0.97437 -0.224952 0
    outer loop
      vertex -27.0947 5.75915 0
      vertex -26.8772 6.70124 -5
      vertex -26.8772 6.70124 0
    endloop
  endfacet
  facet normal 0.97437 -0.224952 0
    outer loop
      vertex -26.8772 6.70124 -5
      vertex -27.0947 5.75915 0
      vertex -27.0947 5.75915 -5
    endloop
  endfacet
  facet normal -0.731344 0.682009 0
    outer loop
      vertex 19.9257 -19.242 -5
      vertex 20.5851 -18.5349 0
      vertex 20.5851 -18.5349 -5
    endloop
  endfacet
  facet normal -0.731344 0.682009 0
    outer loop
      vertex 20.5851 -18.5349 0
      vertex 19.9257 -19.242 -5
      vertex 19.9257 -19.242 0
    endloop
  endfacet
  facet normal -0.12194 0.992537 0
    outer loop
      vertex 3.85509 -27.4304 -5
      vertex 2.89544 -27.5483 0
      vertex 3.85509 -27.4304 0
    endloop
  endfacet
  facet normal -0.12194 0.992537 0
    outer loop
      vertex 2.89544 -27.5483 0
      vertex 3.85509 -27.4304 -5
      vertex 2.89544 -27.5483 -5
    endloop
  endfacet
  facet normal -0.890988 -0.454026 0
    outer loop
      vertex 24.8966 12.1429 -5
      vertex 24.4576 13.0044 0
      vertex 24.4576 13.0044 -5
    endloop
  endfacet
  facet normal -0.890988 -0.454026 0
    outer loop
      vertex 24.4576 13.0044 0
      vertex 24.8966 12.1429 -5
      vertex 24.8966 12.1429 0
    endloop
  endfacet
  facet normal 0.573483 0.819217 -0
    outer loop
      vertex -15.4896 -22.9643 -5
      vertex -16.2817 -22.4098 0
      vertex -15.4896 -22.9643 0
    endloop
  endfacet
  facet normal 0.573483 0.819217 0
    outer loop
      vertex -16.2817 -22.4098 0
      vertex -15.4896 -22.9643 -5
      vertex -16.2817 -22.4098 -5
    endloop
  endfacet
  facet normal 0.857164 -0.515043 0
    outer loop
      vertex -23.9889 13.85 0
      vertex -23.4909 14.6788 -5
      vertex -23.4909 14.6788 0
    endloop
  endfacet
  facet normal 0.857164 -0.515043 0
    outer loop
      vertex -23.4909 14.6788 -5
      vertex -23.9889 13.85 0
      vertex -23.9889 13.85 -5
    endloop
  endfacet
  facet normal -0.96591 -0.258877 0
    outer loop
      vertex 26.8772 6.70124 -5
      vertex 26.6269 7.63515 0
      vertex 26.6269 7.63515 -5
    endloop
  endfacet
  facet normal -0.96591 -0.258877 0
    outer loop
      vertex 26.6269 7.63515 0
      vertex 26.8772 6.70124 -5
      vertex 26.8772 6.70124 0
    endloop
  endfacet
  facet normal 0.731344 0.682009 0
    outer loop
      vertex -19.9257 -19.242 0
      vertex -20.5851 -18.5349 -5
      vertex -20.5851 -18.5349 0
    endloop
  endfacet
  facet normal 0.731344 0.682009 0
    outer loop
      vertex -20.5851 -18.5349 -5
      vertex -19.9257 -19.242 0
      vertex -19.9257 -19.242 -5
    endloop
  endfacet
  facet normal -0.515043 -0.857164 0
    outer loop
      vertex 13.85 23.9889 -5
      vertex 14.6788 23.4909 0
      vertex 13.85 23.9889 0
    endloop
  endfacet
  facet normal -0.515043 -0.857164 -0
    outer loop
      vertex 14.6788 23.4909 0
      vertex 13.85 23.9889 -5
      vertex 14.6788 23.4909 -5
    endloop
  endfacet
  facet normal -0.544683 0.838642 0
    outer loop
      vertex 15.4896 -22.9643 -5
      vertex 14.6788 -23.4909 0
      vertex 15.4896 -22.9643 0
    endloop
  endfacet
  facet normal -0.544683 0.838642 0
    outer loop
      vertex 14.6788 -23.4909 0
      vertex 15.4896 -22.9643 -5
      vertex 14.6788 -23.4909 -5
    endloop
  endfacet
  facet normal -0.325586 -0.945512 0
    outer loop
      vertex 8.55977 26.3443 -5
      vertex 9.47396 26.0295 0
      vertex 8.55977 26.3443 0
    endloop
  endfacet
  facet normal -0.325586 -0.945512 -0
    outer loop
      vertex 9.47396 26.0295 0
      vertex 8.55977 26.3443 -5
      vertex 9.47396 26.0295 -5
    endloop
  endfacet
  facet normal 0.798595 0.601868 0
    outer loop
      vertex -21.8279 -17.0538 0
      vertex -22.4098 -16.2817 -5
      vertex -22.4098 -16.2817 0
    endloop
  endfacet
  facet normal 0.798595 0.601868 0
    outer loop
      vertex -22.4098 -16.2817 -5
      vertex -21.8279 -17.0538 0
      vertex -21.8279 -17.0538 -5
    endloop
  endfacet
  facet normal -0.0174792 0.999847 0
    outer loop
      vertex 0.966716 -27.6831 -5
      vertex 0 -27.7 0
      vertex 0.966716 -27.6831 0
    endloop
  endfacet
  facet normal -0.0174792 0.999847 0
    outer loop
      vertex 0 -27.7 0
      vertex 0.966716 -27.6831 -5
      vertex 0 -27.7 -5
    endloop
  endfacet
  facet normal 0.906318 0.422597 0
    outer loop
      vertex -24.8966 -12.1429 0
      vertex -25.3052 -11.2666 -5
      vertex -25.3052 -11.2666 0
    endloop
  endfacet
  facet normal 0.906318 0.422597 0
    outer loop
      vertex -25.3052 -11.2666 -5
      vertex -24.8966 -12.1429 0
      vertex -24.8966 -12.1429 -5
    endloop
  endfacet
  facet normal -0.544683 -0.838642 0
    outer loop
      vertex 14.6788 23.4909 -5
      vertex 15.4896 22.9643 0
      vertex 14.6788 23.4909 0
    endloop
  endfacet
  facet normal -0.544683 -0.838642 -0
    outer loop
      vertex 15.4896 22.9643 0
      vertex 14.6788 23.4909 -5
      vertex 15.4896 22.9643 -5
    endloop
  endfacet
  facet normal 0.777132 -0.629338 0
    outer loop
      vertex -21.8279 17.0538 0
      vertex -21.2194 17.8052 -5
      vertex -21.2194 17.8052 0
    endloop
  endfacet
  facet normal 0.777132 -0.629338 0
    outer loop
      vertex -21.2194 17.8052 -5
      vertex -21.8279 17.0538 0
      vertex -21.8279 17.0538 -5
    endloop
  endfacet
  facet normal -0.857164 0.515043 0
    outer loop
      vertex 23.4909 -14.6788 -5
      vertex 23.9889 -13.85 0
      vertex 23.9889 -13.85 -5
    endloop
  endfacet
  facet normal -0.857164 0.515043 0
    outer loop
      vertex 23.9889 -13.85 0
      vertex 23.4909 -14.6788 -5
      vertex 23.4909 -14.6788 0
    endloop
  endfacet
  facet normal -0.422597 0.906318 0
    outer loop
      vertex 12.1429 -24.8966 -5
      vertex 11.2666 -25.3052 0
      vertex 12.1429 -24.8966 0
    endloop
  endfacet
  facet normal -0.422597 0.906318 0
    outer loop
      vertex 11.2666 -25.3052 0
      vertex 12.1429 -24.8966 -5
      vertex 11.2666 -25.3052 -5
    endloop
  endfacet
  facet normal -0.890988 0.454026 0
    outer loop
      vertex 24.4576 -13.0044 -5
      vertex 24.8966 -12.1429 0
      vertex 24.8966 -12.1429 -5
    endloop
  endfacet
  facet normal -0.890988 0.454026 0
    outer loop
      vertex 24.8966 -12.1429 0
      vertex 24.4576 -13.0044 -5
      vertex 24.4576 -13.0044 0
    endloop
  endfacet
  facet normal -0.656048 -0.754719 0
    outer loop
      vertex 17.8052 21.2194 -5
      vertex 18.5349 20.5851 0
      vertex 17.8052 21.2194 0
    endloop
  endfacet
  facet normal -0.656048 -0.754719 -0
    outer loop
      vertex 18.5349 20.5851 0
      vertex 17.8052 21.2194 -5
      vertex 18.5349 20.5851 -5
    endloop
  endfacet
  facet normal 0.956329 -0.292292 0
    outer loop
      vertex -26.6269 7.63515 0
      vertex -26.3443 8.55977 -5
      vertex -26.3443 8.55977 0
    endloop
  endfacet
  facet normal 0.956329 -0.292292 0
    outer loop
      vertex -26.3443 8.55977 -5
      vertex -26.6269 7.63515 0
      vertex -26.6269 7.63515 -5
    endloop
  endfacet
  facet normal -0.956329 -0.292292 0
    outer loop
      vertex 26.6269 7.63515 -5
      vertex 26.3443 8.55977 0
      vertex 26.3443 8.55977 -5
    endloop
  endfacet
  facet normal -0.956329 -0.292292 0
    outer loop
      vertex 26.3443 8.55977 0
      vertex 26.6269 7.63515 -5
      vertex 26.6269 7.63515 0
    endloop
  endfacet
  facet normal 0.981625 -0.190823 0
    outer loop
      vertex -27.2792 4.81005 0
      vertex -27.0947 5.75915 -5
      vertex -27.0947 5.75915 0
    endloop
  endfacet
  facet normal 0.981625 -0.190823 0
    outer loop
      vertex -27.0947 5.75915 -5
      vertex -27.2792 4.81005 0
      vertex -27.2792 4.81005 -5
    endloop
  endfacet
  facet normal -0.454026 -0.890988 0
    outer loop
      vertex 12.1429 24.8966 -5
      vertex 13.0044 24.4576 0
      vertex 12.1429 24.8966 0
    endloop
  endfacet
  facet normal -0.454026 -0.890988 -0
    outer loop
      vertex 13.0044 24.4576 0
      vertex 12.1429 24.8966 -5
      vertex 13.0044 24.4576 -5
    endloop
  endfacet
  facet normal -0.798595 0.601868 0
    outer loop
      vertex 21.8279 -17.0538 -5
      vertex 22.4098 -16.2817 0
      vertex 22.4098 -16.2817 -5
    endloop
  endfacet
  facet normal -0.798595 0.601868 0
    outer loop
      vertex 22.4098 -16.2817 0
      vertex 21.8279 -17.0538 -5
      vertex 21.8279 -17.0538 0
    endloop
  endfacet
  facet normal 0.999847 0.0174792 0
    outer loop
      vertex -27.6831 -0.966716 -0.00999928
      vertex -27.7 0 -5
      vertex -27.7 0 -0.00999928
    endloop
  endfacet
  facet normal 0.999847 0.0174792 0
    outer loop
      vertex -27.7 0 -5
      vertex -27.6831 -0.966716 -0.00999928
      vertex -27.6831 -0.966716 -5
    endloop
  endfacet
  facet normal -0.0523344 -0.99863 0
    outer loop
      vertex 0.966716 27.6831 -5
      vertex 1.93225 27.6325 0
      vertex 0.966716 27.6831 0
    endloop
  endfacet
  facet normal -0.0523344 -0.99863 -0
    outer loop
      vertex 1.93225 27.6325 0
      vertex 0.966716 27.6831 -5
      vertex 1.93225 27.6325 -5
    endloop
  endfacet
  facet normal 0.97437 0.224952 0
    outer loop
      vertex -26.8772 -6.70124 0
      vertex -27.0947 -5.75915 -5
      vertex -27.0947 -5.75915 0
    endloop
  endfacet
  facet normal 0.97437 0.224952 0
    outer loop
      vertex -27.0947 -5.75915 -5
      vertex -26.8772 -6.70124 0
      vertex -26.8772 -6.70124 -5
    endloop
  endfacet
  facet normal 0.890988 -0.454026 0
    outer loop
      vertex -24.8966 12.1429 0
      vertex -24.4576 13.0044 -5
      vertex -24.4576 13.0044 0
    endloop
  endfacet
  facet normal 0.890988 -0.454026 0
    outer loop
      vertex -24.4576 13.0044 -5
      vertex -24.8966 12.1429 0
      vertex -24.8966 12.1429 -5
    endloop
  endfacet
  facet normal -0.573483 -0.819217 0
    outer loop
      vertex 15.4896 22.9643 -5
      vertex 16.2817 22.4098 0
      vertex 15.4896 22.9643 0
    endloop
  endfacet
  facet normal -0.573483 -0.819217 -0
    outer loop
      vertex 16.2817 22.4098 0
      vertex 15.4896 22.9643 -5
      vertex 16.2817 22.4098 -5
    endloop
  endfacet
  facet normal 0.0870857 0.996201 -0
    outer loop
      vertex -1.93225 -27.6325 -5
      vertex -2.89544 -27.5483 0
      vertex -1.93225 -27.6325 0
    endloop
  endfacet
  facet normal 0.0870857 0.996201 0
    outer loop
      vertex -2.89544 -27.5483 0
      vertex -1.93225 -27.6325 -5
      vertex -2.89544 -27.5483 -5
    endloop
  endfacet
  facet normal 0.754719 0.656048 0
    outer loop
      vertex -20.5851 -18.5349 0
      vertex -21.2194 -17.8052 -5
      vertex -21.2194 -17.8052 0
    endloop
  endfacet
  facet normal 0.754719 0.656048 0
    outer loop
      vertex -21.2194 -17.8052 -5
      vertex -20.5851 -18.5349 0
      vertex -20.5851 -18.5349 -5
    endloop
  endfacet
  facet normal 0.920498 0.390746 0
    outer loop
      vertex -25.3052 -11.2666 0
      vertex -25.683 -10.3766 -5
      vertex -25.683 -10.3766 0
    endloop
  endfacet
  facet normal 0.920498 0.390746 0
    outer loop
      vertex -25.683 -10.3766 -5
      vertex -25.3052 -11.2666 0
      vertex -25.3052 -11.2666 -5
    endloop
  endfacet
  facet normal -0.156383 -0.987696 0
    outer loop
      vertex 3.85509 27.4304 -5
      vertex 4.81005 27.2792 0
      vertex 3.85509 27.4304 0
    endloop
  endfacet
  facet normal -0.156383 -0.987696 -0
    outer loop
      vertex 4.81005 27.2792 0
      vertex 3.85509 27.4304 -5
      vertex 4.81005 27.2792 -5
    endloop
  endfacet
  facet normal 0.156383 -0.987696 0
    outer loop
      vertex -4.81005 27.2792 -5
      vertex -3.85509 27.4304 0
      vertex -4.81005 27.2792 0
    endloop
  endfacet
  facet normal 0.156383 -0.987696 0
    outer loop
      vertex -3.85509 27.4304 0
      vertex -4.81005 27.2792 -5
      vertex -3.85509 27.4304 -5
    endloop
  endfacet
  facet normal 0.956329 0.292292 0
    outer loop
      vertex -26.3443 -8.55977 0
      vertex -26.6269 -7.63515 -5
      vertex -26.6269 -7.63515 0
    endloop
  endfacet
  facet normal 0.956329 0.292292 0
    outer loop
      vertex -26.6269 -7.63515 -5
      vertex -26.3443 -8.55977 0
      vertex -26.3443 -8.55977 -5
    endloop
  endfacet
  facet normal 0.981625 0.190823 0
    outer loop
      vertex -27.0947 -5.75915 0
      vertex -27.2792 -4.81005 -5
      vertex -27.2792 -4.81005 0
    endloop
  endfacet
  facet normal 0.981625 0.190823 0
    outer loop
      vertex -27.2792 -4.81005 -5
      vertex -27.0947 -5.75915 0
      vertex -27.0947 -5.75915 -5
    endloop
  endfacet
  facet normal -0.156383 0.987696 0
    outer loop
      vertex 4.81005 -27.2792 -5
      vertex 3.85509 -27.4304 0
      vertex 4.81005 -27.2792 0
    endloop
  endfacet
  facet normal -0.156383 0.987696 0
    outer loop
      vertex 3.85509 -27.4304 0
      vertex 4.81005 -27.2792 -5
      vertex 3.85509 -27.4304 -5
    endloop
  endfacet
  facet normal 0.945512 -0.325586 0
    outer loop
      vertex -26.3443 8.55977 0
      vertex -26.0295 9.47396 -5
      vertex -26.0295 9.47396 0
    endloop
  endfacet
  facet normal 0.945512 -0.325586 0
    outer loop
      vertex -26.0295 9.47396 -5
      vertex -26.3443 8.55977 0
      vertex -26.3443 8.55977 -5
    endloop
  endfacet
  facet normal -0.838642 -0.544683 0
    outer loop
      vertex 23.4909 14.6788 -5
      vertex 22.9643 15.4896 0
      vertex 22.9643 15.4896 -5
    endloop
  endfacet
  facet normal -0.838642 -0.544683 0
    outer loop
      vertex 22.9643 15.4896 0
      vertex 23.4909 14.6788 -5
      vertex 23.4909 14.6788 0
    endloop
  endfacet
  facet normal 0.325586 -0.945512 0
    outer loop
      vertex -9.47396 26.0295 -5
      vertex -8.55977 26.3443 0
      vertex -9.47396 26.0295 0
    endloop
  endfacet
  facet normal 0.325586 -0.945512 0
    outer loop
      vertex -8.55977 26.3443 0
      vertex -9.47396 26.0295 -5
      vertex -8.55977 26.3443 -5
    endloop
  endfacet
  facet normal -0.97437 0.224952 0
    outer loop
      vertex 26.8772 -6.70124 -5
      vertex 27.0947 -5.75915 0
      vertex 27.0947 -5.75915 -5
    endloop
  endfacet
  facet normal -0.97437 0.224952 0
    outer loop
      vertex 27.0947 -5.75915 0
      vertex 26.8772 -6.70124 -5
      vertex 26.8772 -6.70124 0
    endloop
  endfacet
  facet normal 0.0174792 -0.999847 0
    outer loop
      vertex -0.966716 27.6831 -5
      vertex 0 27.7 0
      vertex -0.966716 27.6831 0
    endloop
  endfacet
  facet normal 0.0174792 -0.999847 0
    outer loop
      vertex 0 27.7 0
      vertex -0.966716 27.6831 -5
      vertex 0 27.7 -5
    endloop
  endfacet
  facet normal 0.996195 0.0869705 -0.00567312
    outer loop
      vertex -27.5904 -2.41321 0
      vertex -27.5483 -2.89544 0
      vertex -27.5875 -2.44708 -0.00999928
    endloop
  endfacet
  facet normal 0.996202 0.0870755 0
    outer loop
      vertex -27.5875 -2.44708 -0.00999928
      vertex -27.6325 -1.93225 -5
      vertex -27.6325 -1.93225 -0.00999928
    endloop
  endfacet
  facet normal 0.9962 0.0870975 -0
    outer loop
      vertex -27.5483 -2.89544 -5
      vertex -27.5875 -2.44708 -0.00999928
      vertex -27.5483 -2.89544 0
    endloop
  endfacet
  facet normal 0.996201 0.0870857 1.06453e-06
    outer loop
      vertex -27.5875 -2.44708 -0.00999928
      vertex -27.5483 -2.89544 -5
      vertex -27.6325 -1.93225 -5
    endloop
  endfacet
  facet normal -0.945512 0.325586 0
    outer loop
      vertex 26.0295 -9.47396 -5
      vertex 26.3443 -8.55977 0
      vertex 26.3443 -8.55977 -5
    endloop
  endfacet
  facet normal -0.945512 0.325586 0
    outer loop
      vertex 26.3443 -8.55977 0
      vertex 26.0295 -9.47396 -5
      vertex 26.0295 -9.47396 0
    endloop
  endfacet
  facet normal -0.838642 0.544683 0
    outer loop
      vertex 22.9643 -15.4896 -5
      vertex 23.4909 -14.6788 0
      vertex 23.4909 -14.6788 -5
    endloop
  endfacet
  facet normal -0.838642 0.544683 0
    outer loop
      vertex 23.4909 -14.6788 0
      vertex 22.9643 -15.4896 -5
      vertex 22.9643 -15.4896 0
    endloop
  endfacet
  facet normal -0.906318 -0.422597 0
    outer loop
      vertex 25.3052 11.2666 -5
      vertex 24.8966 12.1429 0
      vertex 24.8966 12.1429 -5
    endloop
  endfacet
  facet normal -0.906318 -0.422597 0
    outer loop
      vertex 24.8966 12.1429 0
      vertex 25.3052 11.2666 -5
      vertex 25.3052 11.2666 0
    endloop
  endfacet
  facet normal -0.754719 0.656048 0
    outer loop
      vertex 20.5851 -18.5349 -5
      vertex 21.2194 -17.8052 0
      vertex 21.2194 -17.8052 -5
    endloop
  endfacet
  facet normal -0.754719 0.656048 0
    outer loop
      vertex 21.2194 -17.8052 0
      vertex 20.5851 -18.5349 -5
      vertex 20.5851 -18.5349 0
    endloop
  endfacet
  facet normal -0.956329 0.292292 0
    outer loop
      vertex 26.3443 -8.55977 -5
      vertex 26.6269 -7.63515 0
      vertex 26.6269 -7.63515 -5
    endloop
  endfacet
  facet normal -0.956329 0.292292 0
    outer loop
      vertex 26.6269 -7.63515 0
      vertex 26.3443 -8.55977 -5
      vertex 26.3443 -8.55977 0
    endloop
  endfacet
  facet normal 0.9962 -0.0870975 0
    outer loop
      vertex -27.5483 2.89544 0
      vertex -27.5875 2.44708 -0.00999928
      vertex -27.5483 2.89544 -5
    endloop
  endfacet
  facet normal 0.996195 -0.0869705 -0.00567312
    outer loop
      vertex -27.5875 2.44708 -0.00999928
      vertex -27.5483 2.89544 0
      vertex -27.5904 2.41321 0
    endloop
  endfacet
  facet normal 0.996202 -0.0870755 0
    outer loop
      vertex -27.6325 1.93225 -5
      vertex -27.5875 2.44708 -0.00999928
      vertex -27.6325 1.93225 -0.00999928
    endloop
  endfacet
  facet normal 0.996201 -0.0870857 1.06453e-06
    outer loop
      vertex -27.5875 2.44708 -0.00999928
      vertex -27.6325 1.93225 -5
      vertex -27.5483 2.89544 -5
    endloop
  endfacet
  facet normal -0.996201 0.0870857 0
    outer loop
      vertex 27.5483 -2.89544 -5
      vertex 27.6325 -1.93225 0
      vertex 27.6325 -1.93225 -5
    endloop
  endfacet
  facet normal -0.996201 0.0870857 0
    outer loop
      vertex 27.6325 -1.93225 0
      vertex 27.5483 -2.89544 -5
      vertex 27.5483 -2.89544 0
    endloop
  endfacet
  facet normal -0.224952 0.97437 0
    outer loop
      vertex 6.70124 -26.8772 -5
      vertex 5.75915 -27.0947 0
      vertex 6.70124 -26.8772 0
    endloop
  endfacet
  facet normal -0.224952 0.97437 0
    outer loop
      vertex 5.75915 -27.0947 0
      vertex 6.70124 -26.8772 -5
      vertex 5.75915 -27.0947 -5
    endloop
  endfacet
  facet normal -0.992537 -0.12194 0
    outer loop
      vertex 27.5483 2.89544 -5
      vertex 27.4304 3.85509 0
      vertex 27.4304 3.85509 -5
    endloop
  endfacet
  facet normal -0.992537 -0.12194 0
    outer loop
      vertex 27.4304 3.85509 0
      vertex 27.5483 2.89544 -5
      vertex 27.5483 2.89544 0
    endloop
  endfacet
  facet normal -0.97437 -0.224952 0
    outer loop
      vertex 27.0947 5.75915 -5
      vertex 26.8772 6.70124 0
      vertex 26.8772 6.70124 -5
    endloop
  endfacet
  facet normal -0.97437 -0.224952 0
    outer loop
      vertex 26.8772 6.70124 0
      vertex 27.0947 5.75915 -5
      vertex 27.0947 5.75915 0
    endloop
  endfacet
  facet normal 0.515043 -0.857164 0
    outer loop
      vertex -14.6788 23.4909 -5
      vertex -13.85 23.9889 0
      vertex -14.6788 23.4909 0
    endloop
  endfacet
  facet normal 0.515043 -0.857164 0
    outer loop
      vertex -13.85 23.9889 0
      vertex -14.6788 23.4909 -5
      vertex -13.85 23.9889 -5
    endloop
  endfacet
  facet normal -0.945512 -0.325586 0
    outer loop
      vertex 26.3443 8.55977 -5
      vertex 26.0295 9.47396 0
      vertex 26.0295 9.47396 -5
    endloop
  endfacet
  facet normal -0.945512 -0.325586 0
    outer loop
      vertex 26.0295 9.47396 0
      vertex 26.3443 8.55977 -5
      vertex 26.3443 8.55977 0
    endloop
  endfacet
  facet normal 0.920498 -0.390746 0
    outer loop
      vertex -25.683 10.3766 0
      vertex -25.3052 11.2666 -5
      vertex -25.3052 11.2666 0
    endloop
  endfacet
  facet normal 0.920498 -0.390746 0
    outer loop
      vertex -25.3052 11.2666 -5
      vertex -25.683 10.3766 0
      vertex -25.683 10.3766 -5
    endloop
  endfacet
  facet normal -0.992537 0.12194 0
    outer loop
      vertex 27.4304 -3.85509 -5
      vertex 27.5483 -2.89544 0
      vertex 27.5483 -2.89544 -5
    endloop
  endfacet
  facet normal -0.992537 0.12194 0
    outer loop
      vertex 27.5483 -2.89544 0
      vertex 27.4304 -3.85509 -5
      vertex 27.4304 -3.85509 0
    endloop
  endfacet
  facet normal -0.981625 -0.190823 0
    outer loop
      vertex 27.2792 4.81005 -5
      vertex 27.0947 5.75915 0
      vertex 27.0947 5.75915 -5
    endloop
  endfacet
  facet normal -0.981625 -0.190823 0
    outer loop
      vertex 27.0947 5.75915 0
      vertex 27.2792 4.81005 -5
      vertex 27.2792 4.81005 0
    endloop
  endfacet
  facet normal -0.777132 0.629338 0
    outer loop
      vertex 21.2194 -17.8052 -5
      vertex 21.8279 -17.0538 0
      vertex 21.8279 -17.0538 -5
    endloop
  endfacet
  facet normal -0.777132 0.629338 0
    outer loop
      vertex 21.8279 -17.0538 0
      vertex 21.2194 -17.8052 -5
      vertex 21.2194 -17.8052 0
    endloop
  endfacet
  facet normal 0.707107 0.707107 0
    outer loop
      vertex -19.242 -19.9257 0
      vertex -19.9257 -19.242 -5
      vertex -19.9257 -19.242 0
    endloop
  endfacet
  facet normal 0.707107 0.707107 0
    outer loop
      vertex -19.9257 -19.242 -5
      vertex -19.242 -19.9257 0
      vertex -19.242 -19.9257 -5
    endloop
  endfacet
  facet normal -0.99863 0.0523344 0
    outer loop
      vertex 27.6325 -1.93225 -5
      vertex 27.6831 -0.966716 0
      vertex 27.6831 -0.966716 -5
    endloop
  endfacet
  facet normal -0.99863 0.0523344 0
    outer loop
      vertex 27.6831 -0.966716 0
      vertex 27.6325 -1.93225 -5
      vertex 27.6325 -1.93225 0
    endloop
  endfacet
  facet normal 0.96591 -0.258877 0
    outer loop
      vertex -26.8772 6.70124 0
      vertex -26.6269 7.63515 -5
      vertex -26.6269 7.63515 0
    endloop
  endfacet
  facet normal 0.96591 -0.258877 0
    outer loop
      vertex -26.6269 7.63515 -5
      vertex -26.8772 6.70124 0
      vertex -26.8772 6.70124 -5
    endloop
  endfacet
  facet normal 0.629338 -0.777132 0
    outer loop
      vertex -17.8052 21.2194 -5
      vertex -17.0538 21.8279 0
      vertex -17.8052 21.2194 0
    endloop
  endfacet
  facet normal 0.629338 -0.777132 0
    outer loop
      vertex -17.0538 21.8279 0
      vertex -17.8052 21.2194 -5
      vertex -17.0538 21.8279 -5
    endloop
  endfacet
  facet normal 0.99863 -0.0523344 0
    outer loop
      vertex -27.6831 0.966716 -0.00999928
      vertex -27.6325 1.93225 -5
      vertex -27.6325 1.93225 -0.00999928
    endloop
  endfacet
  facet normal 0.99863 -0.0523344 0
    outer loop
      vertex -27.6325 1.93225 -5
      vertex -27.6831 0.966716 -0.00999928
      vertex -27.6831 0.966716 -5
    endloop
  endfacet
  facet normal 0.682009 -0.731344 0
    outer loop
      vertex -19.242 19.9257 -5
      vertex -18.5349 20.5851 0
      vertex -19.242 19.9257 0
    endloop
  endfacet
  facet normal 0.682009 -0.731344 0
    outer loop
      vertex -18.5349 20.5851 0
      vertex -19.242 19.9257 -5
      vertex -18.5349 20.5851 -5
    endloop
  endfacet
  facet normal 0.544683 0.838642 -0
    outer loop
      vertex -14.6788 -23.4909 -5
      vertex -15.4896 -22.9643 0
      vertex -14.6788 -23.4909 0
    endloop
  endfacet
  facet normal 0.544683 0.838642 0
    outer loop
      vertex -15.4896 -22.9643 0
      vertex -14.6788 -23.4909 -5
      vertex -15.4896 -22.9643 -5
    endloop
  endfacet
  facet normal -0.629338 -0.777132 0
    outer loop
      vertex 17.0538 21.8279 -5
      vertex 17.8052 21.2194 0
      vertex 17.0538 21.8279 0
    endloop
  endfacet
  facet normal -0.629338 -0.777132 -0
    outer loop
      vertex 17.8052 21.2194 0
      vertex 17.0538 21.8279 -5
      vertex 17.8052 21.2194 -5
    endloop
  endfacet
  facet normal -0.656048 0.754719 0
    outer loop
      vertex 18.5349 -20.5851 -5
      vertex 17.8052 -21.2194 0
      vertex 18.5349 -20.5851 0
    endloop
  endfacet
  facet normal -0.656048 0.754719 0
    outer loop
      vertex 17.8052 -21.2194 0
      vertex 18.5349 -20.5851 -5
      vertex 17.8052 -21.2194 -5
    endloop
  endfacet
  facet normal 0.12194 0.992537 -0
    outer loop
      vertex -2.89544 -27.5483 -5
      vertex -3.85509 -27.4304 0
      vertex -2.89544 -27.5483 0
    endloop
  endfacet
  facet normal 0.12194 0.992537 0
    outer loop
      vertex -3.85509 -27.4304 0
      vertex -2.89544 -27.5483 -5
      vertex -3.85509 -27.4304 -5
    endloop
  endfacet
  facet normal 0.819217 0.573483 0
    outer loop
      vertex -22.4098 -16.2817 0
      vertex -22.9643 -15.4896 -5
      vertex -22.9643 -15.4896 0
    endloop
  endfacet
  facet normal 0.819217 0.573483 0
    outer loop
      vertex -22.9643 -15.4896 -5
      vertex -22.4098 -16.2817 0
      vertex -22.4098 -16.2817 -5
    endloop
  endfacet
  facet normal 0.933577 0.358376 0
    outer loop
      vertex -25.683 -10.3766 0
      vertex -26.0295 -9.47396 -5
      vertex -26.0295 -9.47396 0
    endloop
  endfacet
  facet normal 0.933577 0.358376 0
    outer loop
      vertex -26.0295 -9.47396 -5
      vertex -25.683 -10.3766 0
      vertex -25.683 -10.3766 -5
    endloop
  endfacet
  facet normal 0.945512 0.325586 0
    outer loop
      vertex -26.0295 -9.47396 0
      vertex -26.3443 -8.55977 -5
      vertex -26.3443 -8.55977 0
    endloop
  endfacet
  facet normal 0.945512 0.325586 0
    outer loop
      vertex -26.3443 -8.55977 -5
      vertex -26.0295 -9.47396 0
      vertex -26.0295 -9.47396 -5
    endloop
  endfacet
  facet normal 0.544683 -0.838642 0
    outer loop
      vertex -15.4896 22.9643 -5
      vertex -14.6788 23.4909 0
      vertex -15.4896 22.9643 0
    endloop
  endfacet
  facet normal 0.544683 -0.838642 0
    outer loop
      vertex -14.6788 23.4909 0
      vertex -15.4896 22.9643 -5
      vertex -14.6788 23.4909 -5
    endloop
  endfacet
  facet normal 0.999847 -0.0174792 0
    outer loop
      vertex -27.7 0 -0.00999928
      vertex -27.6831 0.966716 -5
      vertex -27.6831 0.966716 -0.00999928
    endloop
  endfacet
  facet normal 0.999847 -0.0174792 0
    outer loop
      vertex -27.6831 0.966716 -5
      vertex -27.7 0 -0.00999928
      vertex -27.7 0 -5
    endloop
  endfacet
  facet normal -0.484791 -0.87463 0
    outer loop
      vertex 13.0044 24.4576 -5
      vertex 13.85 23.9889 0
      vertex 13.0044 24.4576 0
    endloop
  endfacet
  facet normal -0.484791 -0.87463 -0
    outer loop
      vertex 13.85 23.9889 0
      vertex 13.0044 24.4576 -5
      vertex 13.85 23.9889 -5
    endloop
  endfacet
  facet normal 0.890988 0.454026 0
    outer loop
      vertex -24.4576 -13.0044 0
      vertex -24.8966 -12.1429 -5
      vertex -24.8966 -12.1429 0
    endloop
  endfacet
  facet normal 0.890988 0.454026 0
    outer loop
      vertex -24.8966 -12.1429 -5
      vertex -24.4576 -13.0044 0
      vertex -24.4576 -13.0044 -5
    endloop
  endfacet
  facet normal -0.981625 0.190823 0
    outer loop
      vertex 27.0947 -5.75915 -5
      vertex 27.2792 -4.81005 0
      vertex 27.2792 -4.81005 -5
    endloop
  endfacet
  facet normal -0.981625 0.190823 0
    outer loop
      vertex 27.2792 -4.81005 0
      vertex 27.0947 -5.75915 -5
      vertex 27.0947 -5.75915 0
    endloop
  endfacet
  facet normal 0.819217 -0.573483 0
    outer loop
      vertex -22.9643 15.4896 0
      vertex -22.4098 16.2817 -5
      vertex -22.4098 16.2817 0
    endloop
  endfacet
  facet normal 0.819217 -0.573483 0
    outer loop
      vertex -22.4098 16.2817 -5
      vertex -22.9643 15.4896 0
      vertex -22.9643 15.4896 -5
    endloop
  endfacet
  facet normal -0.601868 -0.798595 0
    outer loop
      vertex 16.2817 22.4098 -5
      vertex 17.0538 21.8279 0
      vertex 16.2817 22.4098 0
    endloop
  endfacet
  facet normal -0.601868 -0.798595 -0
    outer loop
      vertex 17.0538 21.8279 0
      vertex 16.2817 22.4098 -5
      vertex 17.0538 21.8279 -5
    endloop
  endfacet
  facet normal 0.390746 0.920498 -0
    outer loop
      vertex -10.3766 -25.683 -5
      vertex -11.2666 -25.3052 0
      vertex -10.3766 -25.683 0
    endloop
  endfacet
  facet normal 0.390746 0.920498 0
    outer loop
      vertex -11.2666 -25.3052 0
      vertex -10.3766 -25.683 -5
      vertex -11.2666 -25.3052 -5
    endloop
  endfacet
  facet normal 0.573483 -0.819217 0
    outer loop
      vertex -16.2817 22.4098 -5
      vertex -15.4896 22.9643 0
      vertex -16.2817 22.4098 0
    endloop
  endfacet
  facet normal 0.573483 -0.819217 0
    outer loop
      vertex -15.4896 22.9643 0
      vertex -16.2817 22.4098 -5
      vertex -15.4896 22.9643 -5
    endloop
  endfacet
  facet normal 0.992537 0.12194 0
    outer loop
      vertex -27.4304 -3.85509 0
      vertex -27.5483 -2.89544 -5
      vertex -27.5483 -2.89544 0
    endloop
  endfacet
  facet normal 0.992537 0.12194 0
    outer loop
      vertex -27.5483 -2.89544 -5
      vertex -27.4304 -3.85509 0
      vertex -27.4304 -3.85509 -5
    endloop
  endfacet
  facet normal 0.0174792 0.999847 -0
    outer loop
      vertex 0 -27.7 -5
      vertex -0.966716 -27.6831 0
      vertex 0 -27.7 0
    endloop
  endfacet
  facet normal 0.0174792 0.999847 0
    outer loop
      vertex -0.966716 -27.6831 0
      vertex 0 -27.7 -5
      vertex -0.966716 -27.6831 -5
    endloop
  endfacet
  facet normal 0.933577 -0.358376 0
    outer loop
      vertex -26.0295 9.47396 0
      vertex -25.683 10.3766 -5
      vertex -25.683 10.3766 0
    endloop
  endfacet
  facet normal 0.933577 -0.358376 0
    outer loop
      vertex -25.683 10.3766 -5
      vertex -26.0295 9.47396 0
      vertex -26.0295 9.47396 -5
    endloop
  endfacet
  facet normal -0.798595 -0.601868 0
    outer loop
      vertex 22.4098 16.2817 -5
      vertex 21.8279 17.0538 0
      vertex 21.8279 17.0538 -5
    endloop
  endfacet
  facet normal -0.798595 -0.601868 0
    outer loop
      vertex 21.8279 17.0538 0
      vertex 22.4098 16.2817 -5
      vertex 22.4098 16.2817 0
    endloop
  endfacet
  facet normal 0.87463 -0.484791 0
    outer loop
      vertex -24.4576 13.0044 0
      vertex -23.9889 13.85 -5
      vertex -23.9889 13.85 0
    endloop
  endfacet
  facet normal 0.87463 -0.484791 0
    outer loop
      vertex -23.9889 13.85 -5
      vertex -24.4576 13.0044 0
      vertex -24.4576 13.0044 -5
    endloop
  endfacet
  facet normal 0.987696 0.156383 0
    outer loop
      vertex -27.2792 -4.81005 0
      vertex -27.4304 -3.85509 -5
      vertex -27.4304 -3.85509 0
    endloop
  endfacet
  facet normal 0.987696 0.156383 0
    outer loop
      vertex -27.4304 -3.85509 -5
      vertex -27.2792 -4.81005 0
      vertex -27.2792 -4.81005 -5
    endloop
  endfacet
  facet normal -0.258877 0.96591 0
    outer loop
      vertex 7.63515 -26.6269 -5
      vertex 6.70124 -26.8772 0
      vertex 7.63515 -26.6269 0
    endloop
  endfacet
  facet normal -0.258877 0.96591 0
    outer loop
      vertex 6.70124 -26.8772 0
      vertex 7.63515 -26.6269 -5
      vertex 6.70124 -26.8772 -5
    endloop
  endfacet
  facet normal -0.12194 -0.992537 0
    outer loop
      vertex 2.89544 27.5483 -5
      vertex 3.85509 27.4304 0
      vertex 2.89544 27.5483 0
    endloop
  endfacet
  facet normal -0.12194 -0.992537 -0
    outer loop
      vertex 3.85509 27.4304 0
      vertex 2.89544 27.5483 -5
      vertex 3.85509 27.4304 -5
    endloop
  endfacet
  facet normal 0.325586 0.945512 -0
    outer loop
      vertex -8.55977 -26.3443 -5
      vertex -9.47396 -26.0295 0
      vertex -8.55977 -26.3443 0
    endloop
  endfacet
  facet normal 0.325586 0.945512 0
    outer loop
      vertex -9.47396 -26.0295 0
      vertex -8.55977 -26.3443 -5
      vertex -9.47396 -26.0295 -5
    endloop
  endfacet
  facet normal -0.292292 0.956329 0
    outer loop
      vertex 8.55977 -26.3443 -5
      vertex 7.63515 -26.6269 0
      vertex 8.55977 -26.3443 0
    endloop
  endfacet
  facet normal -0.292292 0.956329 0
    outer loop
      vertex 7.63515 -26.6269 0
      vertex 8.55977 -26.3443 -5
      vertex 7.63515 -26.6269 -5
    endloop
  endfacet
  facet normal -0.573483 0.819217 0
    outer loop
      vertex 16.2817 -22.4098 -5
      vertex 15.4896 -22.9643 0
      vertex 16.2817 -22.4098 0
    endloop
  endfacet
  facet normal -0.573483 0.819217 0
    outer loop
      vertex 15.4896 -22.9643 0
      vertex 16.2817 -22.4098 -5
      vertex 15.4896 -22.9643 -5
    endloop
  endfacet
  facet normal -0.422597 -0.906318 0
    outer loop
      vertex 11.2666 25.3052 -5
      vertex 12.1429 24.8966 0
      vertex 11.2666 25.3052 0
    endloop
  endfacet
  facet normal -0.422597 -0.906318 -0
    outer loop
      vertex 12.1429 24.8966 0
      vertex 11.2666 25.3052 -5
      vertex 12.1429 24.8966 -5
    endloop
  endfacet
  facet normal -0.777132 -0.629338 0
    outer loop
      vertex 21.8279 17.0538 -5
      vertex 21.2194 17.8052 0
      vertex 21.2194 17.8052 -5
    endloop
  endfacet
  facet normal -0.777132 -0.629338 0
    outer loop
      vertex 21.2194 17.8052 0
      vertex 21.8279 17.0538 -5
      vertex 21.8279 17.0538 0
    endloop
  endfacet
  facet normal -0.0174792 -0.999847 0
    outer loop
      vertex 0 27.7 -5
      vertex 0.966716 27.6831 0
      vertex 0 27.7 0
    endloop
  endfacet
  facet normal -0.0174792 -0.999847 -0
    outer loop
      vertex 0.966716 27.6831 0
      vertex 0 27.7 -5
      vertex 0.966716 27.6831 -5
    endloop
  endfacet
  facet normal 0.99863 0.0523344 0
    outer loop
      vertex -27.6325 -1.93225 -0.00999928
      vertex -27.6831 -0.966716 -5
      vertex -27.6831 -0.966716 -0.00999928
    endloop
  endfacet
  facet normal 0.99863 0.0523344 0
    outer loop
      vertex -27.6831 -0.966716 -5
      vertex -27.6325 -1.93225 -0.00999928
      vertex -27.6325 -1.93225 -5
    endloop
  endfacet
  facet normal -0.0870857 0.996201 0
    outer loop
      vertex 2.89544 -27.5483 -5
      vertex 1.93225 -27.6325 0
      vertex 2.89544 -27.5483 0
    endloop
  endfacet
  facet normal -0.0870857 0.996201 0
    outer loop
      vertex 1.93225 -27.6325 0
      vertex 2.89544 -27.5483 -5
      vertex 1.93225 -27.6325 -5
    endloop
  endfacet
  facet normal 0.258877 0.96591 -0
    outer loop
      vertex -6.70124 -26.8772 -5
      vertex -7.63515 -26.6269 0
      vertex -6.70124 -26.8772 0
    endloop
  endfacet
  facet normal 0.258877 0.96591 0
    outer loop
      vertex -7.63515 -26.6269 0
      vertex -6.70124 -26.8772 -5
      vertex -7.63515 -26.6269 -5
    endloop
  endfacet
  facet normal -0.920498 -0.390746 0
    outer loop
      vertex 25.683 10.3766 -5
      vertex 25.3052 11.2666 0
      vertex 25.3052 11.2666 -5
    endloop
  endfacet
  facet normal -0.920498 -0.390746 0
    outer loop
      vertex 25.3052 11.2666 0
      vertex 25.683 10.3766 -5
      vertex 25.683 10.3766 0
    endloop
  endfacet
  facet normal 0.292292 0.956329 -0
    outer loop
      vertex -7.63515 -26.6269 -5
      vertex -8.55977 -26.3443 0
      vertex -7.63515 -26.6269 0
    endloop
  endfacet
  facet normal 0.292292 0.956329 0
    outer loop
      vertex -8.55977 -26.3443 0
      vertex -7.63515 -26.6269 -5
      vertex -8.55977 -26.3443 -5
    endloop
  endfacet
  facet normal -0.358376 0.933577 0
    outer loop
      vertex 10.3766 -25.683 -5
      vertex 9.47396 -26.0295 0
      vertex 10.3766 -25.683 0
    endloop
  endfacet
  facet normal -0.358376 0.933577 0
    outer loop
      vertex 9.47396 -26.0295 0
      vertex 10.3766 -25.683 -5
      vertex 9.47396 -26.0295 -5
    endloop
  endfacet
  facet normal -0.292292 -0.956329 0
    outer loop
      vertex 7.63515 26.6269 -5
      vertex 8.55977 26.3443 0
      vertex 7.63515 26.6269 0
    endloop
  endfacet
  facet normal -0.292292 -0.956329 -0
    outer loop
      vertex 8.55977 26.3443 0
      vertex 7.63515 26.6269 -5
      vertex 8.55977 26.3443 -5
    endloop
  endfacet
  facet normal -0.819217 -0.573483 0
    outer loop
      vertex 22.9643 15.4896 -5
      vertex 22.4098 16.2817 0
      vertex 22.4098 16.2817 -5
    endloop
  endfacet
  facet normal -0.819217 -0.573483 0
    outer loop
      vertex 22.4098 16.2817 0
      vertex 22.9643 15.4896 -5
      vertex 22.9643 15.4896 0
    endloop
  endfacet
  facet normal 0.656048 0.754719 -0
    outer loop
      vertex -17.8052 -21.2194 -5
      vertex -18.5349 -20.5851 0
      vertex -17.8052 -21.2194 0
    endloop
  endfacet
  facet normal 0.656048 0.754719 0
    outer loop
      vertex -18.5349 -20.5851 0
      vertex -17.8052 -21.2194 -5
      vertex -18.5349 -20.5851 -5
    endloop
  endfacet
  facet normal -0.0870857 -0.996201 0
    outer loop
      vertex 1.93225 27.6325 -5
      vertex 2.89544 27.5483 0
      vertex 1.93225 27.6325 0
    endloop
  endfacet
  facet normal -0.0870857 -0.996201 -0
    outer loop
      vertex 2.89544 27.5483 0
      vertex 1.93225 27.6325 -5
      vertex 2.89544 27.5483 -5
    endloop
  endfacet
  facet normal -0.857164 -0.515043 0
    outer loop
      vertex 23.9889 13.85 -5
      vertex 23.4909 14.6788 0
      vertex 23.4909 14.6788 -5
    endloop
  endfacet
  facet normal -0.857164 -0.515043 0
    outer loop
      vertex 23.4909 14.6788 0
      vertex 23.9889 13.85 -5
      vertex 23.9889 13.85 0
    endloop
  endfacet
  facet normal -0.87463 0.484791 0
    outer loop
      vertex 23.9889 -13.85 -5
      vertex 24.4576 -13.0044 0
      vertex 24.4576 -13.0044 -5
    endloop
  endfacet
  facet normal -0.87463 0.484791 0
    outer loop
      vertex 24.4576 -13.0044 0
      vertex 23.9889 -13.85 -5
      vertex 23.9889 -13.85 0
    endloop
  endfacet
  facet normal 0.224952 -0.97437 0
    outer loop
      vertex -6.70124 26.8772 -5
      vertex -5.75915 27.0947 0
      vertex -6.70124 26.8772 0
    endloop
  endfacet
  facet normal 0.224952 -0.97437 0
    outer loop
      vertex -5.75915 27.0947 0
      vertex -6.70124 26.8772 -5
      vertex -5.75915 27.0947 -5
    endloop
  endfacet
  facet normal 0.190823 0.981625 -0
    outer loop
      vertex -4.81005 -27.2792 -5
      vertex -5.75915 -27.0947 0
      vertex -4.81005 -27.2792 0
    endloop
  endfacet
  facet normal 0.190823 0.981625 0
    outer loop
      vertex -5.75915 -27.0947 0
      vertex -4.81005 -27.2792 -5
      vertex -5.75915 -27.0947 -5
    endloop
  endfacet
  facet normal 0.190823 -0.981625 0
    outer loop
      vertex -5.75915 27.0947 -5
      vertex -4.81005 27.2792 0
      vertex -5.75915 27.0947 0
    endloop
  endfacet
  facet normal 0.190823 -0.981625 0
    outer loop
      vertex -4.81005 27.2792 0
      vertex -5.75915 27.0947 -5
      vertex -4.81005 27.2792 -5
    endloop
  endfacet
  facet normal 0.484791 -0.87463 0
    outer loop
      vertex -13.85 23.9889 -5
      vertex -13.0044 24.4576 0
      vertex -13.85 23.9889 0
    endloop
  endfacet
  facet normal 0.484791 -0.87463 0
    outer loop
      vertex -13.0044 24.4576 0
      vertex -13.85 23.9889 -5
      vertex -13.0044 24.4576 -5
    endloop
  endfacet
  facet normal 0.992537 -0.12194 0
    outer loop
      vertex -27.5483 2.89544 0
      vertex -27.4304 3.85509 -5
      vertex -27.4304 3.85509 0
    endloop
  endfacet
  facet normal 0.992537 -0.12194 0
    outer loop
      vertex -27.4304 3.85509 -5
      vertex -27.5483 2.89544 0
      vertex -27.5483 2.89544 -5
    endloop
  endfacet
  facet normal 0.454026 -0.890988 0
    outer loop
      vertex -13.0044 24.4576 -5
      vertex -12.1429 24.8966 0
      vertex -13.0044 24.4576 0
    endloop
  endfacet
  facet normal 0.454026 -0.890988 0
    outer loop
      vertex -12.1429 24.8966 0
      vertex -13.0044 24.4576 -5
      vertex -12.1429 24.8966 -5
    endloop
  endfacet
  facet normal -0.731344 -0.682009 0
    outer loop
      vertex 20.5851 18.5349 -5
      vertex 19.9257 19.242 0
      vertex 19.9257 19.242 -5
    endloop
  endfacet
  facet normal -0.731344 -0.682009 0
    outer loop
      vertex 19.9257 19.242 0
      vertex 20.5851 18.5349 -5
      vertex 20.5851 18.5349 0
    endloop
  endfacet
  facet normal -0.707107 -0.707107 0
    outer loop
      vertex 19.9257 19.242 -5
      vertex 19.242 19.9257 0
      vertex 19.242 19.9257 -5
    endloop
  endfacet
  facet normal -0.707107 -0.707107 0
    outer loop
      vertex 19.242 19.9257 0
      vertex 19.9257 19.242 -5
      vertex 19.9257 19.242 0
    endloop
  endfacet
  facet normal 0.454026 0.890988 -0
    outer loop
      vertex -12.1429 -24.8966 -5
      vertex -13.0044 -24.4576 0
      vertex -12.1429 -24.8966 0
    endloop
  endfacet
  facet normal 0.454026 0.890988 0
    outer loop
      vertex -13.0044 -24.4576 0
      vertex -12.1429 -24.8966 -5
      vertex -13.0044 -24.4576 -5
    endloop
  endfacet
  facet normal 0.484791 0.87463 -0
    outer loop
      vertex -13.0044 -24.4576 -5
      vertex -13.85 -23.9889 0
      vertex -13.0044 -24.4576 0
    endloop
  endfacet
  facet normal 0.484791 0.87463 0
    outer loop
      vertex -13.85 -23.9889 0
      vertex -13.0044 -24.4576 -5
      vertex -13.85 -23.9889 -5
    endloop
  endfacet
  facet normal 0.390746 -0.920498 0
    outer loop
      vertex -11.2666 25.3052 -5
      vertex -10.3766 25.683 0
      vertex -11.2666 25.3052 0
    endloop
  endfacet
  facet normal 0.390746 -0.920498 0
    outer loop
      vertex -10.3766 25.683 0
      vertex -11.2666 25.3052 -5
      vertex -10.3766 25.683 -5
    endloop
  endfacet
  facet normal -0.190823 -0.981625 0
    outer loop
      vertex 4.81005 27.2792 -5
      vertex 5.75915 27.0947 0
      vertex 4.81005 27.2792 0
    endloop
  endfacet
  facet normal -0.190823 -0.981625 -0
    outer loop
      vertex 5.75915 27.0947 0
      vertex 4.81005 27.2792 -5
      vertex 5.75915 27.0947 -5
    endloop
  endfacet
  facet normal -0.87463 -0.484791 0
    outer loop
      vertex 24.4576 13.0044 -5
      vertex 23.9889 13.85 0
      vertex 23.9889 13.85 -5
    endloop
  endfacet
  facet normal -0.87463 -0.484791 0
    outer loop
      vertex 23.9889 13.85 0
      vertex 24.4576 13.0044 -5
      vertex 24.4576 13.0044 0
    endloop
  endfacet
  facet normal 0.0523344 -0.99863 0
    outer loop
      vertex -1.93225 27.6325 -5
      vertex -0.966716 27.6831 0
      vertex -1.93225 27.6325 0
    endloop
  endfacet
  facet normal 0.0523344 -0.99863 0
    outer loop
      vertex -0.966716 27.6831 0
      vertex -1.93225 27.6325 -5
      vertex -0.966716 27.6831 -5
    endloop
  endfacet
  facet normal 0.422597 0.906318 -0
    outer loop
      vertex -11.2666 -25.3052 -5
      vertex -12.1429 -24.8966 0
      vertex -11.2666 -25.3052 0
    endloop
  endfacet
  facet normal 0.422597 0.906318 0
    outer loop
      vertex -12.1429 -24.8966 0
      vertex -11.2666 -25.3052 -5
      vertex -12.1429 -24.8966 -5
    endloop
  endfacet
  facet normal -0.601868 0.798595 0
    outer loop
      vertex 17.0538 -21.8279 -5
      vertex 16.2817 -22.4098 0
      vertex 17.0538 -21.8279 0
    endloop
  endfacet
  facet normal -0.601868 0.798595 0
    outer loop
      vertex 16.2817 -22.4098 0
      vertex 17.0538 -21.8279 -5
      vertex 16.2817 -22.4098 -5
    endloop
  endfacet
  facet normal -0.999847 0.0174792 0
    outer loop
      vertex 27.6831 -0.966716 -5
      vertex 27.7 0 0
      vertex 27.7 0 -5
    endloop
  endfacet
  facet normal -0.999847 0.0174792 0
    outer loop
      vertex 27.7 0 0
      vertex 27.6831 -0.966716 -5
      vertex 27.6831 -0.966716 0
    endloop
  endfacet
  facet normal 0.629338 0.777132 -0
    outer loop
      vertex -17.0538 -21.8279 -5
      vertex -17.8052 -21.2194 0
      vertex -17.0538 -21.8279 0
    endloop
  endfacet
  facet normal 0.629338 0.777132 0
    outer loop
      vertex -17.8052 -21.2194 0
      vertex -17.0538 -21.8279 -5
      vertex -17.8052 -21.2194 -5
    endloop
  endfacet
  facet normal 0.838642 0.544683 0
    outer loop
      vertex -22.9643 -15.4896 0
      vertex -23.4909 -14.6788 -5
      vertex -23.4909 -14.6788 0
    endloop
  endfacet
  facet normal 0.838642 0.544683 0
    outer loop
      vertex -23.4909 -14.6788 -5
      vertex -22.9643 -15.4896 0
      vertex -22.9643 -15.4896 -5
    endloop
  endfacet
  facet normal -0.190823 0.981625 0
    outer loop
      vertex 5.75915 -27.0947 -5
      vertex 4.81005 -27.2792 0
      vertex 5.75915 -27.0947 0
    endloop
  endfacet
  facet normal -0.190823 0.981625 0
    outer loop
      vertex 4.81005 -27.2792 0
      vertex 5.75915 -27.0947 -5
      vertex 4.81005 -27.2792 -5
    endloop
  endfacet
  facet normal 0.358376 0.933577 -0
    outer loop
      vertex -9.47396 -26.0295 -5
      vertex -10.3766 -25.683 0
      vertex -9.47396 -26.0295 0
    endloop
  endfacet
  facet normal 0.358376 0.933577 0
    outer loop
      vertex -10.3766 -25.683 0
      vertex -9.47396 -26.0295 -5
      vertex -10.3766 -25.683 -5
    endloop
  endfacet
  facet normal -0.920498 0.390746 0
    outer loop
      vertex 25.3052 -11.2666 -5
      vertex 25.683 -10.3766 0
      vertex 25.683 -10.3766 -5
    endloop
  endfacet
  facet normal -0.920498 0.390746 0
    outer loop
      vertex 25.683 -10.3766 0
      vertex 25.3052 -11.2666 -5
      vertex 25.3052 -11.2666 0
    endloop
  endfacet
  facet normal -0.707107 0.707107 0
    outer loop
      vertex 19.242 -19.9257 -5
      vertex 19.9257 -19.242 0
      vertex 19.9257 -19.242 -5
    endloop
  endfacet
  facet normal -0.707107 0.707107 0
    outer loop
      vertex 19.9257 -19.242 0
      vertex 19.242 -19.9257 -5
      vertex 19.242 -19.9257 0
    endloop
  endfacet
  facet normal -0.358376 -0.933577 0
    outer loop
      vertex 9.47396 26.0295 -5
      vertex 10.3766 25.683 0
      vertex 9.47396 26.0295 0
    endloop
  endfacet
  facet normal -0.358376 -0.933577 -0
    outer loop
      vertex 10.3766 25.683 0
      vertex 9.47396 26.0295 -5
      vertex 10.3766 25.683 -5
    endloop
  endfacet
  facet normal -0.987696 0.156383 0
    outer loop
      vertex 27.2792 -4.81005 -5
      vertex 27.4304 -3.85509 0
      vertex 27.4304 -3.85509 -5
    endloop
  endfacet
  facet normal -0.987696 0.156383 0
    outer loop
      vertex 27.4304 -3.85509 0
      vertex 27.2792 -4.81005 -5
      vertex 27.2792 -4.81005 0
    endloop
  endfacet
  facet normal 0.754719 -0.656048 0
    outer loop
      vertex -21.2194 17.8052 0
      vertex -20.5851 18.5349 -5
      vertex -20.5851 18.5349 0
    endloop
  endfacet
  facet normal 0.754719 -0.656048 0
    outer loop
      vertex -20.5851 18.5349 -5
      vertex -21.2194 17.8052 0
      vertex -21.2194 17.8052 -5
    endloop
  endfacet
  facet normal -0.629338 0.777132 0
    outer loop
      vertex 17.8052 -21.2194 -5
      vertex 17.0538 -21.8279 0
      vertex 17.8052 -21.2194 0
    endloop
  endfacet
  facet normal -0.629338 0.777132 0
    outer loop
      vertex 17.0538 -21.8279 0
      vertex 17.8052 -21.2194 -5
      vertex 17.0538 -21.8279 -5
    endloop
  endfacet
  facet normal -0.987696 -0.156383 0
    outer loop
      vertex 27.4304 3.85509 -5
      vertex 27.2792 4.81005 0
      vertex 27.2792 4.81005 -5
    endloop
  endfacet
  facet normal -0.987696 -0.156383 0
    outer loop
      vertex 27.2792 4.81005 0
      vertex 27.4304 3.85509 -5
      vertex 27.4304 3.85509 0
    endloop
  endfacet
  facet normal -0.933577 -0.358376 0
    outer loop
      vertex 26.0295 9.47396 -5
      vertex 25.683 10.3766 0
      vertex 25.683 10.3766 -5
    endloop
  endfacet
  facet normal -0.933577 -0.358376 0
    outer loop
      vertex 25.683 10.3766 0
      vertex 26.0295 9.47396 -5
      vertex 26.0295 9.47396 0
    endloop
  endfacet
  facet normal 0.0523344 0.99863 -0
    outer loop
      vertex -0.966716 -27.6831 -5
      vertex -1.93225 -27.6325 0
      vertex -0.966716 -27.6831 0
    endloop
  endfacet
  facet normal 0.0523344 0.99863 0
    outer loop
      vertex -1.93225 -27.6325 0
      vertex -0.966716 -27.6831 -5
      vertex -1.93225 -27.6325 -5
    endloop
  endfacet
  facet normal -0.484791 0.87463 0
    outer loop
      vertex 13.85 -23.9889 -5
      vertex 13.0044 -24.4576 0
      vertex 13.85 -23.9889 0
    endloop
  endfacet
  facet normal -0.484791 0.87463 0
    outer loop
      vertex 13.0044 -24.4576 0
      vertex 13.85 -23.9889 -5
      vertex 13.0044 -24.4576 -5
    endloop
  endfacet
  facet normal -0.682009 0.731344 0
    outer loop
      vertex 19.242 -19.9257 -5
      vertex 18.5349 -20.5851 0
      vertex 19.242 -19.9257 0
    endloop
  endfacet
  facet normal -0.682009 0.731344 0
    outer loop
      vertex 18.5349 -20.5851 0
      vertex 19.242 -19.9257 -5
      vertex 18.5349 -20.5851 -5
    endloop
  endfacet
  facet normal 0.87463 0.484791 0
    outer loop
      vertex -23.9889 -13.85 0
      vertex -24.4576 -13.0044 -5
      vertex -24.4576 -13.0044 0
    endloop
  endfacet
  facet normal 0.87463 0.484791 0
    outer loop
      vertex -24.4576 -13.0044 -5
      vertex -23.9889 -13.85 0
      vertex -23.9889 -13.85 -5
    endloop
  endfacet
  facet normal 0.838642 -0.544683 0
    outer loop
      vertex -23.4909 14.6788 0
      vertex -22.9643 15.4896 -5
      vertex -22.9643 15.4896 0
    endloop
  endfacet
  facet normal 0.838642 -0.544683 0
    outer loop
      vertex -22.9643 15.4896 -5
      vertex -23.4909 14.6788 0
      vertex -23.4909 14.6788 -5
    endloop
  endfacet
  facet normal -0.515043 0.857164 0
    outer loop
      vertex 14.6788 -23.4909 -5
      vertex 13.85 -23.9889 0
      vertex 14.6788 -23.4909 0
    endloop
  endfacet
  facet normal -0.515043 0.857164 0
    outer loop
      vertex 13.85 -23.9889 0
      vertex 14.6788 -23.4909 -5
      vertex 13.85 -23.9889 -5
    endloop
  endfacet
  facet normal 0.156383 0.987696 -0
    outer loop
      vertex -3.85509 -27.4304 -5
      vertex -4.81005 -27.2792 0
      vertex -3.85509 -27.4304 0
    endloop
  endfacet
  facet normal 0.156383 0.987696 0
    outer loop
      vertex -4.81005 -27.2792 0
      vertex -3.85509 -27.4304 -5
      vertex -4.81005 -27.2792 -5
    endloop
  endfacet
  facet normal 0.258877 -0.96591 0
    outer loop
      vertex -7.63515 26.6269 -5
      vertex -6.70124 26.8772 0
      vertex -7.63515 26.6269 0
    endloop
  endfacet
  facet normal 0.258877 -0.96591 0
    outer loop
      vertex -6.70124 26.8772 0
      vertex -7.63515 26.6269 -5
      vertex -6.70124 26.8772 -5
    endloop
  endfacet
  facet normal 0.292292 -0.956329 0
    outer loop
      vertex -8.55977 26.3443 -5
      vertex -7.63515 26.6269 0
      vertex -8.55977 26.3443 0
    endloop
  endfacet
  facet normal 0.292292 -0.956329 0
    outer loop
      vertex -7.63515 26.6269 0
      vertex -8.55977 26.3443 -5
      vertex -7.63515 26.6269 -5
    endloop
  endfacet
  facet normal 0.601868 0.798595 -0
    outer loop
      vertex -16.2817 -22.4098 -5
      vertex -17.0538 -21.8279 0
      vertex -16.2817 -22.4098 0
    endloop
  endfacet
  facet normal 0.601868 0.798595 0
    outer loop
      vertex -17.0538 -21.8279 0
      vertex -16.2817 -22.4098 -5
      vertex -17.0538 -21.8279 -5
    endloop
  endfacet
  facet normal 0.987696 -0.156383 0
    outer loop
      vertex -27.4304 3.85509 0
      vertex -27.2792 4.81005 -5
      vertex -27.2792 4.81005 0
    endloop
  endfacet
  facet normal 0.987696 -0.156383 0
    outer loop
      vertex -27.2792 4.81005 -5
      vertex -27.4304 3.85509 0
      vertex -27.4304 3.85509 -5
    endloop
  endfacet
  facet normal 0.798595 -0.601868 0
    outer loop
      vertex -22.4098 16.2817 0
      vertex -21.8279 17.0538 -5
      vertex -21.8279 17.0538 0
    endloop
  endfacet
  facet normal 0.798595 -0.601868 0
    outer loop
      vertex -21.8279 17.0538 -5
      vertex -22.4098 16.2817 0
      vertex -22.4098 16.2817 -5
    endloop
  endfacet
  facet normal 0.857164 0.515043 0
    outer loop
      vertex -23.4909 -14.6788 0
      vertex -23.9889 -13.85 -5
      vertex -23.9889 -13.85 0
    endloop
  endfacet
  facet normal 0.857164 0.515043 0
    outer loop
      vertex -23.9889 -13.85 -5
      vertex -23.4909 -14.6788 0
      vertex -23.4909 -14.6788 -5
    endloop
  endfacet
  facet normal 0.96591 0.258877 0
    outer loop
      vertex -26.6269 -7.63515 0
      vertex -26.8772 -6.70124 -5
      vertex -26.8772 -6.70124 0
    endloop
  endfacet
  facet normal 0.96591 0.258877 0
    outer loop
      vertex -26.8772 -6.70124 -5
      vertex -26.6269 -7.63515 0
      vertex -26.6269 -7.63515 -5
    endloop
  endfacet
  facet normal 0.682009 0.731344 -0
    outer loop
      vertex -18.5349 -20.5851 -5
      vertex -19.242 -19.9257 0
      vertex -18.5349 -20.5851 0
    endloop
  endfacet
  facet normal 0.682009 0.731344 0
    outer loop
      vertex -19.242 -19.9257 0
      vertex -18.5349 -20.5851 -5
      vertex -19.242 -19.9257 -5
    endloop
  endfacet
  facet normal -0.819217 0.573483 0
    outer loop
      vertex 22.4098 -16.2817 -5
      vertex 22.9643 -15.4896 0
      vertex 22.9643 -15.4896 -5
    endloop
  endfacet
  facet normal -0.819217 0.573483 0
    outer loop
      vertex 22.9643 -15.4896 0
      vertex 22.4098 -16.2817 -5
      vertex 22.4098 -16.2817 0
    endloop
  endfacet
  facet normal 0.906318 -0.422597 0
    outer loop
      vertex -25.3052 11.2666 0
      vertex -24.8966 12.1429 -5
      vertex -24.8966 12.1429 0
    endloop
  endfacet
  facet normal 0.906318 -0.422597 0
    outer loop
      vertex -24.8966 12.1429 -5
      vertex -25.3052 11.2666 0
      vertex -25.3052 11.2666 -5
    endloop
  endfacet
  facet normal -0.224952 -0.97437 0
    outer loop
      vertex 5.75915 27.0947 -5
      vertex 6.70124 26.8772 0
      vertex 5.75915 27.0947 0
    endloop
  endfacet
  facet normal -0.224952 -0.97437 -0
    outer loop
      vertex 6.70124 26.8772 0
      vertex 5.75915 27.0947 -5
      vertex 6.70124 26.8772 -5
    endloop
  endfacet
  facet normal -0.906318 0.422597 0
    outer loop
      vertex 24.8966 -12.1429 -5
      vertex 25.3052 -11.2666 0
      vertex 25.3052 -11.2666 -5
    endloop
  endfacet
  facet normal -0.906318 0.422597 0
    outer loop
      vertex 25.3052 -11.2666 0
      vertex 24.8966 -12.1429 -5
      vertex 24.8966 -12.1429 0
    endloop
  endfacet
  facet normal -0.325586 0.945512 0
    outer loop
      vertex 9.47396 -26.0295 -5
      vertex 8.55977 -26.3443 0
      vertex 9.47396 -26.0295 0
    endloop
  endfacet
  facet normal -0.325586 0.945512 0
    outer loop
      vertex 8.55977 -26.3443 0
      vertex 9.47396 -26.0295 -5
      vertex 8.55977 -26.3443 -5
    endloop
  endfacet
  facet normal 0.515043 0.857164 -0
    outer loop
      vertex -13.85 -23.9889 -5
      vertex -14.6788 -23.4909 0
      vertex -13.85 -23.9889 0
    endloop
  endfacet
  facet normal 0.515043 0.857164 0
    outer loop
      vertex -14.6788 -23.4909 0
      vertex -13.85 -23.9889 -5
      vertex -14.6788 -23.4909 -5
    endloop
  endfacet
  facet normal 0.987669 -0.156556 0
    outer loop
      vertex 33.5819 -5.9214 4
      vertex 33.645 -5.52332 0
      vertex 33.645 -5.52332 4
    endloop
  endfacet
  facet normal 0.987669 -0.156556 0
    outer loop
      vertex 33.645 -5.52332 0
      vertex 33.5819 -5.9214 4
      vertex 33.5819 -5.9214 0
    endloop
  endfacet
  facet normal 0.390763 0.920491 -0
    outer loop
      vertex 13.8697 31.1519 0
      vertex 12.7741 31.617 4
      vertex 13.8697 31.1519 4
    endloop
  endfacet
  facet normal 0.390763 0.920491 0
    outer loop
      vertex 12.7741 31.617 4
      vertex 13.8697 31.1519 0
      vertex 12.7741 31.617 0
    endloop
  endfacet
  facet normal -0.707107 -0.707107 0
    outer loop
      vertex -23.6879 -24.5295 0
      vertex -24.5295 -23.6879 4
      vertex -24.5295 -23.6879 0
    endloop
  endfacet
  facet normal -0.707107 -0.707107 0
    outer loop
      vertex -24.5295 -23.6879 4
      vertex -23.6879 -24.5295 0
      vertex -23.6879 -24.5295 4
    endloop
  endfacet
  facet normal 0.754701 -0.656068 0
    outer loop
      vertex 25.3412 -22.8174 4
      vertex 26.1221 -21.9191 0
      vertex 26.1221 -21.9191 4
    endloop
  endfacet
  facet normal 0.754701 -0.656068 0
    outer loop
      vertex 26.1221 -21.9191 0
      vertex 25.3412 -22.8174 4
      vertex 25.3412 -22.8174 0
    endloop
  endfacet
  facet normal -0.0871248 0.996197 0
    outer loop
      vertex -2.3787 34.0169 0
      vertex -3.56442 33.9132 4
      vertex -2.3787 34.0169 4
    endloop
  endfacet
  facet normal -0.0871248 0.996197 0
    outer loop
      vertex -3.56442 33.9132 4
      vertex -2.3787 34.0169 0
      vertex -3.56442 33.9132 0
    endloop
  endfacet
  facet normal 0.777126 -0.629346 0
    outer loop
      vertex 26.1221 -21.9191 4
      vertex 26.8712 -20.9941 0
      vertex 26.8712 -20.9941 4
    endloop
  endfacet
  facet normal 0.777126 -0.629346 0
    outer loop
      vertex 26.8712 -20.9941 0
      vertex 26.1221 -21.9191 4
      vertex 26.1221 -21.9191 0
    endloop
  endfacet
  facet normal 0.156437 0.987688 -0
    outer loop
      vertex 5.9214 33.5819 0
      vertex 4.7458 33.7681 4
      vertex 5.9214 33.5819 4
    endloop
  endfacet
  facet normal 0.156437 0.987688 0
    outer loop
      vertex 4.7458 33.7681 4
      vertex 5.9214 33.5819 0
      vertex 4.7458 33.7681 0
    endloop
  endfacet
  facet normal 0.544578 0.83871 -0
    outer loop
      vertex 19.0685 28.2702 0
      vertex 18.0702 28.9184 4
      vertex 19.0685 28.2702 4
    endloop
  endfacet
  facet normal 0.544578 0.83871 0
    outer loop
      vertex 18.0702 28.9184 4
      vertex 19.0685 28.2702 0
      vertex 18.0702 28.9184 0
    endloop
  endfacet
  facet normal 0.974379 -0.224912 0
    outer loop
      vertex 33.0871 -8.24954 4
      vertex 33.3548 -7.08979 0
      vertex 33.3548 -7.08979 4
    endloop
  endfacet
  facet normal 0.974379 -0.224912 0
    outer loop
      vertex 33.3548 -7.08979 0
      vertex 33.0871 -8.24954 4
      vertex 33.0871 -8.24954 0
    endloop
  endfacet
  facet normal 0.956306 0.292369 0
    outer loop
      vertex 32.779 9.39923 4
      vertex 32.431 10.5375 0
      vertex 32.431 10.5375 4
    endloop
  endfacet
  facet normal 0.956306 0.292369 0
    outer loop
      vertex 32.431 10.5375 0
      vertex 32.779 9.39923 4
      vertex 32.779 9.39923 0
    endloop
  endfacet
  facet normal 0.0174753 -0.999847 0
    outer loop
      vertex 0 -34.1 0
      vertex 1.19007 -34.0792 4
      vertex 0 -34.1 4
    endloop
  endfacet
  facet normal 0.0174753 -0.999847 0
    outer loop
      vertex 1.19007 -34.0792 4
      vertex 0 -34.1 0
      vertex 1.19007 -34.0792 0
    endloop
  endfacet
  facet normal -0.933594 -0.358332 0
    outer loop
      vertex -31.617 -12.7741 0
      vertex -32.0435 -11.6629 4
      vertex -32.0435 -11.6629 0
    endloop
  endfacet
  facet normal -0.933594 -0.358332 0
    outer loop
      vertex -32.0435 -11.6629 4
      vertex -31.617 -12.7741 0
      vertex -31.617 -12.7741 4
    endloop
  endfacet
  facet normal -0.6018 0.798647 0
    outer loop
      vertex -20.0435 27.5875 0
      vertex -20.9941 26.8712 4
      vertex -20.0435 27.5875 4
    endloop
  endfacet
  facet normal -0.6018 0.798647 0
    outer loop
      vertex -20.9941 26.8712 4
      vertex -20.0435 27.5875 0
      vertex -20.9941 26.8712 0
    endloop
  endfacet
  facet normal -0.731376 0.681974 0
    outer loop
      vertex -25.3412 22.8174 0
      vertex -24.5295 23.6879 4
      vertex -24.5295 23.6879 0
    endloop
  endfacet
  facet normal -0.731376 0.681974 0
    outer loop
      vertex -24.5295 23.6879 4
      vertex -25.3412 22.8174 0
      vertex -25.3412 22.8174 4
    endloop
  endfacet
  facet normal 0.515101 -0.857129 0
    outer loop
      vertex 17.05 -29.5315 0
      vertex 18.0702 -28.9184 4
      vertex 17.05 -29.5315 4
    endloop
  endfacet
  facet normal 0.515101 -0.857129 0
    outer loop
      vertex 18.0702 -28.9184 4
      vertex 17.05 -29.5315 0
      vertex 18.0702 -28.9184 0
    endloop
  endfacet
  facet normal -0.906325 0.422582 0
    outer loop
      vertex -31.1519 13.8697 0
      vertex -30.6489 14.9485 4
      vertex -30.6489 14.9485 0
    endloop
  endfacet
  facet normal -0.906325 0.422582 0
    outer loop
      vertex -30.6489 14.9485 4
      vertex -31.1519 13.8697 0
      vertex -31.1519 13.8697 4
    endloop
  endfacet
  facet normal 0.798647 0.6018 0
    outer loop
      vertex 27.5875 20.0435 4
      vertex 26.8712 20.9941 0
      vertex 26.8712 20.9941 4
    endloop
  endfacet
  facet normal 0.798647 0.6018 0
    outer loop
      vertex 26.8712 20.9941 0
      vertex 27.5875 20.0435 4
      vertex 27.5875 20.0435 0
    endloop
  endfacet
  facet normal -0.981585 0.191026 0
    outer loop
      vertex -33.3878 6.92022 0
      vertex -33.3548 7.08979 4
      vertex -33.3548 7.08979 0
    endloop
  endfacet
  facet normal -0.981585 0.191026 0
    outer loop
      vertex -33.3548 7.08979 4
      vertex -33.3878 6.92022 0
      vertex -33.3878 6.92022 4
    endloop
  endfacet
  facet normal 0.224912 -0.974379 0
    outer loop
      vertex 7.08979 -33.3548 0
      vertex 8.24954 -33.0871 4
      vertex 7.08979 -33.3548 4
    endloop
  endfacet
  facet normal 0.224912 -0.974379 0
    outer loop
      vertex 8.24954 -33.0871 4
      vertex 7.08979 -33.3548 0
      vertex 8.24954 -33.0871 0
    endloop
  endfacet
  facet normal 0.544578 -0.83871 0
    outer loop
      vertex 18.0702 -28.9184 0
      vertex 19.0685 -28.2702 4
      vertex 18.0702 -28.9184 4
    endloop
  endfacet
  facet normal 0.544578 -0.83871 0
    outer loop
      vertex 19.0685 -28.2702 4
      vertex 18.0702 -28.9184 0
      vertex 19.0685 -28.2702 0
    endloop
  endfacet
  facet normal -0.292369 0.956306 0
    outer loop
      vertex -9.39923 32.779 0
      vertex -10.5375 32.431 4
      vertex -9.39923 32.779 4
    endloop
  endfacet
  facet normal -0.292369 0.956306 0
    outer loop
      vertex -10.5375 32.431 4
      vertex -9.39923 32.779 0
      vertex -10.5375 32.431 0
    endloop
  endfacet
  facet normal 0.6018 0.798647 -0
    outer loop
      vertex 20.9941 26.8712 0
      vertex 20.0435 27.5875 4
      vertex 20.9941 26.8712 4
    endloop
  endfacet
  facet normal 0.6018 0.798647 0
    outer loop
      vertex 20.0435 27.5875 4
      vertex 20.9941 26.8712 0
      vertex 20.0435 27.5875 0
    endloop
  endfacet
  facet normal 0.121906 -0.992542 0
    outer loop
      vertex 3.56442 -33.9132 0
      vertex 4.7458 -33.7681 4
      vertex 3.56442 -33.9132 4
    endloop
  endfacet
  facet normal 0.121906 -0.992542 0
    outer loop
      vertex 4.7458 -33.7681 4
      vertex 3.56442 -33.9132 0
      vertex 4.7458 -33.7681 0
    endloop
  endfacet
  facet normal -0.224912 0.974379 0
    outer loop
      vertex -7.08979 33.3548 0
      vertex -8.24954 33.0871 4
      vertex -7.08979 33.3548 4
    endloop
  endfacet
  facet normal -0.224912 0.974379 0
    outer loop
      vertex -8.24954 33.0871 4
      vertex -7.08979 33.3548 0
      vertex -8.24954 33.0871 0
    endloop
  endfacet
  facet normal 0.965917 -0.258852 0
    outer loop
      vertex 32.779 -9.39923 4
      vertex 33.0871 -8.24954 0
      vertex 33.0871 -8.24954 4
    endloop
  endfacet
  facet normal 0.965917 -0.258852 0
    outer loop
      vertex 33.0871 -8.24954 0
      vertex 32.779 -9.39923 4
      vertex 32.779 -9.39923 0
    endloop
  endfacet
  facet normal -0.156437 -0.987688 0
    outer loop
      vertex -5.9214 -33.5819 0
      vertex -4.7458 -33.7681 4
      vertex -5.9214 -33.5819 4
    endloop
  endfacet
  facet normal -0.156437 -0.987688 -0
    outer loop
      vertex -4.7458 -33.7681 4
      vertex -5.9214 -33.5819 0
      vertex -4.7458 -33.7681 0
    endloop
  endfacet
  facet normal -0.94552 0.325563 0
    outer loop
      vertex -32.431 10.5375 0
      vertex -32.0435 11.6629 4
      vertex -32.0435 11.6629 0
    endloop
  endfacet
  facet normal -0.94552 0.325563 0
    outer loop
      vertex -32.0435 11.6629 4
      vertex -32.431 10.5375 0
      vertex -32.431 10.5375 4
    endloop
  endfacet
  facet normal 0.573575 0.819153 -0
    outer loop
      vertex 20.0435 27.5875 0
      vertex 19.0685 28.2702 4
      vertex 20.0435 27.5875 4
    endloop
  endfacet
  facet normal 0.573575 0.819153 0
    outer loop
      vertex 19.0685 28.2702 4
      vertex 20.0435 27.5875 0
      vertex 19.0685 28.2702 0
    endloop
  endfacet
  facet normal -0.454023 0.89099 0
    outer loop
      vertex -14.9485 30.6489 0
      vertex -16.009 30.1085 4
      vertex -14.9485 30.6489 4
    endloop
  endfacet
  facet normal -0.454023 0.89099 0
    outer loop
      vertex -16.009 30.1085 4
      vertex -14.9485 30.6489 0
      vertex -16.009 30.1085 0
    endloop
  endfacet
  facet normal -0.454023 -0.89099 0
    outer loop
      vertex -16.009 -30.1085 0
      vertex -14.9485 -30.6489 4
      vertex -16.009 -30.1085 4
    endloop
  endfacet
  facet normal -0.454023 -0.89099 -0
    outer loop
      vertex -14.9485 -30.6489 4
      vertex -16.009 -30.1085 0
      vertex -14.9485 -30.6489 0
    endloop
  endfacet
  facet normal -0.358332 0.933594 0
    outer loop
      vertex -11.6629 32.0435 0
      vertex -12.7741 31.617 4
      vertex -11.6629 32.0435 4
    endloop
  endfacet
  facet normal -0.358332 0.933594 0
    outer loop
      vertex -12.7741 31.617 4
      vertex -11.6629 32.0435 0
      vertex -12.7741 31.617 0
    endloop
  endfacet
  facet normal -0.94552 -0.325563 0
    outer loop
      vertex -32.0435 -11.6629 0
      vertex -32.431 -10.5375 4
      vertex -32.431 -10.5375 0
    endloop
  endfacet
  facet normal -0.94552 -0.325563 0
    outer loop
      vertex -32.431 -10.5375 4
      vertex -32.0435 -11.6629 0
      vertex -32.0435 -11.6629 4
    endloop
  endfacet
  facet normal 0.83871 -0.544578 0
    outer loop
      vertex 28.2702 -19.0685 4
      vertex 28.9184 -18.0702 0
      vertex 28.9184 -18.0702 4
    endloop
  endfacet
  facet normal 0.83871 -0.544578 0
    outer loop
      vertex 28.9184 -18.0702 0
      vertex 28.2702 -19.0685 4
      vertex 28.2702 -19.0685 0
    endloop
  endfacet
  facet normal -0.0871248 -0.996197 0
    outer loop
      vertex -3.56442 -33.9132 0
      vertex -2.3787 -34.0169 4
      vertex -3.56442 -33.9132 4
    endloop
  endfacet
  facet normal -0.0871248 -0.996197 -0
    outer loop
      vertex -2.3787 -34.0169 4
      vertex -3.56442 -33.9132 0
      vertex -2.3787 -34.0169 0
    endloop
  endfacet
  facet normal 0.707107 -0.707107 0
    outer loop
      vertex 23.6879 -24.5295 4
      vertex 24.5295 -23.6879 0
      vertex 24.5295 -23.6879 4
    endloop
  endfacet
  facet normal 0.707107 -0.707107 0
    outer loop
      vertex 24.5295 -23.6879 0
      vertex 23.6879 -24.5295 4
      vertex 23.6879 -24.5295 0
    endloop
  endfacet
  facet normal -0.857129 -0.515101 0
    outer loop
      vertex -28.9184 -18.0702 0
      vertex -29.5315 -17.05 4
      vertex -29.5315 -17.05 0
    endloop
  endfacet
  facet normal -0.857129 -0.515101 0
    outer loop
      vertex -29.5315 -17.05 4
      vertex -28.9184 -18.0702 0
      vertex -28.9184 -18.0702 4
    endloop
  endfacet
  facet normal 0.121906 0.992542 -0
    outer loop
      vertex 4.7458 33.7681 0
      vertex 3.56442 33.9132 4
      vertex 4.7458 33.7681 4
    endloop
  endfacet
  facet normal 0.121906 0.992542 0
    outer loop
      vertex 3.56442 33.9132 4
      vertex 4.7458 33.7681 0
      vertex 3.56442 33.9132 0
    endloop
  endfacet
  facet normal 0.920491 -0.390763 0
    outer loop
      vertex 31.1519 -13.8697 4
      vertex 31.617 -12.7741 0
      vertex 31.617 -12.7741 4
    endloop
  endfacet
  facet normal 0.920491 -0.390763 0
    outer loop
      vertex 31.617 -12.7741 0
      vertex 31.1519 -13.8697 4
      vertex 31.1519 -13.8697 0
    endloop
  endfacet
  facet normal 0.933594 -0.358332 0
    outer loop
      vertex 31.617 -12.7741 4
      vertex 32.0435 -11.6629 0
      vertex 32.0435 -11.6629 4
    endloop
  endfacet
  facet normal 0.933594 -0.358332 0
    outer loop
      vertex 32.0435 -11.6629 0
      vertex 31.617 -12.7741 4
      vertex 31.617 -12.7741 0
    endloop
  endfacet
  facet normal 0.515101 0.857129 -0
    outer loop
      vertex 18.0702 28.9184 0
      vertex 17.05 29.5315 4
      vertex 18.0702 28.9184 4
    endloop
  endfacet
  facet normal 0.515101 0.857129 0
    outer loop
      vertex 17.05 29.5315 4
      vertex 18.0702 28.9184 0
      vertex 17.05 29.5315 0
    endloop
  endfacet
  facet normal 0.358332 -0.933594 0
    outer loop
      vertex 11.6629 -32.0435 0
      vertex 12.7741 -31.617 4
      vertex 11.6629 -32.0435 4
    endloop
  endfacet
  facet normal 0.358332 -0.933594 0
    outer loop
      vertex 12.7741 -31.617 4
      vertex 11.6629 -32.0435 0
      vertex 12.7741 -31.617 0
    endloop
  endfacet
  facet normal 0.190799 0.981629 -0
    outer loop
      vertex 7.08979 33.3548 0
      vertex 5.9214 33.5819 4
      vertex 7.08979 33.3548 4
    endloop
  endfacet
  facet normal 0.190799 0.981629 0
    outer loop
      vertex 5.9214 33.5819 4
      vertex 7.08979 33.3548 0
      vertex 5.9214 33.5819 0
    endloop
  endfacet
  facet normal -0.707107 0.707107 0
    outer loop
      vertex -24.5295 23.6879 0
      vertex -23.6879 24.5295 4
      vertex -23.6879 24.5295 0
    endloop
  endfacet
  facet normal -0.707107 0.707107 0
    outer loop
      vertex -23.6879 24.5295 4
      vertex -24.5295 23.6879 0
      vertex -24.5295 23.6879 4
    endloop
  endfacet
  facet normal 0.656068 0.754701 -0
    outer loop
      vertex 22.8174 25.3412 0
      vertex 21.9191 26.1221 4
      vertex 22.8174 25.3412 4
    endloop
  endfacet
  facet normal 0.656068 0.754701 0
    outer loop
      vertex 21.9191 26.1221 4
      vertex 22.8174 25.3412 0
      vertex 21.9191 26.1221 0
    endloop
  endfacet
  facet normal 0.777126 0.629346 0
    outer loop
      vertex 26.8712 20.9941 4
      vertex 26.1221 21.9191 0
      vertex 26.1221 21.9191 4
    endloop
  endfacet
  facet normal 0.777126 0.629346 0
    outer loop
      vertex 26.1221 21.9191 0
      vertex 26.8712 20.9941 4
      vertex 26.8712 20.9941 0
    endloop
  endfacet
  facet normal 0.89099 0.454023 0
    outer loop
      vertex 30.6489 14.9485 4
      vertex 30.1085 16.009 0
      vertex 30.1085 16.009 4
    endloop
  endfacet
  facet normal 0.89099 0.454023 0
    outer loop
      vertex 30.1085 16.009 0
      vertex 30.6489 14.9485 4
      vertex 30.6489 14.9485 0
    endloop
  endfacet
  facet normal -0.573575 0.819153 0
    outer loop
      vertex -19.0685 28.2702 0
      vertex -20.0435 27.5875 4
      vertex -19.0685 28.2702 4
    endloop
  endfacet
  facet normal -0.573575 0.819153 0
    outer loop
      vertex -20.0435 27.5875 4
      vertex -19.0685 28.2702 0
      vertex -20.0435 27.5875 0
    endloop
  endfacet
  facet normal -0.974379 0.224912 0
    outer loop
      vertex -33.3548 7.08979 0
      vertex -33.0871 8.24954 4
      vertex -33.0871 8.24954 0
    endloop
  endfacet
  facet normal -0.974379 0.224912 0
    outer loop
      vertex -33.0871 8.24954 4
      vertex -33.3548 7.08979 0
      vertex -33.3548 7.08979 4
    endloop
  endfacet
  facet normal 0.981629 0.190799 0
    outer loop
      vertex 33.5819 5.9214 4
      vertex 33.3548 7.08979 0
      vertex 33.3548 7.08979 4
    endloop
  endfacet
  facet normal 0.981629 0.190799 0
    outer loop
      vertex 33.3548 7.08979 0
      vertex 33.5819 5.9214 4
      vertex 33.5819 5.9214 0
    endloop
  endfacet
  facet normal -0.190799 0.981629 0
    outer loop
      vertex -5.9214 33.5819 0
      vertex -7.08979 33.3548 4
      vertex -5.9214 33.5819 4
    endloop
  endfacet
  facet normal -0.190799 0.981629 0
    outer loop
      vertex -7.08979 33.3548 4
      vertex -5.9214 33.5819 0
      vertex -7.08979 33.3548 0
    endloop
  endfacet
  facet normal 0.83871 0.544578 0
    outer loop
      vertex 28.9184 18.0702 4
      vertex 28.2702 19.0685 0
      vertex 28.2702 19.0685 4
    endloop
  endfacet
  facet normal 0.83871 0.544578 0
    outer loop
      vertex 28.2702 19.0685 0
      vertex 28.9184 18.0702 4
      vertex 28.9184 18.0702 0
    endloop
  endfacet
  facet normal -0.974379 -0.224912 0
    outer loop
      vertex -33.0871 -8.24954 0
      vertex -33.3548 -7.08979 4
      vertex -33.3548 -7.08979 0
    endloop
  endfacet
  facet normal -0.974379 -0.224912 0
    outer loop
      vertex -33.3548 -7.08979 4
      vertex -33.0871 -8.24954 0
      vertex -33.0871 -8.24954 4
    endloop
  endfacet
  facet normal 0.754701 0.656068 0
    outer loop
      vertex 26.1221 21.9191 4
      vertex 25.3412 22.8174 0
      vertex 25.3412 22.8174 4
    endloop
  endfacet
  facet normal 0.754701 0.656068 0
    outer loop
      vertex 25.3412 22.8174 0
      vertex 26.1221 21.9191 4
      vertex 26.1221 21.9191 0
    endloop
  endfacet
  facet normal -0.906325 -0.422582 0
    outer loop
      vertex -30.6489 -14.9485 0
      vertex -31.1519 -13.8697 4
      vertex -31.1519 -13.8697 0
    endloop
  endfacet
  facet normal -0.906325 -0.422582 0
    outer loop
      vertex -31.1519 -13.8697 4
      vertex -30.6489 -14.9485 0
      vertex -30.6489 -14.9485 4
    endloop
  endfacet
  facet normal -0.390763 -0.920491 0
    outer loop
      vertex -13.8697 -31.1519 0
      vertex -12.7741 -31.617 4
      vertex -13.8697 -31.1519 4
    endloop
  endfacet
  facet normal -0.390763 -0.920491 -0
    outer loop
      vertex -12.7741 -31.617 4
      vertex -13.8697 -31.1519 0
      vertex -12.7741 -31.617 0
    endloop
  endfacet
  facet normal 0.94552 0.325563 0
    outer loop
      vertex 32.431 10.5375 4
      vertex 32.0435 11.6629 0
      vertex 32.0435 11.6629 4
    endloop
  endfacet
  facet normal 0.94552 0.325563 0
    outer loop
      vertex 32.0435 11.6629 0
      vertex 32.431 10.5375 4
      vertex 32.431 10.5375 0
    endloop
  endfacet
  facet normal -0.956306 0.292369 0
    outer loop
      vertex -32.779 9.39923 0
      vertex -32.431 10.5375 4
      vertex -32.431 10.5375 0
    endloop
  endfacet
  facet normal -0.956306 0.292369 0
    outer loop
      vertex -32.431 10.5375 4
      vertex -32.779 9.39923 0
      vertex -32.779 9.39923 4
    endloop
  endfacet
  facet normal 0.906325 0.422582 0
    outer loop
      vertex 31.1519 13.8697 4
      vertex 30.6489 14.9485 0
      vertex 30.6489 14.9485 4
    endloop
  endfacet
  facet normal 0.906325 0.422582 0
    outer loop
      vertex 30.6489 14.9485 0
      vertex 31.1519 13.8697 4
      vertex 31.1519 13.8697 0
    endloop
  endfacet
  facet normal -0.121906 0.992542 0
    outer loop
      vertex -3.56442 33.9132 0
      vertex -4.7458 33.7681 4
      vertex -3.56442 33.9132 4
    endloop
  endfacet
  facet normal -0.121906 0.992542 0
    outer loop
      vertex -4.7458 33.7681 4
      vertex -3.56442 33.9132 0
      vertex -4.7458 33.7681 0
    endloop
  endfacet
  facet normal 0.731376 -0.681974 0
    outer loop
      vertex 24.5295 -23.6879 4
      vertex 25.3412 -22.8174 0
      vertex 25.3412 -22.8174 4
    endloop
  endfacet
  facet normal 0.731376 -0.681974 0
    outer loop
      vertex 25.3412 -22.8174 0
      vertex 24.5295 -23.6879 4
      vertex 24.5295 -23.6879 0
    endloop
  endfacet
  facet normal 0.906325 -0.422582 0
    outer loop
      vertex 30.6489 -14.9485 4
      vertex 31.1519 -13.8697 0
      vertex 31.1519 -13.8697 4
    endloop
  endfacet
  facet normal 0.906325 -0.422582 0
    outer loop
      vertex 31.1519 -13.8697 0
      vertex 30.6489 -14.9485 4
      vertex 30.6489 -14.9485 0
    endloop
  endfacet
  facet normal -0.629346 0.777126 0
    outer loop
      vertex -20.9941 26.8712 0
      vertex -21.9191 26.1221 4
      vertex -20.9941 26.8712 4
    endloop
  endfacet
  facet normal -0.629346 0.777126 0
    outer loop
      vertex -21.9191 26.1221 4
      vertex -20.9941 26.8712 0
      vertex -21.9191 26.1221 0
    endloop
  endfacet
  facet normal -0.0174753 0.999847 0
    outer loop
      vertex 0 34.1 0
      vertex -1.19007 34.0792 4
      vertex 0 34.1 4
    endloop
  endfacet
  facet normal -0.0174753 0.999847 0
    outer loop
      vertex -1.19007 34.0792 4
      vertex 0 34.1 0
      vertex -1.19007 34.0792 0
    endloop
  endfacet
  facet normal 0.89099 -0.454023 0
    outer loop
      vertex 30.1085 -16.009 4
      vertex 30.6489 -14.9485 0
      vertex 30.6489 -14.9485 4
    endloop
  endfacet
  facet normal 0.89099 -0.454023 0
    outer loop
      vertex 30.6489 -14.9485 0
      vertex 30.1085 -16.009 4
      vertex 30.1085 -16.009 0
    endloop
  endfacet
  facet normal 0.974379 0.224912 0
    outer loop
      vertex 33.3548 7.08979 4
      vertex 33.0871 8.24954 0
      vertex 33.0871 8.24954 4
    endloop
  endfacet
  facet normal 0.974379 0.224912 0
    outer loop
      vertex 33.0871 8.24954 0
      vertex 33.3548 7.08979 4
      vertex 33.3548 7.08979 0
    endloop
  endfacet
  facet normal 0.965917 0.258852 0
    outer loop
      vertex 33.0871 8.24954 4
      vertex 32.779 9.39923 0
      vertex 32.779 9.39923 4
    endloop
  endfacet
  facet normal 0.965917 0.258852 0
    outer loop
      vertex 32.779 9.39923 0
      vertex 33.0871 8.24954 4
      vertex 33.0871 8.24954 0
    endloop
  endfacet
  facet normal -0.292369 -0.956306 0
    outer loop
      vertex -10.5375 -32.431 0
      vertex -9.39923 -32.779 4
      vertex -10.5375 -32.431 4
    endloop
  endfacet
  facet normal -0.292369 -0.956306 -0
    outer loop
      vertex -9.39923 -32.779 4
      vertex -10.5375 -32.431 0
      vertex -9.39923 -32.779 0
    endloop
  endfacet
  facet normal 0.358332 0.933594 -0
    outer loop
      vertex 12.7741 31.617 0
      vertex 11.6629 32.0435 4
      vertex 12.7741 31.617 4
    endloop
  endfacet
  facet normal 0.358332 0.933594 0
    outer loop
      vertex 11.6629 32.0435 4
      vertex 12.7741 31.617 0
      vertex 11.6629 32.0435 0
    endloop
  endfacet
  facet normal 0.0174753 0.999847 -0
    outer loop
      vertex 1.19007 34.0792 0
      vertex 0 34.1 4
      vertex 1.19007 34.0792 4
    endloop
  endfacet
  facet normal 0.0174753 0.999847 0
    outer loop
      vertex 0 34.1 4
      vertex 1.19007 34.0792 0
      vertex 0 34.1 0
    endloop
  endfacet
  facet normal 0.94552 -0.325563 0
    outer loop
      vertex 32.0435 -11.6629 4
      vertex 32.431 -10.5375 0
      vertex 32.431 -10.5375 4
    endloop
  endfacet
  facet normal 0.94552 -0.325563 0
    outer loop
      vertex 32.431 -10.5375 0
      vertex 32.0435 -11.6629 4
      vertex 32.0435 -11.6629 0
    endloop
  endfacet
  facet normal 0.656068 -0.754701 0
    outer loop
      vertex 21.9191 -26.1221 0
      vertex 22.8174 -25.3412 4
      vertex 21.9191 -26.1221 4
    endloop
  endfacet
  facet normal 0.656068 -0.754701 0
    outer loop
      vertex 22.8174 -25.3412 4
      vertex 21.9191 -26.1221 0
      vertex 22.8174 -25.3412 0
    endloop
  endfacet
  facet normal -0.224912 -0.974379 0
    outer loop
      vertex -8.24954 -33.0871 0
      vertex -7.08979 -33.3548 4
      vertex -8.24954 -33.0871 4
    endloop
  endfacet
  facet normal -0.224912 -0.974379 -0
    outer loop
      vertex -7.08979 -33.3548 4
      vertex -8.24954 -33.0871 0
      vertex -7.08979 -33.3548 0
    endloop
  endfacet
  facet normal -0.0523414 0.998629 0
    outer loop
      vertex -1.19007 34.0792 0
      vertex -2.3787 34.0169 4
      vertex -1.19007 34.0792 4
    endloop
  endfacet
  facet normal -0.0523414 0.998629 0
    outer loop
      vertex -2.3787 34.0169 4
      vertex -1.19007 34.0792 0
      vertex -2.3787 34.0169 0
    endloop
  endfacet
  facet normal -0.422582 0.906325 0
    outer loop
      vertex -13.8697 31.1519 0
      vertex -14.9485 30.6489 4
      vertex -13.8697 31.1519 4
    endloop
  endfacet
  facet normal -0.422582 0.906325 0
    outer loop
      vertex -14.9485 30.6489 4
      vertex -13.8697 31.1519 0
      vertex -14.9485 30.6489 0
    endloop
  endfacet
  facet normal 0.956306 -0.292369 0
    outer loop
      vertex 32.431 -10.5375 4
      vertex 32.779 -9.39923 0
      vertex 32.779 -9.39923 4
    endloop
  endfacet
  facet normal 0.956306 -0.292369 0
    outer loop
      vertex 32.779 -9.39923 0
      vertex 32.431 -10.5375 4
      vertex 32.431 -10.5375 0
    endloop
  endfacet
  facet normal -0.777126 0.629346 0
    outer loop
      vertex -26.8712 20.9941 0
      vertex -26.1221 21.9191 4
      vertex -26.1221 21.9191 0
    endloop
  endfacet
  facet normal -0.777126 0.629346 0
    outer loop
      vertex -26.1221 21.9191 4
      vertex -26.8712 20.9941 0
      vertex -26.8712 20.9941 4
    endloop
  endfacet
  facet normal -0.798647 -0.6018 0
    outer loop
      vertex -26.8712 -20.9941 0
      vertex -27.5875 -20.0435 4
      vertex -27.5875 -20.0435 0
    endloop
  endfacet
  facet normal -0.798647 -0.6018 0
    outer loop
      vertex -27.5875 -20.0435 4
      vertex -26.8712 -20.9941 0
      vertex -26.8712 -20.9941 4
    endloop
  endfacet
  facet normal 0.731376 0.681974 0
    outer loop
      vertex 25.3412 22.8174 4
      vertex 24.5295 23.6879 0
      vertex 24.5295 23.6879 4
    endloop
  endfacet
  facet normal 0.731376 0.681974 0
    outer loop
      vertex 24.5295 23.6879 0
      vertex 25.3412 22.8174 4
      vertex 25.3412 22.8174 0
    endloop
  endfacet
  facet normal -0.798647 0.6018 0
    outer loop
      vertex -27.5875 20.0435 0
      vertex -26.8712 20.9941 4
      vertex -26.8712 20.9941 0
    endloop
  endfacet
  facet normal -0.798647 0.6018 0
    outer loop
      vertex -26.8712 20.9941 4
      vertex -27.5875 20.0435 0
      vertex -27.5875 20.0435 4
    endloop
  endfacet
  facet normal 0.874632 -0.484787 0
    outer loop
      vertex 29.5315 -17.05 4
      vertex 30.1085 -16.009 0
      vertex 30.1085 -16.009 4
    endloop
  endfacet
  facet normal 0.874632 -0.484787 0
    outer loop
      vertex 30.1085 -16.009 0
      vertex 29.5315 -17.05 4
      vertex 29.5315 -17.05 0
    endloop
  endfacet
  facet normal -0.981585 -0.191026 0
    outer loop
      vertex -33.3548 -7.08979 0
      vertex -33.3878 -6.92022 4
      vertex -33.3878 -6.92022 0
    endloop
  endfacet
  facet normal -0.981585 -0.191026 0
    outer loop
      vertex -33.3878 -6.92022 4
      vertex -33.3548 -7.08979 0
      vertex -33.3548 -7.08979 4
    endloop
  endfacet
  facet normal 0.819153 0.573575 0
    outer loop
      vertex 28.2702 19.0685 4
      vertex 27.5875 20.0435 0
      vertex 27.5875 20.0435 4
    endloop
  endfacet
  facet normal 0.819153 0.573575 0
    outer loop
      vertex 27.5875 20.0435 0
      vertex 28.2702 19.0685 4
      vertex 28.2702 19.0685 0
    endloop
  endfacet
  facet normal 0.629346 0.777126 -0
    outer loop
      vertex 21.9191 26.1221 0
      vertex 20.9941 26.8712 4
      vertex 21.9191 26.1221 4
    endloop
  endfacet
  facet normal 0.629346 0.777126 0
    outer loop
      vertex 20.9941 26.8712 4
      vertex 21.9191 26.1221 0
      vertex 20.9941 26.8712 0
    endloop
  endfacet
  facet normal 0.258852 -0.965917 0
    outer loop
      vertex 8.24954 -33.0871 0
      vertex 9.39923 -32.779 4
      vertex 8.24954 -33.0871 4
    endloop
  endfacet
  facet normal 0.258852 -0.965917 0
    outer loop
      vertex 9.39923 -32.779 4
      vertex 8.24954 -33.0871 0
      vertex 9.39923 -32.779 0
    endloop
  endfacet
  facet normal -0.857129 0.515101 0
    outer loop
      vertex -29.5315 17.05 0
      vertex -28.9184 18.0702 4
      vertex -28.9184 18.0702 0
    endloop
  endfacet
  facet normal -0.857129 0.515101 0
    outer loop
      vertex -28.9184 18.0702 4
      vertex -29.5315 17.05 0
      vertex -29.5315 17.05 4
    endloop
  endfacet
  facet normal -0.874632 -0.484787 0
    outer loop
      vertex -29.5315 -17.05 0
      vertex -30.1085 -16.009 4
      vertex -30.1085 -16.009 0
    endloop
  endfacet
  facet normal -0.874632 -0.484787 0
    outer loop
      vertex -30.1085 -16.009 4
      vertex -29.5315 -17.05 0
      vertex -29.5315 -17.05 4
    endloop
  endfacet
  facet normal -0.933594 0.358332 0
    outer loop
      vertex -32.0435 11.6629 0
      vertex -31.617 12.7741 4
      vertex -31.617 12.7741 0
    endloop
  endfacet
  facet normal -0.933594 0.358332 0
    outer loop
      vertex -31.617 12.7741 4
      vertex -32.0435 11.6629 0
      vertex -32.0435 11.6629 4
    endloop
  endfacet
  facet normal 0.681974 -0.731376 0
    outer loop
      vertex 22.8174 -25.3412 0
      vertex 23.6879 -24.5295 4
      vertex 22.8174 -25.3412 4
    endloop
  endfacet
  facet normal 0.681974 -0.731376 0
    outer loop
      vertex 23.6879 -24.5295 4
      vertex 22.8174 -25.3412 0
      vertex 23.6879 -24.5295 0
    endloop
  endfacet
  facet normal 0.573575 -0.819153 0
    outer loop
      vertex 19.0685 -28.2702 0
      vertex 20.0435 -27.5875 4
      vertex 19.0685 -28.2702 4
    endloop
  endfacet
  facet normal 0.573575 -0.819153 0
    outer loop
      vertex 20.0435 -27.5875 4
      vertex 19.0685 -28.2702 0
      vertex 20.0435 -27.5875 0
    endloop
  endfacet
  facet normal 0.981629 -0.190799 0
    outer loop
      vertex 33.3548 -7.08979 4
      vertex 33.5819 -5.9214 0
      vertex 33.5819 -5.9214 4
    endloop
  endfacet
  facet normal 0.981629 -0.190799 0
    outer loop
      vertex 33.5819 -5.9214 0
      vertex 33.3548 -7.08979 4
      vertex 33.3548 -7.08979 0
    endloop
  endfacet
  facet normal -0.656068 -0.754701 0
    outer loop
      vertex -22.8174 -25.3412 0
      vertex -21.9191 -26.1221 4
      vertex -22.8174 -25.3412 4
    endloop
  endfacet
  facet normal -0.656068 -0.754701 -0
    outer loop
      vertex -21.9191 -26.1221 4
      vertex -22.8174 -25.3412 0
      vertex -21.9191 -26.1221 0
    endloop
  endfacet
  facet normal -0.156437 0.987688 0
    outer loop
      vertex -4.7458 33.7681 0
      vertex -5.9214 33.5819 4
      vertex -4.7458 33.7681 4
    endloop
  endfacet
  facet normal -0.156437 0.987688 0
    outer loop
      vertex -5.9214 33.5819 4
      vertex -4.7458 33.7681 0
      vertex -5.9214 33.5819 0
    endloop
  endfacet
  facet normal 0.874632 0.484787 0
    outer loop
      vertex 30.1085 16.009 4
      vertex 29.5315 17.05 0
      vertex 29.5315 17.05 4
    endloop
  endfacet
  facet normal 0.874632 0.484787 0
    outer loop
      vertex 29.5315 17.05 0
      vertex 30.1085 16.009 4
      vertex 30.1085 16.009 0
    endloop
  endfacet
  facet normal 0.390763 -0.920491 0
    outer loop
      vertex 12.7741 -31.617 0
      vertex 13.8697 -31.1519 4
      vertex 12.7741 -31.617 4
    endloop
  endfacet
  facet normal 0.390763 -0.920491 0
    outer loop
      vertex 13.8697 -31.1519 4
      vertex 12.7741 -31.617 0
      vertex 13.8697 -31.1519 0
    endloop
  endfacet
  facet normal -0.777126 -0.629346 0
    outer loop
      vertex -26.1221 -21.9191 0
      vertex -26.8712 -20.9941 4
      vertex -26.8712 -20.9941 0
    endloop
  endfacet
  facet normal -0.777126 -0.629346 0
    outer loop
      vertex -26.8712 -20.9941 4
      vertex -26.1221 -21.9191 0
      vertex -26.1221 -21.9191 4
    endloop
  endfacet
  facet normal -0.390763 0.920491 0
    outer loop
      vertex -12.7741 31.617 0
      vertex -13.8697 31.1519 4
      vertex -12.7741 31.617 4
    endloop
  endfacet
  facet normal -0.390763 0.920491 0
    outer loop
      vertex -13.8697 31.1519 4
      vertex -12.7741 31.617 0
      vertex -13.8697 31.1519 0
    endloop
  endfacet
  facet normal -0.656068 0.754701 0
    outer loop
      vertex -21.9191 26.1221 0
      vertex -22.8174 25.3412 4
      vertex -21.9191 26.1221 4
    endloop
  endfacet
  facet normal -0.656068 0.754701 0
    outer loop
      vertex -22.8174 25.3412 4
      vertex -21.9191 26.1221 0
      vertex -22.8174 25.3412 0
    endloop
  endfacet
  facet normal -0.754701 -0.656068 0
    outer loop
      vertex -25.3412 -22.8174 0
      vertex -26.1221 -21.9191 4
      vertex -26.1221 -21.9191 0
    endloop
  endfacet
  facet normal -0.754701 -0.656068 0
    outer loop
      vertex -26.1221 -21.9191 4
      vertex -25.3412 -22.8174 0
      vertex -25.3412 -22.8174 4
    endloop
  endfacet
  facet normal 0.454023 -0.89099 0
    outer loop
      vertex 14.9485 -30.6489 0
      vertex 16.009 -30.1085 4
      vertex 14.9485 -30.6489 4
    endloop
  endfacet
  facet normal 0.454023 -0.89099 0
    outer loop
      vertex 16.009 -30.1085 4
      vertex 14.9485 -30.6489 0
      vertex 16.009 -30.1085 0
    endloop
  endfacet
  facet normal 0.484787 0.874632 -0
    outer loop
      vertex 17.05 29.5315 0
      vertex 16.009 30.1085 4
      vertex 17.05 29.5315 4
    endloop
  endfacet
  facet normal 0.484787 0.874632 0
    outer loop
      vertex 16.009 30.1085 4
      vertex 17.05 29.5315 0
      vertex 16.009 30.1085 0
    endloop
  endfacet
  facet normal -0.819153 -0.573575 0
    outer loop
      vertex -27.5875 -20.0435 0
      vertex -28.2702 -19.0685 4
      vertex -28.2702 -19.0685 0
    endloop
  endfacet
  facet normal -0.819153 -0.573575 0
    outer loop
      vertex -28.2702 -19.0685 4
      vertex -27.5875 -20.0435 0
      vertex -27.5875 -20.0435 4
    endloop
  endfacet
  facet normal -0.956306 -0.292369 0
    outer loop
      vertex -32.431 -10.5375 0
      vertex -32.779 -9.39923 4
      vertex -32.779 -9.39923 0
    endloop
  endfacet
  facet normal -0.956306 -0.292369 0
    outer loop
      vertex -32.779 -9.39923 4
      vertex -32.431 -10.5375 0
      vertex -32.431 -10.5375 4
    endloop
  endfacet
  facet normal 0.325563 -0.94552 0
    outer loop
      vertex 10.5375 -32.431 0
      vertex 11.6629 -32.0435 4
      vertex 10.5375 -32.431 4
    endloop
  endfacet
  facet normal 0.325563 -0.94552 0
    outer loop
      vertex 11.6629 -32.0435 4
      vertex 10.5375 -32.431 0
      vertex 11.6629 -32.0435 0
    endloop
  endfacet
  facet normal -0.325563 0.94552 0
    outer loop
      vertex -10.5375 32.431 0
      vertex -11.6629 32.0435 4
      vertex -10.5375 32.431 4
    endloop
  endfacet
  facet normal -0.325563 0.94552 0
    outer loop
      vertex -11.6629 32.0435 4
      vertex -10.5375 32.431 0
      vertex -11.6629 32.0435 0
    endloop
  endfacet
  facet normal 0.6018 -0.798647 0
    outer loop
      vertex 20.0435 -27.5875 0
      vertex 20.9941 -26.8712 4
      vertex 20.0435 -27.5875 4
    endloop
  endfacet
  facet normal 0.6018 -0.798647 0
    outer loop
      vertex 20.9941 -26.8712 4
      vertex 20.0435 -27.5875 0
      vertex 20.9941 -26.8712 0
    endloop
  endfacet
  facet normal 0.798647 -0.6018 0
    outer loop
      vertex 26.8712 -20.9941 4
      vertex 27.5875 -20.0435 0
      vertex 27.5875 -20.0435 4
    endloop
  endfacet
  facet normal 0.798647 -0.6018 0
    outer loop
      vertex 27.5875 -20.0435 0
      vertex 26.8712 -20.9941 4
      vertex 26.8712 -20.9941 0
    endloop
  endfacet
  facet normal 0.920491 0.390763 0
    outer loop
      vertex 31.617 12.7741 4
      vertex 31.1519 13.8697 0
      vertex 31.1519 13.8697 4
    endloop
  endfacet
  facet normal 0.920491 0.390763 0
    outer loop
      vertex 31.1519 13.8697 0
      vertex 31.617 12.7741 4
      vertex 31.617 12.7741 0
    endloop
  endfacet
  facet normal -0.629346 -0.777126 0
    outer loop
      vertex -21.9191 -26.1221 0
      vertex -20.9941 -26.8712 4
      vertex -21.9191 -26.1221 4
    endloop
  endfacet
  facet normal -0.629346 -0.777126 -0
    outer loop
      vertex -20.9941 -26.8712 4
      vertex -21.9191 -26.1221 0
      vertex -20.9941 -26.8712 0
    endloop
  endfacet
  facet normal 0.681974 0.731376 -0
    outer loop
      vertex 23.6879 24.5295 0
      vertex 22.8174 25.3412 4
      vertex 23.6879 24.5295 4
    endloop
  endfacet
  facet normal 0.681974 0.731376 0
    outer loop
      vertex 22.8174 25.3412 4
      vertex 23.6879 24.5295 0
      vertex 22.8174 25.3412 0
    endloop
  endfacet
  facet normal -0.358332 -0.933594 0
    outer loop
      vertex -12.7741 -31.617 0
      vertex -11.6629 -32.0435 4
      vertex -12.7741 -31.617 4
    endloop
  endfacet
  facet normal -0.358332 -0.933594 -0
    outer loop
      vertex -11.6629 -32.0435 4
      vertex -12.7741 -31.617 0
      vertex -11.6629 -32.0435 0
    endloop
  endfacet
  facet normal 0.987669 0.156556 0
    outer loop
      vertex 33.645 5.52332 4
      vertex 33.5819 5.9214 0
      vertex 33.5819 5.9214 4
    endloop
  endfacet
  facet normal 0.987669 0.156556 0
    outer loop
      vertex 33.5819 5.9214 0
      vertex 33.645 5.52332 4
      vertex 33.645 5.52332 0
    endloop
  endfacet
  facet normal 0.933594 0.358332 0
    outer loop
      vertex 32.0435 11.6629 4
      vertex 31.617 12.7741 0
      vertex 31.617 12.7741 4
    endloop
  endfacet
  facet normal 0.933594 0.358332 0
    outer loop
      vertex 31.617 12.7741 0
      vertex 32.0435 11.6629 4
      vertex 32.0435 11.6629 0
    endloop
  endfacet
  facet normal -0.965917 0.258852 0
    outer loop
      vertex -33.0871 8.24954 0
      vertex -32.779 9.39923 4
      vertex -32.779 9.39923 0
    endloop
  endfacet
  facet normal -0.965917 0.258852 0
    outer loop
      vertex -32.779 9.39923 4
      vertex -33.0871 8.24954 0
      vertex -33.0871 8.24954 4
    endloop
  endfacet
  facet normal -0.121906 -0.992542 0
    outer loop
      vertex -4.7458 -33.7681 0
      vertex -3.56442 -33.9132 4
      vertex -4.7458 -33.7681 4
    endloop
  endfacet
  facet normal -0.121906 -0.992542 -0
    outer loop
      vertex -3.56442 -33.9132 4
      vertex -4.7458 -33.7681 0
      vertex -3.56442 -33.9132 0
    endloop
  endfacet
  facet normal -0.325563 -0.94552 0
    outer loop
      vertex -11.6629 -32.0435 0
      vertex -10.5375 -32.431 4
      vertex -11.6629 -32.0435 4
    endloop
  endfacet
  facet normal -0.325563 -0.94552 -0
    outer loop
      vertex -10.5375 -32.431 4
      vertex -11.6629 -32.0435 0
      vertex -10.5375 -32.431 0
    endloop
  endfacet
  facet normal 0.629346 -0.777126 0
    outer loop
      vertex 20.9941 -26.8712 0
      vertex 21.9191 -26.1221 4
      vertex 20.9941 -26.8712 4
    endloop
  endfacet
  facet normal 0.629346 -0.777126 0
    outer loop
      vertex 21.9191 -26.1221 4
      vertex 20.9941 -26.8712 0
      vertex 21.9191 -26.1221 0
    endloop
  endfacet
  facet normal -0.89099 0.454023 0
    outer loop
      vertex -30.6489 14.9485 0
      vertex -30.1085 16.009 4
      vertex -30.1085 16.009 0
    endloop
  endfacet
  facet normal -0.89099 0.454023 0
    outer loop
      vertex -30.1085 16.009 4
      vertex -30.6489 14.9485 0
      vertex -30.6489 14.9485 4
    endloop
  endfacet
  facet normal -0.484787 0.874632 0
    outer loop
      vertex -16.009 30.1085 0
      vertex -17.05 29.5315 4
      vertex -16.009 30.1085 4
    endloop
  endfacet
  facet normal -0.484787 0.874632 0
    outer loop
      vertex -17.05 29.5315 4
      vertex -16.009 30.1085 0
      vertex -17.05 29.5315 0
    endloop
  endfacet
  facet normal -0.515101 0.857129 0
    outer loop
      vertex -17.05 29.5315 0
      vertex -18.0702 28.9184 4
      vertex -17.05 29.5315 4
    endloop
  endfacet
  facet normal -0.515101 0.857129 0
    outer loop
      vertex -18.0702 28.9184 4
      vertex -17.05 29.5315 0
      vertex -18.0702 28.9184 0
    endloop
  endfacet
  facet normal -0.544578 0.83871 0
    outer loop
      vertex -18.0702 28.9184 0
      vertex -19.0685 28.2702 4
      vertex -18.0702 28.9184 4
    endloop
  endfacet
  facet normal -0.544578 0.83871 0
    outer loop
      vertex -19.0685 28.2702 4
      vertex -18.0702 28.9184 0
      vertex -19.0685 28.2702 0
    endloop
  endfacet
  facet normal 0.0871248 -0.996197 0
    outer loop
      vertex 2.3787 -34.0169 0
      vertex 3.56442 -33.9132 4
      vertex 2.3787 -34.0169 4
    endloop
  endfacet
  facet normal 0.0871248 -0.996197 0
    outer loop
      vertex 3.56442 -33.9132 4
      vertex 2.3787 -34.0169 0
      vertex 3.56442 -33.9132 0
    endloop
  endfacet
  facet normal -0.681974 0.731376 0
    outer loop
      vertex -22.8174 25.3412 0
      vertex -23.6879 24.5295 4
      vertex -22.8174 25.3412 4
    endloop
  endfacet
  facet normal -0.681974 0.731376 0
    outer loop
      vertex -23.6879 24.5295 4
      vertex -22.8174 25.3412 0
      vertex -23.6879 24.5295 0
    endloop
  endfacet
  facet normal -0.754701 0.656068 0
    outer loop
      vertex -26.1221 21.9191 0
      vertex -25.3412 22.8174 4
      vertex -25.3412 22.8174 0
    endloop
  endfacet
  facet normal -0.754701 0.656068 0
    outer loop
      vertex -25.3412 22.8174 4
      vertex -26.1221 21.9191 0
      vertex -26.1221 21.9191 4
    endloop
  endfacet
  facet normal 0.325563 0.94552 -0
    outer loop
      vertex 11.6629 32.0435 0
      vertex 10.5375 32.431 4
      vertex 11.6629 32.0435 4
    endloop
  endfacet
  facet normal 0.325563 0.94552 0
    outer loop
      vertex 10.5375 32.431 4
      vertex 11.6629 32.0435 0
      vertex 10.5375 32.431 0
    endloop
  endfacet
  facet normal 0.224912 0.974379 -0
    outer loop
      vertex 8.24954 33.0871 0
      vertex 7.08979 33.3548 4
      vertex 8.24954 33.0871 4
    endloop
  endfacet
  facet normal 0.224912 0.974379 0
    outer loop
      vertex 7.08979 33.3548 4
      vertex 8.24954 33.0871 0
      vertex 7.08979 33.3548 0
    endloop
  endfacet
  facet normal -0.515101 -0.857129 0
    outer loop
      vertex -18.0702 -28.9184 0
      vertex -17.05 -29.5315 4
      vertex -18.0702 -28.9184 4
    endloop
  endfacet
  facet normal -0.515101 -0.857129 -0
    outer loop
      vertex -17.05 -29.5315 4
      vertex -18.0702 -28.9184 0
      vertex -17.05 -29.5315 0
    endloop
  endfacet
  facet normal 0.857129 -0.515101 0
    outer loop
      vertex 28.9184 -18.0702 4
      vertex 29.5315 -17.05 0
      vertex 29.5315 -17.05 4
    endloop
  endfacet
  facet normal 0.857129 -0.515101 0
    outer loop
      vertex 29.5315 -17.05 0
      vertex 28.9184 -18.0702 4
      vertex 28.9184 -18.0702 0
    endloop
  endfacet
  facet normal 0.0871248 0.996197 -0
    outer loop
      vertex 3.56442 33.9132 0
      vertex 2.3787 34.0169 4
      vertex 3.56442 33.9132 4
    endloop
  endfacet
  facet normal 0.0871248 0.996197 0
    outer loop
      vertex 2.3787 34.0169 4
      vertex 3.56442 33.9132 0
      vertex 2.3787 34.0169 0
    endloop
  endfacet
  facet normal -0.6018 -0.798647 0
    outer loop
      vertex -20.9941 -26.8712 0
      vertex -20.0435 -27.5875 4
      vertex -20.9941 -26.8712 4
    endloop
  endfacet
  facet normal -0.6018 -0.798647 -0
    outer loop
      vertex -20.0435 -27.5875 4
      vertex -20.9941 -26.8712 0
      vertex -20.0435 -27.5875 0
    endloop
  endfacet
  facet normal -0.258852 0.965917 0
    outer loop
      vertex -8.24954 33.0871 0
      vertex -9.39923 32.779 4
      vertex -8.24954 33.0871 4
    endloop
  endfacet
  facet normal -0.258852 0.965917 0
    outer loop
      vertex -9.39923 32.779 4
      vertex -8.24954 33.0871 0
      vertex -9.39923 32.779 0
    endloop
  endfacet
  facet normal -0.0174753 -0.999847 0
    outer loop
      vertex -1.19007 -34.0792 0
      vertex 0 -34.1 4
      vertex -1.19007 -34.0792 4
    endloop
  endfacet
  facet normal -0.0174753 -0.999847 -0
    outer loop
      vertex 0 -34.1 4
      vertex -1.19007 -34.0792 0
      vertex 0 -34.1 0
    endloop
  endfacet
  facet normal 0.484787 -0.874632 0
    outer loop
      vertex 16.009 -30.1085 0
      vertex 17.05 -29.5315 4
      vertex 16.009 -30.1085 4
    endloop
  endfacet
  facet normal 0.484787 -0.874632 0
    outer loop
      vertex 17.05 -29.5315 4
      vertex 16.009 -30.1085 0
      vertex 17.05 -29.5315 0
    endloop
  endfacet
  facet normal -0.920491 -0.390763 0
    outer loop
      vertex -31.1519 -13.8697 0
      vertex -31.617 -12.7741 4
      vertex -31.617 -12.7741 0
    endloop
  endfacet
  facet normal -0.920491 -0.390763 0
    outer loop
      vertex -31.617 -12.7741 4
      vertex -31.1519 -13.8697 0
      vertex -31.1519 -13.8697 4
    endloop
  endfacet
  facet normal 0.0523414 -0.998629 0
    outer loop
      vertex 1.19007 -34.0792 0
      vertex 2.3787 -34.0169 4
      vertex 1.19007 -34.0792 4
    endloop
  endfacet
  facet normal 0.0523414 -0.998629 0
    outer loop
      vertex 2.3787 -34.0169 4
      vertex 1.19007 -34.0792 0
      vertex 2.3787 -34.0169 0
    endloop
  endfacet
  facet normal -0.819153 0.573575 0
    outer loop
      vertex -28.2702 19.0685 0
      vertex -27.5875 20.0435 4
      vertex -27.5875 20.0435 0
    endloop
  endfacet
  facet normal -0.819153 0.573575 0
    outer loop
      vertex -27.5875 20.0435 4
      vertex -28.2702 19.0685 0
      vertex -28.2702 19.0685 4
    endloop
  endfacet
  facet normal -0.731376 -0.681974 0
    outer loop
      vertex -24.5295 -23.6879 0
      vertex -25.3412 -22.8174 4
      vertex -25.3412 -22.8174 0
    endloop
  endfacet
  facet normal -0.731376 -0.681974 0
    outer loop
      vertex -25.3412 -22.8174 4
      vertex -24.5295 -23.6879 0
      vertex -24.5295 -23.6879 4
    endloop
  endfacet
  facet normal 0.857129 0.515101 0
    outer loop
      vertex 29.5315 17.05 4
      vertex 28.9184 18.0702 0
      vertex 28.9184 18.0702 4
    endloop
  endfacet
  facet normal 0.857129 0.515101 0
    outer loop
      vertex 28.9184 18.0702 0
      vertex 29.5315 17.05 4
      vertex 29.5315 17.05 0
    endloop
  endfacet
  facet normal -0.422582 -0.906325 0
    outer loop
      vertex -14.9485 -30.6489 0
      vertex -13.8697 -31.1519 4
      vertex -14.9485 -30.6489 4
    endloop
  endfacet
  facet normal -0.422582 -0.906325 -0
    outer loop
      vertex -13.8697 -31.1519 4
      vertex -14.9485 -30.6489 0
      vertex -13.8697 -31.1519 0
    endloop
  endfacet
  facet normal -0.874632 0.484787 0
    outer loop
      vertex -30.1085 16.009 0
      vertex -29.5315 17.05 4
      vertex -29.5315 17.05 0
    endloop
  endfacet
  facet normal -0.874632 0.484787 0
    outer loop
      vertex -29.5315 17.05 4
      vertex -30.1085 16.009 0
      vertex -30.1085 16.009 4
    endloop
  endfacet
  facet normal 0.422582 -0.906325 0
    outer loop
      vertex 13.8697 -31.1519 0
      vertex 14.9485 -30.6489 4
      vertex 13.8697 -31.1519 4
    endloop
  endfacet
  facet normal 0.422582 -0.906325 0
    outer loop
      vertex 14.9485 -30.6489 4
      vertex 13.8697 -31.1519 0
      vertex 14.9485 -30.6489 0
    endloop
  endfacet
  facet normal -0.258852 -0.965917 0
    outer loop
      vertex -9.39923 -32.779 0
      vertex -8.24954 -33.0871 4
      vertex -9.39923 -32.779 4
    endloop
  endfacet
  facet normal -0.258852 -0.965917 -0
    outer loop
      vertex -8.24954 -33.0871 4
      vertex -9.39923 -32.779 0
      vertex -8.24954 -33.0871 0
    endloop
  endfacet
  facet normal -0.965917 -0.258852 0
    outer loop
      vertex -32.779 -9.39923 0
      vertex -33.0871 -8.24954 4
      vertex -33.0871 -8.24954 0
    endloop
  endfacet
  facet normal -0.965917 -0.258852 0
    outer loop
      vertex -33.0871 -8.24954 4
      vertex -32.779 -9.39923 0
      vertex -32.779 -9.39923 4
    endloop
  endfacet
  facet normal 0.0523414 0.998629 -0
    outer loop
      vertex 2.3787 34.0169 0
      vertex 1.19007 34.0792 4
      vertex 2.3787 34.0169 4
    endloop
  endfacet
  facet normal 0.0523414 0.998629 0
    outer loop
      vertex 1.19007 34.0792 4
      vertex 2.3787 34.0169 0
      vertex 1.19007 34.0792 0
    endloop
  endfacet
  facet normal 0.292369 -0.956306 0
    outer loop
      vertex 9.39923 -32.779 0
      vertex 10.5375 -32.431 4
      vertex 9.39923 -32.779 4
    endloop
  endfacet
  facet normal 0.292369 -0.956306 0
    outer loop
      vertex 10.5375 -32.431 4
      vertex 9.39923 -32.779 0
      vertex 10.5375 -32.431 0
    endloop
  endfacet
  facet normal 0 0 -1
    outer loop
      vertex 33.5819 -5.9214 0
      vertex 33.557 -5.40762 0
      vertex 33.645 -5.52332 0
    endloop
  endfacet
  facet normal 0 0 -1
    outer loop
      vertex 33.3298 -5.08013 0
      vertex 33.5819 -5.9214 0
      vertex 33.3548 -7.08979 0
    endloop
  endfacet
  facet normal 0 0 -1
    outer loop
      vertex 33.5819 -5.9214 0
      vertex 33.3298 -5.08013 0
      vertex 33.557 -5.40762 0
    endloop
  endfacet
  facet normal 0 0 -1
    outer loop
      vertex 33.3548 -7.08979 0
      vertex 33.1169 -4.7431 0
      vertex 33.3298 -5.08013 0
    endloop
  endfacet
  facet normal 0 0 -1
    outer loop
      vertex 29.2488 -5.15735 0
      vertex 33.3548 -7.08979 0
      vertex 33.0871 -8.24954 0
    endloop
  endfacet
  facet normal 0 0 -1
    outer loop
      vertex 33.3548 -7.08979 0
      vertex 29.2488 -5.15735 0
      vertex 33.1169 -4.7431 0
    endloop
  endfacet
  facet normal 0 0 -1
    outer loop
      vertex 29.2488 -5.15735 0
      vertex 33.0871 -8.24954 0
      vertex 32.779 -9.39923 0
    endloop
  endfacet
  facet normal -0 0 -1
    outer loop
      vertex 33.1169 -4.7431 0
      vertex 29.2488 -5.15735 0
      vertex 32.9188 -4.39716 0
    endloop
  endfacet
  facet normal -0 0 -1
    outer loop
      vertex 32.9188 -4.39716 0
      vertex 29.2488 -5.15735 0
      vertex 32.736 -4.04296 0
    endloop
  endfacet
  facet normal 0 0 -1
    outer loop
      vertex 29.2488 -5.15735 0
      vertex 32.779 -9.39923 0
      vertex 32.431 -10.5375 0
    endloop
  endfacet
  facet normal 0 -0 -1
    outer loop
      vertex 29.411 -4.13344 0
      vertex 32.736 -4.04296 0
      vertex 29.2488 -5.15735 0
    endloop
  endfacet
  facet normal -0 0 -1
    outer loop
      vertex 32.736 -4.04296 0
      vertex 29.411 -4.13344 0
      vertex 32.5686 -3.68118 0
    endloop
  endfacet
  facet normal -0 0 -1
    outer loop
      vertex 32.5686 -3.68118 0
      vertex 29.411 -4.13344 0
      vertex 32.417 -3.31249 0
    endloop
  endfacet
  facet normal 0 -0 -1
    outer loop
      vertex 29.5373 -3.1045 0
      vertex 32.417 -3.31249 0
      vertex 29.411 -4.13344 0
    endloop
  endfacet
  facet normal 0 0 -1
    outer loop
      vertex 29.2488 -5.15735 0
      vertex 32.431 -10.5375 0
      vertex 32.0435 -11.6629 0
    endloop
  endfacet
  facet normal 0 0 -1
    outer loop
      vertex 32.417 -3.31249 0
      vertex 29.5373 -3.1045 0
      vertex 32.2816 -2.93757 0
    endloop
  endfacet
  facet normal -0 0 -1
    outer loop
      vertex 32.2816 -2.93757 0
      vertex 29.5373 -3.1045 0
      vertex 32.1625 -2.55715 0
    endloop
  endfacet
  facet normal -0 0 -1
    outer loop
      vertex 32.1625 -2.55715 0
      vertex 29.5373 -3.1045 0
      vertex 32.06 -2.17192 0
    endloop
  endfacet
  facet normal 0 -0 -1
    outer loop
      vertex 29.6277 -2.07177 0
      vertex 32.06 -2.17192 0
      vertex 29.5373 -3.1045 0
    endloop
  endfacet
  facet normal 0 0 -1
    outer loop
      vertex 32.06 -2.17192 0
      vertex 29.6277 -2.07177 0
      vertex 31.9744 -1.78261 0
    endloop
  endfacet
  facet normal -0 0 -1
    outer loop
      vertex 31.9744 -1.78261 0
      vertex 29.6277 -2.07177 0
      vertex 31.9056 -1.38996 0
    endloop
  endfacet
  facet normal 0 0 -1
    outer loop
      vertex 29.2488 -5.15735 0
      vertex 32.0435 -11.6629 0
      vertex 31.617 -12.7741 0
    endloop
  endfacet
  facet normal 0 0 -1
    outer loop
      vertex 33.557 5.40762 0
      vertex 33.5819 5.9214 0
      vertex 33.645 5.52332 0
    endloop
  endfacet
  facet normal 0 0 -1
    outer loop
      vertex 33.3298 5.08013 0
      vertex 33.5819 5.9214 0
      vertex 33.557 5.40762 0
    endloop
  endfacet
  facet normal -0 0 -1
    outer loop
      vertex 33.5819 5.9214 0
      vertex 33.3298 5.08013 0
      vertex 33.3548 7.08979 0
    endloop
  endfacet
  facet normal 0 0 -1
    outer loop
      vertex 33.1169 4.7431 0
      vertex 33.3548 7.08979 0
      vertex 33.3298 5.08013 0
    endloop
  endfacet
  facet normal 0 0 -1
    outer loop
      vertex 29.051 6.17498 0
      vertex 33.3548 7.08979 0
      vertex 33.1169 4.7431 0
    endloop
  endfacet
  facet normal 0 0 -1
    outer loop
      vertex 29.2488 5.15735 0
      vertex 33.1169 4.7431 0
      vertex 32.9188 4.39716 0
    endloop
  endfacet
  facet normal -0 0 -1
    outer loop
      vertex 33.3548 7.08979 0
      vertex 29.051 6.17498 0
      vertex 33.0871 8.24954 0
    endloop
  endfacet
  facet normal 0 0 -1
    outer loop
      vertex 29.2488 5.15735 0
      vertex 32.9188 4.39716 0
      vertex 32.736 4.04296 0
    endloop
  endfacet
  facet normal 0 0 -1
    outer loop
      vertex 29.411 4.13344 0
      vertex 32.736 4.04296 0
      vertex 32.5686 3.68118 0
    endloop
  endfacet
  facet normal 0 0 -1
    outer loop
      vertex 28.8178 7.18508 0
      vertex 33.0871 8.24954 0
      vertex 29.051 6.17498 0
    endloop
  endfacet
  facet normal 0 0 -1
    outer loop
      vertex 29.411 4.13344 0
      vertex 32.5686 3.68118 0
      vertex 32.417 3.31249 0
    endloop
  endfacet
  facet normal 0 0 -1
    outer loop
      vertex 29.5373 3.1045 0
      vertex 32.417 3.31249 0
      vertex 32.2816 2.93757 0
    endloop
  endfacet
  facet normal 0 0 -1
    outer loop
      vertex 29.5373 3.1045 0
      vertex 32.2816 2.93757 0
      vertex 32.1625 2.55715 0
    endloop
  endfacet
  facet normal 0 0 -1
    outer loop
      vertex 29.5373 3.1045 0
      vertex 32.1625 2.55715 0
      vertex 32.06 2.17192 0
    endloop
  endfacet
  facet normal 0 0 -1
    outer loop
      vertex 33.1169 4.7431 0
      vertex 29.2488 5.15735 0
      vertex 29.051 6.17498 0
    endloop
  endfacet
  facet normal 0 0 -1
    outer loop
      vertex 29.6277 2.07177 0
      vertex 32.06 2.17192 0
      vertex 31.9744 1.78261 0
    endloop
  endfacet
  facet normal 0 0 -1
    outer loop
      vertex 29.6277 2.07177 0
      vertex 31.9744 1.78261 0
      vertex 31.9056 1.38996 0
    endloop
  endfacet
  facet normal 0 0 -1
    outer loop
      vertex 29.6819 1.03651 0
      vertex 31.9056 1.38996 0
      vertex 31.8539 0.994695 0
    endloop
  endfacet
  facet normal 0 0 -1
    outer loop
      vertex 29.6819 1.03651 0
      vertex 31.8539 0.994695 0
      vertex 31.8194 0.597565 0
    endloop
  endfacet
  facet normal 0 0 -1
    outer loop
      vertex 29.7 0 0
      vertex 31.8194 0.597565 0
      vertex 31.8022 0.199312 0
    endloop
  endfacet
  facet normal -0 0 -1
    outer loop
      vertex 33.0871 8.24954 0
      vertex 28.8178 7.18508 0
      vertex 32.779 9.39923 0
    endloop
  endfacet
  facet normal 0 -0 -1
    outer loop
      vertex 29.6819 -1.03651 0
      vertex 31.9056 -1.38996 0
      vertex 29.6277 -2.07177 0
    endloop
  endfacet
  facet normal 0 0 -1
    outer loop
      vertex 27.5374 -11.1258 0
      vertex 31.617 -12.7741 0
      vertex 31.1519 -13.8697 0
    endloop
  endfacet
  facet normal -0 0 -1
    outer loop
      vertex 31.8194 0.597565 0
      vertex 29.7 0 0
      vertex 29.6819 1.03651 0
    endloop
  endfacet
  facet normal 0 0 -1
    outer loop
      vertex 27.1323 -12.0801 0
      vertex 31.1519 -13.8697 0
      vertex 30.6489 -14.9485 0
    endloop
  endfacet
  facet normal -0 0 -1
    outer loop
      vertex 31.9056 1.38996 0
      vertex 29.6819 1.03651 0
      vertex 29.6277 2.07177 0
    endloop
  endfacet
  facet normal 0 0 -1
    outer loop
      vertex 26.6942 -13.0196 0
      vertex 30.6489 -14.9485 0
      vertex 30.1085 -16.009 0
    endloop
  endfacet
  facet normal -0 0 -1
    outer loop
      vertex 32.06 2.17192 0
      vertex 29.6277 2.07177 0
      vertex 29.5373 3.1045 0
    endloop
  endfacet
  facet normal -0 0 -1
    outer loop
      vertex 32.417 3.31249 0
      vertex 29.5373 3.1045 0
      vertex 29.411 4.13344 0
    endloop
  endfacet
  facet normal 0 0 -1
    outer loop
      vertex 31.8022 -0.199312 0
      vertex 29.7 0 0
      vertex 31.8022 0.199312 0
    endloop
  endfacet
  facet normal 0 0 -1
    outer loop
      vertex 31.8194 -0.597565 0
      vertex 29.7 0 0
      vertex 31.8022 -0.199312 0
    endloop
  endfacet
  facet normal 0 -0 -1
    outer loop
      vertex 29.7 0 0
      vertex 31.8194 -0.597565 0
      vertex 29.6819 -1.03651 0
    endloop
  endfacet
  facet normal 0 0 -1
    outer loop
      vertex 26.2235 -13.9433 0
      vertex 30.1085 -16.009 0
      vertex 29.5315 -17.05 0
    endloop
  endfacet
  facet normal -0 0 -1
    outer loop
      vertex 31.8539 -0.994695 0
      vertex 29.6819 -1.03651 0
      vertex 31.8194 -0.597565 0
    endloop
  endfacet
  facet normal 0 0 -1
    outer loop
      vertex 31.9056 -1.38996 0
      vertex 29.6819 -1.03651 0
      vertex 31.8539 -0.994695 0
    endloop
  endfacet
  facet normal 0 0 -1
    outer loop
      vertex 31.617 -12.7741 0
      vertex 29.051 -6.17498 0
      vertex 29.2488 -5.15735 0
    endloop
  endfacet
  facet normal 0 0 -1
    outer loop
      vertex 25.721 -14.85 0
      vertex 29.5315 -17.05 0
      vertex 28.9184 -18.0702 0
    endloop
  endfacet
  facet normal 0 0 -1
    outer loop
      vertex 31.617 -12.7741 0
      vertex 28.8178 -7.18508 0
      vertex 29.051 -6.17498 0
    endloop
  endfacet
  facet normal 0 0 -1
    outer loop
      vertex 31.617 -12.7741 0
      vertex 28.5495 -8.18643 0
      vertex 28.8178 -7.18508 0
    endloop
  endfacet
  facet normal 0 0 -1
    outer loop
      vertex 25.187 -15.7386 0
      vertex 28.9184 -18.0702 0
      vertex 28.2702 -19.0685 0
    endloop
  endfacet
  facet normal 0 0 -1
    outer loop
      vertex 31.617 -12.7741 0
      vertex 28.2464 -9.1778 0
      vertex 28.5495 -8.18643 0
    endloop
  endfacet
  facet normal 0 0 -1
    outer loop
      vertex 31.617 -12.7741 0
      vertex 27.9089 -10.158 0
      vertex 28.2464 -9.1778 0
    endloop
  endfacet
  facet normal 0 0 -1
    outer loop
      vertex 24.6224 -16.608 0
      vertex 28.2702 -19.0685 0
      vertex 27.5875 -20.0435 0
    endloop
  endfacet
  facet normal 0 0 -1
    outer loop
      vertex 31.617 -12.7741 0
      vertex 27.5374 -11.1258 0
      vertex 27.9089 -10.158 0
    endloop
  endfacet
  facet normal 0 0 -1
    outer loop
      vertex 31.1519 -13.8697 0
      vertex 27.1323 -12.0801 0
      vertex 27.5374 -11.1258 0
    endloop
  endfacet
  facet normal 0 0 -1
    outer loop
      vertex 24.0278 -17.4572 0
      vertex 27.5875 -20.0435 0
      vertex 26.8712 -20.9941 0
    endloop
  endfacet
  facet normal 0 0 -1
    outer loop
      vertex 30.6489 -14.9485 0
      vertex 26.6942 -13.0196 0
      vertex 27.1323 -12.0801 0
    endloop
  endfacet
  facet normal 0 0 -1
    outer loop
      vertex 30.1085 -16.009 0
      vertex 26.2235 -13.9433 0
      vertex 26.6942 -13.0196 0
    endloop
  endfacet
  facet normal 0 0 -1
    outer loop
      vertex 23.4039 -18.2851 0
      vertex 26.8712 -20.9941 0
      vertex 26.1221 -21.9191 0
    endloop
  endfacet
  facet normal 0 0 -1
    outer loop
      vertex 29.5315 -17.05 0
      vertex 25.721 -14.85 0
      vertex 26.2235 -13.9433 0
    endloop
  endfacet
  facet normal 0 0 -1
    outer loop
      vertex 22.7515 -19.0908 0
      vertex 26.1221 -21.9191 0
      vertex 25.3412 -22.8174 0
    endloop
  endfacet
  facet normal 0 0 -1
    outer loop
      vertex 28.9184 -18.0702 0
      vertex 25.187 -15.7386 0
      vertex 25.721 -14.85 0
    endloop
  endfacet
  facet normal 0 0 -1
    outer loop
      vertex 28.2702 -19.0685 0
      vertex 24.6224 -16.608 0
      vertex 25.187 -15.7386 0
    endloop
  endfacet
  facet normal 0 0 -1
    outer loop
      vertex 22.0714 -19.8732 0
      vertex 25.3412 -22.8174 0
      vertex 24.5295 -23.6879 0
    endloop
  endfacet
  facet normal 0 0 -1
    outer loop
      vertex 27.5875 -20.0435 0
      vertex 24.0278 -17.4572 0
      vertex 24.6224 -16.608 0
    endloop
  endfacet
  facet normal 0 0 -1
    outer loop
      vertex 21.3644 -20.6314 0
      vertex 24.5295 -23.6879 0
      vertex 23.6879 -24.5295 0
    endloop
  endfacet
  facet normal 0 0 -1
    outer loop
      vertex 26.8712 -20.9941 0
      vertex 23.4039 -18.2851 0
      vertex 24.0278 -17.4572 0
    endloop
  endfacet
  facet normal 0 0 -1
    outer loop
      vertex 20.6314 -21.3644 0
      vertex 23.6879 -24.5295 0
      vertex 22.8174 -25.3412 0
    endloop
  endfacet
  facet normal 0 0 -1
    outer loop
      vertex 26.1221 -21.9191 0
      vertex 22.7515 -19.0908 0
      vertex 23.4039 -18.2851 0
    endloop
  endfacet
  facet normal 0 0 -1
    outer loop
      vertex 25.3412 -22.8174 0
      vertex 22.0714 -19.8732 0
      vertex 22.7515 -19.0908 0
    endloop
  endfacet
  facet normal 0 0 -1
    outer loop
      vertex 19.8732 -22.0714 0
      vertex 22.8174 -25.3412 0
      vertex 21.9191 -26.1221 0
    endloop
  endfacet
  facet normal 0 0 -1
    outer loop
      vertex 24.5295 -23.6879 0
      vertex 21.3644 -20.6314 0
      vertex 22.0714 -19.8732 0
    endloop
  endfacet
  facet normal 0 0 -1
    outer loop
      vertex 19.0908 -22.7515 0
      vertex 21.9191 -26.1221 0
      vertex 20.9941 -26.8712 0
    endloop
  endfacet
  facet normal 0 0 -1
    outer loop
      vertex 23.6879 -24.5295 0
      vertex 20.6314 -21.3644 0
      vertex 21.3644 -20.6314 0
    endloop
  endfacet
  facet normal 0 0 -1
    outer loop
      vertex 18.2851 -23.4039 0
      vertex 20.9941 -26.8712 0
      vertex 20.0435 -27.5875 0
    endloop
  endfacet
  facet normal 0 0 -1
    outer loop
      vertex 22.8174 -25.3412 0
      vertex 19.8732 -22.0714 0
      vertex 20.6314 -21.3644 0
    endloop
  endfacet
  facet normal 0 0 -1
    outer loop
      vertex 21.9191 -26.1221 0
      vertex 19.0908 -22.7515 0
      vertex 19.8732 -22.0714 0
    endloop
  endfacet
  facet normal 0 0 -1
    outer loop
      vertex 17.4572 -24.0278 0
      vertex 20.0435 -27.5875 0
      vertex 19.0685 -28.2702 0
    endloop
  endfacet
  facet normal 0 0 -1
    outer loop
      vertex 20.9941 -26.8712 0
      vertex 18.2851 -23.4039 0
      vertex 19.0908 -22.7515 0
    endloop
  endfacet
  facet normal 0 0 -1
    outer loop
      vertex 16.608 -24.6224 0
      vertex 19.0685 -28.2702 0
      vertex 18.0702 -28.9184 0
    endloop
  endfacet
  facet normal 0 0 -1
    outer loop
      vertex 20.0435 -27.5875 0
      vertex 17.4572 -24.0278 0
      vertex 18.2851 -23.4039 0
    endloop
  endfacet
  facet normal 0 0 -1
    outer loop
      vertex 15.7386 -25.187 0
      vertex 18.0702 -28.9184 0
      vertex 17.05 -29.5315 0
    endloop
  endfacet
  facet normal 0 0 -1
    outer loop
      vertex 19.0685 -28.2702 0
      vertex 16.608 -24.6224 0
      vertex 17.4572 -24.0278 0
    endloop
  endfacet
  facet normal 0 0 -1
    outer loop
      vertex 14.85 -25.721 0
      vertex 17.05 -29.5315 0
      vertex 16.009 -30.1085 0
    endloop
  endfacet
  facet normal 0 0 -1
    outer loop
      vertex 18.0702 -28.9184 0
      vertex 15.7386 -25.187 0
      vertex 16.608 -24.6224 0
    endloop
  endfacet
  facet normal 0 0 -1
    outer loop
      vertex 13.9433 -26.2235 0
      vertex 16.009 -30.1085 0
      vertex 14.9485 -30.6489 0
    endloop
  endfacet
  facet normal 0 0 -1
    outer loop
      vertex 17.05 -29.5315 0
      vertex 14.85 -25.721 0
      vertex 15.7386 -25.187 0
    endloop
  endfacet
  facet normal 0 0 -1
    outer loop
      vertex 16.009 -30.1085 0
      vertex 13.9433 -26.2235 0
      vertex 14.85 -25.721 0
    endloop
  endfacet
  facet normal 0 0 -1
    outer loop
      vertex 13.0196 -26.6942 0
      vertex 14.9485 -30.6489 0
      vertex 13.8697 -31.1519 0
    endloop
  endfacet
  facet normal 0 0 -1
    outer loop
      vertex 14.9485 -30.6489 0
      vertex 13.0196 -26.6942 0
      vertex 13.9433 -26.2235 0
    endloop
  endfacet
  facet normal 0 0 -1
    outer loop
      vertex 12.0801 -27.1323 0
      vertex 13.8697 -31.1519 0
      vertex 12.7741 -31.617 0
    endloop
  endfacet
  facet normal 0 0 -1
    outer loop
      vertex 13.8697 -31.1519 0
      vertex 12.0801 -27.1323 0
      vertex 13.0196 -26.6942 0
    endloop
  endfacet
  facet normal 0 0 -1
    outer loop
      vertex 11.1258 -27.5374 0
      vertex 12.7741 -31.617 0
      vertex 11.6629 -32.0435 0
    endloop
  endfacet
  facet normal 0 0 -1
    outer loop
      vertex 12.7741 -31.617 0
      vertex 11.1258 -27.5374 0
      vertex 12.0801 -27.1323 0
    endloop
  endfacet
  facet normal 0 0 -1
    outer loop
      vertex 10.158 -27.9089 0
      vertex 11.6629 -32.0435 0
      vertex 10.5375 -32.431 0
    endloop
  endfacet
  facet normal 0 0 -1
    outer loop
      vertex 11.6629 -32.0435 0
      vertex 10.158 -27.9089 0
      vertex 11.1258 -27.5374 0
    endloop
  endfacet
  facet normal 0 0 -1
    outer loop
      vertex 9.1778 -28.2464 0
      vertex 10.5375 -32.431 0
      vertex 9.39923 -32.779 0
    endloop
  endfacet
  facet normal 0 0 -1
    outer loop
      vertex 10.5375 -32.431 0
      vertex 9.1778 -28.2464 0
      vertex 10.158 -27.9089 0
    endloop
  endfacet
  facet normal 0 0 -1
    outer loop
      vertex 8.18643 -28.5495 0
      vertex 9.39923 -32.779 0
      vertex 8.24954 -33.0871 0
    endloop
  endfacet
  facet normal 0 0 -1
    outer loop
      vertex 9.39923 -32.779 0
      vertex 8.18643 -28.5495 0
      vertex 9.1778 -28.2464 0
    endloop
  endfacet
  facet normal 0 0 -1
    outer loop
      vertex 8.24954 -33.0871 0
      vertex 7.18508 -28.8178 0
      vertex 8.18643 -28.5495 0
    endloop
  endfacet
  facet normal 0 0 -1
    outer loop
      vertex 7.08979 -33.3548 0
      vertex 7.18508 -28.8178 0
      vertex 8.24954 -33.0871 0
    endloop
  endfacet
  facet normal 0 0 -1
    outer loop
      vertex 7.08979 -33.3548 0
      vertex 6.17498 -29.051 0
      vertex 7.18508 -28.8178 0
    endloop
  endfacet
  facet normal 0 0 -1
    outer loop
      vertex 5.9214 -33.5819 0
      vertex 6.17498 -29.051 0
      vertex 7.08979 -33.3548 0
    endloop
  endfacet
  facet normal 0 0 -1
    outer loop
      vertex 5.9214 -33.5819 0
      vertex 5.15735 -29.2488 0
      vertex 6.17498 -29.051 0
    endloop
  endfacet
  facet normal 0 0 -1
    outer loop
      vertex 4.7458 -33.7681 0
      vertex 5.15735 -29.2488 0
      vertex 5.9214 -33.5819 0
    endloop
  endfacet
  facet normal 0 0 -1
    outer loop
      vertex 4.7458 -33.7681 0
      vertex 4.13344 -29.411 0
      vertex 5.15735 -29.2488 0
    endloop
  endfacet
  facet normal 0 0 -1
    outer loop
      vertex 3.56442 -33.9132 0
      vertex 4.13344 -29.411 0
      vertex 4.7458 -33.7681 0
    endloop
  endfacet
  facet normal 0 0 -1
    outer loop
      vertex 3.56442 -33.9132 0
      vertex 3.1045 -29.5373 0
      vertex 4.13344 -29.411 0
    endloop
  endfacet
  facet normal 0 0 -1
    outer loop
      vertex 2.3787 -34.0169 0
      vertex 3.1045 -29.5373 0
      vertex 3.56442 -33.9132 0
    endloop
  endfacet
  facet normal 0 0 -1
    outer loop
      vertex 2.3787 -34.0169 0
      vertex 2.07177 -29.6277 0
      vertex 3.1045 -29.5373 0
    endloop
  endfacet
  facet normal 0 0 -1
    outer loop
      vertex 1.19007 -34.0792 0
      vertex 2.07177 -29.6277 0
      vertex 2.3787 -34.0169 0
    endloop
  endfacet
  facet normal 0 0 -1
    outer loop
      vertex 1.19007 -34.0792 0
      vertex 1.03651 -29.6819 0
      vertex 2.07177 -29.6277 0
    endloop
  endfacet
  facet normal 0 0 -1
    outer loop
      vertex 0 -34.1 0
      vertex 1.03651 -29.6819 0
      vertex 1.19007 -34.0792 0
    endloop
  endfacet
  facet normal 0 0 -1
    outer loop
      vertex 0 -34.1 0
      vertex 0 -29.7 0
      vertex 1.03651 -29.6819 0
    endloop
  endfacet
  facet normal 0 0 -1
    outer loop
      vertex 0 -34.1 0
      vertex -1.03651 -29.6819 0
      vertex 0 -29.7 0
    endloop
  endfacet
  facet normal 0 0 -1
    outer loop
      vertex -1.19007 -34.0792 0
      vertex -1.03651 -29.6819 0
      vertex 0 -34.1 0
    endloop
  endfacet
  facet normal 0 0 -1
    outer loop
      vertex -1.19007 -34.0792 0
      vertex -2.07177 -29.6277 0
      vertex -1.03651 -29.6819 0
    endloop
  endfacet
  facet normal 0 0 -1
    outer loop
      vertex -2.3787 -34.0169 0
      vertex -2.07177 -29.6277 0
      vertex -1.19007 -34.0792 0
    endloop
  endfacet
  facet normal 0 0 -1
    outer loop
      vertex -2.3787 -34.0169 0
      vertex -3.1045 -29.5373 0
      vertex -2.07177 -29.6277 0
    endloop
  endfacet
  facet normal 0 0 -1
    outer loop
      vertex -3.56442 -33.9132 0
      vertex -3.1045 -29.5373 0
      vertex -2.3787 -34.0169 0
    endloop
  endfacet
  facet normal 0 0 -1
    outer loop
      vertex -3.56442 -33.9132 0
      vertex -4.13344 -29.411 0
      vertex -3.1045 -29.5373 0
    endloop
  endfacet
  facet normal 0 0 -1
    outer loop
      vertex -4.7458 -33.7681 0
      vertex -4.13344 -29.411 0
      vertex -3.56442 -33.9132 0
    endloop
  endfacet
  facet normal 0 0 -1
    outer loop
      vertex -4.7458 -33.7681 0
      vertex -5.15735 -29.2488 0
      vertex -4.13344 -29.411 0
    endloop
  endfacet
  facet normal 0 0 -1
    outer loop
      vertex -5.9214 -33.5819 0
      vertex -5.15735 -29.2488 0
      vertex -4.7458 -33.7681 0
    endloop
  endfacet
  facet normal 0 0 -1
    outer loop
      vertex -5.9214 -33.5819 0
      vertex -6.17498 -29.051 0
      vertex -5.15735 -29.2488 0
    endloop
  endfacet
  facet normal 0 0 -1
    outer loop
      vertex -7.08979 -33.3548 0
      vertex -6.17498 -29.051 0
      vertex -5.9214 -33.5819 0
    endloop
  endfacet
  facet normal 0 0 -1
    outer loop
      vertex -7.08979 -33.3548 0
      vertex -7.18508 -28.8178 0
      vertex -6.17498 -29.051 0
    endloop
  endfacet
  facet normal 0 0 -1
    outer loop
      vertex -8.24954 -33.0871 0
      vertex -7.18508 -28.8178 0
      vertex -7.08979 -33.3548 0
    endloop
  endfacet
  facet normal -0 0 -1
    outer loop
      vertex -7.18508 -28.8178 0
      vertex -8.24954 -33.0871 0
      vertex -8.18643 -28.5495 0
    endloop
  endfacet
  facet normal 0 0 -1
    outer loop
      vertex -9.39923 -32.779 0
      vertex -8.18643 -28.5495 0
      vertex -8.24954 -33.0871 0
    endloop
  endfacet
  facet normal -0 0 -1
    outer loop
      vertex -8.18643 -28.5495 0
      vertex -9.39923 -32.779 0
      vertex -9.1778 -28.2464 0
    endloop
  endfacet
  facet normal 0 0 -1
    outer loop
      vertex -10.5375 -32.431 0
      vertex -9.1778 -28.2464 0
      vertex -9.39923 -32.779 0
    endloop
  endfacet
  facet normal -0 0 -1
    outer loop
      vertex -9.1778 -28.2464 0
      vertex -10.5375 -32.431 0
      vertex -10.158 -27.9089 0
    endloop
  endfacet
  facet normal 0 0 -1
    outer loop
      vertex -11.6629 -32.0435 0
      vertex -10.158 -27.9089 0
      vertex -10.5375 -32.431 0
    endloop
  endfacet
  facet normal -0 0 -1
    outer loop
      vertex -10.158 -27.9089 0
      vertex -11.6629 -32.0435 0
      vertex -11.1258 -27.5374 0
    endloop
  endfacet
  facet normal 0 0 -1
    outer loop
      vertex -12.7741 -31.617 0
      vertex -11.1258 -27.5374 0
      vertex -11.6629 -32.0435 0
    endloop
  endfacet
  facet normal -0 0 -1
    outer loop
      vertex -11.1258 -27.5374 0
      vertex -12.7741 -31.617 0
      vertex -12.0801 -27.1323 0
    endloop
  endfacet
  facet normal 0 0 -1
    outer loop
      vertex -13.8697 -31.1519 0
      vertex -12.0801 -27.1323 0
      vertex -12.7741 -31.617 0
    endloop
  endfacet
  facet normal -0 0 -1
    outer loop
      vertex -12.0801 -27.1323 0
      vertex -13.8697 -31.1519 0
      vertex -13.0196 -26.6942 0
    endloop
  endfacet
  facet normal 0 0 -1
    outer loop
      vertex -14.9485 -30.6489 0
      vertex -13.0196 -26.6942 0
      vertex -13.8697 -31.1519 0
    endloop
  endfacet
  facet normal -0 0 -1
    outer loop
      vertex -13.0196 -26.6942 0
      vertex -14.9485 -30.6489 0
      vertex -13.9433 -26.2235 0
    endloop
  endfacet
  facet normal 0 0 -1
    outer loop
      vertex -16.009 -30.1085 0
      vertex -13.9433 -26.2235 0
      vertex -14.9485 -30.6489 0
    endloop
  endfacet
  facet normal -0 0 -1
    outer loop
      vertex -13.9433 -26.2235 0
      vertex -16.009 -30.1085 0
      vertex -14.85 -25.721 0
    endloop
  endfacet
  facet normal 0 0 -1
    outer loop
      vertex -17.05 -29.5315 0
      vertex -14.85 -25.721 0
      vertex -16.009 -30.1085 0
    endloop
  endfacet
  facet normal -0 0 -1
    outer loop
      vertex -14.85 -25.721 0
      vertex -17.05 -29.5315 0
      vertex -15.7386 -25.187 0
    endloop
  endfacet
  facet normal 0 0 -1
    outer loop
      vertex -18.0702 -28.9184 0
      vertex -15.7386 -25.187 0
      vertex -17.05 -29.5315 0
    endloop
  endfacet
  facet normal -0 0 -1
    outer loop
      vertex -15.7386 -25.187 0
      vertex -18.0702 -28.9184 0
      vertex -16.608 -24.6224 0
    endloop
  endfacet
  facet normal 0 0 -1
    outer loop
      vertex -19.0685 -28.2702 0
      vertex -16.608 -24.6224 0
      vertex -18.0702 -28.9184 0
    endloop
  endfacet
  facet normal -0 0 -1
    outer loop
      vertex -16.608 -24.6224 0
      vertex -19.0685 -28.2702 0
      vertex -17.4572 -24.0278 0
    endloop
  endfacet
  facet normal 0 0 -1
    outer loop
      vertex -20.0435 -27.5875 0
      vertex -17.4572 -24.0278 0
      vertex -19.0685 -28.2702 0
    endloop
  endfacet
  facet normal -0 0 -1
    outer loop
      vertex -17.4572 -24.0278 0
      vertex -20.0435 -27.5875 0
      vertex -18.2851 -23.4039 0
    endloop
  endfacet
  facet normal 0 0 -1
    outer loop
      vertex -20.9941 -26.8712 0
      vertex -18.2851 -23.4039 0
      vertex -20.0435 -27.5875 0
    endloop
  endfacet
  facet normal -0 0 -1
    outer loop
      vertex -18.2851 -23.4039 0
      vertex -20.9941 -26.8712 0
      vertex -19.0908 -22.7515 0
    endloop
  endfacet
  facet normal 0 0 -1
    outer loop
      vertex -21.9191 -26.1221 0
      vertex -19.0908 -22.7515 0
      vertex -20.9941 -26.8712 0
    endloop
  endfacet
  facet normal -0 0 -1
    outer loop
      vertex -19.0908 -22.7515 0
      vertex -21.9191 -26.1221 0
      vertex -19.8732 -22.0714 0
    endloop
  endfacet
  facet normal 0 0 -1
    outer loop
      vertex -22.8174 -25.3412 0
      vertex -19.8732 -22.0714 0
      vertex -21.9191 -26.1221 0
    endloop
  endfacet
  facet normal -0 0 -1
    outer loop
      vertex -19.8732 -22.0714 0
      vertex -22.8174 -25.3412 0
      vertex -20.6314 -21.3644 0
    endloop
  endfacet
  facet normal 0 0 -1
    outer loop
      vertex -23.6879 -24.5295 0
      vertex -20.6314 -21.3644 0
      vertex -22.8174 -25.3412 0
    endloop
  endfacet
  facet normal -0 0 -1
    outer loop
      vertex -20.6314 -21.3644 0
      vertex -23.6879 -24.5295 0
      vertex -21.3644 -20.6314 0
    endloop
  endfacet
  facet normal 0 0 -1
    outer loop
      vertex -24.5295 -23.6879 0
      vertex -21.3644 -20.6314 0
      vertex -23.6879 -24.5295 0
    endloop
  endfacet
  facet normal -0 0 -1
    outer loop
      vertex -21.3644 -20.6314 0
      vertex -24.5295 -23.6879 0
      vertex -22.0714 -19.8732 0
    endloop
  endfacet
  facet normal 0 0 -1
    outer loop
      vertex -25.3412 -22.8174 0
      vertex -22.0714 -19.8732 0
      vertex -24.5295 -23.6879 0
    endloop
  endfacet
  facet normal -0 0 -1
    outer loop
      vertex -22.0714 -19.8732 0
      vertex -25.3412 -22.8174 0
      vertex -22.7515 -19.0908 0
    endloop
  endfacet
  facet normal 0 0 -1
    outer loop
      vertex -26.1221 -21.9191 0
      vertex -22.7515 -19.0908 0
      vertex -25.3412 -22.8174 0
    endloop
  endfacet
  facet normal -0 0 -1
    outer loop
      vertex -22.7515 -19.0908 0
      vertex -26.1221 -21.9191 0
      vertex -23.4039 -18.2851 0
    endloop
  endfacet
  facet normal 0 0 -1
    outer loop
      vertex -26.8712 -20.9941 0
      vertex -23.4039 -18.2851 0
      vertex -26.1221 -21.9191 0
    endloop
  endfacet
  facet normal -0 0 -1
    outer loop
      vertex -23.4039 -18.2851 0
      vertex -26.8712 -20.9941 0
      vertex -24.0278 -17.4572 0
    endloop
  endfacet
  facet normal 0 0 -1
    outer loop
      vertex -27.5875 -20.0435 0
      vertex -24.0278 -17.4572 0
      vertex -26.8712 -20.9941 0
    endloop
  endfacet
  facet normal -0 0 -1
    outer loop
      vertex -24.0278 -17.4572 0
      vertex -27.5875 -20.0435 0
      vertex -24.6224 -16.608 0
    endloop
  endfacet
  facet normal 0 0 -1
    outer loop
      vertex -28.2702 -19.0685 0
      vertex -24.6224 -16.608 0
      vertex -27.5875 -20.0435 0
    endloop
  endfacet
  facet normal -0 0 -1
    outer loop
      vertex -24.6224 -16.608 0
      vertex -28.2702 -19.0685 0
      vertex -25.187 -15.7386 0
    endloop
  endfacet
  facet normal 0 0 -1
    outer loop
      vertex -28.9184 -18.0702 0
      vertex -25.187 -15.7386 0
      vertex -28.2702 -19.0685 0
    endloop
  endfacet
  facet normal -0 0 -1
    outer loop
      vertex -25.187 -15.7386 0
      vertex -28.9184 -18.0702 0
      vertex -25.721 -14.85 0
    endloop
  endfacet
  facet normal 0 0 -1
    outer loop
      vertex -29.5315 -17.05 0
      vertex -25.721 -14.85 0
      vertex -28.9184 -18.0702 0
    endloop
  endfacet
  facet normal -0 0 -1
    outer loop
      vertex -25.721 -14.85 0
      vertex -29.5315 -17.05 0
      vertex -26.2235 -13.9433 0
    endloop
  endfacet
  facet normal 0 0 -1
    outer loop
      vertex -30.1085 -16.009 0
      vertex -26.2235 -13.9433 0
      vertex -29.5315 -17.05 0
    endloop
  endfacet
  facet normal -0 0 -1
    outer loop
      vertex -26.2235 -13.9433 0
      vertex -30.1085 -16.009 0
      vertex -26.6942 -13.0196 0
    endloop
  endfacet
  facet normal 0 0 -1
    outer loop
      vertex -30.6489 -14.9485 0
      vertex -26.6942 -13.0196 0
      vertex -30.1085 -16.009 0
    endloop
  endfacet
  facet normal -0 0 -1
    outer loop
      vertex -26.6942 -13.0196 0
      vertex -30.6489 -14.9485 0
      vertex -27.1323 -12.0801 0
    endloop
  endfacet
  facet normal 0 0 -1
    outer loop
      vertex -31.1519 -13.8697 0
      vertex -27.1323 -12.0801 0
      vertex -30.6489 -14.9485 0
    endloop
  endfacet
  facet normal -0 0 -1
    outer loop
      vertex -27.1323 -12.0801 0
      vertex -31.1519 -13.8697 0
      vertex -27.5374 -11.1258 0
    endloop
  endfacet
  facet normal 0 0 -1
    outer loop
      vertex -31.617 -12.7741 0
      vertex -27.5374 -11.1258 0
      vertex -31.1519 -13.8697 0
    endloop
  endfacet
  facet normal -0 0 -1
    outer loop
      vertex -27.5374 -11.1258 0
      vertex -31.617 -12.7741 0
      vertex -27.9089 -10.158 0
    endloop
  endfacet
  facet normal 0 0 -1
    outer loop
      vertex -32.0435 -11.6629 0
      vertex -27.9089 -10.158 0
      vertex -31.617 -12.7741 0
    endloop
  endfacet
  facet normal -0 0 -1
    outer loop
      vertex -27.9089 -10.158 0
      vertex -32.0435 -11.6629 0
      vertex -28.2464 -9.1778 0
    endloop
  endfacet
  facet normal 0 0 -1
    outer loop
      vertex -32.431 -10.5375 0
      vertex -28.2464 -9.1778 0
      vertex -32.0435 -11.6629 0
    endloop
  endfacet
  facet normal -0 0 -1
    outer loop
      vertex -28.2464 -9.1778 0
      vertex -32.431 -10.5375 0
      vertex -28.5495 -8.18643 0
    endloop
  endfacet
  facet normal 0 0 -1
    outer loop
      vertex -32.779 -9.39923 0
      vertex -28.5495 -8.18643 0
      vertex -32.431 -10.5375 0
    endloop
  endfacet
  facet normal 0 -0 -1
    outer loop
      vertex -30.4553 -2.36141 0
      vertex -29.5373 -3.1045 0
      vertex -30.5683 -2.74325 0
    endloop
  endfacet
  facet normal -0 0 -1
    outer loop
      vertex -28.5495 -8.18643 0
      vertex -32.779 -9.39923 0
      vertex -28.8178 -7.18508 0
    endloop
  endfacet
  facet normal 0 0 -1
    outer loop
      vertex -29.6819 1.03651 0
      vertex -30.2806 1.58462 0
      vertex -29.6277 2.07177 0
    endloop
  endfacet
  facet normal 0 0 -1
    outer loop
      vertex -30.3594 1.97495 0
      vertex -29.6277 2.07177 0
      vertex -30.2806 1.58462 0
    endloop
  endfacet
  facet normal 0 0 -1
    outer loop
      vertex -30.4553 2.36141 0
      vertex -29.6277 2.07177 0
      vertex -30.3594 1.97495 0
    endloop
  endfacet
  facet normal 0 0 -1
    outer loop
      vertex -29.6277 2.07177 0
      vertex -30.4553 2.36141 0
      vertex -29.5373 3.1045 0
    endloop
  endfacet
  facet normal 0 0 -1
    outer loop
      vertex -30.5683 2.74325 0
      vertex -29.5373 3.1045 0
      vertex -30.4553 2.36141 0
    endloop
  endfacet
  facet normal 0 0 -1
    outer loop
      vertex -30.698 3.11972 0
      vertex -29.5373 3.1045 0
      vertex -30.5683 2.74325 0
    endloop
  endfacet
  facet normal 0 0 -1
    outer loop
      vertex -30.8443 3.49009 0
      vertex -29.5373 3.1045 0
      vertex -30.698 3.11972 0
    endloop
  endfacet
  facet normal 0 0 -1
    outer loop
      vertex -29.5373 3.1045 0
      vertex -30.8443 3.49009 0
      vertex -29.411 4.13344 0
    endloop
  endfacet
  facet normal 0 0 -1
    outer loop
      vertex -31.0068 3.85362 0
      vertex -29.411 4.13344 0
      vertex -30.8443 3.49009 0
    endloop
  endfacet
  facet normal 0 0 -1
    outer loop
      vertex -29.411 4.13344 0
      vertex -30.6489 14.9485 0
      vertex -30.1085 16.009 0
    endloop
  endfacet
  facet normal 0 0 -1
    outer loop
      vertex -31.1852 4.20961 0
      vertex -29.411 4.13344 0
      vertex -31.0068 3.85362 0
    endloop
  endfacet
  facet normal 0 0 -1
    outer loop
      vertex -29.411 4.13344 0
      vertex -31.1519 13.8697 0
      vertex -30.6489 14.9485 0
    endloop
  endfacet
  facet normal 0 0 -1
    outer loop
      vertex -31.3792 4.55736 0
      vertex -29.411 4.13344 0
      vertex -31.1852 4.20961 0
    endloop
  endfacet
  facet normal 0 0 -1
    outer loop
      vertex -31.5884 4.89618 0
      vertex -29.411 4.13344 0
      vertex -31.3792 4.55736 0
    endloop
  endfacet
  facet normal 0 0 -1
    outer loop
      vertex -31.8123 5.22543 0
      vertex -29.411 4.13344 0
      vertex -31.5884 4.89618 0
    endloop
  endfacet
  facet normal 0 0 -1
    outer loop
      vertex -29.411 4.13344 0
      vertex -31.617 12.7741 0
      vertex -31.1519 13.8697 0
    endloop
  endfacet
  facet normal 0 0 -1
    outer loop
      vertex -32.0506 5.54444 0
      vertex -29.411 4.13344 0
      vertex -31.8123 5.22543 0
    endloop
  endfacet
  facet normal 0 0 -1
    outer loop
      vertex -29.411 4.13344 0
      vertex -32.0435 11.6629 0
      vertex -31.617 12.7741 0
    endloop
  endfacet
  facet normal 0 0 -1
    outer loop
      vertex -29.411 4.13344 0
      vertex -32.0506 5.54444 0
      vertex -32.779 9.39923 0
    endloop
  endfacet
  facet normal 0 0 -1
    outer loop
      vertex -32.779 9.39923 0
      vertex -32.0506 5.54444 0
      vertex -32.3028 5.8526 0
    endloop
  endfacet
  facet normal 0 0 -1
    outer loop
      vertex -29.411 4.13344 0
      vertex -32.431 10.5375 0
      vertex -32.0435 11.6629 0
    endloop
  endfacet
  facet normal 0 0 -1
    outer loop
      vertex -33.0871 8.24954 0
      vertex -32.3028 5.8526 0
      vertex -32.5684 6.1493 0
    endloop
  endfacet
  facet normal 0 0 -1
    outer loop
      vertex -29.411 4.13344 0
      vertex -32.779 9.39923 0
      vertex -32.431 10.5375 0
    endloop
  endfacet
  facet normal 0 0 -1
    outer loop
      vertex -33.0871 8.24954 0
      vertex -32.5684 6.1493 0
      vertex -32.8468 6.43397 0
    endloop
  endfacet
  facet normal 0 0 -1
    outer loop
      vertex -32.3028 5.8526 0
      vertex -33.0871 8.24954 0
      vertex -32.779 9.39923 0
    endloop
  endfacet
  facet normal 0 0 -1
    outer loop
      vertex -33.1376 6.70604 0
      vertex -33.0871 8.24954 0
      vertex -32.8468 6.43397 0
    endloop
  endfacet
  facet normal 0 0 -1
    outer loop
      vertex -33.1376 6.70604 0
      vertex -33.3548 7.08979 0
      vertex -33.0871 8.24954 0
    endloop
  endfacet
  facet normal 0 -0 -1
    outer loop
      vertex -33.3548 7.08979 0
      vertex -33.1376 6.70604 0
      vertex -33.3878 6.92022 0
    endloop
  endfacet
  facet normal 0 0 -1
    outer loop
      vertex 32.736 4.04296 0
      vertex 29.411 4.13344 0
      vertex 29.2488 5.15735 0
    endloop
  endfacet
  facet normal 0 0 -1
    outer loop
      vertex 28.5495 8.18643 0
      vertex 32.779 9.39923 0
      vertex 28.8178 7.18508 0
    endloop
  endfacet
  facet normal -0 0 -1
    outer loop
      vertex 32.779 9.39923 0
      vertex 28.5495 8.18643 0
      vertex 32.431 10.5375 0
    endloop
  endfacet
  facet normal 0 0 -1
    outer loop
      vertex 28.2464 9.1778 0
      vertex 32.431 10.5375 0
      vertex 28.5495 8.18643 0
    endloop
  endfacet
  facet normal -0 0 -1
    outer loop
      vertex 32.431 10.5375 0
      vertex 28.2464 9.1778 0
      vertex 32.0435 11.6629 0
    endloop
  endfacet
  facet normal 0 0 -1
    outer loop
      vertex 27.9089 10.158 0
      vertex 32.0435 11.6629 0
      vertex 28.2464 9.1778 0
    endloop
  endfacet
  facet normal -0 0 -1
    outer loop
      vertex 32.0435 11.6629 0
      vertex 27.9089 10.158 0
      vertex 31.617 12.7741 0
    endloop
  endfacet
  facet normal 0 0 -1
    outer loop
      vertex 27.5374 11.1258 0
      vertex 31.617 12.7741 0
      vertex 27.9089 10.158 0
    endloop
  endfacet
  facet normal -0 0 -1
    outer loop
      vertex 31.617 12.7741 0
      vertex 27.5374 11.1258 0
      vertex 31.1519 13.8697 0
    endloop
  endfacet
  facet normal 0 0 -1
    outer loop
      vertex 27.1323 12.0801 0
      vertex 31.1519 13.8697 0
      vertex 27.5374 11.1258 0
    endloop
  endfacet
  facet normal -0 0 -1
    outer loop
      vertex 31.1519 13.8697 0
      vertex 27.1323 12.0801 0
      vertex 30.6489 14.9485 0
    endloop
  endfacet
  facet normal 0 0 -1
    outer loop
      vertex 26.6942 13.0196 0
      vertex 30.6489 14.9485 0
      vertex 27.1323 12.0801 0
    endloop
  endfacet
  facet normal -0 0 -1
    outer loop
      vertex 30.6489 14.9485 0
      vertex 26.6942 13.0196 0
      vertex 30.1085 16.009 0
    endloop
  endfacet
  facet normal 0 0 -1
    outer loop
      vertex 26.2235 13.9433 0
      vertex 30.1085 16.009 0
      vertex 26.6942 13.0196 0
    endloop
  endfacet
  facet normal -0 0 -1
    outer loop
      vertex 30.1085 16.009 0
      vertex 26.2235 13.9433 0
      vertex 29.5315 17.05 0
    endloop
  endfacet
  facet normal 0 0 -1
    outer loop
      vertex 25.721 14.85 0
      vertex 29.5315 17.05 0
      vertex 26.2235 13.9433 0
    endloop
  endfacet
  facet normal -0 0 -1
    outer loop
      vertex 29.5315 17.05 0
      vertex 25.721 14.85 0
      vertex 28.9184 18.0702 0
    endloop
  endfacet
  facet normal 0 0 -1
    outer loop
      vertex 25.187 15.7386 0
      vertex 28.9184 18.0702 0
      vertex 25.721 14.85 0
    endloop
  endfacet
  facet normal -0 0 -1
    outer loop
      vertex 28.9184 18.0702 0
      vertex 25.187 15.7386 0
      vertex 28.2702 19.0685 0
    endloop
  endfacet
  facet normal 0 0 -1
    outer loop
      vertex 24.6224 16.608 0
      vertex 28.2702 19.0685 0
      vertex 25.187 15.7386 0
    endloop
  endfacet
  facet normal -0 0 -1
    outer loop
      vertex 28.2702 19.0685 0
      vertex 24.6224 16.608 0
      vertex 27.5875 20.0435 0
    endloop
  endfacet
  facet normal 0 0 -1
    outer loop
      vertex 24.0278 17.4572 0
      vertex 27.5875 20.0435 0
      vertex 24.6224 16.608 0
    endloop
  endfacet
  facet normal -0 0 -1
    outer loop
      vertex 27.5875 20.0435 0
      vertex 24.0278 17.4572 0
      vertex 26.8712 20.9941 0
    endloop
  endfacet
  facet normal 0 0 -1
    outer loop
      vertex 23.4039 18.2851 0
      vertex 26.8712 20.9941 0
      vertex 24.0278 17.4572 0
    endloop
  endfacet
  facet normal -0 0 -1
    outer loop
      vertex 26.8712 20.9941 0
      vertex 23.4039 18.2851 0
      vertex 26.1221 21.9191 0
    endloop
  endfacet
  facet normal 0 0 -1
    outer loop
      vertex 22.7515 19.0908 0
      vertex 26.1221 21.9191 0
      vertex 23.4039 18.2851 0
    endloop
  endfacet
  facet normal -0 0 -1
    outer loop
      vertex 26.1221 21.9191 0
      vertex 22.7515 19.0908 0
      vertex 25.3412 22.8174 0
    endloop
  endfacet
  facet normal 0 0 -1
    outer loop
      vertex 22.0714 19.8732 0
      vertex 25.3412 22.8174 0
      vertex 22.7515 19.0908 0
    endloop
  endfacet
  facet normal -0 0 -1
    outer loop
      vertex 25.3412 22.8174 0
      vertex 22.0714 19.8732 0
      vertex 24.5295 23.6879 0
    endloop
  endfacet
  facet normal 0 0 -1
    outer loop
      vertex 21.3644 20.6314 0
      vertex 24.5295 23.6879 0
      vertex 22.0714 19.8732 0
    endloop
  endfacet
  facet normal -0 0 -1
    outer loop
      vertex 24.5295 23.6879 0
      vertex 21.3644 20.6314 0
      vertex 23.6879 24.5295 0
    endloop
  endfacet
  facet normal 0 0 -1
    outer loop
      vertex 20.6314 21.3644 0
      vertex 23.6879 24.5295 0
      vertex 21.3644 20.6314 0
    endloop
  endfacet
  facet normal -0 0 -1
    outer loop
      vertex 23.6879 24.5295 0
      vertex 20.6314 21.3644 0
      vertex 22.8174 25.3412 0
    endloop
  endfacet
  facet normal 0 0 -1
    outer loop
      vertex 19.8732 22.0714 0
      vertex 22.8174 25.3412 0
      vertex 20.6314 21.3644 0
    endloop
  endfacet
  facet normal -0 0 -1
    outer loop
      vertex 22.8174 25.3412 0
      vertex 19.8732 22.0714 0
      vertex 21.9191 26.1221 0
    endloop
  endfacet
  facet normal 0 0 -1
    outer loop
      vertex 19.0908 22.7515 0
      vertex 21.9191 26.1221 0
      vertex 19.8732 22.0714 0
    endloop
  endfacet
  facet normal -0 0 -1
    outer loop
      vertex 21.9191 26.1221 0
      vertex 19.0908 22.7515 0
      vertex 20.9941 26.8712 0
    endloop
  endfacet
  facet normal 0 0 -1
    outer loop
      vertex 18.2851 23.4039 0
      vertex 20.9941 26.8712 0
      vertex 19.0908 22.7515 0
    endloop
  endfacet
  facet normal -0 0 -1
    outer loop
      vertex 20.9941 26.8712 0
      vertex 18.2851 23.4039 0
      vertex 20.0435 27.5875 0
    endloop
  endfacet
  facet normal 0 0 -1
    outer loop
      vertex 17.4572 24.0278 0
      vertex 20.0435 27.5875 0
      vertex 18.2851 23.4039 0
    endloop
  endfacet
  facet normal -0 0 -1
    outer loop
      vertex 20.0435 27.5875 0
      vertex 17.4572 24.0278 0
      vertex 19.0685 28.2702 0
    endloop
  endfacet
  facet normal 0 0 -1
    outer loop
      vertex 16.608 24.6224 0
      vertex 19.0685 28.2702 0
      vertex 17.4572 24.0278 0
    endloop
  endfacet
  facet normal -0 0 -1
    outer loop
      vertex 19.0685 28.2702 0
      vertex 16.608 24.6224 0
      vertex 18.0702 28.9184 0
    endloop
  endfacet
  facet normal 0 0 -1
    outer loop
      vertex 15.7386 25.187 0
      vertex 18.0702 28.9184 0
      vertex 16.608 24.6224 0
    endloop
  endfacet
  facet normal -0 0 -1
    outer loop
      vertex 18.0702 28.9184 0
      vertex 15.7386 25.187 0
      vertex 17.05 29.5315 0
    endloop
  endfacet
  facet normal 0 0 -1
    outer loop
      vertex 14.85 25.721 0
      vertex 17.05 29.5315 0
      vertex 15.7386 25.187 0
    endloop
  endfacet
  facet normal -0 0 -1
    outer loop
      vertex 17.05 29.5315 0
      vertex 14.85 25.721 0
      vertex 16.009 30.1085 0
    endloop
  endfacet
  facet normal 0 0 -1
    outer loop
      vertex 13.9433 26.2235 0
      vertex 16.009 30.1085 0
      vertex 14.85 25.721 0
    endloop
  endfacet
  facet normal -0 0 -1
    outer loop
      vertex 16.009 30.1085 0
      vertex 13.9433 26.2235 0
      vertex 14.9485 30.6489 0
    endloop
  endfacet
  facet normal 0 0 -1
    outer loop
      vertex 13.0196 26.6942 0
      vertex 14.9485 30.6489 0
      vertex 13.9433 26.2235 0
    endloop
  endfacet
  facet normal -0 0 -1
    outer loop
      vertex 14.9485 30.6489 0
      vertex 13.0196 26.6942 0
      vertex 13.8697 31.1519 0
    endloop
  endfacet
  facet normal 0 0 -1
    outer loop
      vertex 12.0801 27.1323 0
      vertex 13.8697 31.1519 0
      vertex 13.0196 26.6942 0
    endloop
  endfacet
  facet normal -0 0 -1
    outer loop
      vertex 13.8697 31.1519 0
      vertex 12.0801 27.1323 0
      vertex 12.7741 31.617 0
    endloop
  endfacet
  facet normal 0 0 -1
    outer loop
      vertex 11.1258 27.5374 0
      vertex 12.7741 31.617 0
      vertex 12.0801 27.1323 0
    endloop
  endfacet
  facet normal -0 0 -1
    outer loop
      vertex 12.7741 31.617 0
      vertex 11.1258 27.5374 0
      vertex 11.6629 32.0435 0
    endloop
  endfacet
  facet normal 0 0 -1
    outer loop
      vertex 10.158 27.9089 0
      vertex 11.6629 32.0435 0
      vertex 11.1258 27.5374 0
    endloop
  endfacet
  facet normal -0 0 -1
    outer loop
      vertex 11.6629 32.0435 0
      vertex 10.158 27.9089 0
      vertex 10.5375 32.431 0
    endloop
  endfacet
  facet normal 0 0 -1
    outer loop
      vertex 9.1778 28.2464 0
      vertex 10.5375 32.431 0
      vertex 10.158 27.9089 0
    endloop
  endfacet
  facet normal -0 0 -1
    outer loop
      vertex 10.5375 32.431 0
      vertex 9.1778 28.2464 0
      vertex 9.39923 32.779 0
    endloop
  endfacet
  facet normal 0 0 -1
    outer loop
      vertex 8.18643 28.5495 0
      vertex 9.39923 32.779 0
      vertex 9.1778 28.2464 0
    endloop
  endfacet
  facet normal -0 0 -1
    outer loop
      vertex 9.39923 32.779 0
      vertex 8.18643 28.5495 0
      vertex 8.24954 33.0871 0
    endloop
  endfacet
  facet normal 0 0 -1
    outer loop
      vertex 7.18508 28.8178 0
      vertex 8.24954 33.0871 0
      vertex 8.18643 28.5495 0
    endloop
  endfacet
  facet normal 0 0 -1
    outer loop
      vertex 7.18508 28.8178 0
      vertex 7.08979 33.3548 0
      vertex 8.24954 33.0871 0
    endloop
  endfacet
  facet normal 0 0 -1
    outer loop
      vertex 6.17498 29.051 0
      vertex 7.08979 33.3548 0
      vertex 7.18508 28.8178 0
    endloop
  endfacet
  facet normal 0 0 -1
    outer loop
      vertex 6.17498 29.051 0
      vertex 5.9214 33.5819 0
      vertex 7.08979 33.3548 0
    endloop
  endfacet
  facet normal 0 0 -1
    outer loop
      vertex 5.15735 29.2488 0
      vertex 5.9214 33.5819 0
      vertex 6.17498 29.051 0
    endloop
  endfacet
  facet normal 0 0 -1
    outer loop
      vertex 5.15735 29.2488 0
      vertex 4.7458 33.7681 0
      vertex 5.9214 33.5819 0
    endloop
  endfacet
  facet normal 0 0 -1
    outer loop
      vertex 4.13344 29.411 0
      vertex 4.7458 33.7681 0
      vertex 5.15735 29.2488 0
    endloop
  endfacet
  facet normal 0 0 -1
    outer loop
      vertex 4.13344 29.411 0
      vertex 3.56442 33.9132 0
      vertex 4.7458 33.7681 0
    endloop
  endfacet
  facet normal 0 0 -1
    outer loop
      vertex 3.1045 29.5373 0
      vertex 3.56442 33.9132 0
      vertex 4.13344 29.411 0
    endloop
  endfacet
  facet normal 0 0 -1
    outer loop
      vertex 3.1045 29.5373 0
      vertex 2.3787 34.0169 0
      vertex 3.56442 33.9132 0
    endloop
  endfacet
  facet normal 0 0 -1
    outer loop
      vertex 2.07177 29.6277 0
      vertex 2.3787 34.0169 0
      vertex 3.1045 29.5373 0
    endloop
  endfacet
  facet normal 0 0 -1
    outer loop
      vertex 2.07177 29.6277 0
      vertex 1.19007 34.0792 0
      vertex 2.3787 34.0169 0
    endloop
  endfacet
  facet normal 0 0 -1
    outer loop
      vertex 1.03651 29.6819 0
      vertex 1.19007 34.0792 0
      vertex 2.07177 29.6277 0
    endloop
  endfacet
  facet normal 0 0 -1
    outer loop
      vertex 0 29.7 0
      vertex 1.19007 34.0792 0
      vertex 1.03651 29.6819 0
    endloop
  endfacet
  facet normal 0 0 -1
    outer loop
      vertex 0 29.7 0
      vertex 0 34.1 0
      vertex 1.19007 34.0792 0
    endloop
  endfacet
  facet normal 0 0 -1
    outer loop
      vertex -1.03651 29.6819 0
      vertex 0 34.1 0
      vertex 0 29.7 0
    endloop
  endfacet
  facet normal 0 0 -1
    outer loop
      vertex -1.03651 29.6819 0
      vertex -1.19007 34.0792 0
      vertex 0 34.1 0
    endloop
  endfacet
  facet normal 0 0 -1
    outer loop
      vertex -2.07177 29.6277 0
      vertex -1.19007 34.0792 0
      vertex -1.03651 29.6819 0
    endloop
  endfacet
  facet normal 0 0 -1
    outer loop
      vertex -2.07177 29.6277 0
      vertex -2.3787 34.0169 0
      vertex -1.19007 34.0792 0
    endloop
  endfacet
  facet normal 0 0 -1
    outer loop
      vertex -3.1045 29.5373 0
      vertex -2.3787 34.0169 0
      vertex -2.07177 29.6277 0
    endloop
  endfacet
  facet normal 0 0 -1
    outer loop
      vertex -3.1045 29.5373 0
      vertex -3.56442 33.9132 0
      vertex -2.3787 34.0169 0
    endloop
  endfacet
  facet normal 0 0 -1
    outer loop
      vertex -4.13344 29.411 0
      vertex -3.56442 33.9132 0
      vertex -3.1045 29.5373 0
    endloop
  endfacet
  facet normal 0 0 -1
    outer loop
      vertex -4.13344 29.411 0
      vertex -4.7458 33.7681 0
      vertex -3.56442 33.9132 0
    endloop
  endfacet
  facet normal 0 0 -1
    outer loop
      vertex -5.15735 29.2488 0
      vertex -4.7458 33.7681 0
      vertex -4.13344 29.411 0
    endloop
  endfacet
  facet normal 0 0 -1
    outer loop
      vertex -5.15735 29.2488 0
      vertex -5.9214 33.5819 0
      vertex -4.7458 33.7681 0
    endloop
  endfacet
  facet normal 0 0 -1
    outer loop
      vertex -6.17498 29.051 0
      vertex -5.9214 33.5819 0
      vertex -5.15735 29.2488 0
    endloop
  endfacet
  facet normal 0 0 -1
    outer loop
      vertex -6.17498 29.051 0
      vertex -7.08979 33.3548 0
      vertex -5.9214 33.5819 0
    endloop
  endfacet
  facet normal 0 0 -1
    outer loop
      vertex -7.18508 28.8178 0
      vertex -7.08979 33.3548 0
      vertex -6.17498 29.051 0
    endloop
  endfacet
  facet normal 0 0 -1
    outer loop
      vertex -8.24954 33.0871 0
      vertex -7.18508 28.8178 0
      vertex -8.18643 28.5495 0
    endloop
  endfacet
  facet normal 0 0 -1
    outer loop
      vertex -7.18508 28.8178 0
      vertex -8.24954 33.0871 0
      vertex -7.08979 33.3548 0
    endloop
  endfacet
  facet normal 0 0 -1
    outer loop
      vertex -9.39923 32.779 0
      vertex -8.18643 28.5495 0
      vertex -9.1778 28.2464 0
    endloop
  endfacet
  facet normal 0 0 -1
    outer loop
      vertex -8.18643 28.5495 0
      vertex -9.39923 32.779 0
      vertex -8.24954 33.0871 0
    endloop
  endfacet
  facet normal 0 0 -1
    outer loop
      vertex -10.5375 32.431 0
      vertex -9.1778 28.2464 0
      vertex -10.158 27.9089 0
    endloop
  endfacet
  facet normal 0 0 -1
    outer loop
      vertex -9.1778 28.2464 0
      vertex -10.5375 32.431 0
      vertex -9.39923 32.779 0
    endloop
  endfacet
  facet normal 0 0 -1
    outer loop
      vertex -11.6629 32.0435 0
      vertex -10.158 27.9089 0
      vertex -11.1258 27.5374 0
    endloop
  endfacet
  facet normal 0 0 -1
    outer loop
      vertex -10.158 27.9089 0
      vertex -11.6629 32.0435 0
      vertex -10.5375 32.431 0
    endloop
  endfacet
  facet normal 0 0 -1
    outer loop
      vertex -12.7741 31.617 0
      vertex -11.1258 27.5374 0
      vertex -12.0801 27.1323 0
    endloop
  endfacet
  facet normal 0 0 -1
    outer loop
      vertex -11.1258 27.5374 0
      vertex -12.7741 31.617 0
      vertex -11.6629 32.0435 0
    endloop
  endfacet
  facet normal 0 0 -1
    outer loop
      vertex -13.8697 31.1519 0
      vertex -12.0801 27.1323 0
      vertex -13.0196 26.6942 0
    endloop
  endfacet
  facet normal 0 0 -1
    outer loop
      vertex -12.0801 27.1323 0
      vertex -13.8697 31.1519 0
      vertex -12.7741 31.617 0
    endloop
  endfacet
  facet normal 0 0 -1
    outer loop
      vertex -14.9485 30.6489 0
      vertex -13.0196 26.6942 0
      vertex -13.9433 26.2235 0
    endloop
  endfacet
  facet normal 0 0 -1
    outer loop
      vertex -16.009 30.1085 0
      vertex -13.9433 26.2235 0
      vertex -14.85 25.721 0
    endloop
  endfacet
  facet normal 0 0 -1
    outer loop
      vertex -13.0196 26.6942 0
      vertex -14.9485 30.6489 0
      vertex -13.8697 31.1519 0
    endloop
  endfacet
  facet normal 0 0 -1
    outer loop
      vertex -17.05 29.5315 0
      vertex -14.85 25.721 0
      vertex -15.7386 25.187 0
    endloop
  endfacet
  facet normal 0 0 -1
    outer loop
      vertex -13.9433 26.2235 0
      vertex -16.009 30.1085 0
      vertex -14.9485 30.6489 0
    endloop
  endfacet
  facet normal 0 0 -1
    outer loop
      vertex -18.0702 28.9184 0
      vertex -15.7386 25.187 0
      vertex -16.608 24.6224 0
    endloop
  endfacet
  facet normal 0 0 -1
    outer loop
      vertex -14.85 25.721 0
      vertex -17.05 29.5315 0
      vertex -16.009 30.1085 0
    endloop
  endfacet
  facet normal 0 0 -1
    outer loop
      vertex -19.0685 28.2702 0
      vertex -16.608 24.6224 0
      vertex -17.4572 24.0278 0
    endloop
  endfacet
  facet normal 0 0 -1
    outer loop
      vertex -15.7386 25.187 0
      vertex -18.0702 28.9184 0
      vertex -17.05 29.5315 0
    endloop
  endfacet
  facet normal 0 0 -1
    outer loop
      vertex -20.0435 27.5875 0
      vertex -17.4572 24.0278 0
      vertex -18.2851 23.4039 0
    endloop
  endfacet
  facet normal 0 0 -1
    outer loop
      vertex -16.608 24.6224 0
      vertex -19.0685 28.2702 0
      vertex -18.0702 28.9184 0
    endloop
  endfacet
  facet normal 0 0 -1
    outer loop
      vertex -20.9941 26.8712 0
      vertex -18.2851 23.4039 0
      vertex -19.0908 22.7515 0
    endloop
  endfacet
  facet normal 0 0 -1
    outer loop
      vertex -21.9191 26.1221 0
      vertex -19.0908 22.7515 0
      vertex -19.8732 22.0714 0
    endloop
  endfacet
  facet normal 0 0 -1
    outer loop
      vertex -17.4572 24.0278 0
      vertex -20.0435 27.5875 0
      vertex -19.0685 28.2702 0
    endloop
  endfacet
  facet normal 0 0 -1
    outer loop
      vertex -22.8174 25.3412 0
      vertex -19.8732 22.0714 0
      vertex -20.6314 21.3644 0
    endloop
  endfacet
  facet normal 0 0 -1
    outer loop
      vertex -18.2851 23.4039 0
      vertex -20.9941 26.8712 0
      vertex -20.0435 27.5875 0
    endloop
  endfacet
  facet normal 0 0 -1
    outer loop
      vertex -23.6879 24.5295 0
      vertex -20.6314 21.3644 0
      vertex -21.3644 20.6314 0
    endloop
  endfacet
  facet normal 0 0 -1
    outer loop
      vertex -19.0908 22.7515 0
      vertex -21.9191 26.1221 0
      vertex -20.9941 26.8712 0
    endloop
  endfacet
  facet normal 0 0 -1
    outer loop
      vertex -24.5295 23.6879 0
      vertex -21.3644 20.6314 0
      vertex -22.0714 19.8732 0
    endloop
  endfacet
  facet normal 0 0 -1
    outer loop
      vertex -25.3412 22.8174 0
      vertex -22.0714 19.8732 0
      vertex -22.7515 19.0908 0
    endloop
  endfacet
  facet normal 0 0 -1
    outer loop
      vertex -19.8732 22.0714 0
      vertex -22.8174 25.3412 0
      vertex -21.9191 26.1221 0
    endloop
  endfacet
  facet normal 0 0 -1
    outer loop
      vertex -26.1221 21.9191 0
      vertex -22.7515 19.0908 0
      vertex -23.4039 18.2851 0
    endloop
  endfacet
  facet normal 0 0 -1
    outer loop
      vertex -20.6314 21.3644 0
      vertex -23.6879 24.5295 0
      vertex -22.8174 25.3412 0
    endloop
  endfacet
  facet normal 0 0 -1
    outer loop
      vertex -26.8712 20.9941 0
      vertex -23.4039 18.2851 0
      vertex -24.0278 17.4572 0
    endloop
  endfacet
  facet normal 0 0 -1
    outer loop
      vertex -21.3644 20.6314 0
      vertex -24.5295 23.6879 0
      vertex -23.6879 24.5295 0
    endloop
  endfacet
  facet normal 0 0 -1
    outer loop
      vertex -27.5875 20.0435 0
      vertex -24.0278 17.4572 0
      vertex -24.6224 16.608 0
    endloop
  endfacet
  facet normal 0 0 -1
    outer loop
      vertex -28.2702 19.0685 0
      vertex -24.6224 16.608 0
      vertex -25.187 15.7386 0
    endloop
  endfacet
  facet normal 0 0 -1
    outer loop
      vertex -22.0714 19.8732 0
      vertex -25.3412 22.8174 0
      vertex -24.5295 23.6879 0
    endloop
  endfacet
  facet normal 0 0 -1
    outer loop
      vertex -28.9184 18.0702 0
      vertex -25.187 15.7386 0
      vertex -25.721 14.85 0
    endloop
  endfacet
  facet normal 0 0 -1
    outer loop
      vertex -22.7515 19.0908 0
      vertex -26.1221 21.9191 0
      vertex -25.3412 22.8174 0
    endloop
  endfacet
  facet normal 0 0 -1
    outer loop
      vertex -29.5315 17.05 0
      vertex -25.721 14.85 0
      vertex -26.2235 13.9433 0
    endloop
  endfacet
  facet normal 0 0 -1
    outer loop
      vertex -30.1085 16.009 0
      vertex -26.2235 13.9433 0
      vertex -26.6942 13.0196 0
    endloop
  endfacet
  facet normal 0 0 -1
    outer loop
      vertex -23.4039 18.2851 0
      vertex -26.8712 20.9941 0
      vertex -26.1221 21.9191 0
    endloop
  endfacet
  facet normal 0 0 -1
    outer loop
      vertex -30.1085 16.009 0
      vertex -26.6942 13.0196 0
      vertex -27.1323 12.0801 0
    endloop
  endfacet
  facet normal 0 0 -1
    outer loop
      vertex -30.1085 16.009 0
      vertex -27.1323 12.0801 0
      vertex -27.5374 11.1258 0
    endloop
  endfacet
  facet normal 0 0 -1
    outer loop
      vertex -24.0278 17.4572 0
      vertex -27.5875 20.0435 0
      vertex -26.8712 20.9941 0
    endloop
  endfacet
  facet normal 0 0 -1
    outer loop
      vertex -30.1085 16.009 0
      vertex -27.5374 11.1258 0
      vertex -27.9089 10.158 0
    endloop
  endfacet
  facet normal 0 0 -1
    outer loop
      vertex -30.1085 16.009 0
      vertex -27.9089 10.158 0
      vertex -28.2464 9.1778 0
    endloop
  endfacet
  facet normal 0 0 -1
    outer loop
      vertex -24.6224 16.608 0
      vertex -28.2702 19.0685 0
      vertex -27.5875 20.0435 0
    endloop
  endfacet
  facet normal 0 0 -1
    outer loop
      vertex -30.1085 16.009 0
      vertex -28.2464 9.1778 0
      vertex -28.5495 8.18643 0
    endloop
  endfacet
  facet normal 0 0 -1
    outer loop
      vertex -30.1085 16.009 0
      vertex -28.5495 8.18643 0
      vertex -28.8178 7.18508 0
    endloop
  endfacet
  facet normal 0 0 -1
    outer loop
      vertex -25.187 15.7386 0
      vertex -28.9184 18.0702 0
      vertex -28.2702 19.0685 0
    endloop
  endfacet
  facet normal 0 0 -1
    outer loop
      vertex -30.1085 16.009 0
      vertex -28.8178 7.18508 0
      vertex -29.051 6.17498 0
    endloop
  endfacet
  facet normal 0 0 -1
    outer loop
      vertex -30.1085 16.009 0
      vertex -29.051 6.17498 0
      vertex -29.2488 5.15735 0
    endloop
  endfacet
  facet normal 0 0 -1
    outer loop
      vertex -30.1085 16.009 0
      vertex -29.2488 5.15735 0
      vertex -29.411 4.13344 0
    endloop
  endfacet
  facet normal 0 0 -1
    outer loop
      vertex -25.721 14.85 0
      vertex -29.5315 17.05 0
      vertex -28.9184 18.0702 0
    endloop
  endfacet
  facet normal 0 0 -1
    outer loop
      vertex -30.2806 1.58462 0
      vertex -29.6819 1.03651 0
      vertex -30.2192 1.19118 0
    endloop
  endfacet
  facet normal 0 0 -1
    outer loop
      vertex -30.1752 0.795421 0
      vertex -29.6819 1.03651 0
      vertex -30.1488 0.3981 0
    endloop
  endfacet
  facet normal 0 0 -1
    outer loop
      vertex -29.7 0 0
      vertex -30.1488 0.3981 0
      vertex -29.6819 1.03651 0
    endloop
  endfacet
  facet normal 0 0 -1
    outer loop
      vertex -30.1488 0.3981 0
      vertex -29.7 0 0
      vertex -30.14 0 0
    endloop
  endfacet
  facet normal 0 -0 -1
    outer loop
      vertex -30.2806 -1.58462 0
      vertex -29.6277 -2.07177 0
      vertex -30.3594 -1.97495 0
    endloop
  endfacet
  facet normal 0 0 -1
    outer loop
      vertex -30.2192 1.19118 0
      vertex -29.6819 1.03651 0
      vertex -30.1752 0.795421 0
    endloop
  endfacet
  facet normal 0 0 -1
    outer loop
      vertex -26.2235 13.9433 0
      vertex -30.1085 16.009 0
      vertex -29.5315 17.05 0
    endloop
  endfacet
  facet normal -0 0 -1
    outer loop
      vertex -29.7 0 0
      vertex -30.1488 -0.3981 0
      vertex -30.14 0 0
    endloop
  endfacet
  facet normal 0 0 -1
    outer loop
      vertex -29.6819 -1.03651 0
      vertex -30.1488 -0.3981 0
      vertex -29.7 0 0
    endloop
  endfacet
  facet normal 0 -0 -1
    outer loop
      vertex -30.1488 -0.3981 0
      vertex -29.6819 -1.03651 0
      vertex -30.1752 -0.795421 0
    endloop
  endfacet
  facet normal 0 -0 -1
    outer loop
      vertex -30.1752 -0.795421 0
      vertex -29.6819 -1.03651 0
      vertex -30.2192 -1.19118 0
    endloop
  endfacet
  facet normal 0 -0 -1
    outer loop
      vertex -30.2192 -1.19118 0
      vertex -29.6819 -1.03651 0
      vertex -30.2806 -1.58462 0
    endloop
  endfacet
  facet normal 0 0 -1
    outer loop
      vertex -29.6277 -2.07177 0
      vertex -30.2806 -1.58462 0
      vertex -29.6819 -1.03651 0
    endloop
  endfacet
  facet normal 0 -0 -1
    outer loop
      vertex -30.3594 -1.97495 0
      vertex -29.6277 -2.07177 0
      vertex -30.4553 -2.36141 0
    endloop
  endfacet
  facet normal 0 0 -1
    outer loop
      vertex -33.0871 -8.24954 0
      vertex -28.8178 -7.18508 0
      vertex -32.779 -9.39923 0
    endloop
  endfacet
  facet normal 0 0 -1
    outer loop
      vertex -29.5373 -3.1045 0
      vertex -30.4553 -2.36141 0
      vertex -29.6277 -2.07177 0
    endloop
  endfacet
  facet normal 0 -0 -1
    outer loop
      vertex -30.5683 -2.74325 0
      vertex -29.5373 -3.1045 0
      vertex -30.698 -3.11972 0
    endloop
  endfacet
  facet normal 0 -0 -1
    outer loop
      vertex -30.698 -3.11972 0
      vertex -29.5373 -3.1045 0
      vertex -30.8443 -3.49009 0
    endloop
  endfacet
  facet normal 0 -0 -1
    outer loop
      vertex -32.5684 -6.1493 0
      vertex -28.8178 -7.18508 0
      vertex -33.0871 -8.24954 0
    endloop
  endfacet
  facet normal 0 0 -1
    outer loop
      vertex -29.411 -4.13344 0
      vertex -30.8443 -3.49009 0
      vertex -29.5373 -3.1045 0
    endloop
  endfacet
  facet normal 0 -0 -1
    outer loop
      vertex -30.8443 -3.49009 0
      vertex -29.411 -4.13344 0
      vertex -31.0068 -3.85362 0
    endloop
  endfacet
  facet normal 0 -0 -1
    outer loop
      vertex -31.0068 -3.85362 0
      vertex -29.411 -4.13344 0
      vertex -31.1852 -4.20961 0
    endloop
  endfacet
  facet normal 0 -0 -1
    outer loop
      vertex -32.3028 -5.8526 0
      vertex -28.8178 -7.18508 0
      vertex -32.5684 -6.1493 0
    endloop
  endfacet
  facet normal 0 0 -1
    outer loop
      vertex -29.2488 -5.15735 0
      vertex -31.1852 -4.20961 0
      vertex -29.411 -4.13344 0
    endloop
  endfacet
  facet normal 0 -0 -1
    outer loop
      vertex -31.1852 -4.20961 0
      vertex -29.2488 -5.15735 0
      vertex -31.3792 -4.55736 0
    endloop
  endfacet
  facet normal 0 -0 -1
    outer loop
      vertex -31.3792 -4.55736 0
      vertex -29.2488 -5.15735 0
      vertex -31.5884 -4.89618 0
    endloop
  endfacet
  facet normal 0 0 -1
    outer loop
      vertex -29.051 -6.17498 0
      vertex -31.8123 -5.22543 0
      vertex -29.2488 -5.15735 0
    endloop
  endfacet
  facet normal 0 -0 -1
    outer loop
      vertex -31.5884 -4.89618 0
      vertex -29.2488 -5.15735 0
      vertex -31.8123 -5.22543 0
    endloop
  endfacet
  facet normal 0 -0 -1
    outer loop
      vertex -31.8123 -5.22543 0
      vertex -29.051 -6.17498 0
      vertex -32.0506 -5.54444 0
    endloop
  endfacet
  facet normal 0 -0 -1
    outer loop
      vertex -32.0506 -5.54444 0
      vertex -29.051 -6.17498 0
      vertex -32.3028 -5.8526 0
    endloop
  endfacet
  facet normal 0 0 -1
    outer loop
      vertex -28.8178 -7.18508 0
      vertex -32.3028 -5.8526 0
      vertex -29.051 -6.17498 0
    endloop
  endfacet
  facet normal 0 0 -1
    outer loop
      vertex -32.5684 -6.1493 0
      vertex -33.0871 -8.24954 0
      vertex -32.8468 -6.43397 0
    endloop
  endfacet
  facet normal 0 0 -1
    outer loop
      vertex -33.0871 -8.24954 0
      vertex -33.1376 -6.70604 0
      vertex -32.8468 -6.43397 0
    endloop
  endfacet
  facet normal 0 0 -1
    outer loop
      vertex -33.3548 -7.08979 0
      vertex -33.1376 -6.70604 0
      vertex -33.0871 -8.24954 0
    endloop
  endfacet
  facet normal 0 0 -1
    outer loop
      vertex -33.1376 -6.70604 0
      vertex -33.3548 -7.08979 0
      vertex -33.3878 -6.92022 0
    endloop
  endfacet
  facet normal 0 0 -1
    outer loop
      vertex -13.0087 0 0
      vertex 27.7 0 0
      vertex 27.6831 -0.966716 0
    endloop
  endfacet
  facet normal 0 0 -1
    outer loop
      vertex -13.0087 0 0
      vertex 27.6831 -0.966716 0
      vertex 27.6325 -1.93225 0
    endloop
  endfacet
  facet normal 0 0 -1
    outer loop
      vertex 27.7 0 0
      vertex -13.0087 0 0
      vertex 27.6831 0.966716 0
    endloop
  endfacet
  facet normal 0 0 -1
    outer loop
      vertex -13.0087 0 0
      vertex 27.6325 -1.93225 0
      vertex 27.5483 -2.89544 0
    endloop
  endfacet
  facet normal -0 0 -1
    outer loop
      vertex 27.6831 0.966716 0
      vertex -13.0087 0 0
      vertex 27.6325 1.93225 0
    endloop
  endfacet
  facet normal 0 0 -1
    outer loop
      vertex -13.0087 -0.00152242 0
      vertex 27.5483 -2.89544 0
      vertex 27.4304 -3.85509 0
    endloop
  endfacet
  facet normal -0 0 -1
    outer loop
      vertex 27.6325 1.93225 0
      vertex -13.0087 0 0
      vertex 27.5483 2.89544 0
    endloop
  endfacet
  facet normal 0 0 -1
    outer loop
      vertex -13.0193 -0.398703 0
      vertex 27.4304 -3.85509 0
      vertex 27.2792 -4.81005 0
    endloop
  endfacet
  facet normal 0 0 -1
    outer loop
      vertex -13.0087 0.00152242 0
      vertex 27.5483 2.89544 0
      vertex -13.0087 0 0
    endloop
  endfacet
  facet normal 0 0 -1
    outer loop
      vertex -13.0193 -0.398703 0
      vertex 27.2792 -4.81005 0
      vertex 27.0947 -5.75915 0
    endloop
  endfacet
  facet normal -0 0 -1
    outer loop
      vertex 27.5483 2.89544 0
      vertex -13.0087 0.00152242 0
      vertex 27.4304 3.85509 0
    endloop
  endfacet
  facet normal 0 0 -1
    outer loop
      vertex -13.0193 -0.398703 0
      vertex 27.0947 -5.75915 0
      vertex 26.8772 -6.70124 0
    endloop
  endfacet
  facet normal 0 0 -1
    outer loop
      vertex -13.0193 0.398703 0
      vertex 27.4304 3.85509 0
      vertex -13.0087 0.00152242 0
    endloop
  endfacet
  facet normal 0 0 -1
    outer loop
      vertex -13.0193 -0.398703 0
      vertex 26.8772 -6.70124 0
      vertex 26.6269 -7.63515 0
    endloop
  endfacet
  facet normal -0 0 -1
    outer loop
      vertex 27.4304 3.85509 0
      vertex -13.0193 0.398703 0
      vertex 27.2792 4.81005 0
    endloop
  endfacet
  facet normal 0 0 -1
    outer loop
      vertex -13.0193 -0.398703 0
      vertex 26.6269 -7.63515 0
      vertex 26.3443 -8.55977 0
    endloop
  endfacet
  facet normal -0 0 -1
    outer loop
      vertex 27.2792 4.81005 0
      vertex -13.0193 0.398703 0
      vertex 27.0947 5.75915 0
    endloop
  endfacet
  facet normal 0 0 -1
    outer loop
      vertex -13.051 -0.794757 0
      vertex 26.3443 -8.55977 0
      vertex 26.0295 -9.47396 0
    endloop
  endfacet
  facet normal -0 0 -1
    outer loop
      vertex 27.0947 5.75915 0
      vertex -13.0193 0.398703 0
      vertex 26.8772 6.70124 0
    endloop
  endfacet
  facet normal 0 0 -1
    outer loop
      vertex -13.0511 -0.796275 0
      vertex 26.0295 -9.47396 0
      vertex 25.683 -10.3766 0
    endloop
  endfacet
  facet normal -0 0 -1
    outer loop
      vertex 26.8772 6.70124 0
      vertex -13.0193 0.398703 0
      vertex 26.6269 7.63515 0
    endloop
  endfacet
  facet normal 0 0 -1
    outer loop
      vertex -13.0511 -0.796275 0
      vertex 25.683 -10.3766 0
      vertex 25.3052 -11.2666 0
    endloop
  endfacet
  facet normal -0 0 -1
    outer loop
      vertex 26.6269 7.63515 0
      vertex -13.0193 0.398703 0
      vertex 26.3443 8.55977 0
    endloop
  endfacet
  facet normal 0 0 -1
    outer loop
      vertex -13.0511 -0.796275 0
      vertex 25.3052 -11.2666 0
      vertex 24.8966 -12.1429 0
    endloop
  endfacet
  facet normal 0 0 -1
    outer loop
      vertex -13.051 0.794757 0
      vertex 26.3443 8.55977 0
      vertex -13.0193 0.398703 0
    endloop
  endfacet
  facet normal 0 0 -1
    outer loop
      vertex -13.0511 -0.796275 0
      vertex 24.8966 -12.1429 0
      vertex 24.4576 -13.0044 0
    endloop
  endfacet
  facet normal -0 0 -1
    outer loop
      vertex 26.3443 8.55977 0
      vertex -13.051 0.794757 0
      vertex 26.0295 9.47396 0
    endloop
  endfacet
  facet normal 0 0 -1
    outer loop
      vertex -13.0511 -0.796275 0
      vertex 24.4576 -13.0044 0
      vertex 23.9889 -13.85 0
    endloop
  endfacet
  facet normal 0 0 -1
    outer loop
      vertex -13.0511 0.796275 0
      vertex 26.0295 9.47396 0
      vertex -13.051 0.794757 0
    endloop
  endfacet
  facet normal 0 0 -1
    outer loop
      vertex -13.1039 -1.19008 0
      vertex 23.9889 -13.85 0
      vertex 23.4909 -14.6788 0
    endloop
  endfacet
  facet normal -0 0 -1
    outer loop
      vertex 26.0295 9.47396 0
      vertex -13.0511 0.796275 0
      vertex 25.683 10.3766 0
    endloop
  endfacet
  facet normal 0 0 -1
    outer loop
      vertex -13.1041 -1.19159 0
      vertex 23.4909 -14.6788 0
      vertex 22.9643 -15.4896 0
    endloop
  endfacet
  facet normal -0 0 -1
    outer loop
      vertex 25.683 10.3766 0
      vertex -13.0511 0.796275 0
      vertex 25.3052 11.2666 0
    endloop
  endfacet
  facet normal 0 0 -1
    outer loop
      vertex -13.1041 -1.19159 0
      vertex 22.9643 -15.4896 0
      vertex 22.4098 -16.2817 0
    endloop
  endfacet
  facet normal -0 0 -1
    outer loop
      vertex 25.3052 11.2666 0
      vertex -13.0511 0.796275 0
      vertex 24.8966 12.1429 0
    endloop
  endfacet
  facet normal 0 0 -1
    outer loop
      vertex -13.1041 -1.19159 0
      vertex 22.4098 -16.2817 0
      vertex 21.8279 -17.0538 0
    endloop
  endfacet
  facet normal -0 0 -1
    outer loop
      vertex 24.8966 12.1429 0
      vertex -13.0511 0.796275 0
      vertex 24.4576 13.0044 0
    endloop
  endfacet
  facet normal 0 0 -1
    outer loop
      vertex -13.1041 -1.19159 0
      vertex 21.8279 -17.0538 0
      vertex 21.2194 -17.8052 0
    endloop
  endfacet
  facet normal -0 0 -1
    outer loop
      vertex 24.4576 13.0044 0
      vertex -13.0511 0.796275 0
      vertex 23.9889 13.85 0
    endloop
  endfacet
  facet normal 0 0 -1
    outer loop
      vertex -13.1777 -1.58203 0
      vertex 21.2194 -17.8052 0
      vertex 20.5851 -18.5349 0
    endloop
  endfacet
  facet normal 0 0 -1
    outer loop
      vertex -13.1039 1.19008 0
      vertex 23.9889 13.85 0
      vertex -13.0511 0.796275 0
    endloop
  endfacet
  facet normal 0 0 -1
    outer loop
      vertex -13.178 -1.58353 0
      vertex 20.5851 -18.5349 0
      vertex 19.9257 -19.242 0
    endloop
  endfacet
  facet normal -0 0 -1
    outer loop
      vertex 23.9889 13.85 0
      vertex -13.1039 1.19008 0
      vertex 23.4909 14.6788 0
    endloop
  endfacet
  facet normal 0 0 -1
    outer loop
      vertex -13.178 -1.58353 0
      vertex 19.9257 -19.242 0
      vertex 19.242 -19.9257 0
    endloop
  endfacet
  facet normal 0 0 -1
    outer loop
      vertex -13.1041 1.19159 0
      vertex 23.4909 14.6788 0
      vertex -13.1039 1.19008 0
    endloop
  endfacet
  facet normal 0 0 -1
    outer loop
      vertex -13.178 -1.58353 0
      vertex 19.242 -19.9257 0
      vertex 18.5349 -20.5851 0
    endloop
  endfacet
  facet normal -0 0 -1
    outer loop
      vertex 23.4909 14.6788 0
      vertex -13.1041 1.19159 0
      vertex 22.9643 15.4896 0
    endloop
  endfacet
  facet normal 0 0 -1
    outer loop
      vertex -13.178 -1.58353 0
      vertex 18.5349 -20.5851 0
      vertex 17.8052 -21.2194 0
    endloop
  endfacet
  facet normal -0 0 -1
    outer loop
      vertex 22.9643 15.4896 0
      vertex -13.1041 1.19159 0
      vertex 22.4098 16.2817 0
    endloop
  endfacet
  facet normal 0 0 -1
    outer loop
      vertex -13.2726 -1.97098 0
      vertex 17.8052 -21.2194 0
      vertex 17.0538 -21.8279 0
    endloop
  endfacet
  facet normal -0 0 -1
    outer loop
      vertex 22.4098 16.2817 0
      vertex -13.1041 1.19159 0
      vertex 21.8279 17.0538 0
    endloop
  endfacet
  facet normal 0 0 -1
    outer loop
      vertex -13.2726 -1.97098 0
      vertex 17.0538 -21.8279 0
      vertex 16.2817 -22.4098 0
    endloop
  endfacet
  facet normal -0 0 -1
    outer loop
      vertex 21.8279 17.0538 0
      vertex -13.1041 1.19159 0
      vertex 21.2194 17.8052 0
    endloop
  endfacet
  facet normal 0 0 -1
    outer loop
      vertex -13.2726 -1.97098 0
      vertex 16.2817 -22.4098 0
      vertex 15.4896 -22.9643 0
    endloop
  endfacet
  facet normal 0 0 -1
    outer loop
      vertex -13.1777 1.58203 0
      vertex 21.2194 17.8052 0
      vertex -13.1041 1.19159 0
    endloop
  endfacet
  facet normal 0 0 -1
    outer loop
      vertex -13.2726 -1.97098 0
      vertex 15.4896 -22.9643 0
      vertex 14.6788 -23.4909 0
    endloop
  endfacet
  facet normal -0 0 -1
    outer loop
      vertex 21.2194 17.8052 0
      vertex -13.1777 1.58203 0
      vertex 20.5851 18.5349 0
    endloop
  endfacet
  facet normal 0 0 -1
    outer loop
      vertex -13.2731 -1.97244 0
      vertex 14.6788 -23.4909 0
      vertex 13.85 -23.9889 0
    endloop
  endfacet
  facet normal 0 0 -1
    outer loop
      vertex -13.178 1.58353 0
      vertex 20.5851 18.5349 0
      vertex -13.1777 1.58203 0
    endloop
  endfacet
  facet normal 0 0 -1
    outer loop
      vertex -13.3878 -2.35284 0
      vertex 13.85 -23.9889 0
      vertex 13.0044 -24.4576 0
    endloop
  endfacet
  facet normal -0 0 -1
    outer loop
      vertex 20.5851 18.5349 0
      vertex -13.178 1.58353 0
      vertex 19.9257 19.242 0
    endloop
  endfacet
  facet normal 0 0 -1
    outer loop
      vertex -13.3878 -2.35284 0
      vertex 13.0044 -24.4576 0
      vertex 12.1429 -24.8966 0
    endloop
  endfacet
  facet normal -0 0 -1
    outer loop
      vertex 19.9257 19.242 0
      vertex -13.178 1.58353 0
      vertex 19.242 19.9257 0
    endloop
  endfacet
  facet normal 0 0 -1
    outer loop
      vertex -13.3878 -2.35284 0
      vertex 12.1429 -24.8966 0
      vertex 11.2666 -25.3052 0
    endloop
  endfacet
  facet normal -0 0 -1
    outer loop
      vertex 19.242 19.9257 0
      vertex -13.178 1.58353 0
      vertex 18.5349 20.5851 0
    endloop
  endfacet
  facet normal 0 0 -1
    outer loop
      vertex -13.3878 -2.35284 0
      vertex 11.2666 -25.3052 0
      vertex 10.3766 -25.683 0
    endloop
  endfacet
  facet normal -0 0 -1
    outer loop
      vertex 18.5349 20.5851 0
      vertex -13.178 1.58353 0
      vertex 17.8052 21.2194 0
    endloop
  endfacet
  facet normal 0 0 -1
    outer loop
      vertex -13.5226 -2.7266 0
      vertex 10.3766 -25.683 0
      vertex 9.47396 -26.0295 0
    endloop
  endfacet
  facet normal 0 0 -1
    outer loop
      vertex -13.1783 1.58501 0
      vertex 17.8052 21.2194 0
      vertex -13.178 1.58353 0
    endloop
  endfacet
  facet normal 0 0 -1
    outer loop
      vertex -13.5231 -2.72803 0
      vertex 9.47396 -26.0295 0
      vertex 8.55977 -26.3443 0
    endloop
  endfacet
  facet normal 0 0 -1
    outer loop
      vertex -13.2726 1.97098 0
      vertex 17.8052 21.2194 0
      vertex -13.1783 1.58501 0
    endloop
  endfacet
  facet normal 0 0 -1
    outer loop
      vertex -13.5231 -2.72803 0
      vertex 8.55977 -26.3443 0
      vertex 7.63515 -26.6269 0
    endloop
  endfacet
  facet normal -0 0 -1
    outer loop
      vertex 17.8052 21.2194 0
      vertex -13.2726 1.97098 0
      vertex 17.0538 21.8279 0
    endloop
  endfacet
  facet normal 0 0 -1
    outer loop
      vertex -13.5237 -2.72944 0
      vertex 7.63515 -26.6269 0
      vertex 6.70124 -26.8772 0
    endloop
  endfacet
  facet normal -0 0 -1
    outer loop
      vertex 17.0538 21.8279 0
      vertex -13.2726 1.97098 0
      vertex 16.2817 22.4098 0
    endloop
  endfacet
  facet normal 0 0 -1
    outer loop
      vertex -13.6782 -3.09549 0
      vertex 6.70124 -26.8772 0
      vertex 5.75915 -27.0947 0
    endloop
  endfacet
  facet normal -0 0 -1
    outer loop
      vertex 16.2817 22.4098 0
      vertex -13.2726 1.97098 0
      vertex 15.4896 22.9643 0
    endloop
  endfacet
  facet normal 0 0 -1
    outer loop
      vertex -13.6782 -3.09549 0
      vertex 5.75915 -27.0947 0
      vertex 4.81005 -27.2792 0
    endloop
  endfacet
  facet normal -0 0 -1
    outer loop
      vertex 15.4896 22.9643 0
      vertex -13.2726 1.97098 0
      vertex 14.6788 23.4909 0
    endloop
  endfacet
  facet normal 0 0 -1
    outer loop
      vertex -13.6782 -3.09549 0
      vertex 4.81005 -27.2792 0
      vertex 3.85509 -27.4304 0
    endloop
  endfacet
  facet normal 0 0 -1
    outer loop
      vertex -13.2731 1.97244 0
      vertex 14.6788 23.4909 0
      vertex -13.2726 1.97098 0
    endloop
  endfacet
  facet normal 0 0 -1
    outer loop
      vertex -13.6782 -3.09549 0
      vertex 3.85509 -27.4304 0
      vertex 2.89544 -27.5483 0
    endloop
  endfacet
  facet normal -0 0 -1
    outer loop
      vertex 14.6788 23.4909 0
      vertex -13.2731 1.97244 0
      vertex 13.85 23.9889 0
    endloop
  endfacet
  facet normal 0 0 -1
    outer loop
      vertex -13.8526 -3.45418 0
      vertex 2.89544 -27.5483 0
      vertex 1.93225 -27.6325 0
    endloop
  endfacet
  facet normal 0 0 -1
    outer loop
      vertex -13.3878 2.35284 0
      vertex 13.85 23.9889 0
      vertex -13.2731 1.97244 0
    endloop
  endfacet
  facet normal 0 0 -1
    outer loop
      vertex -13.8526 -3.45418 0
      vertex 1.93225 -27.6325 0
      vertex 0.966716 -27.6831 0
    endloop
  endfacet
  facet normal -0 0 -1
    outer loop
      vertex 13.85 23.9889 0
      vertex -13.3878 2.35284 0
      vertex 13.0044 24.4576 0
    endloop
  endfacet
  facet normal 0 0 -1
    outer loop
      vertex -13.8533 -3.45551 0
      vertex 0.966716 -27.6831 0
      vertex 0 -27.7 0
    endloop
  endfacet
  facet normal -0 0 -1
    outer loop
      vertex 13.0044 24.4576 0
      vertex -13.3878 2.35284 0
      vertex 12.1429 24.8966 0
    endloop
  endfacet
  facet normal 0 0 -1
    outer loop
      vertex -14.0458 -3.80307 0
      vertex 0 -27.7 0
      vertex -0.966716 -27.6831 0
    endloop
  endfacet
  facet normal -0 0 -1
    outer loop
      vertex 12.1429 24.8966 0
      vertex -13.3878 2.35284 0
      vertex 11.2666 25.3052 0
    endloop
  endfacet
  facet normal 0 0 -1
    outer loop
      vertex -14.0458 -3.80307 0
      vertex -0.966716 -27.6831 0
      vertex -1.93225 -27.6325 0
    endloop
  endfacet
  facet normal -0 0 -1
    outer loop
      vertex 11.2666 25.3052 0
      vertex -13.3878 2.35284 0
      vertex 10.3766 25.683 0
    endloop
  endfacet
  facet normal 0 0 -1
    outer loop
      vertex -14.0458 -3.80307 0
      vertex -1.93225 -27.6325 0
      vertex -2.89544 -27.5483 0
    endloop
  endfacet
  facet normal 0 0 -1
    outer loop
      vertex -13.5226 2.7266 0
      vertex 10.3766 25.683 0
      vertex -13.3878 2.35284 0
    endloop
  endfacet
  facet normal 0 0 -1
    outer loop
      vertex -14.2574 -4.14119 0
      vertex -2.89544 -27.5483 0
      vertex -3.85509 -27.4304 0
    endloop
  endfacet
  facet normal -0 0 -1
    outer loop
      vertex 10.3766 25.683 0
      vertex -13.5226 2.7266 0
      vertex 9.47396 26.0295 0
    endloop
  endfacet
  facet normal 0 0 -1
    outer loop
      vertex -14.2574 -4.14119 0
      vertex -3.85509 -27.4304 0
      vertex -4.81005 -27.2792 0
    endloop
  endfacet
  facet normal 0 0 -1
    outer loop
      vertex -13.5231 2.72803 0
      vertex 9.47396 26.0295 0
      vertex -13.5226 2.7266 0
    endloop
  endfacet
  facet normal 0 0 -1
    outer loop
      vertex -14.4858 -4.46632 0
      vertex -4.81005 -27.2792 0
      vertex -5.75915 -27.0947 0
    endloop
  endfacet
  facet normal -0 0 -1
    outer loop
      vertex 9.47396 26.0295 0
      vertex -13.5231 2.72803 0
      vertex 8.55977 26.3443 0
    endloop
  endfacet
  facet normal 0 0 -1
    outer loop
      vertex -14.4867 -4.46756 0
      vertex -5.75915 -27.0947 0
      vertex -6.70124 -26.8772 0
    endloop
  endfacet
  facet normal -0 0 -1
    outer loop
      vertex 8.55977 26.3443 0
      vertex -13.5231 2.72803 0
      vertex 7.63515 26.6269 0
    endloop
  endfacet
  facet normal 0 0 -1
    outer loop
      vertex -14.4867 -4.46756 0
      vertex -6.70124 -26.8772 0
      vertex -7.63515 -26.6269 0
    endloop
  endfacet
  facet normal 0 0 -1
    outer loop
      vertex -13.5237 2.72944 0
      vertex 7.63515 26.6269 0
      vertex -13.5231 2.72803 0
    endloop
  endfacet
  facet normal 0 0 -1
    outer loop
      vertex -14.7329 -4.78127 0
      vertex -7.63515 -26.6269 0
      vertex -8.55977 -26.3443 0
    endloop
  endfacet
  facet normal -0 0 -1
    outer loop
      vertex 7.63515 26.6269 0
      vertex -13.5237 2.72944 0
      vertex 6.70124 26.8772 0
    endloop
  endfacet
  facet normal 0 0 -1
    outer loop
      vertex -14.7329 -4.78127 0
      vertex -8.55977 -26.3443 0
      vertex -9.47396 -26.0295 0
    endloop
  endfacet
  facet normal 0 0 -1
    outer loop
      vertex -13.6782 3.09549 0
      vertex 6.70124 26.8772 0
      vertex -13.5237 2.72944 0
    endloop
  endfacet
  facet normal 0 0 -1
    outer loop
      vertex -14.9946 -5.08029 0
      vertex -9.47396 -26.0295 0
      vertex -10.3766 -25.683 0
    endloop
  endfacet
  facet normal -0 0 -1
    outer loop
      vertex 6.70124 26.8772 0
      vertex -13.6782 3.09549 0
      vertex 5.75915 27.0947 0
    endloop
  endfacet
  facet normal 0 0 -1
    outer loop
      vertex -14.9956 -5.08143 0
      vertex -10.3766 -25.683 0
      vertex -11.2666 -25.3052 0
    endloop
  endfacet
  facet normal -0 0 -1
    outer loop
      vertex 5.75915 27.0947 0
      vertex -13.6782 3.09549 0
      vertex 4.81005 27.2792 0
    endloop
  endfacet
  facet normal 0 0 -1
    outer loop
      vertex -15.2738 -5.36719 0
      vertex -11.2666 -25.3052 0
      vertex -12.1429 -24.8966 0
    endloop
  endfacet
  facet normal -0 0 -1
    outer loop
      vertex 4.81005 27.2792 0
      vertex -13.6782 3.09549 0
      vertex 3.85509 27.4304 0
    endloop
  endfacet
  facet normal 0 0 -1
    outer loop
      vertex -15.2738 -5.36719 0
      vertex -12.1429 -24.8966 0
      vertex -13.0044 -24.4576 0
    endloop
  endfacet
  facet normal -0 0 -1
    outer loop
      vertex 3.85509 27.4304 0
      vertex -13.6782 3.09549 0
      vertex 2.89544 27.5483 0
    endloop
  endfacet
  facet normal 0 0 -1
    outer loop
      vertex -13.8519 3.45281 0
      vertex 2.89544 27.5483 0
      vertex -13.6782 3.09549 0
    endloop
  endfacet
  facet normal 0 0 -1
    outer loop
      vertex 27.5483 -2.89544 0
      vertex -13.0087 -0.00152242 0
      vertex -13.0087 0 0
    endloop
  endfacet
  facet normal 0 0 -1
    outer loop
      vertex 27.4304 -3.85509 0
      vertex -13.0193 -0.398703 0
      vertex -13.0087 -0.00152242 0
    endloop
  endfacet
  facet normal 0 0 -1
    outer loop
      vertex 26.3443 -8.55977 0
      vertex -13.051 -0.794757 0
      vertex -13.0193 -0.398703 0
    endloop
  endfacet
  facet normal 0 0 -1
    outer loop
      vertex 26.0295 -9.47396 0
      vertex -13.0511 -0.796275 0
      vertex -13.051 -0.794757 0
    endloop
  endfacet
  facet normal 0 0 -1
    outer loop
      vertex 23.9889 -13.85 0
      vertex -13.1039 -1.19008 0
      vertex -13.0511 -0.796275 0
    endloop
  endfacet
  facet normal 0 0 -1
    outer loop
      vertex 23.4909 -14.6788 0
      vertex -13.1041 -1.19159 0
      vertex -13.1039 -1.19008 0
    endloop
  endfacet
  facet normal 0 0 -1
    outer loop
      vertex 21.2194 -17.8052 0
      vertex -13.1777 -1.58203 0
      vertex -13.1041 -1.19159 0
    endloop
  endfacet
  facet normal 0 0 -1
    outer loop
      vertex 20.5851 -18.5349 0
      vertex -13.178 -1.58353 0
      vertex -13.1777 -1.58203 0
    endloop
  endfacet
  facet normal 0 0 -1
    outer loop
      vertex 17.8052 -21.2194 0
      vertex -13.1783 -1.58501 0
      vertex -13.178 -1.58353 0
    endloop
  endfacet
  facet normal 0 0 -1
    outer loop
      vertex 17.8052 -21.2194 0
      vertex -13.2726 -1.97098 0
      vertex -13.1783 -1.58501 0
    endloop
  endfacet
  facet normal 0 0 -1
    outer loop
      vertex 14.6788 -23.4909 0
      vertex -13.2731 -1.97244 0
      vertex -13.2726 -1.97098 0
    endloop
  endfacet
  facet normal 0 0 -1
    outer loop
      vertex 13.85 -23.9889 0
      vertex -13.3878 -2.35284 0
      vertex -13.2731 -1.97244 0
    endloop
  endfacet
  facet normal 0 0 -1
    outer loop
      vertex 10.3766 -25.683 0
      vertex -13.5226 -2.7266 0
      vertex -13.3878 -2.35284 0
    endloop
  endfacet
  facet normal 0 0 -1
    outer loop
      vertex 9.47396 -26.0295 0
      vertex -13.5231 -2.72803 0
      vertex -13.5226 -2.7266 0
    endloop
  endfacet
  facet normal 0 0 -1
    outer loop
      vertex 7.63515 -26.6269 0
      vertex -13.5237 -2.72944 0
      vertex -13.5231 -2.72803 0
    endloop
  endfacet
  facet normal 0 0 -1
    outer loop
      vertex 6.70124 -26.8772 0
      vertex -13.6782 -3.09549 0
      vertex -13.5237 -2.72944 0
    endloop
  endfacet
  facet normal 0 0 -1
    outer loop
      vertex -15.5669 -5.63773 0
      vertex -13.0044 -24.4576 0
      vertex -13.85 -23.9889 0
    endloop
  endfacet
  facet normal 0 0 -1
    outer loop
      vertex 2.89544 -27.5483 0
      vertex -13.8519 -3.45281 0
      vertex -13.6782 -3.09549 0
    endloop
  endfacet
  facet normal 0 0 -1
    outer loop
      vertex 2.89544 -27.5483 0
      vertex -13.8526 -3.45418 0
      vertex -13.8519 -3.45281 0
    endloop
  endfacet
  facet normal 0 0 -1
    outer loop
      vertex 0.966716 -27.6831 0
      vertex -13.8533 -3.45551 0
      vertex -13.8526 -3.45418 0
    endloop
  endfacet
  facet normal 0 0 -1
    outer loop
      vertex 0 -27.7 0
      vertex -14.0458 -3.80307 0
      vertex -13.8533 -3.45551 0
    endloop
  endfacet
  facet normal 0 0 -1
    outer loop
      vertex -2.89544 -27.5483 0
      vertex -14.2566 -4.1399 0
      vertex -14.0458 -3.80307 0
    endloop
  endfacet
  facet normal 0 0 -1
    outer loop
      vertex -2.89544 -27.5483 0
      vertex -14.2574 -4.14119 0
      vertex -14.2566 -4.1399 0
    endloop
  endfacet
  facet normal 0 0 -1
    outer loop
      vertex -4.81005 -27.2792 0
      vertex -14.4858 -4.46632 0
      vertex -14.2574 -4.14119 0
    endloop
  endfacet
  facet normal 0 0 -1
    outer loop
      vertex -5.75915 -27.0947 0
      vertex -14.4867 -4.46756 0
      vertex -14.4858 -4.46632 0
    endloop
  endfacet
  facet normal 0 0 -1
    outer loop
      vertex -7.63515 -26.6269 0
      vertex -14.4876 -4.46876 0
      vertex -14.4867 -4.46756 0
    endloop
  endfacet
  facet normal 0 0 -1
    outer loop
      vertex -15.5669 -5.63773 0
      vertex -13.85 -23.9889 0
      vertex -14.6788 -23.4909 0
    endloop
  endfacet
  facet normal 0 0 -1
    outer loop
      vertex -7.63515 -26.6269 0
      vertex -14.7329 -4.78127 0
      vertex -14.4876 -4.46876 0
    endloop
  endfacet
  facet normal 0 0 -1
    outer loop
      vertex -9.47396 -26.0295 0
      vertex -14.9946 -5.08029 0
      vertex -14.7329 -4.78127 0
    endloop
  endfacet
  facet normal 0 0 -1
    outer loop
      vertex -10.3766 -25.683 0
      vertex -14.9956 -5.08143 0
      vertex -14.9946 -5.08029 0
    endloop
  endfacet
  facet normal 0 0 -1
    outer loop
      vertex -11.2666 -25.3052 0
      vertex -14.9967 -5.08252 0
      vertex -14.9956 -5.08143 0
    endloop
  endfacet
  facet normal 0 0 -1
    outer loop
      vertex -11.2666 -25.3052 0
      vertex -15.2738 -5.36719 0
      vertex -14.9967 -5.08252 0
    endloop
  endfacet
  facet normal 0 0 -1
    outer loop
      vertex -15.8739 -5.89229 0
      vertex -14.6788 -23.4909 0
      vertex -15.4896 -22.9643 0
    endloop
  endfacet
  facet normal 0 0 -1
    outer loop
      vertex -13.0044 -24.4576 0
      vertex -15.5658 -5.6367 0
      vertex -15.2738 -5.36719 0
    endloop
  endfacet
  facet normal 0 0 -1
    outer loop
      vertex -13.0044 -24.4576 0
      vertex -15.5669 -5.63773 0
      vertex -15.5658 -5.6367 0
    endloop
  endfacet
  facet normal 0 0 -1
    outer loop
      vertex -14.6788 -23.4909 0
      vertex -15.5681 -5.6387 0
      vertex -15.5669 -5.63773 0
    endloop
  endfacet
  facet normal 0 0 -1
    outer loop
      vertex -14.6788 -23.4909 0
      vertex -15.8739 -5.89229 0
      vertex -15.5681 -5.6387 0
    endloop
  endfacet
  facet normal 0 0 -1
    outer loop
      vertex -15.4896 -22.9643 0
      vertex -15.8752 -5.8932 0
      vertex -15.8739 -5.89229 0
    endloop
  endfacet
  facet normal 0 0 -1
    outer loop
      vertex -15.4896 -22.9643 0
      vertex -16.1941 -6.13015 0
      vertex -15.8752 -5.8932 0
    endloop
  endfacet
  facet normal 0 0 -1
    outer loop
      vertex -16.2817 -22.4098 0
      vertex -16.1941 -6.13015 0
      vertex -15.4896 -22.9643 0
    endloop
  endfacet
  facet normal 0 0 -1
    outer loop
      vertex -16.1941 -6.13015 0
      vertex -16.2817 -22.4098 0
      vertex -16.1954 -6.13099 0
    endloop
  endfacet
  facet normal 0 0 -1
    outer loop
      vertex -17.0538 -21.8279 0
      vertex -16.1954 -6.13099 0
      vertex -16.2817 -22.4098 0
    endloop
  endfacet
  facet normal 0 0 -1
    outer loop
      vertex -16.1954 -6.13099 0
      vertex -17.0538 -21.8279 0
      vertex -16.5265 -6.35063 0
    endloop
  endfacet
  facet normal 0 0 -1
    outer loop
      vertex -17.8052 -21.2194 0
      vertex -16.5265 -6.35063 0
      vertex -17.0538 -21.8279 0
    endloop
  endfacet
  facet normal 0 0 -1
    outer loop
      vertex -16.5265 -6.35063 0
      vertex -17.8052 -21.2194 0
      vertex -16.8688 -6.55233 0
    endloop
  endfacet
  facet normal 0 0 -1
    outer loop
      vertex -16.8688 -6.55233 0
      vertex -17.8052 -21.2194 0
      vertex -16.8701 -6.55311 0
    endloop
  endfacet
  facet normal 0 0 -1
    outer loop
      vertex -18.5349 -20.5851 0
      vertex -16.8701 -6.55311 0
      vertex -17.8052 -21.2194 0
    endloop
  endfacet
  facet normal 0 0 -1
    outer loop
      vertex -16.8701 -6.55311 0
      vertex -18.5349 -20.5851 0
      vertex -16.8714 -6.55381 0
    endloop
  endfacet
  facet normal 0 0 -1
    outer loop
      vertex -16.8714 -6.55381 0
      vertex -18.5349 -20.5851 0
      vertex -17.224 -6.73701 0
    endloop
  endfacet
  facet normal 0 0 -1
    outer loop
      vertex -19.242 -19.9257 0
      vertex -17.224 -6.73701 0
      vertex -18.5349 -20.5851 0
    endloop
  endfacet
  facet normal 0 0 -1
    outer loop
      vertex -19.9257 -19.242 0
      vertex -17.224 -6.73701 0
      vertex -19.242 -19.9257 0
    endloop
  endfacet
  facet normal 0 0 -1
    outer loop
      vertex -17.224 -6.73701 0
      vertex -19.9257 -19.242 0
      vertex -17.5858 -6.90119 0
    endloop
  endfacet
  facet normal 0 0 -1
    outer loop
      vertex -17.5858 -6.90119 0
      vertex -19.9257 -19.242 0
      vertex -17.5872 -6.90182 0
    endloop
  endfacet
  facet normal 0 0 -1
    outer loop
      vertex -17.5872 -6.90182 0
      vertex -19.9257 -19.242 0
      vertex -17.5886 -6.90237 0
    endloop
  endfacet
  facet normal 0 0 -1
    outer loop
      vertex -20.5851 -18.5349 0
      vertex -17.5886 -6.90237 0
      vertex -19.9257 -19.242 0
    endloop
  endfacet
  facet normal 0 0 -1
    outer loop
      vertex -17.5886 -6.90237 0
      vertex -20.5851 -18.5349 0
      vertex -17.9587 -7.04706 0
    endloop
  endfacet
  facet normal 0 0 -1
    outer loop
      vertex -21.2194 -17.8052 0
      vertex -17.9587 -7.04706 0
      vertex -20.5851 -18.5349 0
    endloop
  endfacet
  facet normal 0 0 -1
    outer loop
      vertex -17.9587 -7.04706 0
      vertex -21.2194 -17.8052 0
      vertex -18.3359 -7.17185 0
    endloop
  endfacet
  facet normal 0 0 -1
    outer loop
      vertex -18.3359 -7.17185 0
      vertex -21.2194 -17.8052 0
      vertex -18.3373 -7.17233 0
    endloop
  endfacet
  facet normal 0 0 -1
    outer loop
      vertex -21.8279 -17.0538 0
      vertex -18.3373 -7.17233 0
      vertex -21.2194 -17.8052 0
    endloop
  endfacet
  facet normal 0 0 -1
    outer loop
      vertex -18.3373 -7.17233 0
      vertex -21.8279 -17.0538 0
      vertex -18.7206 -7.27687 0
    endloop
  endfacet
  facet normal 0 0 -1
    outer loop
      vertex -18.7206 -7.27687 0
      vertex -21.8279 -17.0538 0
      vertex -18.7221 -7.27727 0
    endloop
  endfacet
  facet normal 0 0 -1
    outer loop
      vertex -22.4098 -16.2817 0
      vertex -18.7221 -7.27727 0
      vertex -21.8279 -17.0538 0
    endloop
  endfacet
  facet normal 0 0 -1
    outer loop
      vertex -18.7221 -7.27727 0
      vertex -22.4098 -16.2817 0
      vertex -18.7236 -7.27759 0
    endloop
  endfacet
  facet normal 0 0 -1
    outer loop
      vertex -18.7236 -7.27759 0
      vertex -22.4098 -16.2817 0
      vertex -19.1119 -7.36158 0
    endloop
  endfacet
  facet normal 0 0 -1
    outer loop
      vertex -22.9643 -15.4896 0
      vertex -19.1119 -7.36158 0
      vertex -22.4098 -16.2817 0
    endloop
  endfacet
  facet normal 0 0 -1
    outer loop
      vertex -19.1119 -7.36158 0
      vertex -22.9643 -15.4896 0
      vertex -19.5042 -7.42478 0
    endloop
  endfacet
  facet normal 0 0 -1
    outer loop
      vertex -19.5042 -7.42478 0
      vertex -22.9643 -15.4896 0
      vertex -19.5057 -7.42502 0
    endloop
  endfacet
  facet normal 0 0 -1
    outer loop
      vertex -19.5057 -7.42502 0
      vertex -22.9643 -15.4896 0
      vertex -19.5072 -7.42518 0
    endloop
  endfacet
  facet normal 0 0 -1
    outer loop
      vertex -23.4909 -14.6788 0
      vertex -19.5072 -7.42518 0
      vertex -22.9643 -15.4896 0
    endloop
  endfacet
  facet normal 0 0 -1
    outer loop
      vertex -19.5072 -7.42518 0
      vertex -23.4909 -14.6788 0
      vertex -19.9023 -7.46741 0
    endloop
  endfacet
  facet normal 0 0 -1
    outer loop
      vertex -19.9023 -7.46741 0
      vertex -23.4909 -14.6788 0
      vertex -19.9038 -7.46749 0
    endloop
  endfacet
  facet normal 0 0 -1
    outer loop
      vertex -19.9038 -7.46749 0
      vertex -23.4909 -14.6788 0
      vertex -20.3006 -7.48864 0
    endloop
  endfacet
  facet normal 0 0 -1
    outer loop
      vertex -23.9889 -13.85 0
      vertex -20.3006 -7.48864 0
      vertex -23.4909 -14.6788 0
    endloop
  endfacet
  facet normal -0 0 -1
    outer loop
      vertex -20.3006 -7.48864 0
      vertex -23.9889 -13.85 0
      vertex -20.6994 -7.48864 0
    endloop
  endfacet
  facet normal 0 0 -1
    outer loop
      vertex -24.4576 -13.0044 0
      vertex -20.6994 -7.48864 0
      vertex -23.9889 -13.85 0
    endloop
  endfacet
  facet normal -0 0 -1
    outer loop
      vertex -20.6994 -7.48864 0
      vertex -24.4576 -13.0044 0
      vertex -21.0962 -7.46749 0
    endloop
  endfacet
  facet normal -0 0 -1
    outer loop
      vertex -21.0962 -7.46749 0
      vertex -24.4576 -13.0044 0
      vertex -21.0977 -7.46741 0
    endloop
  endfacet
  facet normal 0 0 -1
    outer loop
      vertex -24.8966 -12.1429 0
      vertex -21.0977 -7.46741 0
      vertex -24.4576 -13.0044 0
    endloop
  endfacet
  facet normal -0 0 -1
    outer loop
      vertex -21.0977 -7.46741 0
      vertex -24.8966 -12.1429 0
      vertex -21.4928 -7.42518 0
    endloop
  endfacet
  facet normal -0 0 -1
    outer loop
      vertex -21.4928 -7.42518 0
      vertex -24.8966 -12.1429 0
      vertex -21.4943 -7.42502 0
    endloop
  endfacet
  facet normal -0 0 -1
    outer loop
      vertex -21.4943 -7.42502 0
      vertex -24.8966 -12.1429 0
      vertex -21.4958 -7.42478 0
    endloop
  endfacet
  facet normal -0 0 -1
    outer loop
      vertex -21.4958 -7.42478 0
      vertex -24.8966 -12.1429 0
      vertex -21.8881 -7.36158 0
    endloop
  endfacet
  facet normal 0 0 -1
    outer loop
      vertex -25.3052 -11.2666 0
      vertex -21.8881 -7.36158 0
      vertex -24.8966 -12.1429 0
    endloop
  endfacet
  facet normal -0 0 -1
    outer loop
      vertex -21.8881 -7.36158 0
      vertex -25.3052 -11.2666 0
      vertex -22.2764 -7.27759 0
    endloop
  endfacet
  facet normal -0 0 -1
    outer loop
      vertex -22.2764 -7.27759 0
      vertex -25.3052 -11.2666 0
      vertex -22.2779 -7.27727 0
    endloop
  endfacet
  facet normal -0 0 -1
    outer loop
      vertex -22.2779 -7.27727 0
      vertex -25.3052 -11.2666 0
      vertex -22.2794 -7.27687 0
    endloop
  endfacet
  facet normal 0 0 -1
    outer loop
      vertex -25.683 -10.3766 0
      vertex -22.2794 -7.27687 0
      vertex -25.3052 -11.2666 0
    endloop
  endfacet
  facet normal -0 0 -1
    outer loop
      vertex -22.2794 -7.27687 0
      vertex -25.683 -10.3766 0
      vertex -22.6627 -7.17233 0
    endloop
  endfacet
  facet normal -0 0 -1
    outer loop
      vertex -22.6627 -7.17233 0
      vertex -25.683 -10.3766 0
      vertex -22.6641 -7.17185 0
    endloop
  endfacet
  facet normal -0 0 -1
    outer loop
      vertex -22.6641 -7.17185 0
      vertex -25.683 -10.3766 0
      vertex -23.0413 -7.04706 0
    endloop
  endfacet
  facet normal 0 0 -1
    outer loop
      vertex -26.0295 -9.47396 0
      vertex -23.0413 -7.04706 0
      vertex -25.683 -10.3766 0
    endloop
  endfacet
  facet normal -0 0 -1
    outer loop
      vertex -23.0413 -7.04706 0
      vertex -26.0295 -9.47396 0
      vertex -23.4114 -6.90237 0
    endloop
  endfacet
  facet normal -0 0 -1
    outer loop
      vertex -23.4114 -6.90237 0
      vertex -26.0295 -9.47396 0
      vertex -23.4128 -6.90182 0
    endloop
  endfacet
  facet normal -0 0 -1
    outer loop
      vertex -23.4128 -6.90182 0
      vertex -26.0295 -9.47396 0
      vertex -23.4142 -6.90119 0
    endloop
  endfacet
  facet normal -0 0 -1
    outer loop
      vertex -23.4142 -6.90119 0
      vertex -26.0295 -9.47396 0
      vertex -23.776 -6.73701 0
    endloop
  endfacet
  facet normal 0 0 -1
    outer loop
      vertex -26.3443 -8.55977 0
      vertex -23.776 -6.73701 0
      vertex -26.0295 -9.47396 0
    endloop
  endfacet
  facet normal -0 0 -1
    outer loop
      vertex -23.776 -6.73701 0
      vertex -26.3443 -8.55977 0
      vertex -24.1286 -6.55381 0
    endloop
  endfacet
  facet normal -0 0 -1
    outer loop
      vertex -24.1286 -6.55381 0
      vertex -26.3443 -8.55977 0
      vertex -24.1299 -6.55311 0
    endloop
  endfacet
  facet normal -0 0 -1
    outer loop
      vertex -24.1299 -6.55311 0
      vertex -26.3443 -8.55977 0
      vertex -24.1312 -6.55233 0
    endloop
  endfacet
  facet normal -0 0 -1
    outer loop
      vertex -24.1312 -6.55233 0
      vertex -26.3443 -8.55977 0
      vertex -24.4735 -6.35063 0
    endloop
  endfacet
  facet normal 0 0 -1
    outer loop
      vertex -26.6269 -7.63515 0
      vertex -24.4735 -6.35063 0
      vertex -26.3443 -8.55977 0
    endloop
  endfacet
  facet normal -0 0 -1
    outer loop
      vertex -24.4735 -6.35063 0
      vertex -26.6269 -7.63515 0
      vertex -24.8046 -6.13099 0
    endloop
  endfacet
  facet normal -0 0 -1
    outer loop
      vertex -24.8046 -6.13099 0
      vertex -26.6269 -7.63515 0
      vertex -24.8059 -6.13015 0
    endloop
  endfacet
  facet normal -0 0 -1
    outer loop
      vertex -24.8059 -6.13015 0
      vertex -26.6269 -7.63515 0
      vertex -25.1248 -5.8932 0
    endloop
  endfacet
  facet normal 0 0 -1
    outer loop
      vertex -26.8772 -6.70124 0
      vertex -25.1248 -5.8932 0
      vertex -26.6269 -7.63515 0
    endloop
  endfacet
  facet normal -0 0 -1
    outer loop
      vertex -25.1248 -5.8932 0
      vertex -26.8772 -6.70124 0
      vertex -25.1261 -5.89229 0
    endloop
  endfacet
  facet normal -0 0 -1
    outer loop
      vertex -25.1261 -5.89229 0
      vertex -26.8772 -6.70124 0
      vertex -25.4319 -5.6387 0
    endloop
  endfacet
  facet normal -0 0 -1
    outer loop
      vertex -25.4319 -5.6387 0
      vertex -26.8772 -6.70124 0
      vertex -25.4331 -5.63773 0
    endloop
  endfacet
  facet normal -0 0 -1
    outer loop
      vertex -25.4331 -5.63773 0
      vertex -26.8772 -6.70124 0
      vertex -25.4342 -5.6367 0
    endloop
  endfacet
  facet normal -0 0 -1
    outer loop
      vertex -25.4342 -5.6367 0
      vertex -26.8772 -6.70124 0
      vertex -25.7262 -5.36719 0
    endloop
  endfacet
  facet normal 0 0 -1
    outer loop
      vertex -27.0947 -5.75915 0
      vertex -25.7262 -5.36719 0
      vertex -26.8772 -6.70124 0
    endloop
  endfacet
  facet normal -0 0 -1
    outer loop
      vertex -25.7262 -5.36719 0
      vertex -27.0947 -5.75915 0
      vertex -26.0033 -5.08252 0
    endloop
  endfacet
  facet normal -0 0 -1
    outer loop
      vertex -26.0033 -5.08252 0
      vertex -27.0947 -5.75915 0
      vertex -26.0044 -5.08143 0
    endloop
  endfacet
  facet normal -0 0 -1
    outer loop
      vertex -26.0044 -5.08143 0
      vertex -27.0947 -5.75915 0
      vertex -26.0054 -5.08029 0
    endloop
  endfacet
  facet normal -0 0 -1
    outer loop
      vertex -26.0054 -5.08029 0
      vertex -27.0947 -5.75915 0
      vertex -26.2671 -4.78127 0
    endloop
  endfacet
  facet normal 0 0 -1
    outer loop
      vertex -27.2792 -4.81005 0
      vertex -26.2671 -4.78127 0
      vertex -27.0947 -5.75915 0
    endloop
  endfacet
  facet normal -0 0 -1
    outer loop
      vertex -26.2671 -4.78127 0
      vertex -27.2792 -4.81005 0
      vertex -26.5124 -4.46876 0
    endloop
  endfacet
  facet normal -0 0 -1
    outer loop
      vertex -26.5124 -4.46876 0
      vertex -27.2792 -4.81005 0
      vertex -26.5133 -4.46756 0
    endloop
  endfacet
  facet normal -0 0 -1
    outer loop
      vertex -26.5133 -4.46756 0
      vertex -27.2792 -4.81005 0
      vertex -26.5142 -4.46632 0
    endloop
  endfacet
  facet normal -0 0 -1
    outer loop
      vertex -26.5142 -4.46632 0
      vertex -27.2792 -4.81005 0
      vertex -26.7426 -4.14119 0
    endloop
  endfacet
  facet normal -0 0 -1
    outer loop
      vertex -26.7426 -4.14119 0
      vertex -27.2792 -4.81005 0
      vertex -26.7434 -4.1399 0
    endloop
  endfacet
  facet normal 0 0 -1
    outer loop
      vertex -27.4304 -3.85509 0
      vertex -26.7434 -4.1399 0
      vertex -27.2792 -4.81005 0
    endloop
  endfacet
  facet normal 0 0 -1
    outer loop
      vertex -26.7434 -4.1399 0
      vertex -27.4304 -3.85509 0
      vertex -26.9542 -3.80307 0
    endloop
  endfacet
  facet normal -0 0 -1
    outer loop
      vertex -26.9542 -3.80307 0
      vertex -27.4304 -3.85509 0
      vertex -27.1467 -3.45551 0
    endloop
  endfacet
  facet normal -0 0 -1
    outer loop
      vertex -27.1467 -3.45551 0
      vertex -27.4304 -3.85509 0
      vertex -27.1474 -3.45418 0
    endloop
  endfacet
  facet normal -0 0 -1
    outer loop
      vertex -27.1474 -3.45418 0
      vertex -27.4304 -3.85509 0
      vertex -27.1481 -3.45281 0
    endloop
  endfacet
  facet normal -0 0 -1
    outer loop
      vertex -27.1481 -3.45281 0
      vertex -27.4304 -3.85509 0
      vertex -27.3218 -3.09549 0
    endloop
  endfacet
  facet normal 0 0 -1
    outer loop
      vertex -27.5483 -2.89544 0
      vertex -27.3218 -3.09549 0
      vertex -27.4304 -3.85509 0
    endloop
  endfacet
  facet normal 0 0 -1
    outer loop
      vertex -27.3218 -3.09549 0
      vertex -27.5483 -2.89544 0
      vertex -27.4763 -2.72944 0
    endloop
  endfacet
  facet normal -0 0 -1
    outer loop
      vertex -27.4763 -2.72944 0
      vertex -27.5483 -2.89544 0
      vertex -27.4769 -2.72803 0
    endloop
  endfacet
  facet normal -0 0 -1
    outer loop
      vertex -27.4769 -2.72803 0
      vertex -27.5483 -2.89544 0
      vertex -27.4774 -2.7266 0
    endloop
  endfacet
  facet normal -0 0 -1
    outer loop
      vertex -27.4774 -2.7266 0
      vertex -27.5483 -2.89544 0
      vertex -27.5904 -2.41321 0
    endloop
  endfacet
  facet normal 0 0 -1
    outer loop
      vertex -13.8526 3.45418 0
      vertex 2.89544 27.5483 0
      vertex -13.8519 3.45281 0
    endloop
  endfacet
  facet normal -0 0 -1
    outer loop
      vertex 2.89544 27.5483 0
      vertex -13.8526 3.45418 0
      vertex 1.93225 27.6325 0
    endloop
  endfacet
  facet normal -0 0 -1
    outer loop
      vertex 1.93225 27.6325 0
      vertex -13.8526 3.45418 0
      vertex 0.966716 27.6831 0
    endloop
  endfacet
  facet normal 0 0 -1
    outer loop
      vertex -13.8533 3.45551 0
      vertex 0.966716 27.6831 0
      vertex -13.8526 3.45418 0
    endloop
  endfacet
  facet normal -0 0 -1
    outer loop
      vertex 0.966716 27.6831 0
      vertex -13.8533 3.45551 0
      vertex 0 27.7 0
    endloop
  endfacet
  facet normal 0 0 -1
    outer loop
      vertex -14.0458 3.80307 0
      vertex 0 27.7 0
      vertex -13.8533 3.45551 0
    endloop
  endfacet
  facet normal 0 0 -1
    outer loop
      vertex 0 27.7 0
      vertex -14.0458 3.80307 0
      vertex -0.966716 27.6831 0
    endloop
  endfacet
  facet normal 0 0 -1
    outer loop
      vertex -0.966716 27.6831 0
      vertex -14.0458 3.80307 0
      vertex -1.93225 27.6325 0
    endloop
  endfacet
  facet normal 0 0 -1
    outer loop
      vertex -1.93225 27.6325 0
      vertex -14.0458 3.80307 0
      vertex -2.89544 27.5483 0
    endloop
  endfacet
  facet normal 0 0 -1
    outer loop
      vertex -14.2566 4.1399 0
      vertex -2.89544 27.5483 0
      vertex -14.0458 3.80307 0
    endloop
  endfacet
  facet normal 0 0 -1
    outer loop
      vertex -14.2574 4.14119 0
      vertex -2.89544 27.5483 0
      vertex -14.2566 4.1399 0
    endloop
  endfacet
  facet normal 0 0 -1
    outer loop
      vertex -2.89544 27.5483 0
      vertex -14.2574 4.14119 0
      vertex -3.85509 27.4304 0
    endloop
  endfacet
  facet normal 0 0 -1
    outer loop
      vertex -3.85509 27.4304 0
      vertex -14.2574 4.14119 0
      vertex -4.81005 27.2792 0
    endloop
  endfacet
  facet normal 0 0 -1
    outer loop
      vertex -14.4858 4.46632 0
      vertex -4.81005 27.2792 0
      vertex -14.2574 4.14119 0
    endloop
  endfacet
  facet normal 0 0 -1
    outer loop
      vertex -4.81005 27.2792 0
      vertex -14.4858 4.46632 0
      vertex -5.75915 27.0947 0
    endloop
  endfacet
  facet normal 0 0 -1
    outer loop
      vertex -14.4867 4.46756 0
      vertex -5.75915 27.0947 0
      vertex -14.4858 4.46632 0
    endloop
  endfacet
  facet normal 0 0 -1
    outer loop
      vertex -5.75915 27.0947 0
      vertex -14.4867 4.46756 0
      vertex -6.70124 26.8772 0
    endloop
  endfacet
  facet normal 0 0 -1
    outer loop
      vertex -6.70124 26.8772 0
      vertex -14.4867 4.46756 0
      vertex -7.63515 26.6269 0
    endloop
  endfacet
  facet normal 0 0 -1
    outer loop
      vertex -14.4876 4.46876 0
      vertex -7.63515 26.6269 0
      vertex -14.4867 4.46756 0
    endloop
  endfacet
  facet normal 0 0 -1
    outer loop
      vertex -14.7329 4.78127 0
      vertex -7.63515 26.6269 0
      vertex -14.4876 4.46876 0
    endloop
  endfacet
  facet normal 0 0 -1
    outer loop
      vertex -7.63515 26.6269 0
      vertex -14.7329 4.78127 0
      vertex -8.55977 26.3443 0
    endloop
  endfacet
  facet normal 0 0 -1
    outer loop
      vertex -8.55977 26.3443 0
      vertex -14.7329 4.78127 0
      vertex -9.47396 26.0295 0
    endloop
  endfacet
  facet normal 0 0 -1
    outer loop
      vertex -14.9946 5.08029 0
      vertex -9.47396 26.0295 0
      vertex -14.7329 4.78127 0
    endloop
  endfacet
  facet normal 0 0 -1
    outer loop
      vertex -9.47396 26.0295 0
      vertex -14.9946 5.08029 0
      vertex -10.3766 25.683 0
    endloop
  endfacet
  facet normal 0 0 -1
    outer loop
      vertex -14.9956 5.08143 0
      vertex -10.3766 25.683 0
      vertex -14.9946 5.08029 0
    endloop
  endfacet
  facet normal 0 0 -1
    outer loop
      vertex -10.3766 25.683 0
      vertex -14.9956 5.08143 0
      vertex -11.2666 25.3052 0
    endloop
  endfacet
  facet normal 0 0 -1
    outer loop
      vertex -14.9967 5.08252 0
      vertex -11.2666 25.3052 0
      vertex -14.9956 5.08143 0
    endloop
  endfacet
  facet normal 0 0 -1
    outer loop
      vertex -15.2738 5.36719 0
      vertex -11.2666 25.3052 0
      vertex -14.9967 5.08252 0
    endloop
  endfacet
  facet normal 0 0 -1
    outer loop
      vertex -11.2666 25.3052 0
      vertex -15.2738 5.36719 0
      vertex -12.1429 24.8966 0
    endloop
  endfacet
  facet normal 0 0 -1
    outer loop
      vertex -12.1429 24.8966 0
      vertex -15.2738 5.36719 0
      vertex -13.0044 24.4576 0
    endloop
  endfacet
  facet normal 0 0 -1
    outer loop
      vertex -15.5658 5.6367 0
      vertex -13.0044 24.4576 0
      vertex -15.2738 5.36719 0
    endloop
  endfacet
  facet normal 0 0 -1
    outer loop
      vertex -15.5669 5.63773 0
      vertex -13.0044 24.4576 0
      vertex -15.5658 5.6367 0
    endloop
  endfacet
  facet normal 0 0 -1
    outer loop
      vertex -13.0044 24.4576 0
      vertex -15.5669 5.63773 0
      vertex -13.85 23.9889 0
    endloop
  endfacet
  facet normal 0 0 -1
    outer loop
      vertex -13.85 23.9889 0
      vertex -15.5669 5.63773 0
      vertex -14.6788 23.4909 0
    endloop
  endfacet
  facet normal 0 0 -1
    outer loop
      vertex -15.5681 5.6387 0
      vertex -14.6788 23.4909 0
      vertex -15.5669 5.63773 0
    endloop
  endfacet
  facet normal 0 0 -1
    outer loop
      vertex -15.8739 5.89229 0
      vertex -14.6788 23.4909 0
      vertex -15.5681 5.6387 0
    endloop
  endfacet
  facet normal 0 0 -1
    outer loop
      vertex -14.6788 23.4909 0
      vertex -15.8739 5.89229 0
      vertex -15.4896 22.9643 0
    endloop
  endfacet
  facet normal 0 0 -1
    outer loop
      vertex -15.8752 5.8932 0
      vertex -15.4896 22.9643 0
      vertex -15.8739 5.89229 0
    endloop
  endfacet
  facet normal 0 0 -1
    outer loop
      vertex -16.1941 6.13015 0
      vertex -15.4896 22.9643 0
      vertex -15.8752 5.8932 0
    endloop
  endfacet
  facet normal 0 0 -1
    outer loop
      vertex -16.2817 22.4098 0
      vertex -16.1941 6.13015 0
      vertex -16.1954 6.13099 0
    endloop
  endfacet
  facet normal 0 0 -1
    outer loop
      vertex -16.1941 6.13015 0
      vertex -16.2817 22.4098 0
      vertex -15.4896 22.9643 0
    endloop
  endfacet
  facet normal 0 0 -1
    outer loop
      vertex -17.0538 21.8279 0
      vertex -16.1954 6.13099 0
      vertex -16.5265 6.35063 0
    endloop
  endfacet
  facet normal 0 0 -1
    outer loop
      vertex -17.8052 21.2194 0
      vertex -16.5265 6.35063 0
      vertex -16.8688 6.55233 0
    endloop
  endfacet
  facet normal 0 0 -1
    outer loop
      vertex -17.8052 21.2194 0
      vertex -16.8688 6.55233 0
      vertex -16.8701 6.55311 0
    endloop
  endfacet
  facet normal 0 0 -1
    outer loop
      vertex -18.5349 20.5851 0
      vertex -16.8701 6.55311 0
      vertex -16.8714 6.55381 0
    endloop
  endfacet
  facet normal 0 0 -1
    outer loop
      vertex -16.1954 6.13099 0
      vertex -17.0538 21.8279 0
      vertex -16.2817 22.4098 0
    endloop
  endfacet
  facet normal 0 0 -1
    outer loop
      vertex -18.5349 20.5851 0
      vertex -16.8714 6.55381 0
      vertex -17.224 6.73701 0
    endloop
  endfacet
  facet normal 0 0 -1
    outer loop
      vertex -19.9257 19.242 0
      vertex -17.224 6.73701 0
      vertex -17.5858 6.90119 0
    endloop
  endfacet
  facet normal 0 0 -1
    outer loop
      vertex -19.9257 19.242 0
      vertex -17.5858 6.90119 0
      vertex -17.5872 6.90182 0
    endloop
  endfacet
  facet normal 0 0 -1
    outer loop
      vertex -19.9257 19.242 0
      vertex -17.5872 6.90182 0
      vertex -17.5886 6.90237 0
    endloop
  endfacet
  facet normal 0 0 -1
    outer loop
      vertex -16.5265 6.35063 0
      vertex -17.8052 21.2194 0
      vertex -17.0538 21.8279 0
    endloop
  endfacet
  facet normal 0 0 -1
    outer loop
      vertex -20.5851 18.5349 0
      vertex -17.5886 6.90237 0
      vertex -17.9587 7.04706 0
    endloop
  endfacet
  facet normal 0 0 -1
    outer loop
      vertex -21.2194 17.8052 0
      vertex -17.9587 7.04706 0
      vertex -18.3359 7.17185 0
    endloop
  endfacet
  facet normal 0 0 -1
    outer loop
      vertex -21.2194 17.8052 0
      vertex -18.3359 7.17185 0
      vertex -18.3373 7.17233 0
    endloop
  endfacet
  facet normal 0 0 -1
    outer loop
      vertex -16.8701 6.55311 0
      vertex -18.5349 20.5851 0
      vertex -17.8052 21.2194 0
    endloop
  endfacet
  facet normal 0 0 -1
    outer loop
      vertex -21.8279 17.0538 0
      vertex -18.3373 7.17233 0
      vertex -18.7206 7.27687 0
    endloop
  endfacet
  facet normal 0 0 -1
    outer loop
      vertex -21.8279 17.0538 0
      vertex -18.7206 7.27687 0
      vertex -18.7221 7.27727 0
    endloop
  endfacet
  facet normal 0 0 -1
    outer loop
      vertex -22.4098 16.2817 0
      vertex -18.7221 7.27727 0
      vertex -18.7236 7.27759 0
    endloop
  endfacet
  facet normal 0 0 -1
    outer loop
      vertex -22.4098 16.2817 0
      vertex -18.7236 7.27759 0
      vertex -19.1119 7.36158 0
    endloop
  endfacet
  facet normal 0 0 -1
    outer loop
      vertex -17.224 6.73701 0
      vertex -19.242 19.9257 0
      vertex -18.5349 20.5851 0
    endloop
  endfacet
  facet normal 0 0 -1
    outer loop
      vertex -22.9643 15.4896 0
      vertex -19.1119 7.36158 0
      vertex -19.5042 7.42478 0
    endloop
  endfacet
  facet normal 0 0 -1
    outer loop
      vertex -22.9643 15.4896 0
      vertex -19.5042 7.42478 0
      vertex -19.5057 7.42502 0
    endloop
  endfacet
  facet normal 0 0 -1
    outer loop
      vertex -22.9643 15.4896 0
      vertex -19.5057 7.42502 0
      vertex -19.5072 7.42518 0
    endloop
  endfacet
  facet normal 0 0 -1
    outer loop
      vertex -23.4909 14.6788 0
      vertex -19.5072 7.42518 0
      vertex -19.9023 7.46741 0
    endloop
  endfacet
  facet normal 0 0 -1
    outer loop
      vertex -23.4909 14.6788 0
      vertex -19.9023 7.46741 0
      vertex -19.9038 7.46749 0
    endloop
  endfacet
  facet normal 0 0 -1
    outer loop
      vertex -17.224 6.73701 0
      vertex -19.9257 19.242 0
      vertex -19.242 19.9257 0
    endloop
  endfacet
  facet normal 0 0 -1
    outer loop
      vertex -23.4909 14.6788 0
      vertex -19.9038 7.46749 0
      vertex -20.3006 7.48864 0
    endloop
  endfacet
  facet normal 0 0 -1
    outer loop
      vertex -17.5886 6.90237 0
      vertex -20.5851 18.5349 0
      vertex -19.9257 19.242 0
    endloop
  endfacet
  facet normal 0 0 -1
    outer loop
      vertex -23.9889 13.85 0
      vertex -20.3006 7.48864 0
      vertex -20.6994 7.48864 0
    endloop
  endfacet
  facet normal 0 0 -1
    outer loop
      vertex -24.4576 13.0044 0
      vertex -20.6994 7.48864 0
      vertex -21.0962 7.46749 0
    endloop
  endfacet
  facet normal 0 0 -1
    outer loop
      vertex -24.4576 13.0044 0
      vertex -21.0962 7.46749 0
      vertex -21.0977 7.46741 0
    endloop
  endfacet
  facet normal 0 0 -1
    outer loop
      vertex -17.9587 7.04706 0
      vertex -21.2194 17.8052 0
      vertex -20.5851 18.5349 0
    endloop
  endfacet
  facet normal 0 0 -1
    outer loop
      vertex -24.8966 12.1429 0
      vertex -21.0977 7.46741 0
      vertex -21.4928 7.42518 0
    endloop
  endfacet
  facet normal 0 0 -1
    outer loop
      vertex -24.8966 12.1429 0
      vertex -21.4928 7.42518 0
      vertex -21.4943 7.42502 0
    endloop
  endfacet
  facet normal 0 0 -1
    outer loop
      vertex -24.8966 12.1429 0
      vertex -21.4943 7.42502 0
      vertex -21.4958 7.42478 0
    endloop
  endfacet
  facet normal 0 0 -1
    outer loop
      vertex -18.3373 7.17233 0
      vertex -21.8279 17.0538 0
      vertex -21.2194 17.8052 0
    endloop
  endfacet
  facet normal 0 0 -1
    outer loop
      vertex -24.8966 12.1429 0
      vertex -21.4958 7.42478 0
      vertex -21.8881 7.36158 0
    endloop
  endfacet
  facet normal 0 0 -1
    outer loop
      vertex -25.3052 11.2666 0
      vertex -21.8881 7.36158 0
      vertex -22.2764 7.27759 0
    endloop
  endfacet
  facet normal 0 0 -1
    outer loop
      vertex -25.3052 11.2666 0
      vertex -22.2764 7.27759 0
      vertex -22.2779 7.27727 0
    endloop
  endfacet
  facet normal 0 0 -1
    outer loop
      vertex -25.3052 11.2666 0
      vertex -22.2779 7.27727 0
      vertex -22.2794 7.27687 0
    endloop
  endfacet
  facet normal 0 0 -1
    outer loop
      vertex -18.7221 7.27727 0
      vertex -22.4098 16.2817 0
      vertex -21.8279 17.0538 0
    endloop
  endfacet
  facet normal 0 0 -1
    outer loop
      vertex -25.683 10.3766 0
      vertex -22.2794 7.27687 0
      vertex -22.6627 7.17233 0
    endloop
  endfacet
  facet normal 0 0 -1
    outer loop
      vertex -25.683 10.3766 0
      vertex -22.6627 7.17233 0
      vertex -22.6641 7.17185 0
    endloop
  endfacet
  facet normal 0 0 -1
    outer loop
      vertex -19.1119 7.36158 0
      vertex -22.9643 15.4896 0
      vertex -22.4098 16.2817 0
    endloop
  endfacet
  facet normal 0 0 -1
    outer loop
      vertex -25.683 10.3766 0
      vertex -22.6641 7.17185 0
      vertex -23.0413 7.04706 0
    endloop
  endfacet
  facet normal 0 0 -1
    outer loop
      vertex -26.0295 9.47396 0
      vertex -23.0413 7.04706 0
      vertex -23.4114 6.90237 0
    endloop
  endfacet
  facet normal 0 0 -1
    outer loop
      vertex -26.0295 9.47396 0
      vertex -23.4114 6.90237 0
      vertex -23.4128 6.90182 0
    endloop
  endfacet
  facet normal 0 0 -1
    outer loop
      vertex -26.0295 9.47396 0
      vertex -23.4128 6.90182 0
      vertex -23.4142 6.90119 0
    endloop
  endfacet
  facet normal 0 0 -1
    outer loop
      vertex -19.5072 7.42518 0
      vertex -23.4909 14.6788 0
      vertex -22.9643 15.4896 0
    endloop
  endfacet
  facet normal 0 0 -1
    outer loop
      vertex -26.0295 9.47396 0
      vertex -23.4142 6.90119 0
      vertex -23.776 6.73701 0
    endloop
  endfacet
  facet normal 0 0 -1
    outer loop
      vertex -20.3006 7.48864 0
      vertex -23.9889 13.85 0
      vertex -23.4909 14.6788 0
    endloop
  endfacet
  facet normal 0 0 -1
    outer loop
      vertex -26.3443 8.55977 0
      vertex -23.776 6.73701 0
      vertex -24.1286 6.55381 0
    endloop
  endfacet
  facet normal 0 0 -1
    outer loop
      vertex -26.3443 8.55977 0
      vertex -24.1286 6.55381 0
      vertex -24.1299 6.55311 0
    endloop
  endfacet
  facet normal 0 0 -1
    outer loop
      vertex -26.3443 8.55977 0
      vertex -24.1299 6.55311 0
      vertex -24.1312 6.55233 0
    endloop
  endfacet
  facet normal 0 0 -1
    outer loop
      vertex -20.6994 7.48864 0
      vertex -24.4576 13.0044 0
      vertex -23.9889 13.85 0
    endloop
  endfacet
  facet normal 0 0 -1
    outer loop
      vertex -26.3443 8.55977 0
      vertex -24.1312 6.55233 0
      vertex -24.4735 6.35063 0
    endloop
  endfacet
  facet normal 0 0 -1
    outer loop
      vertex -26.6269 7.63515 0
      vertex -24.4735 6.35063 0
      vertex -24.8046 6.13099 0
    endloop
  endfacet
  facet normal 0 0 -1
    outer loop
      vertex -26.6269 7.63515 0
      vertex -24.8046 6.13099 0
      vertex -24.8059 6.13015 0
    endloop
  endfacet
  facet normal 0 0 -1
    outer loop
      vertex -21.0977 7.46741 0
      vertex -24.8966 12.1429 0
      vertex -24.4576 13.0044 0
    endloop
  endfacet
  facet normal 0 0 -1
    outer loop
      vertex -26.6269 7.63515 0
      vertex -24.8059 6.13015 0
      vertex -25.1248 5.8932 0
    endloop
  endfacet
  facet normal 0 0 -1
    outer loop
      vertex -26.8772 6.70124 0
      vertex -25.1248 5.8932 0
      vertex -25.1261 5.89229 0
    endloop
  endfacet
  facet normal 0 0 -1
    outer loop
      vertex -21.8881 7.36158 0
      vertex -25.3052 11.2666 0
      vertex -24.8966 12.1429 0
    endloop
  endfacet
  facet normal 0 0 -1
    outer loop
      vertex -26.8772 6.70124 0
      vertex -25.1261 5.89229 0
      vertex -25.4319 5.6387 0
    endloop
  endfacet
  facet normal 0 0 -1
    outer loop
      vertex -26.8772 6.70124 0
      vertex -25.4319 5.6387 0
      vertex -25.4331 5.63773 0
    endloop
  endfacet
  facet normal 0 0 -1
    outer loop
      vertex -26.8772 6.70124 0
      vertex -25.4331 5.63773 0
      vertex -25.4342 5.6367 0
    endloop
  endfacet
  facet normal 0 0 -1
    outer loop
      vertex -22.2794 7.27687 0
      vertex -25.683 10.3766 0
      vertex -25.3052 11.2666 0
    endloop
  endfacet
  facet normal 0 0 -1
    outer loop
      vertex -26.8772 6.70124 0
      vertex -25.4342 5.6367 0
      vertex -25.7262 5.36719 0
    endloop
  endfacet
  facet normal 0 0 -1
    outer loop
      vertex -27.0947 5.75915 0
      vertex -25.7262 5.36719 0
      vertex -26.0033 5.08252 0
    endloop
  endfacet
  facet normal 0 0 -1
    outer loop
      vertex -27.0947 5.75915 0
      vertex -26.0033 5.08252 0
      vertex -26.0044 5.08143 0
    endloop
  endfacet
  facet normal 0 0 -1
    outer loop
      vertex -27.0947 5.75915 0
      vertex -26.0044 5.08143 0
      vertex -26.0054 5.08029 0
    endloop
  endfacet
  facet normal 0 0 -1
    outer loop
      vertex -23.0413 7.04706 0
      vertex -26.0295 9.47396 0
      vertex -25.683 10.3766 0
    endloop
  endfacet
  facet normal 0 0 -1
    outer loop
      vertex -27.0947 5.75915 0
      vertex -26.0054 5.08029 0
      vertex -26.2671 4.78127 0
    endloop
  endfacet
  facet normal 0 0 -1
    outer loop
      vertex -23.776 6.73701 0
      vertex -26.3443 8.55977 0
      vertex -26.0295 9.47396 0
    endloop
  endfacet
  facet normal 0 0 -1
    outer loop
      vertex -27.2792 4.81005 0
      vertex -26.2671 4.78127 0
      vertex -26.5124 4.46876 0
    endloop
  endfacet
  facet normal 0 0 -1
    outer loop
      vertex -27.2792 4.81005 0
      vertex -26.5124 4.46876 0
      vertex -26.5133 4.46756 0
    endloop
  endfacet
  facet normal 0 0 -1
    outer loop
      vertex -27.2792 4.81005 0
      vertex -26.5133 4.46756 0
      vertex -26.5142 4.46632 0
    endloop
  endfacet
  facet normal 0 0 -1
    outer loop
      vertex -24.4735 6.35063 0
      vertex -26.6269 7.63515 0
      vertex -26.3443 8.55977 0
    endloop
  endfacet
  facet normal 0 0 -1
    outer loop
      vertex -27.2792 4.81005 0
      vertex -26.5142 4.46632 0
      vertex -26.7426 4.14119 0
    endloop
  endfacet
  facet normal 0 0 -1
    outer loop
      vertex -27.2792 4.81005 0
      vertex -26.7426 4.14119 0
      vertex -26.7434 4.1399 0
    endloop
  endfacet
  facet normal 0 0 -1
    outer loop
      vertex -25.1248 5.8932 0
      vertex -26.8772 6.70124 0
      vertex -26.6269 7.63515 0
    endloop
  endfacet
  facet normal 0 0 -1
    outer loop
      vertex -27.4304 3.85509 0
      vertex -26.7434 4.1399 0
      vertex -26.9542 3.80307 0
    endloop
  endfacet
  facet normal 0 0 -1
    outer loop
      vertex -25.7262 5.36719 0
      vertex -27.0947 5.75915 0
      vertex -26.8772 6.70124 0
    endloop
  endfacet
  facet normal 0 0 -1
    outer loop
      vertex -27.4304 3.85509 0
      vertex -26.9542 3.80307 0
      vertex -27.1467 3.45551 0
    endloop
  endfacet
  facet normal 0 0 -1
    outer loop
      vertex -27.4304 3.85509 0
      vertex -27.1467 3.45551 0
      vertex -27.1474 3.45418 0
    endloop
  endfacet
  facet normal 0 0 -1
    outer loop
      vertex -27.4304 3.85509 0
      vertex -27.1474 3.45418 0
      vertex -27.1481 3.45281 0
    endloop
  endfacet
  facet normal 0 0 -1
    outer loop
      vertex -26.2671 4.78127 0
      vertex -27.2792 4.81005 0
      vertex -27.0947 5.75915 0
    endloop
  endfacet
  facet normal 0 0 -1
    outer loop
      vertex -27.4304 3.85509 0
      vertex -27.1481 3.45281 0
      vertex -27.3218 3.09549 0
    endloop
  endfacet
  facet normal -0 0 -1
    outer loop
      vertex -26.7434 4.1399 0
      vertex -27.4304 3.85509 0
      vertex -27.2792 4.81005 0
    endloop
  endfacet
  facet normal 0 0 -1
    outer loop
      vertex -27.5483 2.89544 0
      vertex -27.3218 3.09549 0
      vertex -27.4763 2.72944 0
    endloop
  endfacet
  facet normal 0 0 -1
    outer loop
      vertex -27.5483 2.89544 0
      vertex -27.4763 2.72944 0
      vertex -27.4769 2.72803 0
    endloop
  endfacet
  facet normal 0 0 -1
    outer loop
      vertex -27.5483 2.89544 0
      vertex -27.4769 2.72803 0
      vertex -27.4774 2.7266 0
    endloop
  endfacet
  facet normal -0 0 -1
    outer loop
      vertex -27.3218 3.09549 0
      vertex -27.5483 2.89544 0
      vertex -27.4304 3.85509 0
    endloop
  endfacet
  facet normal 0 -0 -1
    outer loop
      vertex -27.5483 2.89544 0
      vertex -27.4774 2.7266 0
      vertex -27.5904 2.41321 0
    endloop
  endfacet
  facet normal 0.454023 0.89099 -0
    outer loop
      vertex 16.009 30.1085 0
      vertex 14.9485 30.6489 4
      vertex 16.009 30.1085 4
    endloop
  endfacet
  facet normal 0.454023 0.89099 0
    outer loop
      vertex 14.9485 30.6489 4
      vertex 16.009 30.1085 0
      vertex 14.9485 30.6489 0
    endloop
  endfacet
  facet normal 0.422582 0.906325 -0
    outer loop
      vertex 14.9485 30.6489 0
      vertex 13.8697 31.1519 4
      vertex 14.9485 30.6489 4
    endloop
  endfacet
  facet normal 0.422582 0.906325 0
    outer loop
      vertex 13.8697 31.1519 4
      vertex 14.9485 30.6489 0
      vertex 13.8697 31.1519 0
    endloop
  endfacet
  facet normal -0.544578 -0.83871 0
    outer loop
      vertex -19.0685 -28.2702 0
      vertex -18.0702 -28.9184 4
      vertex -19.0685 -28.2702 4
    endloop
  endfacet
  facet normal -0.544578 -0.83871 -0
    outer loop
      vertex -18.0702 -28.9184 4
      vertex -19.0685 -28.2702 0
      vertex -18.0702 -28.9184 0
    endloop
  endfacet
  facet normal 0.292369 0.956306 -0
    outer loop
      vertex 10.5375 32.431 0
      vertex 9.39923 32.779 4
      vertex 10.5375 32.431 4
    endloop
  endfacet
  facet normal 0.292369 0.956306 0
    outer loop
      vertex 9.39923 32.779 4
      vertex 10.5375 32.431 0
      vertex 9.39923 32.779 0
    endloop
  endfacet
  facet normal 0.707107 0.707107 0
    outer loop
      vertex 24.5295 23.6879 4
      vertex 23.6879 24.5295 0
      vertex 23.6879 24.5295 4
    endloop
  endfacet
  facet normal 0.707107 0.707107 0
    outer loop
      vertex 23.6879 24.5295 0
      vertex 24.5295 23.6879 4
      vertex 24.5295 23.6879 0
    endloop
  endfacet
  facet normal -0.681974 -0.731376 0
    outer loop
      vertex -23.6879 -24.5295 0
      vertex -22.8174 -25.3412 4
      vertex -23.6879 -24.5295 4
    endloop
  endfacet
  facet normal -0.681974 -0.731376 -0
    outer loop
      vertex -22.8174 -25.3412 4
      vertex -23.6879 -24.5295 0
      vertex -22.8174 -25.3412 0
    endloop
  endfacet
  facet normal -0.190799 -0.981629 0
    outer loop
      vertex -7.08979 -33.3548 0
      vertex -5.9214 -33.5819 4
      vertex -7.08979 -33.3548 4
    endloop
  endfacet
  facet normal -0.190799 -0.981629 -0
    outer loop
      vertex -5.9214 -33.5819 4
      vertex -7.08979 -33.3548 0
      vertex -5.9214 -33.5819 0
    endloop
  endfacet
  facet normal -0.920491 0.390763 0
    outer loop
      vertex -31.617 12.7741 0
      vertex -31.1519 13.8697 4
      vertex -31.1519 13.8697 0
    endloop
  endfacet
  facet normal -0.920491 0.390763 0
    outer loop
      vertex -31.1519 13.8697 4
      vertex -31.617 12.7741 0
      vertex -31.617 12.7741 4
    endloop
  endfacet
  facet normal -0.83871 0.544578 0
    outer loop
      vertex -28.9184 18.0702 0
      vertex -28.2702 19.0685 4
      vertex -28.2702 19.0685 0
    endloop
  endfacet
  facet normal -0.83871 0.544578 0
    outer loop
      vertex -28.2702 19.0685 4
      vertex -28.9184 18.0702 0
      vertex -28.9184 18.0702 4
    endloop
  endfacet
  facet normal 0.156437 -0.987688 0
    outer loop
      vertex 4.7458 -33.7681 0
      vertex 5.9214 -33.5819 4
      vertex 4.7458 -33.7681 4
    endloop
  endfacet
  facet normal 0.156437 -0.987688 0
    outer loop
      vertex 5.9214 -33.5819 4
      vertex 4.7458 -33.7681 0
      vertex 5.9214 -33.5819 0
    endloop
  endfacet
  facet normal -0.0523414 -0.998629 0
    outer loop
      vertex -2.3787 -34.0169 0
      vertex -1.19007 -34.0792 4
      vertex -2.3787 -34.0169 4
    endloop
  endfacet
  facet normal -0.0523414 -0.998629 -0
    outer loop
      vertex -1.19007 -34.0792 4
      vertex -2.3787 -34.0169 0
      vertex -1.19007 -34.0792 0
    endloop
  endfacet
  facet normal 0.190799 -0.981629 0
    outer loop
      vertex 5.9214 -33.5819 0
      vertex 7.08979 -33.3548 4
      vertex 5.9214 -33.5819 4
    endloop
  endfacet
  facet normal 0.190799 -0.981629 0
    outer loop
      vertex 7.08979 -33.3548 4
      vertex 5.9214 -33.5819 0
      vertex 7.08979 -33.3548 0
    endloop
  endfacet
  facet normal -0.573575 -0.819153 0
    outer loop
      vertex -20.0435 -27.5875 0
      vertex -19.0685 -28.2702 4
      vertex -20.0435 -27.5875 4
    endloop
  endfacet
  facet normal -0.573575 -0.819153 -0
    outer loop
      vertex -19.0685 -28.2702 4
      vertex -20.0435 -27.5875 0
      vertex -19.0685 -28.2702 0
    endloop
  endfacet
  facet normal -0.89099 -0.454023 0
    outer loop
      vertex -30.1085 -16.009 0
      vertex -30.6489 -14.9485 4
      vertex -30.6489 -14.9485 0
    endloop
  endfacet
  facet normal -0.89099 -0.454023 0
    outer loop
      vertex -30.6489 -14.9485 4
      vertex -30.1085 -16.009 0
      vertex -30.1085 -16.009 4
    endloop
  endfacet
  facet normal 0.258852 0.965917 -0
    outer loop
      vertex 9.39923 32.779 0
      vertex 8.24954 33.0871 4
      vertex 9.39923 32.779 4
    endloop
  endfacet
  facet normal 0.258852 0.965917 0
    outer loop
      vertex 8.24954 33.0871 4
      vertex 9.39923 32.779 0
      vertex 8.24954 33.0871 0
    endloop
  endfacet
  facet normal -0.484787 -0.874632 0
    outer loop
      vertex -17.05 -29.5315 0
      vertex -16.009 -30.1085 4
      vertex -17.05 -29.5315 4
    endloop
  endfacet
  facet normal -0.484787 -0.874632 -0
    outer loop
      vertex -16.009 -30.1085 4
      vertex -17.05 -29.5315 0
      vertex -16.009 -30.1085 0
    endloop
  endfacet
  facet normal 0.819153 -0.573575 0
    outer loop
      vertex 27.5875 -20.0435 4
      vertex 28.2702 -19.0685 0
      vertex 28.2702 -19.0685 4
    endloop
  endfacet
  facet normal 0.819153 -0.573575 0
    outer loop
      vertex 28.2702 -19.0685 0
      vertex 27.5875 -20.0435 4
      vertex 27.5875 -20.0435 0
    endloop
  endfacet
  facet normal -0.83871 -0.544578 0
    outer loop
      vertex -28.2702 -19.0685 0
      vertex -28.9184 -18.0702 4
      vertex -28.9184 -18.0702 0
    endloop
  endfacet
  facet normal -0.83871 -0.544578 0
    outer loop
      vertex -28.9184 -18.0702 4
      vertex -28.2702 -19.0685 0
      vertex -28.2702 -19.0685 4
    endloop
  endfacet
  facet normal 0 0 1
    outer loop
      vertex 33.5819 5.9214 4
      vertex 33.557 5.40762 4
      vertex 33.645 5.52332 4
    endloop
  endfacet
  facet normal 0 0 1
    outer loop
      vertex 33.3298 5.08013 4
      vertex 33.5819 5.9214 4
      vertex 33.3548 7.08979 4
    endloop
  endfacet
  facet normal 0 0 1
    outer loop
      vertex 33.5819 5.9214 4
      vertex 33.3298 5.08013 4
      vertex 33.557 5.40762 4
    endloop
  endfacet
  facet normal 0 0 1
    outer loop
      vertex 33.3548 7.08979 4
      vertex 33.1169 4.7431 4
      vertex 33.3298 5.08013 4
    endloop
  endfacet
  facet normal 0 0 1
    outer loop
      vertex 32.9188 4.39716 4
      vertex 33.3548 7.08979 4
      vertex 33.0871 8.24954 4
    endloop
  endfacet
  facet normal 0 0 1
    outer loop
      vertex 33.3548 7.08979 4
      vertex 32.9188 4.39716 4
      vertex 33.1169 4.7431 4
    endloop
  endfacet
  facet normal 0 0 1
    outer loop
      vertex 32.5686 3.68118 4
      vertex 33.0871 8.24954 4
      vertex 32.779 9.39923 4
    endloop
  endfacet
  facet normal 0 0 1
    outer loop
      vertex 33.0871 8.24954 4
      vertex 32.736 4.04296 4
      vertex 32.9188 4.39716 4
    endloop
  endfacet
  facet normal 0 0 1
    outer loop
      vertex 33.0871 8.24954 4
      vertex 32.5686 3.68118 4
      vertex 32.736 4.04296 4
    endloop
  endfacet
  facet normal 0 0 1
    outer loop
      vertex 32.417 3.31249 4
      vertex 32.779 9.39923 4
      vertex 32.431 10.5375 4
    endloop
  endfacet
  facet normal 0 0 1
    outer loop
      vertex 32.779 9.39923 4
      vertex 32.417 3.31249 4
      vertex 32.5686 3.68118 4
    endloop
  endfacet
  facet normal 0 0 1
    outer loop
      vertex 32.431 10.5375 4
      vertex 32.2816 2.93757 4
      vertex 32.417 3.31249 4
    endloop
  endfacet
  facet normal 0 0 1
    outer loop
      vertex 32.0435 11.6629 4
      vertex 32.2816 2.93757 4
      vertex 32.431 10.5375 4
    endloop
  endfacet
  facet normal 0 0 1
    outer loop
      vertex 32.2816 2.93757 4
      vertex 32.0435 11.6629 4
      vertex 32.1625 2.55715 4
    endloop
  endfacet
  facet normal 0 0 1
    outer loop
      vertex 31.617 12.7741 4
      vertex 32.1625 2.55715 4
      vertex 32.0435 11.6629 4
    endloop
  endfacet
  facet normal 0 0 1
    outer loop
      vertex 31.1519 13.8697 4
      vertex 32.1625 2.55715 4
      vertex 31.617 12.7741 4
    endloop
  endfacet
  facet normal 0 0 1
    outer loop
      vertex 32.1625 2.55715 4
      vertex 31.1519 13.8697 4
      vertex 32.06 2.17192 4
    endloop
  endfacet
  facet normal 0 0 1
    outer loop
      vertex 30.6489 14.9485 4
      vertex 32.06 2.17192 4
      vertex 31.1519 13.8697 4
    endloop
  endfacet
  facet normal 0 0 1
    outer loop
      vertex 30.1085 16.009 4
      vertex 32.06 2.17192 4
      vertex 30.6489 14.9485 4
    endloop
  endfacet
  facet normal 0 0 1
    outer loop
      vertex 32.06 2.17192 4
      vertex 30.1085 16.009 4
      vertex 31.9744 1.78261 4
    endloop
  endfacet
  facet normal 0 0 1
    outer loop
      vertex 28.9184 18.0702 4
      vertex 31.9744 1.78261 4
      vertex 29.5315 17.05 4
    endloop
  endfacet
  facet normal 0 0 1
    outer loop
      vertex 29.5315 17.05 4
      vertex 31.9744 1.78261 4
      vertex 30.1085 16.009 4
    endloop
  endfacet
  facet normal 0 0 1
    outer loop
      vertex 33.557 -5.40762 4
      vertex 33.5819 -5.9214 4
      vertex 33.645 -5.52332 4
    endloop
  endfacet
  facet normal 0 0 1
    outer loop
      vertex 33.3298 -5.08013 4
      vertex 33.5819 -5.9214 4
      vertex 33.557 -5.40762 4
    endloop
  endfacet
  facet normal 0 0 1
    outer loop
      vertex 33.5819 -5.9214 4
      vertex 33.3298 -5.08013 4
      vertex 33.3548 -7.08979 4
    endloop
  endfacet
  facet normal 0 0 1
    outer loop
      vertex 33.1169 -4.7431 4
      vertex 33.3548 -7.08979 4
      vertex 33.3298 -5.08013 4
    endloop
  endfacet
  facet normal 0 0 1
    outer loop
      vertex 32.9188 -4.39716 4
      vertex 33.3548 -7.08979 4
      vertex 33.1169 -4.7431 4
    endloop
  endfacet
  facet normal 0 0 1
    outer loop
      vertex 33.3548 -7.08979 4
      vertex 32.9188 -4.39716 4
      vertex 33.0871 -8.24954 4
    endloop
  endfacet
  facet normal 0 0 1
    outer loop
      vertex 32.736 -4.04296 4
      vertex 33.0871 -8.24954 4
      vertex 32.9188 -4.39716 4
    endloop
  endfacet
  facet normal 0 0 1
    outer loop
      vertex 32.5686 -3.68118 4
      vertex 33.0871 -8.24954 4
      vertex 32.736 -4.04296 4
    endloop
  endfacet
  facet normal 0 0 1
    outer loop
      vertex 33.0871 -8.24954 4
      vertex 32.5686 -3.68118 4
      vertex 32.779 -9.39923 4
    endloop
  endfacet
  facet normal 0 0 1
    outer loop
      vertex 32.417 -3.31249 4
      vertex 32.779 -9.39923 4
      vertex 32.5686 -3.68118 4
    endloop
  endfacet
  facet normal 0 0 1
    outer loop
      vertex 32.779 -9.39923 4
      vertex 32.417 -3.31249 4
      vertex 32.431 -10.5375 4
    endloop
  endfacet
  facet normal 0 0 1
    outer loop
      vertex 32.2816 -2.93757 4
      vertex 32.431 -10.5375 4
      vertex 32.417 -3.31249 4
    endloop
  endfacet
  facet normal 0 0 1
    outer loop
      vertex 32.0435 -11.6629 4
      vertex 32.2816 -2.93757 4
      vertex 32.1625 -2.55715 4
    endloop
  endfacet
  facet normal 0 0 1
    outer loop
      vertex 31.1519 -13.8697 4
      vertex 32.1625 -2.55715 4
      vertex 32.06 -2.17192 4
    endloop
  endfacet
  facet normal 0 0 1
    outer loop
      vertex 32.2816 -2.93757 4
      vertex 32.0435 -11.6629 4
      vertex 32.431 -10.5375 4
    endloop
  endfacet
  facet normal 0 0 1
    outer loop
      vertex 30.1085 -16.009 4
      vertex 32.06 -2.17192 4
      vertex 31.9744 -1.78261 4
    endloop
  endfacet
  facet normal 0 0 1
    outer loop
      vertex 28.2702 -19.0685 4
      vertex 31.9744 -1.78261 4
      vertex 31.9056 -1.38996 4
    endloop
  endfacet
  facet normal 0 0 1
    outer loop
      vertex -14.8047 -0.791507 4
      vertex 31.9056 -1.38996 4
      vertex 31.8539 -0.994695 4
    endloop
  endfacet
  facet normal -0 0 1
    outer loop
      vertex -14.8047 -0.791507 4
      vertex 31.8539 -0.994695 4
      vertex 31.8194 -0.597565 4
    endloop
  endfacet
  facet normal -0 0 1
    outer loop
      vertex -14.7637 -0.396699 4
      vertex 31.8194 -0.597565 4
      vertex 31.8022 -0.199312 4
    endloop
  endfacet
  facet normal 0 0 1
    outer loop
      vertex 32.1625 -2.55715 4
      vertex 31.617 -12.7741 4
      vertex 32.0435 -11.6629 4
    endloop
  endfacet
  facet normal 0 0 1
    outer loop
      vertex 28.2702 19.0685 4
      vertex 31.9744 1.78261 4
      vertex 28.9184 18.0702 4
    endloop
  endfacet
  facet normal 0 0 1
    outer loop
      vertex 31.9744 1.78261 4
      vertex 28.2702 19.0685 4
      vertex 31.9056 1.38996 4
    endloop
  endfacet
  facet normal 0 0 1
    outer loop
      vertex -14.7637 -0.396699 4
      vertex 31.8022 -0.199312 4
      vertex -14.75 0 4
    endloop
  endfacet
  facet normal 0 -0 1
    outer loop
      vertex -14.8047 0.791507 4
      vertex 31.9056 1.38996 4
      vertex -14.8729 1.18254 4
    endloop
  endfacet
  facet normal 0 0 1
    outer loop
      vertex 31.8194 -0.597565 4
      vertex -14.7637 -0.396699 4
      vertex -14.8047 -0.791507 4
    endloop
  endfacet
  facet normal 0 0 1
    outer loop
      vertex 31.9056 1.38996 4
      vertex -14.8047 0.791507 4
      vertex 31.8539 0.994695 4
    endloop
  endfacet
  facet normal 0 0 1
    outer loop
      vertex 31.9056 -1.38996 4
      vertex -14.8047 -0.791507 4
      vertex -14.8729 -1.18254 4
    endloop
  endfacet
  facet normal 0 0 1
    outer loop
      vertex 31.8539 0.994695 4
      vertex -14.8047 0.791507 4
      vertex 31.8194 0.597565 4
    endloop
  endfacet
  facet normal 0 0 1
    outer loop
      vertex 32.1625 -2.55715 4
      vertex 31.1519 -13.8697 4
      vertex 31.617 -12.7741 4
    endloop
  endfacet
  facet normal 0 -0 1
    outer loop
      vertex -14.7637 0.396699 4
      vertex 31.8194 0.597565 4
      vertex -14.8047 0.791507 4
    endloop
  endfacet
  facet normal 0 0 1
    outer loop
      vertex 32.06 -2.17192 4
      vertex 30.6489 -14.9485 4
      vertex 31.1519 -13.8697 4
    endloop
  endfacet
  facet normal 0 0 1
    outer loop
      vertex 31.9056 1.38996 4
      vertex 28.2702 19.0685 4
      vertex -14.8729 1.18254 4
    endloop
  endfacet
  facet normal 0 0 1
    outer loop
      vertex 32.06 -2.17192 4
      vertex 30.1085 -16.009 4
      vertex 30.6489 -14.9485 4
    endloop
  endfacet
  facet normal 0 0 1
    outer loop
      vertex -14.8729 1.18254 4
      vertex 28.2702 19.0685 4
      vertex 27.5875 20.0435 4
    endloop
  endfacet
  facet normal 0 0 1
    outer loop
      vertex 31.9744 -1.78261 4
      vertex 29.5315 -17.05 4
      vertex 30.1085 -16.009 4
    endloop
  endfacet
  facet normal 0 0 1
    outer loop
      vertex -14.8729 1.18254 4
      vertex 27.5875 20.0435 4
      vertex 26.8712 20.9941 4
    endloop
  endfacet
  facet normal 0 0 1
    outer loop
      vertex 31.9744 -1.78261 4
      vertex 28.9184 -18.0702 4
      vertex 29.5315 -17.05 4
    endloop
  endfacet
  facet normal 0 0 1
    outer loop
      vertex -14.8729 1.18254 4
      vertex 26.8712 20.9941 4
      vertex 26.1221 21.9191 4
    endloop
  endfacet
  facet normal 0 -0 1
    outer loop
      vertex 28.2702 -19.0685 4
      vertex 31.9056 -1.38996 4
      vertex -14.8729 -1.18254 4
    endloop
  endfacet
  facet normal 0 0 1
    outer loop
      vertex -14.8729 1.18254 4
      vertex 26.1221 21.9191 4
      vertex 25.3412 22.8174 4
    endloop
  endfacet
  facet normal 0 0 1
    outer loop
      vertex 31.9744 -1.78261 4
      vertex 28.2702 -19.0685 4
      vertex 28.9184 -18.0702 4
    endloop
  endfacet
  facet normal 0 0 1
    outer loop
      vertex -14.9679 1.56795 4
      vertex 25.3412 22.8174 4
      vertex 24.5295 23.6879 4
    endloop
  endfacet
  facet normal 0 0 1
    outer loop
      vertex 28.2702 -19.0685 4
      vertex -14.8729 -1.18254 4
      vertex 27.5875 -20.0435 4
    endloop
  endfacet
  facet normal 0 0 1
    outer loop
      vertex -14.9679 1.56795 4
      vertex 24.5295 23.6879 4
      vertex 23.6879 24.5295 4
    endloop
  endfacet
  facet normal 0 0 1
    outer loop
      vertex 27.5875 -20.0435 4
      vertex -14.8729 -1.18254 4
      vertex 26.8712 -20.9941 4
    endloop
  endfacet
  facet normal 0 0 1
    outer loop
      vertex -14.9679 1.56795 4
      vertex 23.6879 24.5295 4
      vertex 22.8174 25.3412 4
    endloop
  endfacet
  facet normal 0 0 1
    outer loop
      vertex 26.8712 -20.9941 4
      vertex -14.8729 -1.18254 4
      vertex 26.1221 -21.9191 4
    endloop
  endfacet
  facet normal 0 0 1
    outer loop
      vertex -14.9679 1.56795 4
      vertex 22.8174 25.3412 4
      vertex 21.9191 26.1221 4
    endloop
  endfacet
  facet normal 0 0 1
    outer loop
      vertex 26.1221 -21.9191 4
      vertex -14.8729 -1.18254 4
      vertex 25.3412 -22.8174 4
    endloop
  endfacet
  facet normal 0 0 1
    outer loop
      vertex -14.9679 1.56795 4
      vertex 21.9191 26.1221 4
      vertex 20.9941 26.8712 4
    endloop
  endfacet
  facet normal -0 0 1
    outer loop
      vertex -14.9679 -1.56795 4
      vertex 25.3412 -22.8174 4
      vertex -14.8729 -1.18254 4
    endloop
  endfacet
  facet normal 0 0 1
    outer loop
      vertex -14.9679 1.56795 4
      vertex 20.9941 26.8712 4
      vertex 20.0435 27.5875 4
    endloop
  endfacet
  facet normal 0 0 1
    outer loop
      vertex 25.3412 -22.8174 4
      vertex -14.9679 -1.56795 4
      vertex 24.5295 -23.6879 4
    endloop
  endfacet
  facet normal 0 0 1
    outer loop
      vertex -15.0893 1.94588 4
      vertex 20.0435 27.5875 4
      vertex 19.0685 28.2702 4
    endloop
  endfacet
  facet normal 0 0 1
    outer loop
      vertex 24.5295 -23.6879 4
      vertex -14.9679 -1.56795 4
      vertex 23.6879 -24.5295 4
    endloop
  endfacet
  facet normal 0 0 1
    outer loop
      vertex -15.0893 1.94588 4
      vertex 19.0685 28.2702 4
      vertex 18.0702 28.9184 4
    endloop
  endfacet
  facet normal 0 0 1
    outer loop
      vertex 23.6879 -24.5295 4
      vertex -14.9679 -1.56795 4
      vertex 22.8174 -25.3412 4
    endloop
  endfacet
  facet normal 0 0 1
    outer loop
      vertex -15.0893 1.94588 4
      vertex 18.0702 28.9184 4
      vertex 17.05 29.5315 4
    endloop
  endfacet
  facet normal 0 0 1
    outer loop
      vertex 22.8174 -25.3412 4
      vertex -14.9679 -1.56795 4
      vertex 21.9191 -26.1221 4
    endloop
  endfacet
  facet normal 0 0 1
    outer loop
      vertex -15.0893 1.94588 4
      vertex 17.05 29.5315 4
      vertex 16.009 30.1085 4
    endloop
  endfacet
  facet normal 0 0 1
    outer loop
      vertex 21.9191 -26.1221 4
      vertex -14.9679 -1.56795 4
      vertex 20.9941 -26.8712 4
    endloop
  endfacet
  facet normal 0 0 1
    outer loop
      vertex -15.2364 2.31453 4
      vertex 16.009 30.1085 4
      vertex 14.9485 30.6489 4
    endloop
  endfacet
  facet normal 0 0 1
    outer loop
      vertex 20.9941 -26.8712 4
      vertex -14.9679 -1.56795 4
      vertex 20.0435 -27.5875 4
    endloop
  endfacet
  facet normal 0 0 1
    outer loop
      vertex -15.2364 2.31453 4
      vertex 14.9485 30.6489 4
      vertex 13.8697 31.1519 4
    endloop
  endfacet
  facet normal -0 0 1
    outer loop
      vertex -15.0893 -1.94588 4
      vertex 20.0435 -27.5875 4
      vertex -14.9679 -1.56795 4
    endloop
  endfacet
  facet normal 0 0 1
    outer loop
      vertex -15.2364 2.31453 4
      vertex 13.8697 31.1519 4
      vertex 12.7741 31.617 4
    endloop
  endfacet
  facet normal 0 0 1
    outer loop
      vertex 20.0435 -27.5875 4
      vertex -15.0893 -1.94588 4
      vertex 19.0685 -28.2702 4
    endloop
  endfacet
  facet normal 0 0 1
    outer loop
      vertex -15.2364 2.31453 4
      vertex 12.7741 31.617 4
      vertex 11.6629 32.0435 4
    endloop
  endfacet
  facet normal 0 0 1
    outer loop
      vertex 19.0685 -28.2702 4
      vertex -15.0893 -1.94588 4
      vertex 18.0702 -28.9184 4
    endloop
  endfacet
  facet normal 0 0 1
    outer loop
      vertex -15.2364 2.31453 4
      vertex 11.6629 32.0435 4
      vertex 10.5375 32.431 4
    endloop
  endfacet
  facet normal 0 0 1
    outer loop
      vertex 18.0702 -28.9184 4
      vertex -15.0893 -1.94588 4
      vertex 17.05 -29.5315 4
    endloop
  endfacet
  facet normal 0 0 1
    outer loop
      vertex -15.4086 2.67216 4
      vertex 10.5375 32.431 4
      vertex 9.39923 32.779 4
    endloop
  endfacet
  facet normal 0 0 1
    outer loop
      vertex 17.05 -29.5315 4
      vertex -15.0893 -1.94588 4
      vertex 16.009 -30.1085 4
    endloop
  endfacet
  facet normal 0 0 1
    outer loop
      vertex -15.4086 2.67216 4
      vertex 9.39923 32.779 4
      vertex 8.24954 33.0871 4
    endloop
  endfacet
  facet normal -0 0 1
    outer loop
      vertex -15.2364 -2.31453 4
      vertex 16.009 -30.1085 4
      vertex -15.0893 -1.94588 4
    endloop
  endfacet
  facet normal 0 0 1
    outer loop
      vertex -15.4086 2.67216 4
      vertex 8.24954 33.0871 4
      vertex 7.08979 33.3548 4
    endloop
  endfacet
  facet normal 0 0 1
    outer loop
      vertex 16.009 -30.1085 4
      vertex -15.2364 -2.31453 4
      vertex 14.9485 -30.6489 4
    endloop
  endfacet
  facet normal 0 0 1
    outer loop
      vertex -15.4086 2.67216 4
      vertex 7.08979 33.3548 4
      vertex 5.9214 33.5819 4
    endloop
  endfacet
  facet normal 0 0 1
    outer loop
      vertex 14.9485 -30.6489 4
      vertex -15.2364 -2.31453 4
      vertex 13.8697 -31.1519 4
    endloop
  endfacet
  facet normal 0 0 1
    outer loop
      vertex -15.6051 3.01705 4
      vertex 5.9214 33.5819 4
      vertex 4.7458 33.7681 4
    endloop
  endfacet
  facet normal 0 0 1
    outer loop
      vertex 13.8697 -31.1519 4
      vertex -15.2364 -2.31453 4
      vertex 12.7741 -31.617 4
    endloop
  endfacet
  facet normal 0 0 1
    outer loop
      vertex -15.6051 3.01705 4
      vertex 4.7458 33.7681 4
      vertex 3.56442 33.9132 4
    endloop
  endfacet
  facet normal 0 0 1
    outer loop
      vertex 12.7741 -31.617 4
      vertex -15.2364 -2.31453 4
      vertex 11.6629 -32.0435 4
    endloop
  endfacet
  facet normal 0 0 1
    outer loop
      vertex -15.6051 3.01705 4
      vertex 3.56442 33.9132 4
      vertex 2.3787 34.0169 4
    endloop
  endfacet
  facet normal 0 0 1
    outer loop
      vertex 11.6629 -32.0435 4
      vertex -15.2364 -2.31453 4
      vertex 10.5375 -32.431 4
    endloop
  endfacet
  facet normal 0 0 1
    outer loop
      vertex -15.6051 3.01705 4
      vertex 2.3787 34.0169 4
      vertex 1.19007 34.0792 4
    endloop
  endfacet
  facet normal -0 0 1
    outer loop
      vertex -15.4086 -2.67216 4
      vertex 10.5375 -32.431 4
      vertex -15.2364 -2.31453 4
    endloop
  endfacet
  facet normal 0 0 1
    outer loop
      vertex -15.8249 3.34757 4
      vertex 1.19007 34.0792 4
      vertex 0 34.1 4
    endloop
  endfacet
  facet normal 0 0 1
    outer loop
      vertex 10.5375 -32.431 4
      vertex -15.4086 -2.67216 4
      vertex 9.39923 -32.779 4
    endloop
  endfacet
  facet normal 0 0 1
    outer loop
      vertex -15.8249 3.34757 4
      vertex 0 34.1 4
      vertex -1.19007 34.0792 4
    endloop
  endfacet
  facet normal 0 0 1
    outer loop
      vertex 9.39923 -32.779 4
      vertex -15.4086 -2.67216 4
      vertex 8.24954 -33.0871 4
    endloop
  endfacet
  facet normal 0 0 1
    outer loop
      vertex -15.8249 3.34757 4
      vertex -1.19007 34.0792 4
      vertex -2.3787 34.0169 4
    endloop
  endfacet
  facet normal 0 0 1
    outer loop
      vertex 8.24954 -33.0871 4
      vertex -15.4086 -2.67216 4
      vertex 7.08979 -33.3548 4
    endloop
  endfacet
  facet normal 0 0 1
    outer loop
      vertex -16.067 3.66213 4
      vertex -2.3787 34.0169 4
      vertex -3.56442 33.9132 4
    endloop
  endfacet
  facet normal 0 0 1
    outer loop
      vertex 7.08979 -33.3548 4
      vertex -15.4086 -2.67216 4
      vertex 5.9214 -33.5819 4
    endloop
  endfacet
  facet normal 0 0 1
    outer loop
      vertex -16.067 3.66213 4
      vertex -3.56442 33.9132 4
      vertex -4.7458 33.7681 4
    endloop
  endfacet
  facet normal -0 0 1
    outer loop
      vertex -15.6051 -3.01705 4
      vertex 5.9214 -33.5819 4
      vertex -15.4086 -2.67216 4
    endloop
  endfacet
  facet normal 0 0 1
    outer loop
      vertex -16.067 3.66213 4
      vertex -4.7458 33.7681 4
      vertex -5.9214 33.5819 4
    endloop
  endfacet
  facet normal 0 0 1
    outer loop
      vertex 5.9214 -33.5819 4
      vertex -15.6051 -3.01705 4
      vertex 4.7458 -33.7681 4
    endloop
  endfacet
  facet normal 0 0 1
    outer loop
      vertex -16.3302 3.95924 4
      vertex -5.9214 33.5819 4
      vertex -7.08979 33.3548 4
    endloop
  endfacet
  facet normal 0 0 1
    outer loop
      vertex 4.7458 -33.7681 4
      vertex -15.6051 -3.01705 4
      vertex 3.56442 -33.9132 4
    endloop
  endfacet
  facet normal 0 0 1
    outer loop
      vertex -16.3302 3.95924 4
      vertex -7.08979 33.3548 4
      vertex -8.24954 33.0871 4
    endloop
  endfacet
  facet normal 0 0 1
    outer loop
      vertex 3.56442 -33.9132 4
      vertex -15.6051 -3.01705 4
      vertex 2.3787 -34.0169 4
    endloop
  endfacet
  facet normal 0 0 1
    outer loop
      vertex -16.3302 3.95924 4
      vertex -8.24954 33.0871 4
      vertex -9.39923 32.779 4
    endloop
  endfacet
  facet normal 0 0 1
    outer loop
      vertex 2.3787 -34.0169 4
      vertex -15.6051 -3.01705 4
      vertex 1.19007 -34.0792 4
    endloop
  endfacet
  facet normal 0 0 1
    outer loop
      vertex -16.6133 4.23748 4
      vertex -9.39923 32.779 4
      vertex -10.5375 32.431 4
    endloop
  endfacet
  facet normal -0 0 1
    outer loop
      vertex -15.8249 -3.34757 4
      vertex 1.19007 -34.0792 4
      vertex -15.6051 -3.01705 4
    endloop
  endfacet
  facet normal 0 0 1
    outer loop
      vertex -16.6133 4.23748 4
      vertex -10.5375 32.431 4
      vertex -11.6629 32.0435 4
    endloop
  endfacet
  facet normal 0 0 1
    outer loop
      vertex 1.19007 -34.0792 4
      vertex -15.8249 -3.34757 4
      vertex 0 -34.1 4
    endloop
  endfacet
  facet normal 0 0 1
    outer loop
      vertex -16.9149 4.49553 4
      vertex -11.6629 32.0435 4
      vertex -12.7741 31.617 4
    endloop
  endfacet
  facet normal 0 0 1
    outer loop
      vertex 0 -34.1 4
      vertex -15.8249 -3.34757 4
      vertex -1.19007 -34.0792 4
    endloop
  endfacet
  facet normal 0 0 1
    outer loop
      vertex -16.9149 4.49553 4
      vertex -12.7741 31.617 4
      vertex -13.8697 31.1519 4
    endloop
  endfacet
  facet normal 0 0 1
    outer loop
      vertex -1.19007 -34.0792 4
      vertex -15.8249 -3.34757 4
      vertex -2.3787 -34.0169 4
    endloop
  endfacet
  facet normal -0 0 1
    outer loop
      vertex -16.067 -3.66213 4
      vertex -2.3787 -34.0169 4
      vertex -15.8249 -3.34757 4
    endloop
  endfacet
  facet normal 0 0 1
    outer loop
      vertex 31.8022 0.199312 4
      vertex -14.75 0 4
      vertex 31.8022 -0.199312 4
    endloop
  endfacet
  facet normal 0 -0 1
    outer loop
      vertex -14.75 0 4
      vertex 31.8022 0.199312 4
      vertex -14.7637 0.396699 4
    endloop
  endfacet
  facet normal 0 0 1
    outer loop
      vertex 31.8194 0.597565 4
      vertex -14.7637 0.396699 4
      vertex 31.8022 0.199312 4
    endloop
  endfacet
  facet normal 0 0 1
    outer loop
      vertex -16.9149 4.49553 4
      vertex -13.8697 31.1519 4
      vertex -14.9485 30.6489 4
    endloop
  endfacet
  facet normal 0 0 1
    outer loop
      vertex 25.3412 22.8174 4
      vertex -14.9679 1.56795 4
      vertex -14.8729 1.18254 4
    endloop
  endfacet
  facet normal 0 0 1
    outer loop
      vertex 20.0435 27.5875 4
      vertex -15.0893 1.94588 4
      vertex -14.9679 1.56795 4
    endloop
  endfacet
  facet normal 0 0 1
    outer loop
      vertex 16.009 30.1085 4
      vertex -15.2364 2.31453 4
      vertex -15.0893 1.94588 4
    endloop
  endfacet
  facet normal 0 0 1
    outer loop
      vertex 10.5375 32.431 4
      vertex -15.4086 2.67216 4
      vertex -15.2364 2.31453 4
    endloop
  endfacet
  facet normal 0 0 1
    outer loop
      vertex 5.9214 33.5819 4
      vertex -15.6051 3.01705 4
      vertex -15.4086 2.67216 4
    endloop
  endfacet
  facet normal 0 0 1
    outer loop
      vertex 1.19007 34.0792 4
      vertex -15.8249 3.34757 4
      vertex -15.6051 3.01705 4
    endloop
  endfacet
  facet normal 0 0 1
    outer loop
      vertex -17.2336 4.73216 4
      vertex -14.9485 30.6489 4
      vertex -16.009 30.1085 4
    endloop
  endfacet
  facet normal 0 0 1
    outer loop
      vertex -2.3787 34.0169 4
      vertex -16.067 3.66213 4
      vertex -15.8249 3.34757 4
    endloop
  endfacet
  facet normal 0 0 1
    outer loop
      vertex -5.9214 33.5819 4
      vertex -16.3302 3.95924 4
      vertex -16.067 3.66213 4
    endloop
  endfacet
  facet normal 0 0 1
    outer loop
      vertex -9.39923 32.779 4
      vertex -16.6133 4.23748 4
      vertex -16.3302 3.95924 4
    endloop
  endfacet
  facet normal 0 0 1
    outer loop
      vertex -11.6629 32.0435 4
      vertex -16.9149 4.49553 4
      vertex -16.6133 4.23748 4
    endloop
  endfacet
  facet normal 0 0 1
    outer loop
      vertex -17.2336 4.73216 4
      vertex -16.009 30.1085 4
      vertex -17.05 29.5315 4
    endloop
  endfacet
  facet normal 0 0 1
    outer loop
      vertex -14.9485 30.6489 4
      vertex -17.2336 4.73216 4
      vertex -16.9149 4.49553 4
    endloop
  endfacet
  facet normal 0 0 1
    outer loop
      vertex -17.05 29.5315 4
      vertex -17.5679 4.94623 4
      vertex -17.2336 4.73216 4
    endloop
  endfacet
  facet normal -0 0 1
    outer loop
      vertex -18.0702 28.9184 4
      vertex -17.5679 4.94623 4
      vertex -17.05 29.5315 4
    endloop
  endfacet
  facet normal 0 0 1
    outer loop
      vertex -17.5679 4.94623 4
      vertex -18.0702 28.9184 4
      vertex -17.9161 5.13674 4
    endloop
  endfacet
  facet normal -0 0 1
    outer loop
      vertex -19.0685 28.2702 4
      vertex -17.9161 5.13674 4
      vertex -18.0702 28.9184 4
    endloop
  endfacet
  facet normal -0 0 1
    outer loop
      vertex -20.0435 27.5875 4
      vertex -17.9161 5.13674 4
      vertex -19.0685 28.2702 4
    endloop
  endfacet
  facet normal 0 0 1
    outer loop
      vertex -17.9161 5.13674 4
      vertex -20.0435 27.5875 4
      vertex -18.2767 5.30276 4
    endloop
  endfacet
  facet normal -0 0 1
    outer loop
      vertex -20.9941 26.8712 4
      vertex -18.2767 5.30276 4
      vertex -20.0435 27.5875 4
    endloop
  endfacet
  facet normal -0 0 1
    outer loop
      vertex -21.9191 26.1221 4
      vertex -18.2767 5.30276 4
      vertex -20.9941 26.8712 4
    endloop
  endfacet
  facet normal 0 0 1
    outer loop
      vertex -18.2767 5.30276 4
      vertex -21.9191 26.1221 4
      vertex -18.6478 5.44352 4
    endloop
  endfacet
  facet normal -0 0 1
    outer loop
      vertex -22.8174 25.3412 4
      vertex -18.6478 5.44352 4
      vertex -21.9191 26.1221 4
    endloop
  endfacet
  facet normal 0 0 1
    outer loop
      vertex -18.6478 5.44352 4
      vertex -22.8174 25.3412 4
      vertex -19.0278 5.55833 4
    endloop
  endfacet
  facet normal -0 0 1
    outer loop
      vertex -23.6879 24.5295 4
      vertex -19.0278 5.55833 4
      vertex -22.8174 25.3412 4
    endloop
  endfacet
  facet normal -0 0 1
    outer loop
      vertex -24.5295 23.6879 4
      vertex -19.0278 5.55833 4
      vertex -23.6879 24.5295 4
    endloop
  endfacet
  facet normal 0 0 1
    outer loop
      vertex -19.0278 5.55833 4
      vertex -24.5295 23.6879 4
      vertex -19.4148 5.64666 4
    endloop
  endfacet
  facet normal -0 0 1
    outer loop
      vertex -25.3412 22.8174 4
      vertex -19.4148 5.64666 4
      vertex -24.5295 23.6879 4
    endloop
  endfacet
  facet normal 0 0 1
    outer loop
      vertex -19.4148 5.64666 4
      vertex -25.3412 22.8174 4
      vertex -19.8069 5.70808 4
    endloop
  endfacet
  facet normal -0 0 1
    outer loop
      vertex -26.1221 21.9191 4
      vertex -19.8069 5.70808 4
      vertex -25.3412 22.8174 4
    endloop
  endfacet
  facet normal -0 0 1
    outer loop
      vertex -26.8712 20.9941 4
      vertex -19.8069 5.70808 4
      vertex -26.1221 21.9191 4
    endloop
  endfacet
  facet normal 0 0 1
    outer loop
      vertex -19.8069 5.70808 4
      vertex -26.8712 20.9941 4
      vertex -20.2024 5.74229 4
    endloop
  endfacet
  facet normal -0 0 1
    outer loop
      vertex -27.5875 20.0435 4
      vertex -20.2024 5.74229 4
      vertex -26.8712 20.9941 4
    endloop
  endfacet
  facet normal 0 0 1
    outer loop
      vertex -20.2024 5.74229 4
      vertex -27.5875 20.0435 4
      vertex -20.5992 5.74914 4
    endloop
  endfacet
  facet normal -0 0 1
    outer loop
      vertex -28.2702 19.0685 4
      vertex -20.5992 5.74914 4
      vertex -27.5875 20.0435 4
    endloop
  endfacet
  facet normal 0 0 1
    outer loop
      vertex -20.5992 5.74914 4
      vertex -28.2702 19.0685 4
      vertex -20.9957 5.7286 4
    endloop
  endfacet
  facet normal -0 0 1
    outer loop
      vertex -28.9184 18.0702 4
      vertex -20.9957 5.7286 4
      vertex -28.2702 19.0685 4
    endloop
  endfacet
  facet normal 0 0 1
    outer loop
      vertex -20.9957 5.7286 4
      vertex -28.9184 18.0702 4
      vertex -21.3897 5.68075 4
    endloop
  endfacet
  facet normal -0 0 1
    outer loop
      vertex -29.5315 17.05 4
      vertex -21.3897 5.68075 4
      vertex -28.9184 18.0702 4
    endloop
  endfacet
  facet normal 0 0 1
    outer loop
      vertex -21.3897 5.68075 4
      vertex -29.5315 17.05 4
      vertex -21.7795 5.60583 4
    endloop
  endfacet
  facet normal -0 0 1
    outer loop
      vertex -30.1085 16.009 4
      vertex -21.7795 5.60583 4
      vertex -29.5315 17.05 4
    endloop
  endfacet
  facet normal 0 0 1
    outer loop
      vertex -21.7795 5.60583 4
      vertex -30.1085 16.009 4
      vertex -22.1632 5.5042 4
    endloop
  endfacet
  facet normal -0 0 1
    outer loop
      vertex -30.6489 14.9485 4
      vertex -22.1632 5.5042 4
      vertex -30.1085 16.009 4
    endloop
  endfacet
  facet normal 0 0 1
    outer loop
      vertex -22.1632 5.5042 4
      vertex -30.6489 14.9485 4
      vertex -22.539 5.37634 4
    endloop
  endfacet
  facet normal -0 0 1
    outer loop
      vertex -31.1519 13.8697 4
      vertex -22.539 5.37634 4
      vertex -30.6489 14.9485 4
    endloop
  endfacet
  facet normal 0 0 1
    outer loop
      vertex -22.539 5.37634 4
      vertex -31.1519 13.8697 4
      vertex -22.905 5.22286 4
    endloop
  endfacet
  facet normal -0 0 1
    outer loop
      vertex -31.617 12.7741 4
      vertex -22.905 5.22286 4
      vertex -31.1519 13.8697 4
    endloop
  endfacet
  facet normal 0 0 1
    outer loop
      vertex -22.905 5.22286 4
      vertex -31.617 12.7741 4
      vertex -23.2596 5.04449 4
    endloop
  endfacet
  facet normal -0 0 1
    outer loop
      vertex -32.0435 11.6629 4
      vertex -23.2596 5.04449 4
      vertex -31.617 12.7741 4
    endloop
  endfacet
  facet normal 0 0 1
    outer loop
      vertex -23.2596 5.04449 4
      vertex -32.0435 11.6629 4
      vertex -23.6011 4.84208 4
    endloop
  endfacet
  facet normal 0 0 1
    outer loop
      vertex -23.6011 4.84208 4
      vertex -32.0435 11.6629 4
      vertex -23.9278 4.61659 4
    endloop
  endfacet
  facet normal -0 0 1
    outer loop
      vertex -32.431 10.5375 4
      vertex -23.9278 4.61659 4
      vertex -32.0435 11.6629 4
    endloop
  endfacet
  facet normal 0 0 1
    outer loop
      vertex -23.9278 4.61659 4
      vertex -32.431 10.5375 4
      vertex -24.2381 4.36911 4
    endloop
  endfacet
  facet normal -0 -0 1
    outer loop
      vertex -31.8123 5.22543 4
      vertex -24.2381 4.36911 4
      vertex -32.431 10.5375 4
    endloop
  endfacet
  facet normal -0 -0 1
    outer loop
      vertex -31.5884 4.89618 4
      vertex -24.5306 4.1008 4
      vertex -31.8123 5.22543 4
    endloop
  endfacet
  facet normal 0 0 1
    outer loop
      vertex -24.2381 4.36911 4
      vertex -31.8123 5.22543 4
      vertex -24.5306 4.1008 4
    endloop
  endfacet
  facet normal 0 0 1
    outer loop
      vertex -30.4553 -2.36141 4
      vertex -25.8403 -2.13147 4
      vertex -30.3594 -1.97495 4
    endloop
  endfacet
  facet normal 0 0 1
    outer loop
      vertex -30.5683 -2.74325 4
      vertex -25.8403 -2.13147 4
      vertex -30.4553 -2.36141 4
    endloop
  endfacet
  facet normal 0 0 1
    outer loop
      vertex -25.8403 -2.13147 4
      vertex -30.5683 -2.74325 4
      vertex -25.6806 -2.49483 4
    endloop
  endfacet
  facet normal 0 0 1
    outer loop
      vertex -30.698 -3.11972 4
      vertex -25.6806 -2.49483 4
      vertex -30.5683 -2.74325 4
    endloop
  endfacet
  facet normal 0 0 1
    outer loop
      vertex -25.6806 -2.49483 4
      vertex -30.698 -3.11972 4
      vertex -25.4961 -2.8463 4
    endloop
  endfacet
  facet normal 0 0 1
    outer loop
      vertex -30.8443 -3.49009 4
      vertex -25.4961 -2.8463 4
      vertex -30.698 -3.11972 4
    endloop
  endfacet
  facet normal 0 0 1
    outer loop
      vertex -25.4961 -2.8463 4
      vertex -30.8443 -3.49009 4
      vertex -25.2878 -3.18421 4
    endloop
  endfacet
  facet normal 0 0 1
    outer loop
      vertex -31.0068 -3.85362 4
      vertex -25.2878 -3.18421 4
      vertex -30.8443 -3.49009 4
    endloop
  endfacet
  facet normal 0 0 1
    outer loop
      vertex -25.2878 -3.18421 4
      vertex -31.0068 -3.85362 4
      vertex -25.0567 -3.50694 4
    endloop
  endfacet
  facet normal 0 0 1
    outer loop
      vertex -25.0567 -3.50694 4
      vertex -30.6489 -14.9485 4
      vertex -30.1085 -16.009 4
    endloop
  endfacet
  facet normal 0 0 1
    outer loop
      vertex -31.1852 -4.20961 4
      vertex -25.0567 -3.50694 4
      vertex -31.0068 -3.85362 4
    endloop
  endfacet
  facet normal 0 0 1
    outer loop
      vertex -25.0567 -3.50694 4
      vertex -31.1519 -13.8697 4
      vertex -30.6489 -14.9485 4
    endloop
  endfacet
  facet normal 0 0 1
    outer loop
      vertex -31.3792 -4.55736 4
      vertex -25.0567 -3.50694 4
      vertex -31.1852 -4.20961 4
    endloop
  endfacet
  facet normal 0 0 1
    outer loop
      vertex -31.5884 -4.89618 4
      vertex -25.0567 -3.50694 4
      vertex -31.3792 -4.55736 4
    endloop
  endfacet
  facet normal 0 0 1
    outer loop
      vertex -31.8123 -5.22543 4
      vertex -25.0567 -3.50694 4
      vertex -31.5884 -4.89618 4
    endloop
  endfacet
  facet normal 0 0 1
    outer loop
      vertex -25.0567 -3.50694 4
      vertex -31.617 -12.7741 4
      vertex -31.1519 -13.8697 4
    endloop
  endfacet
  facet normal 0 0 1
    outer loop
      vertex -25.0567 -3.50694 4
      vertex -31.8123 -5.22543 4
      vertex -32.431 -10.5375 4
    endloop
  endfacet
  facet normal 0 0 1
    outer loop
      vertex -25.0567 -3.50694 4
      vertex -32.0435 -11.6629 4
      vertex -31.617 -12.7741 4
    endloop
  endfacet
  facet normal 0 0 1
    outer loop
      vertex -32.779 -9.39923 4
      vertex -31.8123 -5.22543 4
      vertex -32.0506 -5.54444 4
    endloop
  endfacet
  facet normal 0 0 1
    outer loop
      vertex -32.779 -9.39923 4
      vertex -32.0506 -5.54444 4
      vertex -32.3028 -5.8526 4
    endloop
  endfacet
  facet normal 0 0 1
    outer loop
      vertex -25.0567 -3.50694 4
      vertex -32.431 -10.5375 4
      vertex -32.0435 -11.6629 4
    endloop
  endfacet
  facet normal 0 0 1
    outer loop
      vertex -33.0871 -8.24954 4
      vertex -32.3028 -5.8526 4
      vertex -32.5684 -6.1493 4
    endloop
  endfacet
  facet normal 0 0 1
    outer loop
      vertex -31.8123 -5.22543 4
      vertex -32.779 -9.39923 4
      vertex -32.431 -10.5375 4
    endloop
  endfacet
  facet normal 0 0 1
    outer loop
      vertex -33.0871 -8.24954 4
      vertex -32.5684 -6.1493 4
      vertex -32.8468 -6.43397 4
    endloop
  endfacet
  facet normal 0 0 1
    outer loop
      vertex -32.3028 -5.8526 4
      vertex -33.0871 -8.24954 4
      vertex -32.779 -9.39923 4
    endloop
  endfacet
  facet normal -0 0 1
    outer loop
      vertex -33.1376 -6.70604 4
      vertex -33.0871 -8.24954 4
      vertex -32.8468 -6.43397 4
    endloop
  endfacet
  facet normal 0 0 1
    outer loop
      vertex -33.1376 -6.70604 4
      vertex -33.3548 -7.08979 4
      vertex -33.0871 -8.24954 4
    endloop
  endfacet
  facet normal 0 -0 1
    outer loop
      vertex -33.3548 -7.08979 4
      vertex -33.1376 -6.70604 4
      vertex -33.3878 -6.92022 4
    endloop
  endfacet
  facet normal 0 0 1
    outer loop
      vertex -2.3787 -34.0169 4
      vertex -16.067 -3.66213 4
      vertex -3.56442 -33.9132 4
    endloop
  endfacet
  facet normal 0 0 1
    outer loop
      vertex -3.56442 -33.9132 4
      vertex -16.067 -3.66213 4
      vertex -4.7458 -33.7681 4
    endloop
  endfacet
  facet normal 0 0 1
    outer loop
      vertex -4.7458 -33.7681 4
      vertex -16.067 -3.66213 4
      vertex -5.9214 -33.5819 4
    endloop
  endfacet
  facet normal -0 0 1
    outer loop
      vertex -16.3302 -3.95924 4
      vertex -5.9214 -33.5819 4
      vertex -16.067 -3.66213 4
    endloop
  endfacet
  facet normal 0 0 1
    outer loop
      vertex -5.9214 -33.5819 4
      vertex -16.3302 -3.95924 4
      vertex -7.08979 -33.3548 4
    endloop
  endfacet
  facet normal 0 0 1
    outer loop
      vertex -7.08979 -33.3548 4
      vertex -16.3302 -3.95924 4
      vertex -8.24954 -33.0871 4
    endloop
  endfacet
  facet normal 0 0 1
    outer loop
      vertex -8.24954 -33.0871 4
      vertex -16.3302 -3.95924 4
      vertex -9.39923 -32.779 4
    endloop
  endfacet
  facet normal -0 0 1
    outer loop
      vertex -16.6133 -4.23748 4
      vertex -9.39923 -32.779 4
      vertex -16.3302 -3.95924 4
    endloop
  endfacet
  facet normal 0 0 1
    outer loop
      vertex -9.39923 -32.779 4
      vertex -16.6133 -4.23748 4
      vertex -10.5375 -32.431 4
    endloop
  endfacet
  facet normal 0 0 1
    outer loop
      vertex -10.5375 -32.431 4
      vertex -16.6133 -4.23748 4
      vertex -11.6629 -32.0435 4
    endloop
  endfacet
  facet normal -0 0 1
    outer loop
      vertex -16.9149 -4.49553 4
      vertex -11.6629 -32.0435 4
      vertex -16.6133 -4.23748 4
    endloop
  endfacet
  facet normal 0 0 1
    outer loop
      vertex -11.6629 -32.0435 4
      vertex -16.9149 -4.49553 4
      vertex -12.7741 -31.617 4
    endloop
  endfacet
  facet normal 0 0 1
    outer loop
      vertex -12.7741 -31.617 4
      vertex -16.9149 -4.49553 4
      vertex -13.8697 -31.1519 4
    endloop
  endfacet
  facet normal 0 0 1
    outer loop
      vertex -13.8697 -31.1519 4
      vertex -16.9149 -4.49553 4
      vertex -14.9485 -30.6489 4
    endloop
  endfacet
  facet normal -0 0 1
    outer loop
      vertex -17.2336 -4.73216 4
      vertex -14.9485 -30.6489 4
      vertex -16.9149 -4.49553 4
    endloop
  endfacet
  facet normal 0 0 1
    outer loop
      vertex -14.9485 -30.6489 4
      vertex -17.2336 -4.73216 4
      vertex -16.009 -30.1085 4
    endloop
  endfacet
  facet normal 0 0 1
    outer loop
      vertex -16.009 -30.1085 4
      vertex -17.2336 -4.73216 4
      vertex -17.05 -29.5315 4
    endloop
  endfacet
  facet normal -0 0 1
    outer loop
      vertex -17.5679 -4.94623 4
      vertex -17.05 -29.5315 4
      vertex -17.2336 -4.73216 4
    endloop
  endfacet
  facet normal 0 0 1
    outer loop
      vertex -18.0702 -28.9184 4
      vertex -17.5679 -4.94623 4
      vertex -17.9161 -5.13674 4
    endloop
  endfacet
  facet normal 0 0 1
    outer loop
      vertex -17.5679 -4.94623 4
      vertex -18.0702 -28.9184 4
      vertex -17.05 -29.5315 4
    endloop
  endfacet
  facet normal 0 0 1
    outer loop
      vertex -20.0435 -27.5875 4
      vertex -17.9161 -5.13674 4
      vertex -18.2767 -5.30276 4
    endloop
  endfacet
  facet normal 0 0 1
    outer loop
      vertex -21.9191 -26.1221 4
      vertex -18.2767 -5.30276 4
      vertex -18.6478 -5.44352 4
    endloop
  endfacet
  facet normal 0 0 1
    outer loop
      vertex -22.8174 -25.3412 4
      vertex -18.6478 -5.44352 4
      vertex -19.0278 -5.55833 4
    endloop
  endfacet
  facet normal 0 0 1
    outer loop
      vertex -17.9161 -5.13674 4
      vertex -19.0685 -28.2702 4
      vertex -18.0702 -28.9184 4
    endloop
  endfacet
  facet normal 0 0 1
    outer loop
      vertex -24.5295 -23.6879 4
      vertex -19.0278 -5.55833 4
      vertex -19.4148 -5.64666 4
    endloop
  endfacet
  facet normal 0 0 1
    outer loop
      vertex -25.3412 -22.8174 4
      vertex -19.4148 -5.64666 4
      vertex -19.8069 -5.70808 4
    endloop
  endfacet
  facet normal 0 0 1
    outer loop
      vertex -17.9161 -5.13674 4
      vertex -20.0435 -27.5875 4
      vertex -19.0685 -28.2702 4
    endloop
  endfacet
  facet normal 0 0 1
    outer loop
      vertex -26.8712 -20.9941 4
      vertex -19.8069 -5.70808 4
      vertex -20.2024 -5.74229 4
    endloop
  endfacet
  facet normal 0 0 1
    outer loop
      vertex -27.5875 -20.0435 4
      vertex -20.2024 -5.74229 4
      vertex -20.5992 -5.74914 4
    endloop
  endfacet
  facet normal 0 0 1
    outer loop
      vertex -18.2767 -5.30276 4
      vertex -20.9941 -26.8712 4
      vertex -20.0435 -27.5875 4
    endloop
  endfacet
  facet normal 0 0 1
    outer loop
      vertex -28.2702 -19.0685 4
      vertex -20.5992 -5.74914 4
      vertex -20.9957 -5.7286 4
    endloop
  endfacet
  facet normal 0 0 1
    outer loop
      vertex -28.9184 -18.0702 4
      vertex -20.9957 -5.7286 4
      vertex -21.3897 -5.68075 4
    endloop
  endfacet
  facet normal 0 0 1
    outer loop
      vertex -29.5315 -17.05 4
      vertex -21.3897 -5.68075 4
      vertex -21.7795 -5.60583 4
    endloop
  endfacet
  facet normal 0 0 1
    outer loop
      vertex -18.2767 -5.30276 4
      vertex -21.9191 -26.1221 4
      vertex -20.9941 -26.8712 4
    endloop
  endfacet
  facet normal 0 0 1
    outer loop
      vertex -30.1085 -16.009 4
      vertex -21.7795 -5.60583 4
      vertex -22.1632 -5.5042 4
    endloop
  endfacet
  facet normal 0 0 1
    outer loop
      vertex -30.1085 -16.009 4
      vertex -22.1632 -5.5042 4
      vertex -22.539 -5.37634 4
    endloop
  endfacet
  facet normal 0 0 1
    outer loop
      vertex -18.6478 -5.44352 4
      vertex -22.8174 -25.3412 4
      vertex -21.9191 -26.1221 4
    endloop
  endfacet
  facet normal 0 0 1
    outer loop
      vertex -30.1085 -16.009 4
      vertex -22.539 -5.37634 4
      vertex -22.905 -5.22286 4
    endloop
  endfacet
  facet normal 0 0 1
    outer loop
      vertex -30.1085 -16.009 4
      vertex -22.905 -5.22286 4
      vertex -23.2596 -5.04449 4
    endloop
  endfacet
  facet normal 0 0 1
    outer loop
      vertex -30.1085 -16.009 4
      vertex -23.2596 -5.04449 4
      vertex -23.6011 -4.84208 4
    endloop
  endfacet
  facet normal 0 0 1
    outer loop
      vertex -19.0278 -5.55833 4
      vertex -23.6879 -24.5295 4
      vertex -22.8174 -25.3412 4
    endloop
  endfacet
  facet normal 0 0 1
    outer loop
      vertex -30.1085 -16.009 4
      vertex -23.6011 -4.84208 4
      vertex -23.9278 -4.61659 4
    endloop
  endfacet
  facet normal 0 0 1
    outer loop
      vertex -30.1085 -16.009 4
      vertex -23.9278 -4.61659 4
      vertex -24.2381 -4.36911 4
    endloop
  endfacet
  facet normal 0 0 1
    outer loop
      vertex -19.0278 -5.55833 4
      vertex -24.5295 -23.6879 4
      vertex -23.6879 -24.5295 4
    endloop
  endfacet
  facet normal 0 0 1
    outer loop
      vertex -30.1085 -16.009 4
      vertex -24.2381 -4.36911 4
      vertex -24.5306 -4.1008 4
    endloop
  endfacet
  facet normal 0 0 1
    outer loop
      vertex -30.1085 -16.009 4
      vertex -24.5306 -4.1008 4
      vertex -24.8039 -3.81295 4
    endloop
  endfacet
  facet normal 0 0 1
    outer loop
      vertex -30.1085 -16.009 4
      vertex -24.8039 -3.81295 4
      vertex -25.0567 -3.50694 4
    endloop
  endfacet
  facet normal 0 0 1
    outer loop
      vertex -25.9747 -1.75796 4
      vertex -30.3594 -1.97495 4
      vertex -25.8403 -2.13147 4
    endloop
  endfacet
  facet normal 0 0 1
    outer loop
      vertex -19.4148 -5.64666 4
      vertex -25.3412 -22.8174 4
      vertex -24.5295 -23.6879 4
    endloop
  endfacet
  facet normal 0 0 1
    outer loop
      vertex -26.0829 -1.37606 4
      vertex -30.2806 -1.58462 4
      vertex -25.9747 -1.75796 4
    endloop
  endfacet
  facet normal 0 0 1
    outer loop
      vertex -30.2806 -1.58462 4
      vertex -26.0829 -1.37606 4
      vertex -30.2192 -1.19118 4
    endloop
  endfacet
  facet normal 0 0 1
    outer loop
      vertex -26.1645 -0.987614 4
      vertex -30.2192 -1.19118 4
      vertex -26.0829 -1.37606 4
    endloop
  endfacet
  facet normal 0 0 1
    outer loop
      vertex -30.2192 -1.19118 4
      vertex -26.1645 -0.987614 4
      vertex -30.1752 -0.795421 4
    endloop
  endfacet
  facet normal 0 0 1
    outer loop
      vertex -26.2192 -0.594457 4
      vertex -30.1752 -0.795421 4
      vertex -26.1645 -0.987614 4
    endloop
  endfacet
  facet normal 0 0 1
    outer loop
      vertex -19.8069 -5.70808 4
      vertex -26.1221 -21.9191 4
      vertex -25.3412 -22.8174 4
    endloop
  endfacet
  facet normal 0 0 1
    outer loop
      vertex -30.1752 -0.795421 4
      vertex -26.2192 -0.594457 4
      vertex -30.1488 -0.3981 4
    endloop
  endfacet
  facet normal 0 0 1
    outer loop
      vertex -26.2466 -0.198467 4
      vertex -30.1488 -0.3981 4
      vertex -26.2192 -0.594457 4
    endloop
  endfacet
  facet normal 0 0 1
    outer loop
      vertex -30.1488 -0.3981 4
      vertex -26.2466 -0.198467 4
      vertex -30.14 0 4
    endloop
  endfacet
  facet normal -0 -0 1
    outer loop
      vertex -31.3792 4.55736 4
      vertex -24.5306 4.1008 4
      vertex -31.5884 4.89618 4
    endloop
  endfacet
  facet normal 0 0 1
    outer loop
      vertex -30.3594 -1.97495 4
      vertex -25.9747 -1.75796 4
      vertex -30.2806 -1.58462 4
    endloop
  endfacet
  facet normal 0 0 1
    outer loop
      vertex -24.5306 4.1008 4
      vertex -31.3792 4.55736 4
      vertex -24.8039 3.81295 4
    endloop
  endfacet
  facet normal 0 0 1
    outer loop
      vertex -19.8069 -5.70808 4
      vertex -26.8712 -20.9941 4
      vertex -26.1221 -21.9191 4
    endloop
  endfacet
  facet normal -0 -0 1
    outer loop
      vertex -31.1852 4.20961 4
      vertex -24.8039 3.81295 4
      vertex -31.3792 4.55736 4
    endloop
  endfacet
  facet normal 0 0 1
    outer loop
      vertex -20.2024 -5.74229 4
      vertex -27.5875 -20.0435 4
      vertex -26.8712 -20.9941 4
    endloop
  endfacet
  facet normal -0 -0 1
    outer loop
      vertex -31.0068 3.85362 4
      vertex -25.0567 3.50694 4
      vertex -31.1852 4.20961 4
    endloop
  endfacet
  facet normal 0 0 1
    outer loop
      vertex -20.5992 -5.74914 4
      vertex -28.2702 -19.0685 4
      vertex -27.5875 -20.0435 4
    endloop
  endfacet
  facet normal 0 0 1
    outer loop
      vertex -25.0567 3.50694 4
      vertex -31.0068 3.85362 4
      vertex -25.2878 3.18421 4
    endloop
  endfacet
  facet normal 0 0 1
    outer loop
      vertex -20.9957 -5.7286 4
      vertex -28.9184 -18.0702 4
      vertex -28.2702 -19.0685 4
    endloop
  endfacet
  facet normal 0 0 1
    outer loop
      vertex -25.2878 3.18421 4
      vertex -30.8443 3.49009 4
      vertex -25.4961 2.8463 4
    endloop
  endfacet
  facet normal 0 0 1
    outer loop
      vertex -21.3897 -5.68075 4
      vertex -29.5315 -17.05 4
      vertex -28.9184 -18.0702 4
    endloop
  endfacet
  facet normal 0 0 1
    outer loop
      vertex -21.7795 -5.60583 4
      vertex -30.1085 -16.009 4
      vertex -29.5315 -17.05 4
    endloop
  endfacet
  facet normal 0 0 1
    outer loop
      vertex -26.2466 0.198467 4
      vertex -30.14 0 4
      vertex -26.2466 -0.198467 4
    endloop
  endfacet
  facet normal 0 -0 1
    outer loop
      vertex -30.14 0 4
      vertex -26.2466 0.198467 4
      vertex -30.1488 0.3981 4
    endloop
  endfacet
  facet normal 0 0 1
    outer loop
      vertex -26.2192 0.594457 4
      vertex -30.1488 0.3981 4
      vertex -26.2466 0.198467 4
    endloop
  endfacet
  facet normal 0 -0 1
    outer loop
      vertex -30.1488 0.3981 4
      vertex -26.2192 0.594457 4
      vertex -30.1752 0.795421 4
    endloop
  endfacet
  facet normal 0 0 1
    outer loop
      vertex -26.1645 0.987614 4
      vertex -30.1752 0.795421 4
      vertex -26.2192 0.594457 4
    endloop
  endfacet
  facet normal 0 -0 1
    outer loop
      vertex -30.1752 0.795421 4
      vertex -26.1645 0.987614 4
      vertex -30.2192 1.19118 4
    endloop
  endfacet
  facet normal 0 0 1
    outer loop
      vertex -26.0829 1.37606 4
      vertex -30.2192 1.19118 4
      vertex -26.1645 0.987614 4
    endloop
  endfacet
  facet normal 0 0 1
    outer loop
      vertex -25.4961 2.8463 4
      vertex -30.698 3.11972 4
      vertex -25.6806 2.49483 4
    endloop
  endfacet
  facet normal 0 -0 1
    outer loop
      vertex -30.2192 1.19118 4
      vertex -26.0829 1.37606 4
      vertex -30.2806 1.58462 4
    endloop
  endfacet
  facet normal 0 0 1
    outer loop
      vertex -25.9747 1.75796 4
      vertex -30.2806 1.58462 4
      vertex -26.0829 1.37606 4
    endloop
  endfacet
  facet normal 0 -0 1
    outer loop
      vertex -30.2806 1.58462 4
      vertex -25.9747 1.75796 4
      vertex -30.3594 1.97495 4
    endloop
  endfacet
  facet normal -0 -0 1
    outer loop
      vertex -30.4553 2.36141 4
      vertex -25.8403 2.13147 4
      vertex -30.5683 2.74325 4
    endloop
  endfacet
  facet normal -0 -0 1
    outer loop
      vertex -30.3594 1.97495 4
      vertex -25.9747 1.75796 4
      vertex -30.4553 2.36141 4
    endloop
  endfacet
  facet normal 0 0 1
    outer loop
      vertex -25.8403 2.13147 4
      vertex -30.4553 2.36141 4
      vertex -25.9747 1.75796 4
    endloop
  endfacet
  facet normal 0 0 1
    outer loop
      vertex -25.6806 2.49483 4
      vertex -30.5683 2.74325 4
      vertex -25.8403 2.13147 4
    endloop
  endfacet
  facet normal -0 -0 1
    outer loop
      vertex -30.5683 2.74325 4
      vertex -25.6806 2.49483 4
      vertex -30.698 3.11972 4
    endloop
  endfacet
  facet normal -0 -0 1
    outer loop
      vertex -30.698 3.11972 4
      vertex -25.4961 2.8463 4
      vertex -30.8443 3.49009 4
    endloop
  endfacet
  facet normal -0 -0 1
    outer loop
      vertex -30.8443 3.49009 4
      vertex -25.2878 3.18421 4
      vertex -31.0068 3.85362 4
    endloop
  endfacet
  facet normal 0 0 1
    outer loop
      vertex -24.8039 3.81295 4
      vertex -31.1852 4.20961 4
      vertex -25.0567 3.50694 4
    endloop
  endfacet
  facet normal -0 0 1
    outer loop
      vertex -32.779 9.39923 4
      vertex -31.8123 5.22543 4
      vertex -32.431 10.5375 4
    endloop
  endfacet
  facet normal 0 0 1
    outer loop
      vertex -31.8123 5.22543 4
      vertex -32.779 9.39923 4
      vertex -32.0506 5.54444 4
    endloop
  endfacet
  facet normal 0 0 1
    outer loop
      vertex -32.0506 5.54444 4
      vertex -32.779 9.39923 4
      vertex -32.3028 5.8526 4
    endloop
  endfacet
  facet normal -0 0 1
    outer loop
      vertex -33.0871 8.24954 4
      vertex -32.3028 5.8526 4
      vertex -32.779 9.39923 4
    endloop
  endfacet
  facet normal 0 0 1
    outer loop
      vertex -32.3028 5.8526 4
      vertex -33.0871 8.24954 4
      vertex -32.5684 6.1493 4
    endloop
  endfacet
  facet normal 0 0 1
    outer loop
      vertex -32.5684 6.1493 4
      vertex -33.0871 8.24954 4
      vertex -32.8468 6.43397 4
    endloop
  endfacet
  facet normal 0 0 1
    outer loop
      vertex -33.0871 8.24954 4
      vertex -33.1376 6.70604 4
      vertex -32.8468 6.43397 4
    endloop
  endfacet
  facet normal -0 0 1
    outer loop
      vertex -33.3548 7.08979 4
      vertex -33.1376 6.70604 4
      vertex -33.0871 8.24954 4
    endloop
  endfacet
  facet normal 0 0 1
    outer loop
      vertex -33.1376 6.70604 4
      vertex -33.3548 7.08979 4
      vertex -33.3878 6.92022 4
    endloop
  endfacet
  facet normal 0.924867 -0.380292 0
    outer loop
      vertex 32.417 3.31249 4
      vertex 32.5686 3.68118 0
      vertex 32.5686 3.68118 4
    endloop
  endfacet
  facet normal 0.924867 -0.380292 0
    outer loop
      vertex 32.5686 3.68118 0
      vertex 32.417 3.31249 4
      vertex 32.417 3.31249 0
    endloop
  endfacet
  facet normal 0.999069 -0.0431484 0
    outer loop
      vertex 31.8022 0.199312 4
      vertex 31.8194 0.597565 0
      vertex 31.8194 0.597565 4
    endloop
  endfacet
  facet normal 0.999069 -0.0431484 0
    outer loop
      vertex 31.8194 0.597565 0
      vertex 31.8022 0.199312 4
      vertex 31.8022 0.199312 0
    endloop
  endfacet
  facet normal 0.940544 0.339672 0
    outer loop
      vertex 32.417 -3.31249 4
      vertex 32.2816 -2.93757 0
      vertex 32.2816 -2.93757 4
    endloop
  endfacet
  facet normal 0.940544 0.339672 0
    outer loop
      vertex 32.2816 -2.93757 0
      vertex 32.417 -3.31249 4
      vertex 32.417 -3.31249 0
    endloop
  endfacet
  facet normal 0.984994 -0.17259 0
    outer loop
      vertex 31.9056 1.38996 4
      vertex 31.9744 1.78261 0
      vertex 31.9744 1.78261 4
    endloop
  endfacet
  facet normal 0.984994 -0.17259 0
    outer loop
      vertex 31.9744 1.78261 0
      vertex 31.9056 1.38996 4
      vertex 31.9056 1.38996 0
    endloop
  endfacet
  facet normal 0.907554 0.419936 0
    outer loop
      vertex 32.736 -4.04296 4
      vertex 32.5686 -3.68118 0
      vertex 32.5686 -3.68118 4
    endloop
  endfacet
  facet normal 0.907554 0.419936 0
    outer loop
      vertex 32.5686 -3.68118 0
      vertex 32.736 -4.04296 4
      vertex 32.736 -4.04296 0
    endloop
  endfacet
  facet normal 0.940544 -0.339672 0
    outer loop
      vertex 32.2816 2.93757 4
      vertex 32.417 3.31249 0
      vertex 32.417 3.31249 4
    endloop
  endfacet
  facet normal 0.940544 -0.339672 0
    outer loop
      vertex 32.417 3.31249 0
      vertex 32.2816 2.93757 4
      vertex 32.2816 2.93757 0
    endloop
  endfacet
  facet normal 0.924867 0.380292 0
    outer loop
      vertex 32.5686 -3.68118 4
      vertex 32.417 -3.31249 0
      vertex 32.417 -3.31249 4
    endloop
  endfacet
  facet normal 0.924867 0.380292 0
    outer loop
      vertex 32.417 -3.31249 0
      vertex 32.5686 -3.68118 4
      vertex 32.5686 -3.68118 0
    endloop
  endfacet
  facet normal 1 -0 0
    outer loop
      vertex 31.8022 -0.199312 4
      vertex 31.8022 0.199312 0
      vertex 31.8022 0.199312 4
    endloop
  endfacet
  facet normal 1 0 0
    outer loop
      vertex 31.8022 0.199312 0
      vertex 31.8022 -0.199312 4
      vertex 31.8022 -0.199312 0
    endloop
  endfacet
  facet normal 0.867789 0.496933 0
    outer loop
      vertex 33.1169 -4.7431 4
      vertex 32.9188 -4.39716 0
      vertex 32.9188 -4.39716 4
    endloop
  endfacet
  facet normal 0.867789 0.496933 0
    outer loop
      vertex 32.9188 -4.39716 0
      vertex 33.1169 -4.7431 4
      vertex 33.1169 -4.7431 0
    endloop
  endfacet
  facet normal 0.907554 -0.419936 0
    outer loop
      vertex 32.5686 3.68118 4
      vertex 32.736 4.04296 0
      vertex 32.736 4.04296 4
    endloop
  endfacet
  facet normal 0.907554 -0.419936 0
    outer loop
      vertex 32.736 4.04296 0
      vertex 32.5686 3.68118 4
      vertex 32.5686 3.68118 0
    endloop
  endfacet
  facet normal 0.966377 0.257129 0
    outer loop
      vertex 32.1625 -2.55715 4
      vertex 32.06 -2.17192 0
      vertex 32.06 -2.17192 4
    endloop
  endfacet
  facet normal 0.966377 0.257129 0
    outer loop
      vertex 32.06 -2.17192 0
      vertex 32.1625 -2.55715 4
      vertex 32.1625 -2.55715 0
    endloop
  endfacet
  facet normal 0.996248 -0.0865473 0
    outer loop
      vertex 31.8194 0.597565 4
      vertex 31.8539 0.994695 0
      vertex 31.8539 0.994695 4
    endloop
  endfacet
  facet normal 0.996248 -0.0865473 0
    outer loop
      vertex 31.8539 0.994695 0
      vertex 31.8194 0.597565 4
      vertex 31.8194 0.597565 0
    endloop
  endfacet
  facet normal 0.984994 0.17259 0
    outer loop
      vertex 31.9744 -1.78261 4
      vertex 31.9056 -1.38996 0
      vertex 31.9056 -1.38996 4
    endloop
  endfacet
  facet normal 0.984994 0.17259 0
    outer loop
      vertex 31.9056 -1.38996 0
      vertex 31.9744 -1.78261 4
      vertex 31.9744 -1.78261 0
    endloop
  endfacet
  facet normal 0.966377 -0.257129 0
    outer loop
      vertex 32.06 2.17192 4
      vertex 32.1625 2.55715 0
      vertex 32.1625 2.55715 4
    endloop
  endfacet
  facet normal 0.966377 -0.257129 0
    outer loop
      vertex 32.1625 2.55715 0
      vertex 32.06 2.17192 4
      vertex 32.06 2.17192 0
    endloop
  endfacet
  facet normal 0.97667 -0.214746 0
    outer loop
      vertex 31.9744 1.78261 4
      vertex 32.06 2.17192 0
      vertex 32.06 2.17192 4
    endloop
  endfacet
  facet normal 0.97667 -0.214746 0
    outer loop
      vertex 32.06 2.17192 0
      vertex 31.9744 1.78261 4
      vertex 31.9744 1.78261 0
    endloop
  endfacet
  facet normal 0.845445 -0.534063 0
    outer loop
      vertex 33.1169 4.7431 4
      vertex 33.3298 5.08013 0
      vertex 33.3298 5.08013 4
    endloop
  endfacet
  facet normal 0.845445 -0.534063 0
    outer loop
      vertex 33.3298 5.08013 0
      vertex 33.1169 4.7431 4
      vertex 33.1169 4.7431 0
    endloop
  endfacet
  facet normal 0.795937 -0.60538 0
    outer loop
      vertex 33.557 5.40762 4
      vertex 33.645 5.52332 0
      vertex 33.645 5.52332 4
    endloop
  endfacet
  facet normal 0.795937 -0.60538 0
    outer loop
      vertex 33.645 5.52332 0
      vertex 33.557 5.40762 4
      vertex 33.557 5.40762 0
    endloop
  endfacet
  facet normal 0.991554 -0.129694 0
    outer loop
      vertex 31.8539 0.994695 4
      vertex 31.9056 1.38996 0
      vertex 31.9056 1.38996 4
    endloop
  endfacet
  facet normal 0.991554 -0.129694 0
    outer loop
      vertex 31.9056 1.38996 0
      vertex 31.8539 0.994695 4
      vertex 31.8539 0.994695 0
    endloop
  endfacet
  facet normal 0.888634 -0.458617 0
    outer loop
      vertex 32.736 4.04296 4
      vertex 32.9188 4.39716 0
      vertex 32.9188 4.39716 4
    endloop
  endfacet
  facet normal 0.888634 -0.458617 0
    outer loop
      vertex 32.9188 4.39716 0
      vertex 32.736 4.04296 4
      vertex 32.736 4.04296 0
    endloop
  endfacet
  facet normal 0.867789 -0.496933 0
    outer loop
      vertex 32.9188 4.39716 4
      vertex 33.1169 4.7431 0
      vertex 33.1169 4.7431 4
    endloop
  endfacet
  facet normal 0.867789 -0.496933 0
    outer loop
      vertex 33.1169 4.7431 0
      vertex 32.9188 4.39716 4
      vertex 32.9188 4.39716 0
    endloop
  endfacet
  facet normal 0.999069 0.0431484 0
    outer loop
      vertex 31.8194 -0.597565 4
      vertex 31.8022 -0.199312 0
      vertex 31.8022 -0.199312 4
    endloop
  endfacet
  facet normal 0.999069 0.0431484 0
    outer loop
      vertex 31.8022 -0.199312 0
      vertex 31.8194 -0.597565 4
      vertex 31.8194 -0.597565 0
    endloop
  endfacet
  facet normal 0.795937 0.60538 0
    outer loop
      vertex 33.645 -5.52332 4
      vertex 33.557 -5.40762 0
      vertex 33.557 -5.40762 4
    endloop
  endfacet
  facet normal 0.795937 0.60538 0
    outer loop
      vertex 33.557 -5.40762 0
      vertex 33.645 -5.52332 4
      vertex 33.645 -5.52332 0
    endloop
  endfacet
  facet normal 0.97667 0.214746 0
    outer loop
      vertex 32.06 -2.17192 4
      vertex 31.9744 -1.78261 0
      vertex 31.9744 -1.78261 4
    endloop
  endfacet
  facet normal 0.97667 0.214746 0
    outer loop
      vertex 31.9744 -1.78261 0
      vertex 32.06 -2.17192 4
      vertex 32.06 -2.17192 0
    endloop
  endfacet
  facet normal 0.821633 -0.570017 0
    outer loop
      vertex 33.3298 5.08013 4
      vertex 33.557 5.40762 0
      vertex 33.557 5.40762 4
    endloop
  endfacet
  facet normal 0.821633 -0.570017 0
    outer loop
      vertex 33.557 5.40762 0
      vertex 33.3298 5.08013 4
      vertex 33.3298 5.08013 0
    endloop
  endfacet
  facet normal 0.991554 0.129694 0
    outer loop
      vertex 31.9056 -1.38996 4
      vertex 31.8539 -0.994695 0
      vertex 31.8539 -0.994695 4
    endloop
  endfacet
  facet normal 0.991554 0.129694 0
    outer loop
      vertex 31.8539 -0.994695 0
      vertex 31.9056 -1.38996 4
      vertex 31.9056 -1.38996 0
    endloop
  endfacet
  facet normal 0.954324 -0.298775 0
    outer loop
      vertex 32.1625 2.55715 4
      vertex 32.2816 2.93757 0
      vertex 32.2816 2.93757 4
    endloop
  endfacet
  facet normal 0.954324 -0.298775 0
    outer loop
      vertex 32.2816 2.93757 0
      vertex 32.1625 2.55715 4
      vertex 32.1625 2.55715 0
    endloop
  endfacet
  facet normal 0.996248 0.0865473 0
    outer loop
      vertex 31.8539 -0.994695 4
      vertex 31.8194 -0.597565 0
      vertex 31.8194 -0.597565 4
    endloop
  endfacet
  facet normal 0.996248 0.0865473 0
    outer loop
      vertex 31.8194 -0.597565 0
      vertex 31.8539 -0.994695 4
      vertex 31.8539 -0.994695 0
    endloop
  endfacet
  facet normal 0.821633 0.570017 0
    outer loop
      vertex 33.557 -5.40762 4
      vertex 33.3298 -5.08013 0
      vertex 33.3298 -5.08013 4
    endloop
  endfacet
  facet normal 0.821633 0.570017 0
    outer loop
      vertex 33.3298 -5.08013 0
      vertex 33.557 -5.40762 4
      vertex 33.557 -5.40762 0
    endloop
  endfacet
  facet normal 0.954324 0.298775 0
    outer loop
      vertex 32.2816 -2.93757 4
      vertex 32.1625 -2.55715 0
      vertex 32.1625 -2.55715 4
    endloop
  endfacet
  facet normal 0.954324 0.298775 0
    outer loop
      vertex 32.1625 -2.55715 0
      vertex 32.2816 -2.93757 4
      vertex 32.2816 -2.93757 0
    endloop
  endfacet
  facet normal 0.845445 0.534063 0
    outer loop
      vertex 33.3298 -5.08013 4
      vertex 33.1169 -4.7431 0
      vertex 33.1169 -4.7431 4
    endloop
  endfacet
  facet normal 0.845445 0.534063 0
    outer loop
      vertex 33.1169 -4.7431 0
      vertex 33.3298 -5.08013 4
      vertex 33.3298 -5.08013 0
    endloop
  endfacet
  facet normal 0.888634 0.458617 0
    outer loop
      vertex 32.9188 -4.39716 4
      vertex 32.736 -4.04296 0
      vertex 32.736 -4.04296 4
    endloop
  endfacet
  facet normal 0.888634 0.458617 0
    outer loop
      vertex 32.736 -4.04296 0
      vertex 32.9188 -4.39716 4
      vertex 32.9188 -4.39716 0
    endloop
  endfacet
  facet normal -0.994768 -0.102165 0
    outer loop
      vertex -14.7979 0.725296 2
      vertex -14.8047 0.791507 4
      vertex -14.8047 0.791507 1.99774
    endloop
  endfacet
  facet normal -0.994615 -0.103636 4.92153e-05
    outer loop
      vertex -14.7711 0.46809 2
      vertex -14.8047 0.791507 4
      vertex -14.7979 0.725296 2
    endloop
  endfacet
  facet normal -0.994671 -0.103102 -0
    outer loop
      vertex -14.7637 0.396699 4
      vertex -14.7711 0.46809 2
      vertex -14.7637 0.396699 1.99804
    endloop
  endfacet
  facet normal -0.994651 -0.103292 -6.86744e-06
    outer loop
      vertex -14.7711 0.46809 2
      vertex -14.7637 0.396699 4
      vertex -14.8047 0.791507 4
    endloop
  endfacet
  facet normal -0.999399 -0.0346514 0
    outer loop
      vertex -14.7624 0.359205 2
      vertex -14.7637 0.396699 4
      vertex -14.7637 0.396699 1.99804
    endloop
  endfacet
  facet normal -0.999405 -0.0345001 -0
    outer loop
      vertex -14.75 0 4
      vertex -14.7624 0.359205 2
      vertex -14.75 0 2
    endloop
  endfacet
  facet normal -0.999404 -0.0345144 -2.57082e-06
    outer loop
      vertex -14.7624 0.359205 2
      vertex -14.75 0 4
      vertex -14.7637 0.396699 4
    endloop
  endfacet
  facet normal -0.0172605 0.999851 -3.17997e-06
    outer loop
      vertex -20.2024 -5.74229 4
      vertex -20.2588 -5.74327 2
      vertex -20.5992 -5.74914 4
    endloop
  endfacet
  facet normal -0.0173733 0.999849 0
    outer loop
      vertex -20.2588 -5.74327 2
      vertex -20.2024 -5.74229 4
      vertex -20.2024 -5.74229 1.99767
    endloop
  endfacet
  facet normal -0.0172338 0.999851 1.3798e-06
    outer loop
      vertex -20.5309 -5.74796 2
      vertex -20.5992 -5.74914 4
      vertex -20.2588 -5.74327 2
    endloop
  endfacet
  facet normal -0.0172741 0.999851 0
    outer loop
      vertex -20.5992 -5.74914 4
      vertex -20.5309 -5.74796 2
      vertex -20.5992 -5.74914 1.99864
    endloop
  endfacet
  facet normal 0.94031 0.34032 0
    outer loop
      vertex -25.9747 -1.75796 4
      vertex -25.9674 -1.77813 2
      vertex -25.9747 -1.75796 1.99871
    endloop
  endfacet
  facet normal 0.941029 0.338325 2.2749e-05
    outer loop
      vertex -25.9747 -1.75796 4
      vertex -25.8462 -2.11524 2
      vertex -25.9674 -1.77813 2
    endloop
  endfacet
  facet normal 0.940938 0.338578 -2.8211e-05
    outer loop
      vertex -25.8403 -2.13147 4
      vertex -25.8462 -2.11524 2
      vertex -25.9747 -1.75796 4
    endloop
  endfacet
  facet normal 0.939827 0.34165 0
    outer loop
      vertex -25.8462 -2.11524 2
      vertex -25.8403 -2.13147 4
      vertex -25.8403 -2.13147 1.99893
    endloop
  endfacet
  facet normal 0.812384 -0.583122 0
    outer loop
      vertex -25.0567 3.50694 4
      vertex -25.0801 3.47434 2
      vertex -25.0567 3.50694 1.99796
    endloop
  endfacet
  facet normal 0.813082 -0.582149 -2.40414e-05
    outer loop
      vertex -25.0567 3.50694 4
      vertex -25.2766 3.19989 2
      vertex -25.0801 3.47434 2
    endloop
  endfacet
  facet normal 0.813044 -0.582203 -1.14274e-05
    outer loop
      vertex -25.2878 3.18421 4
      vertex -25.2766 3.19989 2
      vertex -25.0567 3.50694 4
    endloop
  endfacet
  facet normal 0.813733 -0.581238 0
    outer loop
      vertex -25.2766 3.19989 2
      vertex -25.2878 3.18421 4
      vertex -25.2878 3.18421 1.9998
    endloop
  endfacet
  facet normal -0.792624 0.609711 0
    outer loop
      vertex -15.8501 -3.38033 2
      vertex -15.8249 -3.34757 4
      vertex -15.8249 -3.34757 1.99793
    endloop
  endfacet
  facet normal -0.79242 0.609975 -6.89987e-06
    outer loop
      vertex -16.0506 -3.6408 2
      vertex -15.8249 -3.34757 4
      vertex -15.8501 -3.38033 2
    endloop
  endfacet
  facet normal -0.792762 0.609531 0
    outer loop
      vertex -16.067 -3.66213 4
      vertex -16.0506 -3.6408 2
      vertex -16.067 -3.66213 1.9997
    endloop
  endfacet
  facet normal -0.792465 0.609918 6.56147e-06
    outer loop
      vertex -16.0506 -3.6408 2
      vertex -16.067 -3.66213 4
      vertex -15.8249 -3.34757 4
    endloop
  endfacet
  facet normal 0.449369 -0.893346 -1.85547e-05
    outer loop
      vertex -23.2596 5.04449 4
      vertex -23.2104 5.06928 2
      vertex -22.905 5.22286 4
    endloop
  endfacet
  facet normal 0.44997 -0.893043 0
    outer loop
      vertex -23.2104 5.06928 2
      vertex -23.2596 5.04449 4
      vertex -23.2596 5.04449 1.99916
    endloop
  endfacet
  facet normal 0.449314 -0.893374 -7.99227e-06
    outer loop
      vertex -22.9485 5.201 2
      vertex -22.905 5.22286 4
      vertex -23.2104 5.06928 2
    endloop
  endfacet
  facet normal 0.44902 -0.893522 0
    outer loop
      vertex -22.905 5.22286 4
      vertex -22.9485 5.201 2
      vertex -22.905 5.22286 1.99776
    endloop
  endfacet
  facet normal -0.868626 0.495469 0
    outer loop
      vertex -15.4325 -2.71406 2
      vertex -15.4086 -2.67216 4
      vertex -15.4086 -2.67216 1.99933
    endloop
  endfacet
  facet normal -0.868914 0.494963 1.40355e-05
    outer loop
      vertex -15.5822 -2.97686 2
      vertex -15.4086 -2.67216 4
      vertex -15.4325 -2.71406 2
    endloop
  endfacet
  facet normal -0.868854 0.495068 0
    outer loop
      vertex -15.6051 -3.01705 4
      vertex -15.5822 -2.97686 2
      vertex -15.6051 -3.01705 1.99781
    endloop
  endfacet
  facet normal -0.868872 0.495037 -8.13725e-07
    outer loop
      vertex -15.5822 -2.97686 2
      vertex -15.6051 -3.01705 4
      vertex -15.4086 -2.67216 4
    endloop
  endfacet
  facet normal 0.509876 -0.860248 4.12491e-06
    outer loop
      vertex -23.6011 4.84208 4
      vertex -23.5791 4.85511 2
      vertex -23.2596 5.04449 4
    endloop
  endfacet
  facet normal 0.509599 -0.860412 0
    outer loop
      vertex -23.5791 4.85511 2
      vertex -23.6011 4.84208 4
      vertex -23.6011 4.84208 1.99851
    endloop
  endfacet
  facet normal 0.509913 -0.860226 -3.86585e-06
    outer loop
      vertex -23.2708 5.03786 2
      vertex -23.2596 5.04449 4
      vertex -23.5791 4.85511 2
    endloop
  endfacet
  facet normal 0.509402 -0.860529 0
    outer loop
      vertex -23.2596 5.04449 4
      vertex -23.2708 5.03786 2
      vertex -23.2596 5.04449 1.99916
    endloop
  endfacet
  facet normal 0.939827 -0.34165 0
    outer loop
      vertex -25.8403 2.13147 4
      vertex -25.8462 2.11524 2
      vertex -25.8403 2.13147 1.99893
    endloop
  endfacet
  facet normal 0.941029 -0.338325 -3.05288e-05
    outer loop
      vertex -25.8403 2.13147 4
      vertex -25.9674 1.77813 2
      vertex -25.8462 2.11524 2
    endloop
  endfacet
  facet normal 0.940938 -0.338578 1.987e-05
    outer loop
      vertex -25.9747 1.75796 4
      vertex -25.9674 1.77813 2
      vertex -25.8403 2.13147 4
    endloop
  endfacet
  facet normal 0.94031 -0.34032 0
    outer loop
      vertex -25.9674 1.77813 2
      vertex -25.9747 1.75796 4
      vertex -25.9747 1.75796 1.99871
    endloop
  endfacet
  facet normal 0.56804 -0.823001 7.35965e-06
    outer loop
      vertex -23.9278 4.61659 4
      vertex -23.8796 4.64984 2
      vertex -23.6011 4.84208 4
    endloop
  endfacet
  facet normal 0.567833 -0.823144 0
    outer loop
      vertex -23.8796 4.64984 2
      vertex -23.9278 4.61659 4
      vertex -23.9278 4.61659 1.99766
    endloop
  endfacet
  facet normal 0.568021 -0.823014 1.11394e-05
    outer loop
      vertex -23.6588 4.80223 2
      vertex -23.6011 4.84208 4
      vertex -23.8796 4.64984 2
    endloop
  endfacet
  facet normal 0.568283 -0.822833 0
    outer loop
      vertex -23.6011 4.84208 4
      vertex -23.6588 4.80223 2
      vertex -23.6011 4.84208 1.99851
    endloop
  endfacet
  facet normal -0.650117 0.759834 1.97328e-05
    outer loop
      vertex -16.6133 -4.23748 4
      vertex -16.6538 -4.27208 2
      vertex -16.9149 -4.49553 4
    endloop
  endfacet
  facet normal -0.649554 0.760316 0
    outer loop
      vertex -16.6538 -4.27208 2
      vertex -16.6133 -4.23748 4
      vertex -16.6133 -4.23748 1.99769
    endloop
  endfacet
  facet normal -0.650201 0.759762 5.90767e-07
    outer loop
      vertex -16.866 -4.45368 2
      vertex -16.9149 -4.49553 4
      vertex -16.6538 -4.27208 2
    endloop
  endfacet
  facet normal -0.650215 0.75975 0
    outer loop
      vertex -16.9149 -4.49553 4
      vertex -16.866 -4.45368 2
      vertex -16.9149 -4.49553 1.99885
    endloop
  endfacet
  facet normal -0.832767 0.553624 0
    outer loop
      vertex -15.6431 -3.07421 2
      vertex -15.6051 -3.01705 4
      vertex -15.6051 -3.01705 1.99781
    endloop
  endfacet
  facet normal -0.832671 0.553768 -5.93378e-06
    outer loop
      vertex -15.7857 -3.28863 2
      vertex -15.6051 -3.01705 4
      vertex -15.6431 -3.07421 2
    endloop
  endfacet
  facet normal -0.832658 0.553787 0
    outer loop
      vertex -15.8249 -3.34757 4
      vertex -15.7857 -3.28863 2
      vertex -15.8249 -3.34757 1.99793
    endloop
  endfacet
  facet normal -0.832685 0.553746 -1.72825e-06
    outer loop
      vertex -15.7857 -3.28863 2
      vertex -15.8249 -3.34757 4
      vertex -15.6051 -3.01705 4
    endloop
  endfacet
  facet normal -0.999405 0.0345001 0
    outer loop
      vertex -14.7624 -0.359205 2
      vertex -14.75 0 4
      vertex -14.75 0 2
    endloop
  endfacet
  facet normal -0.999399 0.0346514 0
    outer loop
      vertex -14.7637 -0.396699 4
      vertex -14.7624 -0.359205 2
      vertex -14.7637 -0.396699 1.99804
    endloop
  endfacet
  facet normal -0.999404 0.0345144 -2.57082e-06
    outer loop
      vertex -14.7624 -0.359205 2
      vertex -14.7637 -0.396699 4
      vertex -14.75 0 4
    endloop
  endfacet
  facet normal -0.748166 0.663511 0
    outer loop
      vertex -16.0699 -3.6654 2
      vertex -16.067 -3.66213 4
      vertex -16.067 -3.66213 1.9997
    endloop
  endfacet
  facet normal -0.74854 0.66309 1.23006e-06
    outer loop
      vertex -16.3079 -3.93407 2
      vertex -16.067 -3.66213 4
      vertex -16.0699 -3.6654 2
    endloop
  endfacet
  facet normal -0.748491 0.663145 0
    outer loop
      vertex -16.3302 -3.95924 4
      vertex -16.3079 -3.93407 2
      vertex -16.3302 -3.95924 1.99818
    endloop
  endfacet
  facet normal -0.748531 0.663099 -1.01909e-06
    outer loop
      vertex -16.3079 -3.93407 2
      vertex -16.3302 -3.95924 4
      vertex -16.067 -3.66213 4
    endloop
  endfacet
  facet normal 0.188746 -0.982026 -6.77694e-07
    outer loop
      vertex -21.7795 5.60583 4
      vertex -21.7088 5.61942 2
      vertex -21.3897 5.68075 4
    endloop
  endfacet
  facet normal 0.188765 -0.982022 0
    outer loop
      vertex -21.7088 5.61942 2
      vertex -21.7795 5.60583 4
      vertex -21.7795 5.60583 1.99809
    endloop
  endfacet
  facet normal 0.188727 -0.98203 2.51585e-06
    outer loop
      vertex -21.4543 5.66833 2
      vertex -21.3897 5.68075 4
      vertex -21.7088 5.61942 2
    endloop
  endfacet
  facet normal 0.188802 -0.982015 0
    outer loop
      vertex -21.3897 5.68075 4
      vertex -21.4543 5.66833 2
      vertex -21.3897 5.68075 1.99772
    endloop
  endfacet
  facet normal -0.928902 -0.370326 0
    outer loop
      vertex -15.21 2.24831 2
      vertex -15.2364 2.31453 4
      vertex -15.2364 2.31453 1.99839
    endloop
  endfacet
  facet normal -0.928726 -0.370766 1.68863e-05
    outer loop
      vertex -15.1117 2.00208 2
      vertex -15.2364 2.31453 4
      vertex -15.21 2.24831 2
    endloop
  endfacet
  facet normal -0.928932 -0.37025 -0
    outer loop
      vertex -15.0893 1.94588 4
      vertex -15.1117 2.00208 2
      vertex -15.0893 1.94588 1.99766
    endloop
  endfacet
  facet normal -0.928789 -0.370609 -1.1665e-05
    outer loop
      vertex -15.1117 2.00208 2
      vertex -15.0893 1.94588 4
      vertex -15.2364 2.31453 4
    endloop
  endfacet
  facet normal 0.962161 0.27248 0
    outer loop
      vertex -26.0829 -1.37606 4
      vertex -26.0678 -1.42938 2
      vertex -26.0829 -1.37606 1.99767
    endloop
  endfacet
  facet normal 0.962083 0.272756 -7.93471e-06
    outer loop
      vertex -26.0829 -1.37606 4
      vertex -25.993 -1.69322 2
      vertex -26.0678 -1.42938 2
    endloop
  endfacet
  facet normal 0.96213 0.272591 2.0278e-05
    outer loop
      vertex -25.9747 -1.75796 4
      vertex -25.993 -1.69322 2
      vertex -26.0829 -1.37606 4
    endloop
  endfacet
  facet normal 0.962294 0.272011 0
    outer loop
      vertex -25.993 -1.69322 2
      vertex -25.9747 -1.75796 4
      vertex -25.9747 -1.75796 1.99871
    endloop
  endfacet
  facet normal 0.256039 0.966666 -1.90209e-07
    outer loop
      vertex -21.7795 -5.60583 4
      vertex -21.8145 -5.59656 2
      vertex -22.1632 -5.5042 4
    endloop
  endfacet
  facet normal 0.256029 0.966669 0
    outer loop
      vertex -21.8145 -5.59656 2
      vertex -21.7795 -5.60583 4
      vertex -21.7795 -5.60583 1.99809
    endloop
  endfacet
  facet normal 0.256016 0.966672 -4.45621e-06
    outer loop
      vertex -22.1618 -5.50458 2
      vertex -22.1632 -5.5042 4
      vertex -21.8145 -5.59656 2
    endloop
  endfacet
  facet normal 0.261951 0.965081 0
    outer loop
      vertex -22.1632 -5.5042 4
      vertex -22.1618 -5.50458 2
      vertex -22.1632 -5.5042 1.9999
    endloop
  endfacet
  facet normal -0.35465 -0.934999 1.7158e-06
    outer loop
      vertex -18.6478 5.44352 4
      vertex -18.608 5.42842 2
      vertex -18.2767 5.30276 4
    endloop
  endfacet
  facet normal -0.354725 -0.934971 0
    outer loop
      vertex -18.608 5.42842 2
      vertex -18.6478 5.44352 4
      vertex -18.6478 5.44352 1.9979
    endloop
  endfacet
  facet normal -0.354646 -0.935001 9.77076e-07
    outer loop
      vertex -18.308 5.31463 2
      vertex -18.2767 5.30276 4
      vertex -18.608 5.42842 2
    endloop
  endfacet
  facet normal -0.354591 -0.935021 -0
    outer loop
      vertex -18.2767 5.30276 4
      vertex -18.308 5.31463 2
      vertex -18.2767 5.30276 1.99961
    endloop
  endfacet
  facet normal -0.900494 0.434868 0
    outer loop
      vertex -15.2487 -2.34 2
      vertex -15.2364 -2.31453 4
      vertex -15.2364 -2.31453 1.99839
    endloop
  endfacet
  facet normal -0.901032 0.433752 1.75188e-05
    outer loop
      vertex -15.4042 -2.66302 2
      vertex -15.2364 -2.31453 4
      vertex -15.2487 -2.34 2
    endloop
  endfacet
  facet normal -0.90103 0.433756 0
    outer loop
      vertex -15.4086 -2.67216 4
      vertex -15.4042 -2.66302 2
      vertex -15.4086 -2.67216 1.99933
    endloop
  endfacet
  facet normal -0.900994 0.433832 4.2325e-07
    outer loop
      vertex -15.4042 -2.66302 2
      vertex -15.4086 -2.67216 4
      vertex -15.2364 -2.31453 4
    endloop
  endfacet
  facet normal -0.952052 -0.305936 0
    outer loop
      vertex -15.0717 1.89111 2
      vertex -15.0893 1.94588 4
      vertex -15.0893 1.94588 1.99766
    endloop
  endfacet
  facet normal -0.952067 -0.305888 -1.44797e-06
    outer loop
      vertex -14.9891 1.63402 2
      vertex -15.0893 1.94588 4
      vertex -15.0717 1.89111 2
    endloop
  endfacet
  facet normal -0.952183 -0.305529 -0
    outer loop
      vertex -14.9679 1.56795 4
      vertex -14.9891 1.63402 2
      vertex -14.9679 1.56795 1.99858
    endloop
  endfacet
  facet normal -0.952085 -0.305832 -1.10619e-05
    outer loop
      vertex -14.9891 1.63402 2
      vertex -14.9679 1.56795 4
      vertex -15.0893 1.94588 4
    endloop
  endfacet
  facet normal 0.120561 -0.992706 2.58255e-06
    outer loop
      vertex -21.3897 5.68075 4
      vertex -21.3391 5.68689 2
      vertex -20.9957 5.7286 4
    endloop
  endfacet
  facet normal 0.12046 -0.992718 0
    outer loop
      vertex -21.3391 5.68689 2
      vertex -21.3897 5.68075 4
      vertex -21.3897 5.68075 1.99772
    endloop
  endfacet
  facet normal 0.12056 -0.992706 2.66647e-06
    outer loop
      vertex -21.0556 5.72132 2
      vertex -20.9957 5.7286 4
      vertex -21.3391 5.68689 2
    endloop
  endfacet
  facet normal 0.120648 -0.992695 0
    outer loop
      vertex -20.9957 5.7286 4
      vertex -21.0556 5.72132 2
      vertex -20.9957 5.7286 1.999
    endloop
  endfacet
  facet normal 0.915845 0.401532 0
    outer loop
      vertex -25.8403 -2.13147 4
      vertex -25.8152 -2.18872 2
      vertex -25.8403 -2.13147 1.99893
    endloop
  endfacet
  facet normal 0.915327 0.402711 -4.0257e-05
    outer loop
      vertex -25.8403 -2.13147 4
      vertex -25.7015 -2.44715 2
      vertex -25.8152 -2.18872 2
    endloop
  endfacet
  facet normal 0.915481 0.402362 2.55375e-05
    outer loop
      vertex -25.6806 -2.49483 4
      vertex -25.7015 -2.44715 2
      vertex -25.8403 -2.13147 4
    endloop
  endfacet
  facet normal 0.915875 0.401464 0
    outer loop
      vertex -25.7015 -2.44715 2
      vertex -25.6806 -2.49483 4
      vertex -25.6806 -2.49483 1.99771
    endloop
  endfacet
  facet normal 0.256016 -0.966672 -4.45621e-06
    outer loop
      vertex -21.8145 5.59656 2
      vertex -22.1632 5.5042 4
      vertex -22.1618 5.50458 2
    endloop
  endfacet
  facet normal 0.261951 -0.965081 0
    outer loop
      vertex -22.1618 5.50458 2
      vertex -22.1632 5.5042 4
      vertex -22.1632 5.5042 1.9999
    endloop
  endfacet
  facet normal 0.256039 -0.966666 -1.90209e-07
    outer loop
      vertex -22.1632 5.5042 4
      vertex -21.8145 5.59656 2
      vertex -21.7795 5.60583 4
    endloop
  endfacet
  facet normal 0.256029 -0.966669 0
    outer loop
      vertex -21.7795 5.60583 4
      vertex -21.8145 5.59656 2
      vertex -21.7795 5.60583 1.99809
    endloop
  endfacet
  facet normal -0.928932 0.37025 0
    outer loop
      vertex -15.1117 -2.00208 2
      vertex -15.0893 -1.94588 4
      vertex -15.0893 -1.94588 1.99766
    endloop
  endfacet
  facet normal -0.928726 0.370766 -1.67995e-05
    outer loop
      vertex -15.21 -2.24831 2
      vertex -15.0893 -1.94588 4
      vertex -15.1117 -2.00208 2
    endloop
  endfacet
  facet normal -0.928902 0.370326 0
    outer loop
      vertex -15.2364 -2.31453 4
      vertex -15.21 -2.24831 2
      vertex -15.2364 -2.31453 1.99839
    endloop
  endfacet
  facet normal -0.928789 0.370609 1.08361e-05
    outer loop
      vertex -15.21 -2.24831 2
      vertex -15.2364 -2.31453 4
      vertex -15.0893 -1.94588 4
    endloop
  endfacet
  facet normal 0.978733 -0.205138 0
    outer loop
      vertex -26.0829 1.37606 4
      vertex -26.0957 1.31499 2
      vertex -26.0829 1.37606 1.99767
    endloop
  endfacet
  facet normal 0.978622 -0.205665 1.6796e-05
    outer loop
      vertex -26.0829 1.37606 4
      vertex -26.1497 1.05804 2
      vertex -26.0957 1.31499 2
    endloop
  endfacet
  facet normal 0.97864 -0.205581 2.82069e-06
    outer loop
      vertex -26.1645 0.987614 4
      vertex -26.1497 1.05804 2
      vertex -26.0829 1.37606 4
    endloop
  endfacet
  facet normal 0.978624 -0.205658 0
    outer loop
      vertex -26.1497 1.05804 2
      vertex -26.1645 0.987614 4
      vertex -26.1645 0.987614 1.99828
    endloop
  endfacet
  facet normal -0.596131 -0.802887 2.40463e-06
    outer loop
      vertex -17.2336 4.73216 4
      vertex -17.2175 4.7202 2
      vertex -16.9149 4.49553 4
    endloop
  endfacet
  facet normal -0.596324 -0.802744 0
    outer loop
      vertex -17.2175 4.7202 2
      vertex -17.2336 4.73216 4
      vertex -17.2336 4.73216 1.99878
    endloop
  endfacet
  facet normal -0.596152 -0.802872 7.17169e-06
    outer loop
      vertex -16.9299 4.50665 2
      vertex -16.9149 4.49553 4
      vertex -17.2175 4.7202 2
    endloop
  endfacet
  facet normal -0.595535 -0.803329 -0
    outer loop
      vertex -16.9149 4.49553 4
      vertex -16.9299 4.50665 2
      vertex -16.9149 4.49553 1.99885
    endloop
  endfacet
  facet normal -0.22252 0.974928 -4.9414e-06
    outer loop
      vertex -19.0278 -5.55833 4
      vertex -19.0717 -5.56836 2
      vertex -19.4148 -5.64666 4
    endloop
  endfacet
  facet normal -0.222734 0.974879 0
    outer loop
      vertex -19.0717 -5.56836 2
      vertex -19.0278 -5.55833 4
      vertex -19.0278 -5.55833 1.99783
    endloop
  endfacet
  facet normal -0.222494 0.974934 -1.96481e-07
    outer loop
      vertex -19.3719 -5.63687 2
      vertex -19.4148 -5.64666 4
      vertex -19.0717 -5.56836 2
    endloop
  endfacet
  facet normal -0.222485 0.974936 0
    outer loop
      vertex -19.4148 -5.64666 4
      vertex -19.3719 -5.63687 2
      vertex -19.4148 -5.64666 1.99942
    endloop
  endfacet
  facet normal -0.868854 -0.495068 0
    outer loop
      vertex -15.5822 2.97686 2
      vertex -15.6051 3.01705 4
      vertex -15.6051 3.01705 1.99781
    endloop
  endfacet
  facet normal -0.868914 -0.494963 -2.77239e-06
    outer loop
      vertex -15.4325 2.71406 2
      vertex -15.6051 3.01705 4
      vertex -15.5822 2.97686 2
    endloop
  endfacet
  facet normal -0.868626 -0.495469 -0
    outer loop
      vertex -15.4086 2.67216 4
      vertex -15.4325 2.71406 2
      vertex -15.4086 2.67216 1.99933
    endloop
  endfacet
  facet normal -0.868872 -0.495037 1.1993e-05
    outer loop
      vertex -15.4325 2.71406 2
      vertex -15.4086 2.67216 4
      vertex -15.6051 3.01705 4
    endloop
  endfacet
  facet normal -0.970867 -0.239618 0
    outer loop
      vertex -14.9621 1.54445 2
      vertex -14.9679 1.56795 4
      vertex -14.9679 1.56795 1.99858
    endloop
  endfacet
  facet normal -0.970972 -0.239192 -5.31971e-06
    outer loop
      vertex -14.8764 1.19656 2
      vertex -14.9679 1.56795 4
      vertex -14.9621 1.54445 2
    endloop
  endfacet
  facet normal -0.970224 -0.24221 -0
    outer loop
      vertex -14.8729 1.18254 4
      vertex -14.8764 1.19656 2
      vertex -14.8729 1.18254 1.99908
    endloop
  endfacet
  facet normal -0.970939 -0.239327 2.14576e-05
    outer loop
      vertex -14.8764 1.19656 2
      vertex -14.8729 1.18254 4
      vertex -14.9679 1.56795 4
    endloop
  endfacet
  facet normal -0.418182 -0.908363 2.22911e-08
    outer loop
      vertex -17.9454 5.15024 2
      vertex -18.2767 5.30276 4
      vertex -18.2714 5.30032 2
    endloop
  endfacet
  facet normal -0.418189 -0.90836 0
    outer loop
      vertex -18.2714 5.30032 2
      vertex -18.2767 5.30276 4
      vertex -18.2767 5.30276 1.99961
    endloop
  endfacet
  facet normal -0.418205 -0.908353 -4.67779e-06
    outer loop
      vertex -18.2767 5.30276 4
      vertex -17.9454 5.15024 2
      vertex -17.9161 5.13674 4
    endloop
  endfacet
  facet normal -0.418468 -0.908231 -0
    outer loop
      vertex -17.9161 5.13674 4
      vertex -17.9454 5.15024 2
      vertex -17.9161 5.13674 1.99823
    endloop
  endfacet
  facet normal 0.885485 0.464668 0
    outer loop
      vertex -25.6806 -2.49483 4
      vertex -25.6504 -2.55238 2
      vertex -25.6806 -2.49483 1.99771
    endloop
  endfacet
  facet normal 0.885385 0.464858 -6.97287e-06
    outer loop
      vertex -25.6806 -2.49483 4
      vertex -25.5296 -2.78246 2
      vertex -25.6504 -2.55238 2
    endloop
  endfacet
  facet normal 0.88542 0.464791 5.33439e-06
    outer loop
      vertex -25.4961 -2.8463 4
      vertex -25.5296 -2.78246 2
      vertex -25.6806 -2.49483 4
    endloop
  endfacet
  facet normal 0.885489 0.46466 0
    outer loop
      vertex -25.5296 -2.78246 2
      vertex -25.4961 -2.8463 4
      vertex -25.4961 -2.8463 1.99813
    endloop
  endfacet
  facet normal -0.289219 -0.957263 -6.33557e-07
    outer loop
      vertex -19.0278 5.55833 4
      vertex -18.9615 5.5383 2
      vertex -18.6478 5.44352 4
    endloop
  endfacet
  facet normal -0.289202 -0.957268 0
    outer loop
      vertex -18.9615 5.5383 2
      vertex -19.0278 5.55833 4
      vertex -19.0278 5.55833 1.99783
    endloop
  endfacet
  facet normal -0.289236 -0.957258 2.27854e-06
    outer loop
      vertex -18.7151 5.46385 2
      vertex -18.6478 5.44352 4
      vertex -18.9615 5.5383 2
    endloop
  endfacet
  facet normal -0.289174 -0.957276 -0
    outer loop
      vertex -18.6478 5.44352 4
      vertex -18.7151 5.46385 2
      vertex -18.6478 5.44352 1.9979
    endloop
  endfacet
  facet normal 0.962294 -0.272011 0
    outer loop
      vertex -25.9747 1.75796 4
      vertex -25.993 1.69322 2
      vertex -25.9747 1.75796 1.99871
    endloop
  endfacet
  facet normal 0.962083 -0.272756 2.60358e-05
    outer loop
      vertex -25.9747 1.75796 4
      vertex -26.0678 1.42938 2
      vertex -25.993 1.69322 2
    endloop
  endfacet
  facet normal 0.96213 -0.272591 -3.19198e-06
    outer loop
      vertex -26.0829 1.37606 4
      vertex -26.0678 1.42938 2
      vertex -25.9747 1.75796 4
    endloop
  endfacet
  facet normal 0.962161 -0.27248 0
    outer loop
      vertex -26.0678 1.42938 2
      vertex -26.0829 1.37606 4
      vertex -26.0829 1.37606 1.99767
    endloop
  endfacet
  facet normal 1 0 0
    outer loop
      vertex -26.2466 0.198467 4
      vertex -26.2466 0.128663 2
      vertex -26.2466 0.198467 1.99786
    endloop
  endfacet
  facet normal 1 0 0
    outer loop
      vertex -26.2466 0.198467 4
      vertex -26.2466 -0.128663 2
      vertex -26.2466 0.128663 2
    endloop
  endfacet
  facet normal 1 -0 0
    outer loop
      vertex -26.2466 -0.198467 4
      vertex -26.2466 -0.128663 2
      vertex -26.2466 0.198467 4
    endloop
  endfacet
  facet normal 1 0 0
    outer loop
      vertex -26.2466 -0.128663 2
      vertex -26.2466 -0.198467 4
      vertex -26.2466 -0.198467 1.99786
    endloop
  endfacet
  facet normal -0.832658 -0.553787 0
    outer loop
      vertex -15.7857 3.28863 2
      vertex -15.8249 3.34757 4
      vertex -15.8249 3.34757 1.99793
    endloop
  endfacet
  facet normal -0.832671 -0.553768 -8.15507e-07
    outer loop
      vertex -15.6431 3.07421 2
      vertex -15.8249 3.34757 4
      vertex -15.7857 3.28863 2
    endloop
  endfacet
  facet normal -0.832767 -0.553624 -0
    outer loop
      vertex -15.6051 3.01705 4
      vertex -15.6431 3.07421 2
      vertex -15.6051 3.01705 1.99781
    endloop
  endfacet
  facet normal -0.832685 -0.553746 -5.04872e-06
    outer loop
      vertex -15.6431 3.07421 2
      vertex -15.6051 3.01705 4
      vertex -15.8249 3.34757 4
    endloop
  endfacet
  facet normal 0.813733 0.581238 0
    outer loop
      vertex -25.2878 -3.18421 4
      vertex -25.2766 -3.19989 2
      vertex -25.2878 -3.18421 1.9998
    endloop
  endfacet
  facet normal 0.813082 0.582149 -1.07838e-05
    outer loop
      vertex -25.2878 -3.18421 4
      vertex -25.0801 -3.47434 2
      vertex -25.2766 -3.19989 2
    endloop
  endfacet
  facet normal 0.813044 0.582203 -2.27011e-05
    outer loop
      vertex -25.0567 -3.50694 4
      vertex -25.0801 -3.47434 2
      vertex -25.2878 -3.18421 4
    endloop
  endfacet
  facet normal 0.812384 0.583122 0
    outer loop
      vertex -25.0801 -3.47434 2
      vertex -25.0567 -3.50694 4
      vertex -25.0567 -3.50694 1.99796
    endloop
  endfacet
  facet normal -0.98532 -0.170715 0
    outer loop
      vertex -14.863 1.1254 2
      vertex -14.8729 1.18254 4
      vertex -14.8729 1.18254 1.99908
    endloop
  endfacet
  facet normal -0.985115 -0.171896 3.47604e-05
    outer loop
      vertex -14.8133 0.840576 2
      vertex -14.8729 1.18254 4
      vertex -14.863 1.1254 2
    endloop
  endfacet
  facet normal -0.984986 -0.172632 -0
    outer loop
      vertex -14.8047 0.791507 4
      vertex -14.8133 0.840576 2
      vertex -14.8047 0.791507 1.99774
    endloop
  endfacet
  facet normal -0.985129 -0.171816 2.06305e-05
    outer loop
      vertex -14.8133 0.840576 2
      vertex -14.8047 0.791507 4
      vertex -14.8729 1.18254 4
    endloop
  endfacet
  facet normal 0.978624 0.205658 0
    outer loop
      vertex -26.1645 -0.987614 4
      vertex -26.1497 -1.05804 2
      vertex -26.1645 -0.987614 1.99828
    endloop
  endfacet
  facet normal 0.978622 0.205665 -2.7422e-07
    outer loop
      vertex -26.1645 -0.987614 4
      vertex -26.0957 -1.31499 2
      vertex -26.1497 -1.05804 2
    endloop
  endfacet
  facet normal 0.97864 0.205581 1.41125e-05
    outer loop
      vertex -26.0829 -1.37606 4
      vertex -26.0957 -1.31499 2
      vertex -26.1645 -0.987614 4
    endloop
  endfacet
  facet normal 0.978733 0.205138 0
    outer loop
      vertex -26.0957 -1.31499 2
      vertex -26.0829 -1.37606 4
      vertex -26.0829 -1.37606 1.99767
    endloop
  endfacet
  facet normal -0.952183 0.305529 0
    outer loop
      vertex -14.9891 -1.63402 2
      vertex -14.9679 -1.56795 4
      vertex -14.9679 -1.56795 1.99858
    endloop
  endfacet
  facet normal -0.952067 0.305888 -1.30984e-05
    outer loop
      vertex -15.0717 -1.89111 2
      vertex -14.9679 -1.56795 4
      vertex -14.9891 -1.63402 2
    endloop
  endfacet
  facet normal -0.952052 0.305936 0
    outer loop
      vertex -15.0893 -1.94588 4
      vertex -15.0717 -1.89111 2
      vertex -15.0893 -1.94588 1.99766
    endloop
  endfacet
  facet normal -0.952085 0.305832 -3.13642e-06
    outer loop
      vertex -15.0717 -1.89111 2
      vertex -15.0893 -1.94588 4
      vertex -14.9679 -1.56795 4
    endloop
  endfacet
  facet normal 0.990529 0.137306 0
    outer loop
      vertex -26.2192 -0.594457 4
      vertex -26.2182 -0.601671 2
      vertex -26.2192 -0.594457 1.99951
    endloop
  endfacet
  facet normal 0.99047 0.137727 -1.54538e-06
    outer loop
      vertex -26.2192 -0.594457 4
      vertex -26.1688 -0.956934 2
      vertex -26.2182 -0.601671 2
    endloop
  endfacet
  facet normal 0.99046 0.137803 -1.5593e-05
    outer loop
      vertex -26.1645 -0.987614 4
      vertex -26.1688 -0.956934 2
      vertex -26.2192 -0.594457 4
    endloop
  endfacet
  facet normal 0.99032 0.1388 0
    outer loop
      vertex -26.1688 -0.956934 2
      vertex -26.1645 -0.987614 4
      vertex -26.1645 -0.987614 1.99828
    endloop
  endfacet
  facet normal -0.650117 -0.759834 4.17581e-06
    outer loop
      vertex -16.9149 4.49553 4
      vertex -16.866 4.45368 2
      vertex -16.6133 4.23748 4
    endloop
  endfacet
  facet normal -0.650215 -0.75975 0
    outer loop
      vertex -16.866 4.45368 2
      vertex -16.9149 4.49553 4
      vertex -16.9149 4.49553 1.99885
    endloop
  endfacet
  facet normal -0.650201 -0.759762 2.26998e-05
    outer loop
      vertex -16.6538 4.27208 2
      vertex -16.6133 4.23748 4
      vertex -16.866 4.45368 2
    endloop
  endfacet
  facet normal -0.649554 -0.760316 -0
    outer loop
      vertex -16.6133 4.23748 4
      vertex -16.6538 4.27208 2
      vertex -16.6133 4.23748 1.99769
    endloop
  endfacet
  facet normal -0.0172605 -0.999851 4.649e-07
    outer loop
      vertex -20.5992 5.74914 4
      vertex -20.5309 5.74796 2
      vertex -20.2024 5.74229 4
    endloop
  endfacet
  facet normal -0.0172741 -0.999851 0
    outer loop
      vertex -20.5309 5.74796 2
      vertex -20.5992 5.74914 4
      vertex -20.5992 5.74914 1.99864
    endloop
  endfacet
  facet normal -0.0172338 -0.999851 -3.93547e-06
    outer loop
      vertex -20.2588 5.74327 2
      vertex -20.2024 5.74229 4
      vertex -20.5309 5.74796 2
    endloop
  endfacet
  facet normal -0.0173733 -0.999849 -0
    outer loop
      vertex -20.2024 5.74229 4
      vertex -20.2588 5.74327 2
      vertex -20.2024 5.74229 1.99767
    endloop
  endfacet
  facet normal 0.841288 -0.540587 0
    outer loop
      vertex -25.2878 3.18421 4
      vertex -25.2894 3.18172 2
      vertex -25.2878 3.18421 1.9998
    endloop
  endfacet
  facet normal 0.851306 -0.524669 -2.7832e-05
    outer loop
      vertex -25.2878 3.18421 4
      vertex -25.4778 2.87603 2
      vertex -25.2894 3.18172 2
    endloop
  endfacet
  facet normal 0.851258 -0.524747 -1.13439e-05
    outer loop
      vertex -25.4961 2.8463 4
      vertex -25.4778 2.87603 2
      vertex -25.2878 3.18421 4
    endloop
  endfacet
  facet normal 0.851599 -0.524193 0
    outer loop
      vertex -25.4778 2.87603 2
      vertex -25.4961 2.8463 4
      vertex -25.4961 2.8463 1.99813
    endloop
  endfacet
  facet normal 0.623527 -0.781802 9.50357e-06
    outer loop
      vertex -24.2381 4.36911 4
      vertex -24.1827 4.41327 2
      vertex -23.9278 4.61659 4
    endloop
  endfacet
  facet normal 0.623317 -0.781969 0
    outer loop
      vertex -24.1827 4.41327 2
      vertex -24.2381 4.36911 4
      vertex -24.2381 4.36911 1.99845
    endloop
  endfacet
  facet normal 0.623528 -0.781801 9.30171e-06
    outer loop
      vertex -23.9743 4.57948 2
      vertex -23.9278 4.61659 4
      vertex -24.1827 4.41327 2
    endloop
  endfacet
  facet normal 0.623772 -0.781606 0
    outer loop
      vertex -23.9278 4.61659 4
      vertex -23.9743 4.57948 2
      vertex -23.9278 4.61659 1.99766
    endloop
  endfacet
  facet normal -0.0861763 0.99628 2.97121e-06
    outer loop
      vertex -19.8069 -5.70808 4
      vertex -19.8783 -5.71425 2
      vertex -20.2024 -5.74229 4
    endloop
  endfacet
  facet normal -0.0860937 0.996287 0
    outer loop
      vertex -19.8783 -5.71425 2
      vertex -19.8069 -5.70808 4
      vertex -19.8069 -5.70808 1.99834
    endloop
  endfacet
  facet normal -0.0862075 0.996277 -2.12676e-06
    outer loop
      vertex -20.1411 -5.73699 2
      vertex -20.2024 -5.74229 4
      vertex -19.8783 -5.71425 2
    endloop
  endfacet
  facet normal -0.0861387 0.996283 0
    outer loop
      vertex -20.2024 -5.74229 4
      vertex -20.1411 -5.73699 2
      vertex -20.2024 -5.74229 1.99767
    endloop
  endfacet
  facet normal -0.539265 0.842136 1.83693e-05
    outer loop
      vertex -17.2336 -4.73216 4
      vertex -17.2892 -4.76772 2
      vertex -17.5679 -4.94623 4
    endloop
  endfacet
  facet normal -0.538796 0.842436 0
    outer loop
      vertex -17.2892 -4.76772 2
      vertex -17.2336 -4.73216 4
      vertex -17.2336 -4.73216 1.99878
    endloop
  endfacet
  facet normal -0.53931 0.842107 9.42582e-06
    outer loop
      vertex -17.5222 -4.91694 2
      vertex -17.5679 -4.94623 4
      vertex -17.2892 -4.76772 2
    endloop
  endfacet
  facet normal -0.539603 0.84192 0
    outer loop
      vertex -17.5679 -4.94623 4
      vertex -17.5222 -4.91694 2
      vertex -17.5679 -4.94623 1.99768
    endloop
  endfacet
  facet normal 0.885489 -0.46466 0
    outer loop
      vertex -25.4961 2.8463 4
      vertex -25.5296 2.78246 2
      vertex -25.4961 2.8463 1.99813
    endloop
  endfacet
  facet normal 0.885385 -0.464858 8.06575e-06
    outer loop
      vertex -25.4961 2.8463 4
      vertex -25.6504 2.55238 2
      vertex -25.5296 2.78246 2
    endloop
  endfacet
  facet normal 0.88542 -0.464791 -4.51061e-06
    outer loop
      vertex -25.6806 2.49483 4
      vertex -25.6504 2.55238 2
      vertex -25.4961 2.8463 4
    endloop
  endfacet
  facet normal 0.885485 -0.464668 0
    outer loop
      vertex -25.6504 2.55238 2
      vertex -25.6806 2.49483 4
      vertex -25.6806 2.49483 1.99771
    endloop
  endfacet
  facet normal -0.539265 -0.842136 1.08926e-05
    outer loop
      vertex -17.5679 4.94623 4
      vertex -17.5222 4.91694 2
      vertex -17.2336 4.73216 4
    endloop
  endfacet
  facet normal -0.539603 -0.84192 0
    outer loop
      vertex -17.5222 4.91694 2
      vertex -17.5679 4.94623 4
      vertex -17.5679 4.94623 1.99768
    endloop
  endfacet
  facet normal -0.53931 -0.842107 2.01527e-05
    outer loop
      vertex -17.2892 4.76772 2
      vertex -17.2336 4.73216 4
      vertex -17.5222 4.91694 2
    endloop
  endfacet
  facet normal -0.538796 -0.842436 -0
    outer loop
      vertex -17.2336 4.73216 4
      vertex -17.2892 4.76772 2
      vertex -17.2336 4.73216 1.99878
    endloop
  endfacet
  facet normal -0.994671 0.103102 0
    outer loop
      vertex -14.7711 -0.46809 2
      vertex -14.7637 -0.396699 4
      vertex -14.7637 -0.396699 1.99804
    endloop
  endfacet
  facet normal -0.994615 0.103636 -1.92468e-05
    outer loop
      vertex -14.7979 -0.725296 2
      vertex -14.7637 -0.396699 4
      vertex -14.7711 -0.46809 2
    endloop
  endfacet
  facet normal -0.994768 0.102165 0
    outer loop
      vertex -14.8047 -0.791507 4
      vertex -14.7979 -0.725296 2
      vertex -14.8047 -0.791507 1.99774
    endloop
  endfacet
  facet normal -0.994651 0.103292 3.77353e-05
    outer loop
      vertex -14.7979 -0.725296 2
      vertex -14.8047 -0.791507 4
      vertex -14.7637 -0.396699 4
    endloop
  endfacet
  facet normal 0.0517339 -0.998661 1.83361e-06
    outer loop
      vertex -20.9957 5.7286 4
      vertex -20.9798 5.72942 2
      vertex -20.5992 5.74914 4
    endloop
  endfacet
  facet normal 0.0515039 -0.998673 0
    outer loop
      vertex -20.9798 5.72942 2
      vertex -20.9957 5.7286 4
      vertex -20.9957 5.7286 1.999
    endloop
  endfacet
  facet normal 0.0517472 -0.99866 -7.08943e-07
    outer loop
      vertex -20.622 5.74796 2
      vertex -20.5992 5.74914 4
      vertex -20.9798 5.72942 2
    endloop
  endfacet
  facet normal 0.0516852 -0.998663 0
    outer loop
      vertex -20.5992 5.74914 4
      vertex -20.622 5.74796 2
      vertex -20.5992 5.74914 1.99864
    endloop
  endfacet
  facet normal 0.449369 0.893346 -9.49653e-06
    outer loop
      vertex -22.905 -5.22286 4
      vertex -22.9485 -5.201 2
      vertex -23.2596 -5.04449 4
    endloop
  endfacet
  facet normal 0.44902 0.893522 0
    outer loop
      vertex -22.9485 -5.201 2
      vertex -22.905 -5.22286 4
      vertex -22.905 -5.22286 1.99776
    endloop
  endfacet
  facet normal 0.449314 0.893374 -2.0257e-05
    outer loop
      vertex -23.2104 -5.06928 2
      vertex -23.2596 -5.04449 4
      vertex -22.9485 -5.201 2
    endloop
  endfacet
  facet normal 0.44997 0.893043 0
    outer loop
      vertex -23.2596 -5.04449 4
      vertex -23.2104 -5.06928 2
      vertex -23.2596 -5.04449 1.99916
    endloop
  endfacet
  facet normal 0.623527 0.781802 9.33854e-06
    outer loop
      vertex -23.9278 -4.61659 4
      vertex -23.9743 -4.57948 2
      vertex -24.2381 -4.36911 4
    endloop
  endfacet
  facet normal 0.623772 0.781606 0
    outer loop
      vertex -23.9743 -4.57948 2
      vertex -23.9278 -4.61659 4
      vertex -23.9278 -4.61659 1.99766
    endloop
  endfacet
  facet normal 0.623528 0.781801 9.54743e-06
    outer loop
      vertex -24.1827 -4.41327 2
      vertex -24.2381 -4.36911 4
      vertex -23.9743 -4.57948 2
    endloop
  endfacet
  facet normal 0.623317 0.781969 0
    outer loop
      vertex -24.2381 -4.36911 4
      vertex -24.1827 -4.41327 2
      vertex -24.2381 -4.36911 1.99845
    endloop
  endfacet
  facet normal -0.700958 -0.713202 1.94474e-05
    outer loop
      vertex -16.6133 4.23748 4
      vertex -16.5676 4.19251 2
      vertex -16.3302 3.95924 4
    endloop
  endfacet
  facet normal -0.701391 -0.712777 0
    outer loop
      vertex -16.5676 4.19251 2
      vertex -16.6133 4.23748 4
      vertex -16.6133 4.23748 1.99769
    endloop
  endfacet
  facet normal -0.700942 -0.713219 1.55132e-05
    outer loop
      vertex -16.3817 4.00981 2
      vertex -16.3302 3.95924 4
      vertex -16.5676 4.19251 2
    endloop
  endfacet
  facet normal -0.700635 -0.71352 -0
    outer loop
      vertex -16.3302 3.95924 4
      vertex -16.3817 4.00981 2
      vertex -16.3302 3.95924 1.99818
    endloop
  endfacet
  facet normal 0.675978 -0.736922 -1.21435e-05
    outer loop
      vertex -24.5306 4.1008 4
      vertex -24.5221 4.10863 2
      vertex -24.2381 4.36911 4
    endloop
  endfacet
  facet normal 0.677525 -0.7355 0
    outer loop
      vertex -24.5221 4.10863 2
      vertex -24.5306 4.1008 4
      vertex -24.5306 4.1008 1.99925
    endloop
  endfacet
  facet normal 0.675856 -0.737034 1.97175e-05
    outer loop
      vertex -24.2579 4.3509 2
      vertex -24.2381 4.36911 4
      vertex -24.5221 4.10863 2
    endloop
  endfacet
  facet normal 0.676936 -0.736042 0
    outer loop
      vertex -24.2381 4.36911 4
      vertex -24.2579 4.3509 2
      vertex -24.2381 4.36911 1.99845
    endloop
  endfacet
  facet normal 0.997619 -0.0689669 0
    outer loop
      vertex -26.2192 0.594457 4
      vertex -26.2219 0.555401 2
      vertex -26.2192 0.594457 1.99951
    endloop
  endfacet
  facet normal 0.997631 -0.0687986 -3.30233e-06
    outer loop
      vertex -26.2192 0.594457 4
      vertex -26.2435 0.242185 2
      vertex -26.2219 0.555401 2
    endloop
  endfacet
  facet normal 0.997615 -0.0690286 3.74062e-05
    outer loop
      vertex -26.2466 0.198467 4
      vertex -26.2435 0.242185 2
      vertex -26.2192 0.594457 4
    endloop
  endfacet
  facet normal 0.997495 -0.0707314 0
    outer loop
      vertex -26.2435 0.242185 2
      vertex -26.2466 0.198467 4
      vertex -26.2466 0.198467 1.99786
    endloop
  endfacet
  facet normal -0.154757 -0.987953 1.67556e-07
    outer loop
      vertex -19.8069 5.70808 4
      vertex -19.7776 5.70349 2
      vertex -19.4148 5.64666 4
    endloop
  endfacet
  facet normal -0.154768 -0.987951 0
    outer loop
      vertex -19.7776 5.70349 2
      vertex -19.8069 5.70808 4
      vertex -19.8069 5.70808 1.99834
    endloop
  endfacet
  facet normal -0.154748 -0.987954 -1.4532e-06
    outer loop
      vertex -19.4234 5.64801 2
      vertex -19.4148 5.64666 4
      vertex -19.7776 5.70349 2
    endloop
  endfacet
  facet normal -0.155078 -0.987902 -0
    outer loop
      vertex -19.4148 5.64666 4
      vertex -19.4234 5.64801 2
      vertex -19.4148 5.64666 1.99942
    endloop
  endfacet
  facet normal 0.0517339 0.998661 -5.56631e-07
    outer loop
      vertex -20.5992 -5.74914 4
      vertex -20.622 -5.74796 2
      vertex -20.9957 -5.7286 4
    endloop
  endfacet
  facet normal 0.0516852 0.998663 0
    outer loop
      vertex -20.622 -5.74796 2
      vertex -20.5992 -5.74914 4
      vertex -20.5992 -5.74914 1.99864
    endloop
  endfacet
  facet normal 0.0517472 0.99866 1.93982e-06
    outer loop
      vertex -20.9798 -5.72942 2
      vertex -20.9957 -5.7286 4
      vertex -20.622 -5.74796 2
    endloop
  endfacet
  facet normal 0.0515039 0.998673 0
    outer loop
      vertex -20.9957 -5.7286 4
      vertex -20.9798 -5.72942 2
      vertex -20.9957 -5.7286 1.999
    endloop
  endfacet
  facet normal 0.386718 -0.922198 -9.52434e-06
    outer loop
      vertex -22.905 5.22286 4
      vertex -22.843 5.24888 2
      vertex -22.539 5.37634 4
    endloop
  endfacet
  facet normal 0.38698 -0.922088 0
    outer loop
      vertex -22.843 5.24888 2
      vertex -22.905 5.22286 4
      vertex -22.905 5.22286 1.99776
    endloop
  endfacet
  facet normal 0.3866 -0.922247 1.1593e-05
    outer loop
      vertex -22.6049 5.34869 2
      vertex -22.539 5.37634 4
      vertex -22.843 5.24888 2
    endloop
  endfacet
  facet normal 0.386899 -0.922122 0
    outer loop
      vertex -22.539 5.37634 4
      vertex -22.6049 5.34869 2
      vertex -22.539 5.37634 1.998
    endloop
  endfacet
  facet normal 0.997495 0.0707314 0
    outer loop
      vertex -26.2466 -0.198467 4
      vertex -26.2435 -0.242185 2
      vertex -26.2466 -0.198467 1.99786
    endloop
  endfacet
  facet normal 0.997631 0.0687986 4.24589e-05
    outer loop
      vertex -26.2466 -0.198467 4
      vertex -26.2219 -0.555401 2
      vertex -26.2435 -0.242185 2
    endloop
  endfacet
  facet normal 0.997615 0.0690286 1.21102e-06
    outer loop
      vertex -26.2192 -0.594457 4
      vertex -26.2219 -0.555401 2
      vertex -26.2466 -0.198467 4
    endloop
  endfacet
  facet normal 0.997619 0.0689669 0
    outer loop
      vertex -26.2219 -0.555401 2
      vertex -26.2192 -0.594457 4
      vertex -26.2192 -0.594457 1.99951
    endloop
  endfacet
  facet normal 0.726041 0.687651 0
    outer loop
      vertex -24.8039 -3.81295 4
      vertex -24.7713 -3.84737 2
      vertex -24.8039 -3.81295 1.99778
    endloop
  endfacet
  facet normal 0.725104 0.688639 -3.22776e-05
    outer loop
      vertex -24.8039 -3.81295 4
      vertex -24.5664 -4.06312 2
      vertex -24.7713 -3.84737 2
    endloop
  endfacet
  facet normal 0.725198 0.688541 -8.92609e-06
    outer loop
      vertex -24.5306 -4.1008 4
      vertex -24.5664 -4.06312 2
      vertex -24.8039 -3.81295 4
    endloop
  endfacet
  facet normal 0.724961 0.68879 0
    outer loop
      vertex -24.5664 -4.06312 2
      vertex -24.5306 -4.1008 4
      vertex -24.5306 -4.1008 1.99925
    endloop
  endfacet
  facet normal -0.22252 -0.974928 -7.89767e-07
    outer loop
      vertex -19.4148 5.64666 4
      vertex -19.3719 5.63687 2
      vertex -19.0278 5.55833 4
    endloop
  endfacet
  facet normal -0.222485 -0.974936 0
    outer loop
      vertex -19.3719 5.63687 2
      vertex -19.4148 5.64666 4
      vertex -19.4148 5.64666 1.99942
    endloop
  endfacet
  facet normal -0.222494 -0.974934 -5.54855e-06
    outer loop
      vertex -19.0717 5.56836 2
      vertex -19.0278 5.55833 4
      vertex -19.3719 5.63687 2
    endloop
  endfacet
  facet normal -0.222734 -0.974879 -0
    outer loop
      vertex -19.0278 5.55833 4
      vertex -19.0717 5.56836 2
      vertex -19.0278 5.55833 1.99783
    endloop
  endfacet
  facet normal -0.35465 0.934999 1.04687e-06
    outer loop
      vertex -18.2767 -5.30276 4
      vertex -18.308 -5.31463 2
      vertex -18.6478 -5.44352 4
    endloop
  endfacet
  facet normal -0.354591 0.935021 0
    outer loop
      vertex -18.308 -5.31463 2
      vertex -18.2767 -5.30276 4
      vertex -18.2767 -5.30276 1.99961
    endloop
  endfacet
  facet normal -0.354646 0.935001 1.80455e-06
    outer loop
      vertex -18.608 -5.42842 2
      vertex -18.6478 -5.44352 4
      vertex -18.308 -5.31463 2
    endloop
  endfacet
  facet normal -0.354725 0.934971 0
    outer loop
      vertex -18.6478 -5.44352 4
      vertex -18.608 -5.42842 2
      vertex -18.6478 -5.44352 1.9979
    endloop
  endfacet
  facet normal -0.289219 0.957263 1.6538e-06
    outer loop
      vertex -18.6478 -5.44352 4
      vertex -18.7151 -5.46385 2
      vertex -19.0278 -5.55833 4
    endloop
  endfacet
  facet normal -0.289174 0.957276 0
    outer loop
      vertex -18.7151 -5.46385 2
      vertex -18.6478 -5.44352 4
      vertex -18.6478 -5.44352 1.9979
    endloop
  endfacet
  facet normal -0.289236 0.957258 -1.24902e-06
    outer loop
      vertex -18.9615 -5.5383 2
      vertex -19.0278 -5.55833 4
      vertex -18.7151 -5.46385 2
    endloop
  endfacet
  facet normal -0.289202 0.957268 0
    outer loop
      vertex -19.0278 -5.55833 4
      vertex -18.9615 -5.5383 2
      vertex -19.0278 -5.55833 1.99783
    endloop
  endfacet
  facet normal 0.322101 -0.946705 9.75928e-06
    outer loop
      vertex -22.539 5.37634 4
      vertex -22.5022 5.38884 2
      vertex -22.1632 5.5042 4
    endloop
  endfacet
  facet normal 0.321626 -0.946867 0
    outer loop
      vertex -22.5022 5.38884 2
      vertex -22.539 5.37634 4
      vertex -22.539 5.37634 1.998
    endloop
  endfacet
  facet normal 0.322114 -0.946701 7.36483e-06
    outer loop
      vertex -22.173 5.50085 2
      vertex -22.1632 5.5042 4
      vertex -22.5022 5.38884 2
    endloop
  endfacet
  facet normal 0.32346 -0.946242 0
    outer loop
      vertex -22.1632 5.5042 4
      vertex -22.173 5.50085 2
      vertex -22.1632 5.5042 1.9999
    endloop
  endfacet
  facet normal -0.154748 0.987954 -1.4532e-06
    outer loop
      vertex -19.7776 -5.70349 2
      vertex -19.4148 -5.64666 4
      vertex -19.4234 -5.64801 2
    endloop
  endfacet
  facet normal -0.155078 0.987902 0
    outer loop
      vertex -19.4234 -5.64801 2
      vertex -19.4148 -5.64666 4
      vertex -19.4148 -5.64666 1.99942
    endloop
  endfacet
  facet normal -0.154757 0.987953 1.67556e-07
    outer loop
      vertex -19.4148 -5.64666 4
      vertex -19.7776 -5.70349 2
      vertex -19.8069 -5.70808 4
    endloop
  endfacet
  facet normal -0.154768 0.987951 0
    outer loop
      vertex -19.8069 -5.70808 4
      vertex -19.7776 -5.70349 2
      vertex -19.8069 -5.70808 1.99834
    endloop
  endfacet
  facet normal -0.984986 0.172632 0
    outer loop
      vertex -14.8133 -0.840576 2
      vertex -14.8047 -0.791507 4
      vertex -14.8047 -0.791507 1.99774
    endloop
  endfacet
  facet normal -0.985115 0.171896 1.86027e-05
    outer loop
      vertex -14.863 -1.1254 2
      vertex -14.8047 -0.791507 4
      vertex -14.8133 -0.840576 2
    endloop
  endfacet
  facet normal -0.98532 0.170715 0
    outer loop
      vertex -14.8729 -1.18254 4
      vertex -14.863 -1.1254 2
      vertex -14.8729 -1.18254 1.99908
    endloop
  endfacet
  facet normal -0.985129 0.171816 3.23998e-05
    outer loop
      vertex -14.863 -1.1254 2
      vertex -14.8729 -1.18254 4
      vertex -14.8047 -0.791507 4
    endloop
  endfacet
  facet normal -0.418205 0.908353 -4.67779e-06
    outer loop
      vertex -17.9161 -5.13674 4
      vertex -17.9454 -5.15024 2
      vertex -18.2767 -5.30276 4
    endloop
  endfacet
  facet normal -0.418468 0.908231 0
    outer loop
      vertex -17.9454 -5.15024 2
      vertex -17.9161 -5.13674 4
      vertex -17.9161 -5.13674 1.99823
    endloop
  endfacet
  facet normal -0.418182 0.908363 2.22911e-08
    outer loop
      vertex -18.2714 -5.30032 2
      vertex -18.2767 -5.30276 4
      vertex -17.9454 -5.15024 2
    endloop
  endfacet
  facet normal -0.418189 0.90836 0
    outer loop
      vertex -18.2767 -5.30276 4
      vertex -18.2714 -5.30032 2
      vertex -18.2767 -5.30276 1.99961
    endloop
  endfacet
  facet normal 0.56804 0.823001 1.03562e-05
    outer loop
      vertex -23.6011 -4.84208 4
      vertex -23.6588 -4.80223 2
      vertex -23.9278 -4.61659 4
    endloop
  endfacet
  facet normal 0.568283 0.822833 0
    outer loop
      vertex -23.6588 -4.80223 2
      vertex -23.6011 -4.84208 4
      vertex -23.6011 -4.84208 1.99851
    endloop
  endfacet
  facet normal 0.568021 0.823014 6.70563e-06
    outer loop
      vertex -23.8796 -4.64984 2
      vertex -23.9278 -4.61659 4
      vertex -23.6588 -4.80223 2
    endloop
  endfacet
  facet normal 0.567833 0.823144 0
    outer loop
      vertex -23.9278 -4.61659 4
      vertex -23.8796 -4.64984 2
      vertex -23.9278 -4.61659 1.99766
    endloop
  endfacet
  facet normal -0.90103 -0.433756 0
    outer loop
      vertex -15.4042 2.66302 2
      vertex -15.4086 2.67216 4
      vertex -15.4086 2.67216 1.99933
    endloop
  endfacet
  facet normal -0.901032 -0.433752 -2.51046e-08
    outer loop
      vertex -15.2487 2.34 2
      vertex -15.4086 2.67216 4
      vertex -15.4042 2.66302 2
    endloop
  endfacet
  facet normal -0.900494 -0.434868 -0
    outer loop
      vertex -15.2364 2.31453 4
      vertex -15.2487 2.34 2
      vertex -15.2364 2.31453 1.99839
    endloop
  endfacet
  facet normal -0.900994 -0.433832 1.62687e-05
    outer loop
      vertex -15.2487 2.34 2
      vertex -15.2364 2.31453 4
      vertex -15.4086 2.67216 4
    endloop
  endfacet
  facet normal 0.509876 0.860248 -3.58584e-06
    outer loop
      vertex -23.2596 -5.04449 4
      vertex -23.2708 -5.03786 2
      vertex -23.6011 -4.84208 4
    endloop
  endfacet
  facet normal 0.509402 0.860529 0
    outer loop
      vertex -23.2708 -5.03786 2
      vertex -23.2596 -5.04449 4
      vertex -23.2596 -5.04449 1.99916
    endloop
  endfacet
  facet normal 0.509913 0.860226 4.67502e-06
    outer loop
      vertex -23.5791 -4.85511 2
      vertex -23.6011 -4.84208 4
      vertex -23.2708 -5.03786 2
    endloop
  endfacet
  facet normal 0.509599 0.860412 0
    outer loop
      vertex -23.6011 -4.84208 4
      vertex -23.5791 -4.85511 2
      vertex -23.6011 -4.84208 1.99851
    endloop
  endfacet
  facet normal -0.748491 -0.663145 0
    outer loop
      vertex -16.3079 3.93407 2
      vertex -16.3302 3.95924 4
      vertex -16.3302 3.95924 1.99818
    endloop
  endfacet
  facet normal -0.74854 -0.66309 1.23006e-06
    outer loop
      vertex -16.067 3.66213 4
      vertex -16.3079 3.93407 2
      vertex -16.0699 3.6654 2
    endloop
  endfacet
  facet normal -0.748166 -0.663511 -0
    outer loop
      vertex -16.067 3.66213 4
      vertex -16.0699 3.6654 2
      vertex -16.067 3.66213 1.9997
    endloop
  endfacet
  facet normal -0.748531 -0.663099 -1.01909e-06
    outer loop
      vertex -16.3079 3.93407 2
      vertex -16.067 3.66213 4
      vertex -16.3302 3.95924 4
    endloop
  endfacet
  facet normal 0.386718 0.922198 7.01475e-06
    outer loop
      vertex -22.539 -5.37634 4
      vertex -22.6049 -5.34869 2
      vertex -22.905 -5.22286 4
    endloop
  endfacet
  facet normal 0.386899 0.922122 0
    outer loop
      vertex -22.6049 -5.34869 2
      vertex -22.539 -5.37634 4
      vertex -22.539 -5.37634 1.998
    endloop
  endfacet
  facet normal 0.3866 0.922247 -1.38318e-05
    outer loop
      vertex -22.843 -5.24888 2
      vertex -22.905 -5.22286 4
      vertex -22.6049 -5.34869 2
    endloop
  endfacet
  facet normal 0.38698 0.922088 0
    outer loop
      vertex -22.905 -5.22286 4
      vertex -22.843 -5.24888 2
      vertex -22.905 -5.22286 1.99776
    endloop
  endfacet
  facet normal -0.479983 -0.877278 5.04649e-06
    outer loop
      vertex -17.9161 5.13674 4
      vertex -17.8529 5.10215 2
      vertex -17.5679 4.94623 4
    endloop
  endfacet
  facet normal -0.480106 -0.87721 0
    outer loop
      vertex -17.8529 5.10215 2
      vertex -17.9161 5.13674 4
      vertex -17.9161 5.13674 1.99823
    endloop
  endfacet
  facet normal -0.479936 -0.877303 -3.61243e-06
    outer loop
      vertex -17.6234 4.9766 2
      vertex -17.5679 4.94623 4
      vertex -17.8529 5.10215 2
    endloop
  endfacet
  facet normal -0.480037 -0.877248 -0
    outer loop
      vertex -17.5679 4.94623 4
      vertex -17.6234 4.9766 2
      vertex -17.5679 4.94623 1.99768
    endloop
  endfacet
  facet normal -0.0861763 -0.99628 -1.16254e-06
    outer loop
      vertex -20.2024 5.74229 4
      vertex -20.1411 5.73699 2
      vertex -19.8069 5.70808 4
    endloop
  endfacet
  facet normal -0.0861387 -0.996283 0
    outer loop
      vertex -20.1411 5.73699 2
      vertex -20.2024 5.74229 4
      vertex -20.2024 5.74229 1.99767
    endloop
  endfacet
  facet normal -0.0862075 -0.996277 4.09429e-06
    outer loop
      vertex -19.8783 5.71425 2
      vertex -19.8069 5.70808 4
      vertex -20.1411 5.73699 2
    endloop
  endfacet
  facet normal -0.0860937 -0.996287 -0
    outer loop
      vertex -19.8069 5.70808 4
      vertex -19.8783 5.71425 2
      vertex -19.8069 5.70808 1.99834
    endloop
  endfacet
  facet normal -0.792762 -0.609531 0
    outer loop
      vertex -16.0506 3.6408 2
      vertex -16.067 3.66213 4
      vertex -16.067 3.66213 1.9997
    endloop
  endfacet
  facet normal -0.79242 -0.609975 7.54027e-06
    outer loop
      vertex -15.8501 3.38033 2
      vertex -16.067 3.66213 4
      vertex -16.0506 3.6408 2
    endloop
  endfacet
  facet normal -0.792624 -0.609711 -0
    outer loop
      vertex -15.8249 3.34757 4
      vertex -15.8501 3.38033 2
      vertex -15.8249 3.34757 1.99793
    endloop
  endfacet
  facet normal -0.792465 -0.609918 -5.3963e-06
    outer loop
      vertex -15.8501 3.38033 2
      vertex -15.8249 3.34757 4
      vertex -16.067 3.66213 4
    endloop
  endfacet
  facet normal 0.99032 -0.1388 0
    outer loop
      vertex -26.1645 0.987614 4
      vertex -26.1688 0.956934 2
      vertex -26.1645 0.987614 1.99828
    endloop
  endfacet
  facet normal 0.99046 -0.137803 -1.5593e-05
    outer loop
      vertex -26.2192 0.594457 4
      vertex -26.1688 0.956934 2
      vertex -26.1645 0.987614 4
    endloop
  endfacet
  facet normal 0.99047 -0.137727 -1.54538e-06
    outer loop
      vertex -26.1688 0.956934 2
      vertex -26.2192 0.594457 4
      vertex -26.2182 0.601671 2
    endloop
  endfacet
  facet normal 0.990529 -0.137306 0
    outer loop
      vertex -26.2182 0.601671 2
      vertex -26.2192 0.594457 4
      vertex -26.2192 0.594457 1.99951
    endloop
  endfacet
  facet normal 0.915875 -0.401464 0
    outer loop
      vertex -25.6806 2.49483 4
      vertex -25.7015 2.44715 2
      vertex -25.6806 2.49483 1.99771
    endloop
  endfacet
  facet normal 0.915327 -0.402711 3.54701e-05
    outer loop
      vertex -25.6806 2.49483 4
      vertex -25.8152 2.18872 2
      vertex -25.7015 2.44715 2
    endloop
  endfacet
  facet normal 0.915481 -0.402362 -2.83304e-05
    outer loop
      vertex -25.8403 2.13147 4
      vertex -25.8152 2.18872 2
      vertex -25.6806 2.49483 4
    endloop
  endfacet
  facet normal 0.915845 -0.401532 0
    outer loop
      vertex -25.8152 2.18872 2
      vertex -25.8403 2.13147 4
      vertex -25.8403 2.13147 1.99893
    endloop
  endfacet
  facet normal 0.322114 0.946701 7.36483e-06
    outer loop
      vertex -22.5022 -5.38884 2
      vertex -22.1632 -5.5042 4
      vertex -22.173 -5.50085 2
    endloop
  endfacet
  facet normal 0.32346 0.946242 0
    outer loop
      vertex -22.173 -5.50085 2
      vertex -22.1632 -5.5042 4
      vertex -22.1632 -5.5042 1.9999
    endloop
  endfacet
  facet normal 0.322101 0.946705 9.75928e-06
    outer loop
      vertex -22.1632 -5.5042 4
      vertex -22.5022 -5.38884 2
      vertex -22.539 -5.37634 4
    endloop
  endfacet
  facet normal 0.321626 0.946867 0
    outer loop
      vertex -22.539 -5.37634 4
      vertex -22.5022 -5.38884 2
      vertex -22.539 -5.37634 1.998
    endloop
  endfacet
  facet normal -0.970224 0.24221 0
    outer loop
      vertex -14.8764 -1.19656 2
      vertex -14.8729 -1.18254 4
      vertex -14.8729 -1.18254 1.99908
    endloop
  endfacet
  facet normal -0.970972 0.239192 2.24692e-05
    outer loop
      vertex -14.9621 -1.54445 2
      vertex -14.8729 -1.18254 4
      vertex -14.8764 -1.19656 2
    endloop
  endfacet
  facet normal -0.970867 0.239618 0
    outer loop
      vertex -14.9679 -1.56795 4
      vertex -14.9621 -1.54445 2
      vertex -14.9679 -1.56795 1.99858
    endloop
  endfacet
  facet normal -0.970939 0.239327 -3.62518e-06
    outer loop
      vertex -14.9621 -1.54445 2
      vertex -14.9679 -1.56795 4
      vertex -14.8729 -1.18254 4
    endloop
  endfacet
  facet normal -0.479983 0.877278 -1.92613e-06
    outer loop
      vertex -17.5679 -4.94623 4
      vertex -17.6234 -4.9766 2
      vertex -17.9161 -5.13674 4
    endloop
  endfacet
  facet normal -0.480037 0.877248 0
    outer loop
      vertex -17.6234 -4.9766 2
      vertex -17.5679 -4.94623 4
      vertex -17.5679 -4.94623 1.99768
    endloop
  endfacet
  facet normal -0.479936 0.877303 6.96682e-06
    outer loop
      vertex -17.8529 -5.10215 2
      vertex -17.9161 -5.13674 4
      vertex -17.6234 -4.9766 2
    endloop
  endfacet
  facet normal -0.480106 0.87721 0
    outer loop
      vertex -17.9161 -5.13674 4
      vertex -17.8529 -5.10215 2
      vertex -17.9161 -5.13674 1.99823
    endloop
  endfacet
  facet normal 0.188746 0.982026 1.86933e-06
    outer loop
      vertex -21.3897 -5.68075 4
      vertex -21.4543 -5.66833 2
      vertex -21.7795 -5.60583 4
    endloop
  endfacet
  facet normal 0.188802 0.982015 0
    outer loop
      vertex -21.4543 -5.66833 2
      vertex -21.3897 -5.68075 4
      vertex -21.3897 -5.68075 1.99772
    endloop
  endfacet
  facet normal 0.188727 0.98203 -1.38526e-06
    outer loop
      vertex -21.7088 -5.61942 2
      vertex -21.7795 -5.60583 4
      vertex -21.4543 -5.66833 2
    endloop
  endfacet
  facet normal 0.188765 0.982022 0
    outer loop
      vertex -21.7795 -5.60583 4
      vertex -21.7088 -5.61942 2
      vertex -21.7795 -5.60583 1.99809
    endloop
  endfacet
  facet normal 0.771208 0.636584 0
    outer loop
      vertex -25.0567 -3.50694 4
      vertex -25.0114 -3.56182 2
      vertex -25.0567 -3.50694 1.99796
    endloop
  endfacet
  facet normal 0.770886 0.636974 -1.79997e-05
    outer loop
      vertex -25.0567 -3.50694 4
      vertex -24.8472 -3.76054 2
      vertex -25.0114 -3.56182 2
    endloop
  endfacet
  facet normal 0.77095 0.636895 -1.24079e-06
    outer loop
      vertex -24.8039 -3.81295 4
      vertex -24.8472 -3.76054 2
      vertex -25.0567 -3.50694 4
    endloop
  endfacet
  facet normal 0.770927 0.636923 0
    outer loop
      vertex -24.8472 -3.76054 2
      vertex -24.8039 -3.81295 4
      vertex -24.8039 -3.81295 1.99778
    endloop
  endfacet
  facet normal 0.770927 -0.636923 0
    outer loop
      vertex -24.8039 3.81295 4
      vertex -24.8472 3.76054 2
      vertex -24.8039 3.81295 1.99778
    endloop
  endfacet
  facet normal 0.770886 -0.636974 2.22281e-06
    outer loop
      vertex -24.8039 3.81295 4
      vertex -25.0114 3.56182 2
      vertex -24.8472 3.76054 2
    endloop
  endfacet
  facet normal 0.77095 -0.636895 -1.43742e-05
    outer loop
      vertex -25.0567 3.50694 4
      vertex -25.0114 3.56182 2
      vertex -24.8039 3.81295 4
    endloop
  endfacet
  facet normal 0.771208 -0.636584 0
    outer loop
      vertex -25.0114 3.56182 2
      vertex -25.0567 3.50694 4
      vertex -25.0567 3.50694 1.99796
    endloop
  endfacet
  facet normal -0.700958 0.713202 1.63664e-05
    outer loop
      vertex -16.3302 -3.95924 4
      vertex -16.3817 -4.00981 2
      vertex -16.6133 -4.23748 4
    endloop
  endfacet
  facet normal -0.700635 0.71352 0
    outer loop
      vertex -16.3817 -4.00981 2
      vertex -16.3302 -3.95924 4
      vertex -16.3302 -3.95924 1.99818
    endloop
  endfacet
  facet normal -0.700942 0.713219 2.02053e-05
    outer loop
      vertex -16.5676 -4.19251 2
      vertex -16.6133 -4.23748 4
      vertex -16.3817 -4.00981 2
    endloop
  endfacet
  facet normal -0.701391 0.712777 0
    outer loop
      vertex -16.6133 -4.23748 4
      vertex -16.5676 -4.19251 2
      vertex -16.6133 -4.23748 1.99769
    endloop
  endfacet
  facet normal -0.596131 0.802887 6.93551e-06
    outer loop
      vertex -16.9149 -4.49553 4
      vertex -16.9299 -4.50665 2
      vertex -17.2336 -4.73216 4
    endloop
  endfacet
  facet normal -0.595535 0.803329 0
    outer loop
      vertex -16.9299 -4.50665 2
      vertex -16.9149 -4.49553 4
      vertex -16.9149 -4.49553 1.99885
    endloop
  endfacet
  facet normal -0.596152 0.802872 2.15095e-06
    outer loop
      vertex -17.2175 -4.7202 2
      vertex -17.2336 -4.73216 4
      vertex -16.9299 -4.50665 2
    endloop
  endfacet
  facet normal -0.596324 0.802744 0
    outer loop
      vertex -17.2336 -4.73216 4
      vertex -17.2175 -4.7202 2
      vertex -17.2336 -4.73216 1.99878
    endloop
  endfacet
  facet normal 0.675978 0.736922 1.74934e-05
    outer loop
      vertex -24.2381 -4.36911 4
      vertex -24.2579 -4.3509 2
      vertex -24.5306 -4.1008 4
    endloop
  endfacet
  facet normal 0.676936 0.736042 0
    outer loop
      vertex -24.2579 -4.3509 2
      vertex -24.2381 -4.36911 4
      vertex -24.2381 -4.36911 1.99845
    endloop
  endfacet
  facet normal 0.675856 0.737034 -1.30989e-05
    outer loop
      vertex -24.5221 -4.10863 2
      vertex -24.5306 -4.1008 4
      vertex -24.2579 -4.3509 2
    endloop
  endfacet
  facet normal 0.677525 0.7355 0
    outer loop
      vertex -24.5306 -4.1008 4
      vertex -24.5221 -4.10863 2
      vertex -24.5306 -4.1008 1.99925
    endloop
  endfacet
  facet normal 0.851599 0.524193 0
    outer loop
      vertex -25.4961 -2.8463 4
      vertex -25.4778 -2.87603 2
      vertex -25.4961 -2.8463 1.99813
    endloop
  endfacet
  facet normal 0.851258 0.524747 -1.13439e-05
    outer loop
      vertex -25.2878 -3.18421 4
      vertex -25.4778 -2.87603 2
      vertex -25.4961 -2.8463 4
    endloop
  endfacet
  facet normal 0.851306 0.524669 -2.7832e-05
    outer loop
      vertex -25.4778 -2.87603 2
      vertex -25.2878 -3.18421 4
      vertex -25.2894 -3.18172 2
    endloop
  endfacet
  facet normal 0.841288 0.540587 0
    outer loop
      vertex -25.2894 -3.18172 2
      vertex -25.2878 -3.18421 4
      vertex -25.2878 -3.18421 1.9998
    endloop
  endfacet
  facet normal 0.724961 -0.68879 0
    outer loop
      vertex -24.5306 4.1008 4
      vertex -24.5664 4.06312 2
      vertex -24.5306 4.1008 1.99925
    endloop
  endfacet
  facet normal 0.725104 -0.688639 -5.40761e-06
    outer loop
      vertex -24.5306 4.1008 4
      vertex -24.7713 3.84737 2
      vertex -24.5664 4.06312 2
    endloop
  endfacet
  facet normal 0.725198 -0.688541 -2.90684e-05
    outer loop
      vertex -24.8039 3.81295 4
      vertex -24.7713 3.84737 2
      vertex -24.5306 4.1008 4
    endloop
  endfacet
  facet normal 0.726041 -0.687651 0
    outer loop
      vertex -24.7713 3.84737 2
      vertex -24.8039 3.81295 4
      vertex -24.8039 3.81295 1.99778
    endloop
  endfacet
  facet normal 0.120561 0.992706 2.65184e-06
    outer loop
      vertex -20.9957 -5.7286 4
      vertex -21.0556 -5.72132 2
      vertex -21.3897 -5.68075 4
    endloop
  endfacet
  facet normal 0.120648 0.992695 0
    outer loop
      vertex -21.0556 -5.72132 2
      vertex -20.9957 -5.7286 4
      vertex -20.9957 -5.7286 1.999
    endloop
  endfacet
  facet normal 0.12056 0.992706 2.57018e-06
    outer loop
      vertex -21.3391 -5.68689 2
      vertex -21.3897 -5.68075 4
      vertex -21.0556 -5.72132 2
    endloop
  endfacet
  facet normal 0.12046 0.992718 0
    outer loop
      vertex -21.3897 -5.68075 4
      vertex -21.3391 -5.68689 2
      vertex -21.3897 -5.68075 1.99772
    endloop
  endfacet
  facet normal -0.347778 -0.669358 -0.656514
    outer loop
      vertex -17.224 6.73701 0
      vertex -16.8714 6.55381 0
      vertex -17.9855 5.17104 2
    endloop
  endfacet
  facet normal -0.603371 0.452528 -0.656629
    outer loop
      vertex -14.4876 -4.46876 0
      vertex -15.8844 -3.42911 2
      vertex -14.4867 -4.46756 0
    endloop
  endfacet
  facet normal -0.593309 0.465813 -0.656508
    outer loop
      vertex -14.4876 -4.46876 0
      vertex -16.0506 -3.6408 2
      vertex -15.8844 -3.42911 2
    endloop
  endfacet
  facet normal -0.593486 0.465547 -0.656536
    outer loop
      vertex -14.4876 -4.46876 0
      vertex -16.067 -3.66213 1.9997
      vertex -16.0506 -3.6408 2
    endloop
  endfacet
  facet normal -0.591106 0.469158 -0.656113
    outer loop
      vertex -16.0735 -3.6699 2
      vertex -16.067 -3.66213 1.9997
      vertex -14.4876 -4.46876 0
    endloop
  endfacet
  facet normal -0.627928 0.502343 -0.594439
    outer loop
      vertex -16.067 -3.66213 1.9997
      vertex -16.0735 -3.6699 2
      vertex -16.0699 -3.6654 2
    endloop
  endfacet
  facet normal 0.244266 0.732798 -0.635092
    outer loop
      vertex -22.16 -5.50518 2
      vertex -22.1632 -5.5042 1.9999
      vertex -22.1618 -5.50458 2
    endloop
  endfacet
  facet normal 0.239574 0.715297 -0.656471
    outer loop
      vertex -22.1632 -5.5042 1.9999
      vertex -22.16 -5.50518 2
      vertex -22.6627 -7.17233 0
    endloop
  endfacet
  facet normal 0.237989 0.715803 -0.656497
    outer loop
      vertex -22.6627 -7.17233 0
      vertex -22.173 -5.50085 2
      vertex -22.1632 -5.5042 1.9999
    endloop
  endfacet
  facet normal 0.236877 0.716153 -0.656517
    outer loop
      vertex -22.173 -5.50085 2
      vertex -22.6627 -7.17233 0
      vertex -22.4506 -5.40903 2
    endloop
  endfacet
  facet normal 0.24488 0.714232 -0.655672
    outer loop
      vertex -22.4506 -5.40903 2
      vertex -22.6627 -7.17233 0
      vertex -22.6641 -7.17185 0
    endloop
  endfacet
  facet normal -0.7542 0 -0.656644
    outer loop
      vertex -14.75 0 2
      vertex -13.0087 0.00152242 0
      vertex -13.0087 0 0
    endloop
  endfacet
  facet normal -0.754043 -0.0199582 -0.656522
    outer loop
      vertex -13.0087 0.00152242 0
      vertex -14.75 0 2
      vertex -14.7581 0.306027 2
    endloop
  endfacet
  facet normal -0.754053 -0.0201242 -0.656506
    outer loop
      vertex -13.0193 0.398703 0
      vertex -13.0087 0.00152242 0
      vertex -14.7581 0.306027 2
    endloop
  endfacet
  facet normal -0.23697 -0.716129 -0.656509
    outer loop
      vertex -18.3373 7.17233 0
      vertex -18.7151 5.46385 2
      vertex -18.84 5.50518 2
    endloop
  endfacet
  facet normal -0.236826 -0.716169 -0.656517
    outer loop
      vertex -18.7151 5.46385 2
      vertex -18.3373 7.17233 0
      vertex -18.6478 5.44352 1.9979
    endloop
  endfacet
  facet normal -0.236666 -0.715247 -0.657579
    outer loop
      vertex -18.6478 5.44352 1.9979
      vertex -18.5494 5.40903 2
      vertex -18.608 5.42842 2
    endloop
  endfacet
  facet normal -0.236997 -0.716124 -0.656505
    outer loop
      vertex -18.3373 7.17233 0
      vertex -18.5494 5.40903 2
      vertex -18.6478 5.44352 1.9979
    endloop
  endfacet
  facet normal -0.24488 -0.714232 -0.655672
    outer loop
      vertex -18.5494 5.40903 2
      vertex -18.3373 7.17233 0
      vertex -18.3359 7.17185 0
    endloop
  endfacet
  facet normal -0.639409 0.400165 -0.656524
    outer loop
      vertex -14.0458 -3.80307 0
      vertex -14.2566 -4.1399 0
      vertex -15.5461 -2.91908 2
    endloop
  endfacet
  facet normal -0.593348 0.465739 -0.656525
    outer loop
      vertex -14.4876 -4.46876 0
      vertex -14.7329 -4.78127 0
      vertex -16.0735 -3.6699 2
    endloop
  endfacet
  facet normal 0.44988 -0.605473 -0.656514
    outer loop
      vertex -24.8059 6.13015 0
      vertex -23.805 4.70524 2
      vertex -25.1248 5.8932 0
    endloop
  endfacet
  facet normal 0.311538 0.686971 -0.656518
    outer loop
      vertex -23.4128 -6.90182 0
      vertex -22.843 -5.24888 2
      vertex -22.7357 -5.29754 2
    endloop
  endfacet
  facet normal 0.311954 0.686802 -0.656497
    outer loop
      vertex -22.843 -5.24888 2
      vertex -23.4128 -6.90182 0
      vertex -22.905 -5.22286 1.99776
    endloop
  endfacet
  facet normal 0.313515 0.690655 -0.651693
    outer loop
      vertex -22.905 -5.22286 1.99776
      vertex -23.0145 -5.17104 2
      vertex -22.9485 -5.201 2
    endloop
  endfacet
  facet normal 0.311649 0.68692 -0.656518
    outer loop
      vertex -23.4128 -6.90182 0
      vertex -23.0145 -5.17104 2
      vertex -22.905 -5.22286 1.99776
    endloop
  endfacet
  facet normal 0.30946 0.687689 -0.656748
    outer loop
      vertex -23.0145 -5.17104 2
      vertex -23.4128 -6.90182 0
      vertex -23.4142 -6.90119 0
    endloop
  endfacet
  facet normal -0.119974 -0.744711 -0.656514
    outer loop
      vertex -19.1119 7.36158 0
      vertex -19.4346 5.65043 2
      vertex -19.5042 7.42478 0
    endloop
  endfacet
  facet normal -0.659855 0.365468 -0.656525
    outer loop
      vertex -13.8533 -3.45551 0
      vertex -14.0458 -3.80307 0
      vertex -15.5461 -2.91908 2
    endloop
  endfacet
  facet normal -0.617228 -0.433625 -0.656505
    outer loop
      vertex -15.7857 3.28863 2
      vertex -14.4858 4.46632 0
      vertex -15.7084 3.1786 2
    endloop
  endfacet
  facet normal -0.617259 -0.433585 -0.656502
    outer loop
      vertex -15.8249 3.34757 1.99793
      vertex -14.4858 4.46632 0
      vertex -15.7857 3.28863 2
    endloop
  endfacet
  facet normal -0.61738 -0.433426 -0.656494
    outer loop
      vertex -15.8501 3.38033 2
      vertex -14.4858 4.46632 0
      vertex -15.8249 3.34757 1.99793
    endloop
  endfacet
  facet normal -0.617044 -0.433879 -0.65651
    outer loop
      vertex -15.8844 3.42911 2
      vertex -14.4858 4.46632 0
      vertex -15.8501 3.38033 2
    endloop
  endfacet
  facet normal -0.610399 -0.443031 -0.65661
    outer loop
      vertex -14.4858 4.46632 0
      vertex -15.8844 3.42911 2
      vertex -14.4867 4.46756 0
    endloop
  endfacet
  facet normal -0.159471 0.737263 -0.656515
    outer loop
      vertex -18.7236 -7.27759 0
      vertex -19.1119 -7.36158 0
      vertex -19.4346 -5.65043 2
    endloop
  endfacet
  facet normal -0.729137 0.219133 -0.648336
    outer loop
      vertex -14.9526 -1.51284 2
      vertex -14.9679 -1.56795 1.99858
      vertex -14.9621 -1.54445 2
    endloop
  endfacet
  facet normal -0.72223 0.217633 -0.656521
    outer loop
      vertex -13.2726 -1.97098 0
      vertex -14.9891 -1.63402 2
      vertex -14.9679 -1.56795 1.99858
    endloop
  endfacet
  facet normal -0.722283 0.217441 -0.656527
    outer loop
      vertex -13.2726 -1.97098 0
      vertex -14.9679 -1.56795 1.99858
      vertex -14.9526 -1.51284 2
    endloop
  endfacet
  facet normal -0.722136 0.218002 -0.656502
    outer loop
      vertex -14.9891 -1.63402 2
      vertex -13.2726 -1.97098 0
      vertex -15.041 -1.80594 2
    endloop
  endfacet
  facet normal -0.716139 0.245253 -0.653449
    outer loop
      vertex -15.041 -1.80594 2
      vertex -13.2726 -1.97098 0
      vertex -13.2731 -1.97244 0
    endloop
  endfacet
  facet normal -0.54052 -0.526147 -0.656512
    outer loop
      vertex -15.2738 5.36719 0
      vertex -14.9967 5.08252 0
      vertex -16.4886 4.11963 2
    endloop
  endfacet
  facet normal -0.678418 -0.329792 -0.656496
    outer loop
      vertex -13.8519 3.45281 0
      vertex -13.6782 3.09549 0
      vertex -15.2638 2.37597 2
    endloop
  endfacet
  facet normal 0.639557 -0.399969 -0.6565
    outer loop
      vertex -26.7434 4.1399 0
      vertex -25.2916 3.1786 2
      vertex -25.4539 2.91908 2
    endloop
  endfacet
  facet normal 0.641089 -0.397574 -0.65646
    outer loop
      vertex -25.2916 3.1786 2
      vertex -26.7434 4.1399 0
      vertex -26.7426 4.14119 0
    endloop
  endfacet
  facet normal 0.732837 0.178648 -0.656532
    outer loop
      vertex -27.8305 -1.58537 -0.00999928
      vertex -26.0957 -1.31499 2
      vertex -26.0829 -1.37606 1.99767
    endloop
  endfacet
  facet normal 0.732754 0.179106 -0.6565
    outer loop
      vertex -27.8305 -1.58537 -0.00999928
      vertex -26.0678 -1.42938 2
      vertex -26.0474 -1.51284 2
    endloop
  endfacet
  facet normal 0.732643 0.179591 -0.656491
    outer loop
      vertex -26.0957 -1.31499 2
      vertex -27.8305 -1.58537 -0.00999928
      vertex -26.1201 -1.21545 2
    endloop
  endfacet
  facet normal 0.732801 0.178837 -0.656521
    outer loop
      vertex -26.0678 -1.42938 2
      vertex -27.8305 -1.58537 -0.00999928
      vertex -26.0829 -1.37606 1.99767
    endloop
  endfacet
  facet normal -0.603371 -0.452528 -0.656629
    outer loop
      vertex -15.8844 3.42911 2
      vertex -14.4876 4.46876 0
      vertex -14.4867 4.46756 0
    endloop
  endfacet
  facet normal -0.593309 -0.465813 -0.656508
    outer loop
      vertex -16.0506 3.6408 2
      vertex -14.4876 4.46876 0
      vertex -15.8844 3.42911 2
    endloop
  endfacet
  facet normal -0.593486 -0.465547 -0.656536
    outer loop
      vertex -16.067 3.66213 1.9997
      vertex -14.4876 4.46876 0
      vertex -16.0506 3.6408 2
    endloop
  endfacet
  facet normal -0.627928 -0.502343 -0.594439
    outer loop
      vertex -16.0735 3.6699 2
      vertex -16.067 3.66213 1.9997
      vertex -16.0699 3.6654 2
    endloop
  endfacet
  facet normal -0.591106 -0.469158 -0.656113
    outer loop
      vertex -16.067 3.66213 1.9997
      vertex -16.0735 3.6699 2
      vertex -14.4876 4.46876 0
    endloop
  endfacet
  facet normal -0.641089 0.397574 -0.65646
    outer loop
      vertex -15.7084 -3.1786 2
      vertex -14.2566 -4.1399 0
      vertex -14.2574 -4.14119 0
    endloop
  endfacet
  facet normal -0.639754 0.399708 -0.656467
    outer loop
      vertex -14.2566 -4.1399 0
      vertex -15.5822 -2.97686 2
      vertex -15.5461 -2.91908 2
    endloop
  endfacet
  facet normal -0.639449 0.400128 -0.656509
    outer loop
      vertex -14.2566 -4.1399 0
      vertex -15.6051 -3.01705 1.99781
      vertex -15.5822 -2.97686 2
    endloop
  endfacet
  facet normal -0.639533 0.400009 -0.656499
    outer loop
      vertex -14.2566 -4.1399 0
      vertex -15.6431 -3.07421 2
      vertex -15.6051 -3.01705 1.99781
    endloop
  endfacet
  facet normal -0.639512 0.400039 -0.656501
    outer loop
      vertex -14.2566 -4.1399 0
      vertex -15.7084 -3.1786 2
      vertex -15.6431 -3.07421 2
    endloop
  endfacet
  facet normal 0.732786 0.178899 -0.656521
    outer loop
      vertex -26.0474 -1.51284 2
      vertex -27.7358 -1.97327 -0.00999928
      vertex -27.8305 -1.58537 -0.00999928
    endloop
  endfacet
  facet normal -0.617244 0.433606 -0.656503
    outer loop
      vertex -14.2574 -4.14119 0
      vertex -14.4858 -4.46632 0
      vertex -15.7084 -3.1786 2
    endloop
  endfacet
  facet normal -0.474273 -0.586729 -0.656364
    outer loop
      vertex -16.7136 4.32728 2
      vertex -15.5681 5.6387 0
      vertex -15.5669 5.63773 0
    endloop
  endfacet
  facet normal -0.481549 -0.580602 -0.656514
    outer loop
      vertex -16.866 4.45368 2
      vertex -15.5681 5.6387 0
      vertex -16.7136 4.32728 2
    endloop
  endfacet
  facet normal -0.481498 -0.580651 -0.656509
    outer loop
      vertex -16.9149 4.49553 1.99885
      vertex -15.5681 5.6387 0
      vertex -16.866 4.45368 2
    endloop
  endfacet
  facet normal -0.477002 -0.574666 -0.665002
    outer loop
      vertex -16.9492 4.52267 2
      vertex -16.9149 4.49553 1.99885
      vertex -16.9299 4.50665 2
    endloop
  endfacet
  facet normal -0.481473 -0.580675 -0.656506
    outer loop
      vertex -16.9149 4.49553 1.99885
      vertex -16.9492 4.52267 2
      vertex -15.5681 5.6387 0
    endloop
  endfacet
  facet normal -0.311705 0.686899 -0.656513
    outer loop
      vertex -17.224 -6.73701 0
      vertex -17.5858 -6.90119 0
      vertex -17.9855 -5.17104 2
    endloop
  endfacet
  facet normal -0.236924 0.716145 -0.656509
    outer loop
      vertex -17.9587 -7.04706 0
      vertex -18.3359 -7.17185 0
      vertex -18.5494 -5.40903 2
    endloop
  endfacet
  facet normal 0.159667 -0.737942 -0.655704
    outer loop
      vertex -21.8646 5.58572 2
      vertex -21.7795 5.60583 1.99809
      vertex -21.8145 5.59656 2
    endloop
  endfacet
  facet normal 0.157384 -0.737739 -0.656484
    outer loop
      vertex -22.2764 7.27759 0
      vertex -21.8646 5.58572 2
      vertex -22.2779 7.27727 0
    endloop
  endfacet
  facet normal 0.159454 -0.737269 -0.656512
    outer loop
      vertex -22.2764 7.27759 0
      vertex -21.7088 5.61942 2
      vertex -21.7795 5.60583 1.99809
    endloop
  endfacet
  facet normal 0.159487 -0.737261 -0.656513
    outer loop
      vertex -21.8646 5.58572 2
      vertex -22.2764 7.27759 0
      vertex -21.7795 5.60583 1.99809
    endloop
  endfacet
  facet normal 0.159434 -0.737275 -0.656511
    outer loop
      vertex -21.7088 5.61942 2
      vertex -22.2764 7.27759 0
      vertex -21.5654 5.65043 2
    endloop
  endfacet
  facet normal 0.236924 -0.716145 -0.656509
    outer loop
      vertex -22.6641 7.17185 0
      vertex -22.4506 5.40903 2
      vertex -23.0413 7.04706 0
    endloop
  endfacet
  facet normal -0.44988 -0.605473 -0.656514
    outer loop
      vertex -16.1941 6.13015 0
      vertex -15.8752 5.8932 0
      vertex -17.195 4.70524 2
    endloop
  endfacet
  facet normal -0.119974 0.744711 -0.656514
    outer loop
      vertex -19.4346 -5.65043 2
      vertex -19.1119 -7.36158 0
      vertex -19.5042 -7.42478 0
    endloop
  endfacet
  facet normal -0.5678 -0.4966 -0.6565
    outer loop
      vertex -16.275 3.90029 2
      vertex -14.9946 5.08029 0
      vertex -16.0735 3.6699 2
    endloop
  endfacet
  facet normal -0.567063 -0.497423 -0.656513
    outer loop
      vertex -14.9946 5.08029 0
      vertex -16.275 3.90029 2
      vertex -14.9956 5.08143 0
    endloop
  endfacet
  facet normal 0.383011 -0.649852 -0.656502
    outer loop
      vertex -24.1312 6.55233 0
      vertex -23.2862 5.02989 2
      vertex -23.5499 4.87447 2
    endloop
  endfacet
  facet normal 0.388136 -0.646893 -0.656415
    outer loop
      vertex -23.2862 5.02989 2
      vertex -24.1312 6.55233 0
      vertex -24.1299 6.55311 0
    endloop
  endfacet
  facet normal -0.511608 -0.5543 -0.656512
    outer loop
      vertex -15.5658 5.6367 0
      vertex -15.2738 5.36719 0
      vertex -16.4886 4.11963 2
    endloop
  endfacet
  facet normal -0.199369 -0.731556 -0.65198
    outer loop
      vertex -19.1354 5.58572 2
      vertex -19.0278 5.55833 1.99783
      vertex -19.0717 5.56836 2
    endloop
  endfacet
  facet normal -0.198487 -0.727731 -0.656514
    outer loop
      vertex -19.0278 5.55833 1.99783
      vertex -19.1354 5.58572 2
      vertex -18.7221 7.27727 0
    endloop
  endfacet
  facet normal -0.198376 -0.727757 -0.656519
    outer loop
      vertex -18.7221 7.27727 0
      vertex -18.9615 5.5383 2
      vertex -19.0278 5.55833 1.99783
    endloop
  endfacet
  facet normal -0.198381 -0.727756 -0.656519
    outer loop
      vertex -18.9615 5.5383 2
      vertex -18.7221 7.27727 0
      vertex -18.84 5.50518 2
    endloop
  endfacet
  facet normal -0.194265 -0.728494 -0.65693
    outer loop
      vertex -18.84 5.50518 2
      vertex -18.7221 7.27727 0
      vertex -18.7206 7.27687 0
    endloop
  endfacet
  facet normal 0.515619 0.550661 -0.656437
    outer loop
      vertex -25.4342 -5.6367 0
      vertex -24.2864 -4.32728 2
      vertex -25.4331 -5.63773 0
    endloop
  endfacet
  facet normal 0.511579 0.554323 -0.656516
    outer loop
      vertex -24.2864 -4.32728 2
      vertex -25.4342 -5.6367 0
      vertex -24.5114 -4.11963 2
    endloop
  endfacet
  facet normal 0 -0.755322 -0.655353
    outer loop
      vertex -20.6531 5.74796 2
      vertex -20.5992 5.74914 1.99864
      vertex -20.622 5.74796 2
    endloop
  endfacet
  facet normal -5.12244e-05 -0.754317 -0.656511
    outer loop
      vertex -20.5992 5.74914 1.99864
      vertex -20.6531 5.74796 2
      vertex -20.6994 7.48864 0
    endloop
  endfacet
  facet normal 4.0516e-05 -0.754314 -0.656513
    outer loop
      vertex -20.6994 7.48864 0
      vertex -20.5309 5.74796 2
      vertex -20.5992 5.74914 1.99864
    endloop
  endfacet
  facet normal 0 -0.754316 -0.656511
    outer loop
      vertex -20.5309 5.74796 2
      vertex -20.6994 7.48864 0
      vertex -20.3006 7.48864 0
    endloop
  endfacet
  facet normal 0 -0.754316 -0.656511
    outer loop
      vertex -20.5309 5.74796 2
      vertex -20.3006 7.48864 0
      vertex -20.3469 5.74796 2
    endloop
  endfacet
  facet normal -0.639409 -0.400165 -0.656524
    outer loop
      vertex -14.2566 4.1399 0
      vertex -14.0458 3.80307 0
      vertex -15.5461 2.91908 2
    endloop
  endfacet
  facet normal -0.747615 -0.100238 -0.656524
    outer loop
      vertex -13.1039 1.19008 0
      vertex -13.0511 0.796275 0
      vertex -14.7826 0.611187 2
    endloop
  endfacet
  facet normal 0.751892 0.0602595 -0.656527
    outer loop
      vertex -26.2418 -0.306027 2
      vertex -27.9575 -0.7972 -0.00999928
      vertex -27.9894 -0.399166 -0.00999928
    endloop
  endfacet
  facet normal 0.568376 -0.495982 -0.656469
    outer loop
      vertex -26.0054 5.08029 0
      vertex -24.7713 3.84737 2
      vertex -24.8039 3.81295 1.99778
    endloop
  endfacet
  facet normal 0.567712 -0.496685 -0.656512
    outer loop
      vertex -26.0054 5.08029 0
      vertex -24.8472 3.76054 2
      vertex -24.9265 3.6699 2
    endloop
  endfacet
  facet normal 0.567714 -0.496696 -0.656501
    outer loop
      vertex -24.7713 3.84737 2
      vertex -26.0054 5.08029 0
      vertex -24.725 3.90029 2
    endloop
  endfacet
  facet normal 0.567628 -0.496771 -0.65652
    outer loop
      vertex -24.8472 3.76054 2
      vertex -26.0054 5.08029 0
      vertex -24.8039 3.81295 1.99778
    endloop
  endfacet
  facet normal 0.567063 -0.497423 -0.656513
    outer loop
      vertex -24.725 3.90029 2
      vertex -26.0054 5.08029 0
      vertex -26.0044 5.08143 0
    endloop
  endfacet
  facet normal 0.347717 0.669397 -0.656507
    outer loop
      vertex -24.1286 -6.55381 0
      vertex -23.2104 -5.06928 2
      vertex -23.0145 -5.17104 2
    endloop
  endfacet
  facet normal 0.348321 0.669057 -0.656532
    outer loop
      vertex -23.2104 -5.06928 2
      vertex -24.1286 -6.55381 0
      vertex -23.2596 -5.04449 1.99916
    endloop
  endfacet
  facet normal 0.344811 0.66626 -0.661213
    outer loop
      vertex -23.2596 -5.04449 1.99916
      vertex -23.2862 -5.02989 2
      vertex -23.2708 -5.03786 2
    endloop
  endfacet
  facet normal 0.346915 0.669821 -0.656498
    outer loop
      vertex -24.1286 -6.55381 0
      vertex -23.2862 -5.02989 2
      vertex -23.2596 -5.04449 1.99916
    endloop
  endfacet
  facet normal 0.35758 0.664076 -0.656612
    outer loop
      vertex -23.2862 -5.02989 2
      vertex -24.1286 -6.55381 0
      vertex -24.1299 -6.55311 0
    endloop
  endfacet
  facet normal 0.44988 0.605473 -0.656514
    outer loop
      vertex -23.805 -4.70524 2
      vertex -24.8059 -6.13015 0
      vertex -25.1248 -5.8932 0
    endloop
  endfacet
  facet normal -0.732754 -0.179026 -0.656523
    outer loop
      vertex -13.2726 1.97098 0
      vertex -13.1783 1.58501 0
      vertex -14.9526 1.51284 2
    endloop
  endfacet
  facet normal -0.236924 -0.716145 -0.656509
    outer loop
      vertex -18.3359 7.17185 0
      vertex -17.9587 7.04706 0
      vertex -18.5494 5.40903 2
    endloop
  endfacet
  facet normal 0.659855 -0.365468 -0.656525
    outer loop
      vertex -26.9542 3.80307 0
      vertex -25.4539 2.91908 2
      vertex -27.1467 3.45551 0
    endloop
  endfacet
  facet normal -0.751917 -0.0601831 -0.656505
    outer loop
      vertex -13.051 0.794757 0
      vertex -13.0193 0.398703 0
      vertex -14.7581 0.306027 2
    endloop
  endfacet
  facet normal -0.567618 0.496775 -0.656525
    outer loop
      vertex -14.7329 -4.78127 0
      vertex -14.9946 -5.08029 0
      vertex -16.0735 -3.6699 2
    endloop
  endfacet
  facet normal 0.666327 -0.350698 -0.658042
    outer loop
      vertex -25.4539 2.91908 2
      vertex -27.1474 3.45418 0
      vertex -27.1467 3.45551 0
    endloop
  endfacet
  facet normal 0.669733 -0.371814 -0.642816
    outer loop
      vertex -25.4961 2.8463 1.99813
      vertex -25.4539 2.91908 2
      vertex -25.4778 2.87603 2
    endloop
  endfacet
  facet normal 0.659765 -0.365684 -0.656495
    outer loop
      vertex -25.4539 2.91908 2
      vertex -25.4961 2.8463 1.99813
      vertex -27.1474 3.45418 0
    endloop
  endfacet
  facet normal 0.659856 -0.36549 -0.656511
    outer loop
      vertex -25.5296 2.78246 2
      vertex -27.1474 3.45418 0
      vertex -25.4961 2.8463 1.99813
    endloop
  endfacet
  facet normal 0.659778 -0.365649 -0.656501
    outer loop
      vertex -27.1474 3.45418 0
      vertex -25.5296 2.78246 2
      vertex -25.6023 2.65128 2
    endloop
  endfacet
  facet normal -0.159456 0.737268 -0.656513
    outer loop
      vertex -18.7236 -7.27759 0
      vertex -19.3719 -5.63687 2
      vertex -19.1354 -5.58572 2
    endloop
  endfacet
  facet normal -0.157384 0.737739 -0.656484
    outer loop
      vertex -18.7236 -7.27759 0
      vertex -19.1354 -5.58572 2
      vertex -18.7221 -7.27727 0
    endloop
  endfacet
  facet normal -0.160407 0.742378 -0.650495
    outer loop
      vertex -19.4148 -5.64666 1.99942
      vertex -19.4346 -5.65043 2
      vertex -19.4234 -5.64801 2
    endloop
  endfacet
  facet normal -0.159378 0.737291 -0.656506
    outer loop
      vertex -19.3719 -5.63687 2
      vertex -18.7236 -7.27759 0
      vertex -19.4148 -5.64666 1.99942
    endloop
  endfacet
  facet normal -0.159602 0.737223 -0.656528
    outer loop
      vertex -19.4148 -5.64666 1.99942
      vertex -18.7236 -7.27759 0
      vertex -19.4346 -5.65043 2
    endloop
  endfacet
  facet normal -0.694279 -0.295438 -0.656272
    outer loop
      vertex -13.5231 2.72803 0
      vertex -15.2638 2.37597 2
      vertex -13.5237 2.72944 0
    endloop
  endfacet
  facet normal -0.695133 -0.292799 -0.656551
    outer loop
      vertex -15.2364 2.31453 1.99839
      vertex -15.2638 2.37597 2
      vertex -13.5231 2.72803 0
    endloop
  endfacet
  facet normal -0.67829 -0.284742 -0.67738
    outer loop
      vertex -15.2638 2.37597 2
      vertex -15.2364 2.31453 1.99839
      vertex -15.2487 2.34 2
    endloop
  endfacet
  facet normal -0.695045 -0.293057 -0.656529
    outer loop
      vertex -13.5231 2.72803 0
      vertex -15.21 2.24831 2
      vertex -15.2364 2.31453 1.99839
    endloop
  endfacet
  facet normal -0.694899 -0.293461 -0.656502
    outer loop
      vertex -15.21 2.24831 2
      vertex -13.5231 2.72803 0
      vertex -15.1448 2.09392 2
    endloop
  endfacet
  facet normal 0.74764 0.100119 -0.656514
    outer loop
      vertex -26.2174 -0.611187 2
      vertex -27.9045 -1.19298 -0.00999928
      vertex -27.9575 -0.7972 -0.00999928
    endloop
  endfacet
  facet normal 0.754052 0.0199263 -0.656513
    outer loop
      vertex -26.2466 -0.128663 2
      vertex -28 0 -0.00999928
      vertex -26.25 0 2
    endloop
  endfacet
  facet normal 0.754055 0.0201266 -0.656503
    outer loop
      vertex -26.2466 -0.198467 1.99786
      vertex -28 0 -0.00999928
      vertex -26.2466 -0.128663 2
    endloop
  endfacet
  facet normal 0.754095 0.0213404 -0.656418
    outer loop
      vertex -26.2435 -0.242185 2
      vertex -28 0 -0.00999928
      vertex -26.2466 -0.198467 1.99786
    endloop
  endfacet
  facet normal 0.75404 0.0200788 -0.656522
    outer loop
      vertex -28 0 -0.00999928
      vertex -26.2435 -0.242185 2
      vertex -26.2418 -0.306027 2
    endloop
  endfacet
  facet normal -0.0400995 -0.753254 -0.656506
    outer loop
      vertex -19.9038 7.46749 0
      vertex -20.2588 5.74327 2
      vertex -20.3469 5.74796 2
    endloop
  endfacet
  facet normal -0.0402102 -0.753241 -0.656514
    outer loop
      vertex -20.2588 5.74327 2
      vertex -19.9038 7.46749 0
      vertex -20.2024 5.74229 1.99767
    endloop
  endfacet
  facet normal -0.0401717 -0.753245 -0.656512
    outer loop
      vertex -19.9038 7.46749 0
      vertex -20.1411 5.73699 2
      vertex -20.2024 5.74229 1.99767
    endloop
  endfacet
  facet normal -0.040113 -0.753251 -0.656509
    outer loop
      vertex -20.1411 5.73699 2
      vertex -19.9038 7.46749 0
      vertex -20.0412 5.73167 2
    endloop
  endfacet
  facet normal -0.0401732 -0.753247 -0.65651
    outer loop
      vertex -20.0412 5.73167 2
      vertex -19.9038 7.46749 0
      vertex -19.9023 7.46741 0
    endloop
  endfacet
  facet normal 0.481507 -0.580641 -0.656511
    outer loop
      vertex -25.1261 5.89229 0
      vertex -24.0508 4.52267 2
      vertex -25.4319 5.6387 0
    endloop
  endfacet
  facet normal -0.30946 0.687689 -0.656748
    outer loop
      vertex -17.5872 -6.90182 0
      vertex -17.9855 -5.17104 2
      vertex -17.5858 -6.90119 0
    endloop
  endfacet
  facet normal -0.311672 0.686911 -0.656516
    outer loop
      vertex -17.9855 -5.17104 2
      vertex -17.5872 -6.90182 0
      vertex -18.2643 -5.29754 2
    endloop
  endfacet
  facet normal 0.236924 0.716145 -0.656509
    outer loop
      vertex -22.4506 -5.40903 2
      vertex -22.6641 -7.17185 0
      vertex -23.0413 -7.04706 0
    endloop
  endfacet
  facet normal 0.311705 -0.686899 -0.656513
    outer loop
      vertex -23.4142 6.90119 0
      vertex -23.0145 5.17104 2
      vertex -23.776 6.73701 0
    endloop
  endfacet
  facet normal -0.732749 0.179128 -0.6565
    outer loop
      vertex -13.178 -1.58353 0
      vertex -14.9526 -1.51284 2
      vertex -14.8799 -1.21545 2
    endloop
  endfacet
  facet normal -0.736978 0.149388 -0.659201
    outer loop
      vertex -14.9526 -1.51284 2
      vertex -13.178 -1.58353 0
      vertex -13.1783 -1.58501 0
    endloop
  endfacet
  facet normal -0.382839 -0.649934 -0.656521
    outer loop
      vertex -17.5222 4.91694 2
      vertex -16.8688 6.55233 0
      vertex -17.4501 4.87447 2
    endloop
  endfacet
  facet normal -0.383133 -0.649786 -0.656496
    outer loop
      vertex -17.5679 4.94623 1.99768
      vertex -16.8688 6.55233 0
      vertex -17.5222 4.91694 2
    endloop
  endfacet
  facet normal -0.383038 -0.649836 -0.656503
    outer loop
      vertex -17.6234 4.9766 2
      vertex -16.8688 6.55233 0
      vertex -17.5679 4.94623 1.99768
    endloop
  endfacet
  facet normal -0.383064 -0.649821 -0.656502
    outer loop
      vertex -17.7138 5.02989 2
      vertex -16.8688 6.55233 0
      vertex -17.6234 4.9766 2
    endloop
  endfacet
  facet normal -0.388136 -0.646893 -0.656415
    outer loop
      vertex -16.8688 6.55233 0
      vertex -17.7138 5.02989 2
      vertex -16.8701 6.55311 0
    endloop
  endfacet
  facet normal -0 0 1
    outer loop
      vertex -27.6205 2.35557 -0.00999928
      vertex -27.6325 1.93225 -0.00999928
      vertex -27.5875 2.44708 -0.00999928
    endloop
  endfacet
  facet normal -0 0 1
    outer loop
      vertex -27.7358 1.97327 -0.00999928
      vertex -27.6325 1.93225 -0.00999928
      vertex -27.6205 2.35557 -0.00999928
    endloop
  endfacet
  facet normal 0 0 1
    outer loop
      vertex -27.6325 1.93225 -0.00999928
      vertex -27.8305 1.58537 -0.00999928
      vertex -27.6831 0.966716 -0.00999928
    endloop
  endfacet
  facet normal 0 0 1
    outer loop
      vertex -27.8305 1.58537 -0.00999928
      vertex -27.6325 1.93225 -0.00999928
      vertex -27.7358 1.97327 -0.00999928
    endloop
  endfacet
  facet normal 0 0 1
    outer loop
      vertex -27.6325 -1.93225 -0.00999928
      vertex -27.6205 -2.35557 -0.00999928
      vertex -27.5875 -2.44708 -0.00999928
    endloop
  endfacet
  facet normal -0 0 1
    outer loop
      vertex -27.8305 -1.58537 -0.00999928
      vertex -27.6325 -1.93225 -0.00999928
      vertex -27.6831 -0.966716 -0.00999928
    endloop
  endfacet
  facet normal -0 0 1
    outer loop
      vertex -27.9045 1.19298 -0.00999928
      vertex -27.6831 0.966716 -0.00999928
      vertex -27.8305 1.58537 -0.00999928
    endloop
  endfacet
  facet normal 0 0 1
    outer loop
      vertex -27.6325 -1.93225 -0.00999928
      vertex -27.7358 -1.97327 -0.00999928
      vertex -27.6205 -2.35557 -0.00999928
    endloop
  endfacet
  facet normal 0 0 1
    outer loop
      vertex -27.9575 0.7972 -0.00999928
      vertex -27.6831 0.966716 -0.00999928
      vertex -27.9045 1.19298 -0.00999928
    endloop
  endfacet
  facet normal 0 0 1
    outer loop
      vertex -27.9894 0.399166 -0.00999928
      vertex -27.6831 0.966716 -0.00999928
      vertex -27.9575 0.7972 -0.00999928
    endloop
  endfacet
  facet normal 0 0 1
    outer loop
      vertex -27.6325 -1.93225 -0.00999928
      vertex -27.8305 -1.58537 -0.00999928
      vertex -27.7358 -1.97327 -0.00999928
    endloop
  endfacet
  facet normal 0 0 1
    outer loop
      vertex -27.6831 0.966716 -0.00999928
      vertex -27.9894 0.399166 -0.00999928
      vertex -27.7 0 -0.00999928
    endloop
  endfacet
  facet normal 0 0 1
    outer loop
      vertex -27.6831 -0.966716 -0.00999928
      vertex -27.9045 -1.19298 -0.00999928
      vertex -27.8305 -1.58537 -0.00999928
    endloop
  endfacet
  facet normal 0 0 1
    outer loop
      vertex -28 0 -0.00999928
      vertex -27.7 0 -0.00999928
      vertex -27.9894 0.399166 -0.00999928
    endloop
  endfacet
  facet normal 0 0 1
    outer loop
      vertex -27.6831 -0.966716 -0.00999928
      vertex -27.9575 -0.7972 -0.00999928
      vertex -27.9045 -1.19298 -0.00999928
    endloop
  endfacet
  facet normal 0 -0 1
    outer loop
      vertex -27.9894 -0.399166 -0.00999928
      vertex -27.7 0 -0.00999928
      vertex -28 0 -0.00999928
    endloop
  endfacet
  facet normal 0 0 1
    outer loop
      vertex -27.6831 -0.966716 -0.00999928
      vertex -27.9894 -0.399166 -0.00999928
      vertex -27.9575 -0.7972 -0.00999928
    endloop
  endfacet
  facet normal 0 0 1
    outer loop
      vertex -27.7 0 -0.00999928
      vertex -27.9894 -0.399166 -0.00999928
      vertex -27.6831 -0.966716 -0.00999928
    endloop
  endfacet
  facet normal 0.639409 -0.400165 -0.656524
    outer loop
      vertex -26.7434 4.1399 0
      vertex -25.4539 2.91908 2
      vertex -26.9542 3.80307 0
    endloop
  endfacet
  facet normal -0.639754 -0.399708 -0.656467
    outer loop
      vertex -15.5822 2.97686 2
      vertex -14.2566 4.1399 0
      vertex -15.5461 2.91908 2
    endloop
  endfacet
  facet normal -0.639449 -0.400128 -0.656509
    outer loop
      vertex -15.6051 3.01705 1.99781
      vertex -14.2566 4.1399 0
      vertex -15.5822 2.97686 2
    endloop
  endfacet
  facet normal -0.639533 -0.400009 -0.656499
    outer loop
      vertex -15.6431 3.07421 2
      vertex -14.2566 4.1399 0
      vertex -15.6051 3.01705 1.99781
    endloop
  endfacet
  facet normal -0.639512 -0.400039 -0.656501
    outer loop
      vertex -15.7084 3.1786 2
      vertex -14.2566 4.1399 0
      vertex -15.6431 3.07421 2
    endloop
  endfacet
  facet normal -0.641089 -0.397574 -0.65646
    outer loop
      vertex -14.2566 4.1399 0
      vertex -15.7084 3.1786 2
      vertex -14.2574 4.14119 0
    endloop
  endfacet
  facet normal -0.54052 0.526147 -0.656512
    outer loop
      vertex -14.9967 -5.08252 0
      vertex -15.2738 -5.36719 0
      vertex -16.4886 -4.11963 2
    endloop
  endfacet
  facet normal 0.449672 -0.605654 -0.656489
    outer loop
      vertex -25.1248 5.8932 0
      vertex -23.8796 4.64984 2
      vertex -23.9278 4.61659 1.99766
    endloop
  endfacet
  facet normal 0.449728 -0.605601 -0.656501
    outer loop
      vertex -25.1248 5.8932 0
      vertex -23.9743 4.57948 2
      vertex -24.0508 4.52267 2
    endloop
  endfacet
  facet normal 0.449736 -0.605601 -0.656495
    outer loop
      vertex -23.8796 4.64984 2
      vertex -25.1248 5.8932 0
      vertex -23.805 4.70524 2
    endloop
  endfacet
  facet normal 0.450059 -0.605336 -0.656517
    outer loop
      vertex -23.9743 4.57948 2
      vertex -25.1248 5.8932 0
      vertex -23.9278 4.61659 1.99766
    endloop
  endfacet
  facet normal 0.432786 -0.618266 -0.656082
    outer loop
      vertex -25.1248 5.8932 0
      vertex -24.0508 4.52267 2
      vertex -25.1261 5.89229 0
    endloop
  endfacet
  facet normal -0.567618 -0.496775 -0.656525
    outer loop
      vertex -14.9946 5.08029 0
      vertex -14.7329 4.78127 0
      vertex -16.0735 3.6699 2
    endloop
  endfacet
  facet normal -0.722197 -0.21776 -0.656515
    outer loop
      vertex -13.3878 2.35284 0
      vertex -13.2731 1.97244 0
      vertex -15.041 1.80594 2
    endloop
  endfacet
  facet normal 0.617272 0.433561 -0.656506
    outer loop
      vertex -26.5142 -4.46632 0
      vertex -25.2766 -3.19989 2
      vertex -25.1156 -3.42911 2
    endloop
  endfacet
  facet normal 0.689441 0.486144 -0.536968
    outer loop
      vertex -25.2878 -3.18421 1.9998
      vertex -25.2916 -3.1786 2
      vertex -25.2894 -3.18172 2
    endloop
  endfacet
  facet normal 0.610399 0.443031 -0.65661
    outer loop
      vertex -26.5142 -4.46632 0
      vertex -25.1156 -3.42911 2
      vertex -26.5133 -4.46756 0
    endloop
  endfacet
  facet normal 0.617806 0.432917 -0.656428
    outer loop
      vertex -25.2766 -3.19989 2
      vertex -26.5142 -4.46632 0
      vertex -25.2878 -3.18421 1.9998
    endloop
  endfacet
  facet normal 0.612988 0.438642 -0.657144
    outer loop
      vertex -25.2878 -3.18421 1.9998
      vertex -26.5142 -4.46632 0
      vertex -25.2916 -3.1786 2
    endloop
  endfacet
  facet normal 0.511608 0.5543 -0.656512
    outer loop
      vertex -24.5114 -4.11963 2
      vertex -25.4342 -5.6367 0
      vertex -25.7262 -5.36719 0
    endloop
  endfacet
  facet normal 0.74764 -0.100119 -0.656514
    outer loop
      vertex -27.9045 1.19298 -0.00999928
      vertex -26.2174 0.611187 2
      vertex -27.9575 0.7972 -0.00999928
    endloop
  endfacet
  facet normal -0.0801681 -0.750045 -0.65651
    outer loop
      vertex -19.9023 7.46741 0
      vertex -19.5072 7.42518 0
      vertex -20.0412 5.73167 2
    endloop
  endfacet
  facet normal 0.416982 0.628587 -0.65651
    outer loop
      vertex -23.5499 -4.87447 2
      vertex -24.4735 -6.35063 0
      vertex -24.8046 -6.13099 0
    endloop
  endfacet
  facet normal -0.593348 -0.465739 -0.656525
    outer loop
      vertex -14.7329 4.78127 0
      vertex -14.4876 4.46876 0
      vertex -16.0735 3.6699 2
    endloop
  endfacet
  facet normal -0.160407 -0.742378 -0.650495
    outer loop
      vertex -19.4346 5.65043 2
      vertex -19.4148 5.64666 1.99942
      vertex -19.4234 5.64801 2
    endloop
  endfacet
  facet normal -0.159602 -0.737223 -0.656528
    outer loop
      vertex -19.4148 5.64666 1.99942
      vertex -19.4346 5.65043 2
      vertex -18.7236 7.27759 0
    endloop
  endfacet
  facet normal -0.159378 -0.737291 -0.656506
    outer loop
      vertex -18.7236 7.27759 0
      vertex -19.3719 5.63687 2
      vertex -19.4148 5.64666 1.99942
    endloop
  endfacet
  facet normal -0.159456 -0.737268 -0.656513
    outer loop
      vertex -19.3719 5.63687 2
      vertex -18.7236 7.27759 0
      vertex -19.1354 5.58572 2
    endloop
  endfacet
  facet normal -0.157384 -0.737739 -0.656484
    outer loop
      vertex -19.1354 5.58572 2
      vertex -18.7236 7.27759 0
      vertex -18.7221 7.27727 0
    endloop
  endfacet
  facet normal 0.617244 0.433606 -0.656503
    outer loop
      vertex -25.2916 -3.1786 2
      vertex -26.5142 -4.46632 0
      vertex -26.7426 -4.14119 0
    endloop
  endfacet
  facet normal 0.741338 -0.139404 -0.656494
    outer loop
      vertex -26.1497 1.05804 2
      vertex -27.8305 1.58537 -0.00999928
      vertex -26.1201 1.21545 2
    endloop
  endfacet
  facet normal 0.741257 -0.139741 -0.656514
    outer loop
      vertex -26.1645 0.987614 1.99828
      vertex -27.8305 1.58537 -0.00999928
      vertex -26.1497 1.05804 2
    endloop
  endfacet
  facet normal 0.746178 -0.141058 -0.650632
    outer loop
      vertex -26.1768 0.914615 2
      vertex -26.1645 0.987614 1.99828
      vertex -26.1688 0.956934 2
    endloop
  endfacet
  facet normal 0.7411 -0.140342 -0.656563
    outer loop
      vertex -26.1645 0.987614 1.99828
      vertex -26.1768 0.914615 2
      vertex -27.8305 1.58537 -0.00999928
    endloop
  endfacet
  facet normal 0.119974 0.744711 -0.656514
    outer loop
      vertex -21.5654 -5.65043 2
      vertex -21.4958 -7.42478 0
      vertex -21.8881 -7.36158 0
    endloop
  endfacet
  facet normal -0.311705 -0.686899 -0.656513
    outer loop
      vertex -17.5858 6.90119 0
      vertex -17.224 6.73701 0
      vertex -17.9855 5.17104 2
    endloop
  endfacet
  facet normal -0.722197 0.21776 -0.656515
    outer loop
      vertex -13.2731 -1.97244 0
      vertex -13.3878 -2.35284 0
      vertex -15.041 -1.80594 2
    endloop
  endfacet
  facet normal -0.752826 -0.0495933 -0.656349
    outer loop
      vertex -13.051 0.794757 0
      vertex -14.7826 0.611187 2
      vertex -13.0511 0.796275 0
    endloop
  endfacet
  facet normal -0.751881 -0.0604249 -0.656524
    outer loop
      vertex -13.051 0.794757 0
      vertex -14.7711 0.46809 2
      vertex -14.7826 0.611187 2
    endloop
  endfacet
  facet normal -0.751945 -0.0599187 -0.656497
    outer loop
      vertex -13.051 0.794757 0
      vertex -14.7637 0.396699 1.99804
      vertex -14.7711 0.46809 2
    endloop
  endfacet
  facet normal -0.751877 -0.0603895 -0.656532
    outer loop
      vertex -13.051 0.794757 0
      vertex -14.7624 0.359205 2
      vertex -14.7637 0.396699 1.99804
    endloop
  endfacet
  facet normal -0.751814 -0.0607921 -0.656567
    outer loop
      vertex -14.7624 0.359205 2
      vertex -13.051 0.794757 0
      vertex -14.7581 0.306027 2
    endloop
  endfacet
  facet normal 0.311705 0.686899 -0.656513
    outer loop
      vertex -23.0145 -5.17104 2
      vertex -23.4142 -6.90119 0
      vertex -23.776 -6.73701 0
    endloop
  endfacet
  facet normal -0.709632 0.255791 -0.656501
    outer loop
      vertex -13.5226 -2.7266 0
      vertex -15.0717 -1.89111 2
      vertex -15.041 -1.80594 2
    endloop
  endfacet
  facet normal -0.70973 0.255547 -0.65649
    outer loop
      vertex -13.5226 -2.7266 0
      vertex -15.1117 -2.00208 2
      vertex -15.0893 -1.94588 1.99766
    endloop
  endfacet
  facet normal -0.70952 0.256049 -0.656522
    outer loop
      vertex -15.0717 -1.89111 2
      vertex -13.5226 -2.7266 0
      vertex -15.0893 -1.94588 1.99766
    endloop
  endfacet
  facet normal -0.709644 0.255762 -0.6565
    outer loop
      vertex -15.1117 -2.00208 2
      vertex -13.5226 -2.7266 0
      vertex -15.1448 -2.09392 2
    endloop
  endfacet
  facet normal -0.712145 0.249002 -0.65639
    outer loop
      vertex -15.1448 -2.09392 2
      vertex -13.5226 -2.7266 0
      vertex -13.5231 -2.72803 0
    endloop
  endfacet
  facet normal 0.119974 -0.744711 -0.656514
    outer loop
      vertex -21.4958 7.42478 0
      vertex -21.5654 5.65043 2
      vertex -21.8881 7.36158 0
    endloop
  endfacet
  facet normal 0.641089 0.397574 -0.65646
    outer loop
      vertex -26.7434 -4.1399 0
      vertex -25.2916 -3.1786 2
      vertex -26.7426 -4.14119 0
    endloop
  endfacet
  facet normal 0.639557 0.399969 -0.6565
    outer loop
      vertex -25.2916 -3.1786 2
      vertex -26.7434 -4.1399 0
      vertex -25.4539 -2.91908 2
    endloop
  endfacet
  facet normal -0.274656 0.702538 -0.656509
    outer loop
      vertex -17.5886 -6.90237 0
      vertex -17.9587 -7.04706 0
      vertex -18.5494 -5.40903 2
    endloop
  endfacet
  facet normal -0.311672 -0.686911 -0.656516
    outer loop
      vertex -17.5872 6.90182 0
      vertex -17.9855 5.17104 2
      vertex -18.2643 5.29754 2
    endloop
  endfacet
  facet normal -0.30946 -0.687689 -0.656748
    outer loop
      vertex -17.9855 5.17104 2
      vertex -17.5872 6.90182 0
      vertex -17.5858 6.90119 0
    endloop
  endfacet
  facet normal -0.694899 0.293461 -0.656502
    outer loop
      vertex -13.5231 -2.72803 0
      vertex -15.21 -2.24831 2
      vertex -15.1448 -2.09392 2
    endloop
  endfacet
  facet normal -0.67829 0.284742 -0.67738
    outer loop
      vertex -15.2364 -2.31453 1.99839
      vertex -15.2638 -2.37597 2
      vertex -15.2487 -2.34 2
    endloop
  endfacet
  facet normal -0.695045 0.293057 -0.656529
    outer loop
      vertex -15.21 -2.24831 2
      vertex -13.5231 -2.72803 0
      vertex -15.2364 -2.31453 1.99839
    endloop
  endfacet
  facet normal -0.695133 0.292799 -0.656551
    outer loop
      vertex -13.5231 -2.72803 0
      vertex -15.2638 -2.37597 2
      vertex -15.2364 -2.31453 1.99839
    endloop
  endfacet
  facet normal -0.694279 0.295438 -0.656272
    outer loop
      vertex -15.2638 -2.37597 2
      vertex -13.5231 -2.72803 0
      vertex -13.5237 -2.72944 0
    endloop
  endfacet
  facet normal -0.274717 -0.702508 -0.656516
    outer loop
      vertex -17.5886 6.90237 0
      vertex -18.308 5.31463 2
      vertex -18.5494 5.40903 2
    endloop
  endfacet
  facet normal -0.274611 -0.702552 -0.656513
    outer loop
      vertex -18.308 5.31463 2
      vertex -17.5886 6.90237 0
      vertex -18.2767 5.30276 1.99961
    endloop
  endfacet
  facet normal -0.274936 -0.702174 -0.656782
    outer loop
      vertex -18.2767 5.30276 1.99961
      vertex -18.2643 5.29754 2
      vertex -18.2714 5.30032 2
    endloop
  endfacet
  facet normal -0.275031 -0.702381 -0.65652
    outer loop
      vertex -17.5886 6.90237 0
      vertex -18.2643 5.29754 2
      vertex -18.2767 5.30276 1.99961
    endloop
  endfacet
  facet normal -0.275811 -0.702065 -0.656531
    outer loop
      vertex -18.2643 5.29754 2
      vertex -17.5886 6.90237 0
      vertex -17.5872 6.90182 0
    endloop
  endfacet
  facet normal -0.747615 0.100238 -0.656524
    outer loop
      vertex -13.0511 -0.796275 0
      vertex -13.1039 -1.19008 0
      vertex -14.7826 -0.611187 2
    endloop
  endfacet
  facet normal -0.474273 0.586729 -0.656364
    outer loop
      vertex -15.5681 -5.6387 0
      vertex -16.7136 -4.32728 2
      vertex -15.5669 -5.63773 0
    endloop
  endfacet
  facet normal -0.481549 0.580602 -0.656514
    outer loop
      vertex -15.5681 -5.6387 0
      vertex -16.866 -4.45368 2
      vertex -16.7136 -4.32728 2
    endloop
  endfacet
  facet normal -0.481498 0.580651 -0.656509
    outer loop
      vertex -15.5681 -5.6387 0
      vertex -16.9149 -4.49553 1.99885
      vertex -16.866 -4.45368 2
    endloop
  endfacet
  facet normal -0.481473 0.580675 -0.656506
    outer loop
      vertex -16.9492 -4.52267 2
      vertex -16.9149 -4.49553 1.99885
      vertex -15.5681 -5.6387 0
    endloop
  endfacet
  facet normal -0.477002 0.574666 -0.665002
    outer loop
      vertex -16.9149 -4.49553 1.99885
      vertex -16.9492 -4.52267 2
      vertex -16.9299 -4.50665 2
    endloop
  endfacet
  facet normal 0.778013 -0.0654067 -0.624834
    outer loop
      vertex -26.2192 0.594457 1.99951
      vertex -26.2174 0.611187 2
      vertex -26.2182 0.601671 2
    endloop
  endfacet
  facet normal 0.751774 -0.0616552 -0.656533
    outer loop
      vertex -26.2174 0.611187 2
      vertex -26.2192 0.594457 1.99951
      vertex -27.9575 0.7972 -0.00999928
    endloop
  endfacet
  facet normal 0.751912 -0.0602174 -0.656507
    outer loop
      vertex -26.2219 0.555401 2
      vertex -27.9575 0.7972 -0.00999928
      vertex -26.2192 0.594457 1.99951
    endloop
  endfacet
  facet normal 0.751935 -0.0600043 -0.656501
    outer loop
      vertex -27.9575 0.7972 -0.00999928
      vertex -26.2219 0.555401 2
      vertex -26.2418 0.306027 2
    endloop
  endfacet
  facet normal 0.54052 0.526147 -0.656512
    outer loop
      vertex -24.5114 -4.11963 2
      vertex -25.7262 -5.36719 0
      vertex -26.0033 -5.08252 0
    endloop
  endfacet
  facet normal 0.659855 0.365468 -0.656525
    outer loop
      vertex -25.4539 -2.91908 2
      vertex -26.9542 -3.80307 0
      vertex -27.1467 -3.45551 0
    endloop
  endfacet
  facet normal 0.751912 0.0602174 -0.656507
    outer loop
      vertex -27.9575 -0.7972 -0.00999928
      vertex -26.2219 -0.555401 2
      vertex -26.2192 -0.594457 1.99951
    endloop
  endfacet
  facet normal 0.778013 0.0654067 -0.624834
    outer loop
      vertex -26.2174 -0.611187 2
      vertex -26.2192 -0.594457 1.99951
      vertex -26.2182 -0.601671 2
    endloop
  endfacet
  facet normal 0.751935 0.0600043 -0.656501
    outer loop
      vertex -26.2219 -0.555401 2
      vertex -27.9575 -0.7972 -0.00999928
      vertex -26.2418 -0.306027 2
    endloop
  endfacet
  facet normal 0.751774 0.0616552 -0.656533
    outer loop
      vertex -27.9575 -0.7972 -0.00999928
      vertex -26.2192 -0.594457 1.99951
      vertex -26.2174 -0.611187 2
    endloop
  endfacet
  facet normal 0.159471 0.737263 -0.656515
    outer loop
      vertex -21.5654 -5.65043 2
      vertex -21.8881 -7.36158 0
      vertex -22.2764 -7.27759 0
    endloop
  endfacet
  facet normal -0.712145 -0.249002 -0.65639
    outer loop
      vertex -13.5226 2.7266 0
      vertex -15.1448 2.09392 2
      vertex -13.5231 2.72803 0
    endloop
  endfacet
  facet normal -0.709644 -0.255762 -0.6565
    outer loop
      vertex -13.5226 2.7266 0
      vertex -15.1117 2.00208 2
      vertex -15.1448 2.09392 2
    endloop
  endfacet
  facet normal -0.70973 -0.255547 -0.65649
    outer loop
      vertex -13.5226 2.7266 0
      vertex -15.0893 1.94588 1.99766
      vertex -15.1117 2.00208 2
    endloop
  endfacet
  facet normal -0.70952 -0.256049 -0.656522
    outer loop
      vertex -13.5226 2.7266 0
      vertex -15.0717 1.89111 2
      vertex -15.0893 1.94588 1.99766
    endloop
  endfacet
  facet normal -0.709632 -0.255791 -0.656501
    outer loop
      vertex -15.0717 1.89111 2
      vertex -13.5226 2.7266 0
      vertex -15.041 1.80594 2
    endloop
  endfacet
  facet normal -0.671624 -0.343165 -0.656627
    outer loop
      vertex -13.8519 3.45281 0
      vertex -15.3977 2.65128 2
      vertex -13.8526 3.45418 0
    endloop
  endfacet
  facet normal -0.678342 -0.329919 -0.65651
    outer loop
      vertex -15.3977 2.65128 2
      vertex -13.8519 3.45281 0
      vertex -15.2638 2.37597 2
    endloop
  endfacet
  facet normal 0.416982 -0.628587 -0.65651
    outer loop
      vertex -24.4735 6.35063 0
      vertex -23.5499 4.87447 2
      vertex -24.8046 6.13099 0
    endloop
  endfacet
  facet normal -0.274936 0.702174 -0.656782
    outer loop
      vertex -18.2643 -5.29754 2
      vertex -18.2767 -5.30276 1.99961
      vertex -18.2714 -5.30032 2
    endloop
  endfacet
  facet normal -0.275811 0.702065 -0.656531
    outer loop
      vertex -17.5886 -6.90237 0
      vertex -18.2643 -5.29754 2
      vertex -17.5872 -6.90182 0
    endloop
  endfacet
  facet normal -0.274611 0.702552 -0.656513
    outer loop
      vertex -17.5886 -6.90237 0
      vertex -18.308 -5.31463 2
      vertex -18.2767 -5.30276 1.99961
    endloop
  endfacet
  facet normal -0.275031 0.702381 -0.65652
    outer loop
      vertex -18.2643 -5.29754 2
      vertex -17.5886 -6.90237 0
      vertex -18.2767 -5.30276 1.99961
    endloop
  endfacet
  facet normal -0.274717 0.702508 -0.656516
    outer loop
      vertex -18.308 -5.31463 2
      vertex -17.5886 -6.90237 0
      vertex -18.5494 -5.40903 2
    endloop
  endfacet
  facet normal 0.694263 -0.295431 -0.656292
    outer loop
      vertex -25.7361 2.37597 2
      vertex -27.4769 2.72803 0
      vertex -27.4763 2.72944 0
    endloop
  endfacet
  facet normal 0.694877 -0.293537 -0.656492
    outer loop
      vertex -25.8152 2.18872 2
      vertex -27.4769 2.72803 0
      vertex -25.7361 2.37597 2
    endloop
  endfacet
  facet normal 0.695252 -0.292547 -0.656537
    outer loop
      vertex -25.8403 2.13147 1.99893
      vertex -27.4769 2.72803 0
      vertex -25.8152 2.18872 2
    endloop
  endfacet
  facet normal 0.712713 -0.300864 -0.633657
    outer loop
      vertex -25.8552 2.09392 2
      vertex -25.8403 2.13147 1.99893
      vertex -25.8462 2.11524 2
    endloop
  endfacet
  facet normal 0.694553 -0.294308 -0.65649
    outer loop
      vertex -25.8403 2.13147 1.99893
      vertex -25.8552 2.09392 2
      vertex -27.4769 2.72803 0
    endloop
  endfacet
  facet normal 0.732754 -0.179106 -0.6565
    outer loop
      vertex -26.0678 1.42938 2
      vertex -27.8305 1.58537 -0.00999928
      vertex -26.0474 1.51284 2
    endloop
  endfacet
  facet normal 0.732801 -0.178837 -0.656521
    outer loop
      vertex -26.0829 1.37606 1.99767
      vertex -27.8305 1.58537 -0.00999928
      vertex -26.0678 1.42938 2
    endloop
  endfacet
  facet normal 0.732837 -0.178648 -0.656532
    outer loop
      vertex -26.0957 1.31499 2
      vertex -27.8305 1.58537 -0.00999928
      vertex -26.0829 1.37606 1.99767
    endloop
  endfacet
  facet normal 0.732643 -0.179591 -0.656491
    outer loop
      vertex -27.8305 1.58537 -0.00999928
      vertex -26.0957 1.31499 2
      vertex -26.1201 1.21545 2
    endloop
  endfacet
  facet normal 0.159471 -0.737263 -0.656515
    outer loop
      vertex -21.8881 7.36158 0
      vertex -21.5654 5.65043 2
      vertex -22.2764 7.27759 0
    endloop
  endfacet
  facet normal -0.751917 0.0601831 -0.656505
    outer loop
      vertex -13.0193 -0.398703 0
      vertex -13.051 -0.794757 0
      vertex -14.7581 -0.306027 2
    endloop
  endfacet
  facet normal -0.716139 -0.245253 -0.653449
    outer loop
      vertex -13.2726 1.97098 0
      vertex -15.041 1.80594 2
      vertex -13.2731 1.97244 0
    endloop
  endfacet
  facet normal -0.722136 -0.218002 -0.656502
    outer loop
      vertex -13.2726 1.97098 0
      vertex -14.9891 1.63402 2
      vertex -15.041 1.80594 2
    endloop
  endfacet
  facet normal -0.72223 -0.217633 -0.656521
    outer loop
      vertex -13.2726 1.97098 0
      vertex -14.9679 1.56795 1.99858
      vertex -14.9891 1.63402 2
    endloop
  endfacet
  facet normal -0.722283 -0.217441 -0.656527
    outer loop
      vertex -14.9526 1.51284 2
      vertex -14.9679 1.56795 1.99858
      vertex -13.2726 1.97098 0
    endloop
  endfacet
  facet normal -0.729137 -0.219133 -0.648336
    outer loop
      vertex -14.9679 1.56795 1.99858
      vertex -14.9526 1.51284 2
      vertex -14.9621 1.54445 2
    endloop
  endfacet
  facet normal -0.678418 0.329792 -0.656496
    outer loop
      vertex -13.6782 -3.09549 0
      vertex -13.8519 -3.45281 0
      vertex -15.2638 -2.37597 2
    endloop
  endfacet
  facet normal -0.741266 -0.139732 -0.656506
    outer loop
      vertex -13.1777 1.58203 0
      vertex -13.1041 1.19159 0
      vertex -14.8232 0.914615 2
    endloop
  endfacet
  facet normal 0.617244 -0.433606 -0.656503
    outer loop
      vertex -26.5142 4.46632 0
      vertex -25.2916 3.1786 2
      vertex -26.7426 4.14119 0
    endloop
  endfacet
  facet normal -0.754053 0.0201242 -0.656506
    outer loop
      vertex -13.0087 -0.00152242 0
      vertex -13.0193 -0.398703 0
      vertex -14.7581 -0.306027 2
    endloop
  endfacet
  facet normal -0.7542 0 -0.656644
    outer loop
      vertex -13.0087 -0.00152242 0
      vertex -14.75 0 2
      vertex -13.0087 0 0
    endloop
  endfacet
  facet normal -0.754043 0.0199582 -0.656522
    outer loop
      vertex -14.75 0 2
      vertex -13.0087 -0.00152242 0
      vertex -14.7581 -0.306027 2
    endloop
  endfacet
  facet normal -0.732754 0.179026 -0.656523
    outer loop
      vertex -13.1783 -1.58501 0
      vertex -13.2726 -1.97098 0
      vertex -14.9526 -1.51284 2
    endloop
  endfacet
  facet normal -0.694964 0.293326 -0.656494
    outer loop
      vertex -13.5237 -2.72944 0
      vertex -13.6782 -3.09549 0
      vertex -15.2638 -2.37597 2
    endloop
  endfacet
  facet normal -0.409447 0.633668 -0.656368
    outer loop
      vertex -16.1954 -6.13099 0
      vertex -17.195 -4.70524 2
      vertex -16.1941 -6.13015 0
    endloop
  endfacet
  facet normal -0.417423 0.628286 -0.656517
    outer loop
      vertex -17.2336 -4.73216 1.99878
      vertex -17.195 -4.70524 2
      vertex -16.1954 -6.13099 0
    endloop
  endfacet
  facet normal -0.420448 0.632359 -0.65065
    outer loop
      vertex -17.195 -4.70524 2
      vertex -17.2336 -4.73216 1.99878
      vertex -17.2175 -4.7202 2
    endloop
  endfacet
  facet normal -0.416602 0.628858 -0.656491
    outer loop
      vertex -16.1954 -6.13099 0
      vertex -17.2892 -4.76772 2
      vertex -17.2336 -4.73216 1.99878
    endloop
  endfacet
  facet normal -0.41702 0.628557 -0.656514
    outer loop
      vertex -17.2892 -4.76772 2
      vertex -16.1954 -6.13099 0
      vertex -17.4501 -4.87447 2
    endloop
  endfacet
  facet normal -0.747803 -0.0990468 -0.656491
    outer loop
      vertex -13.1039 1.19008 0
      vertex -14.8232 0.914615 2
      vertex -13.1041 1.19159 0
    endloop
  endfacet
  facet normal -0.747669 -0.0999733 -0.656503
    outer loop
      vertex -13.1039 1.19008 0
      vertex -14.8133 0.840576 2
      vertex -14.8232 0.914615 2
    endloop
  endfacet
  facet normal -0.747537 -0.100778 -0.656531
    outer loop
      vertex -13.1039 1.19008 0
      vertex -14.8047 0.791507 1.99774
      vertex -14.8133 0.840576 2
    endloop
  endfacet
  facet normal -0.747814 -0.0992089 -0.656454
    outer loop
      vertex -13.1039 1.19008 0
      vertex -14.7979 0.725296 2
      vertex -14.8047 0.791507 1.99774
    endloop
  endfacet
  facet normal -0.747614 -0.100242 -0.656525
    outer loop
      vertex -14.7979 0.725296 2
      vertex -13.1039 1.19008 0
      vertex -14.7826 0.611187 2
    endloop
  endfacet
  facet normal 0.747658 -0.10004 -0.656506
    outer loop
      vertex -26.1768 0.914615 2
      vertex -26.2174 0.611187 2
      vertex -27.9045 1.19298 -0.00999928
    endloop
  endfacet
  facet normal -0.666327 -0.350698 -0.658042
    outer loop
      vertex -13.8526 3.45418 0
      vertex -15.5461 2.91908 2
      vertex -13.8533 3.45551 0
    endloop
  endfacet
  facet normal -0.659805 -0.365593 -0.656505
    outer loop
      vertex -13.8526 3.45418 0
      vertex -15.4325 2.71406 2
      vertex -15.5461 2.91908 2
    endloop
  endfacet
  facet normal -0.659699 -0.365799 -0.656497
    outer loop
      vertex -13.8526 3.45418 0
      vertex -15.4086 2.67216 1.99933
      vertex -15.4325 2.71406 2
    endloop
  endfacet
  facet normal -0.659845 -0.365525 -0.656503
    outer loop
      vertex -15.3977 2.65128 2
      vertex -15.4086 2.67216 1.99933
      vertex -13.8526 3.45418 0
    endloop
  endfacet
  facet normal -0.662511 -0.366807 -0.653094
    outer loop
      vertex -15.4086 2.67216 1.99933
      vertex -15.3977 2.65128 2
      vertex -15.4042 2.66302 2
    endloop
  endfacet
  facet normal -0.432786 -0.618266 -0.656082
    outer loop
      vertex -16.9492 4.52267 2
      vertex -15.8752 5.8932 0
      vertex -15.8739 5.89229 0
    endloop
  endfacet
  facet normal -0.449783 -0.605558 -0.656501
    outer loop
      vertex -15.8752 5.8932 0
      vertex -16.9492 4.52267 2
      vertex -17.195 4.70524 2
    endloop
  endfacet
  facet normal 0.274719 -0.702507 -0.656516
    outer loop
      vertex -23.4114 6.90237 0
      vertex -22.6049 5.34869 2
      vertex -22.7357 5.29754 2
    endloop
  endfacet
  facet normal 0.275811 -0.702065 -0.656531
    outer loop
      vertex -23.4114 6.90237 0
      vertex -22.7357 5.29754 2
      vertex -23.4128 6.90182 0
    endloop
  endfacet
  facet normal 0.272967 -0.697628 -0.662422
    outer loop
      vertex -22.539 5.37634 1.998
      vertex -22.4506 5.40903 2
      vertex -22.5022 5.38884 2
    endloop
  endfacet
  facet normal 0.274812 -0.702466 -0.656521
    outer loop
      vertex -22.6049 5.34869 2
      vertex -23.4114 6.90237 0
      vertex -22.539 5.37634 1.998
    endloop
  endfacet
  facet normal 0.27465 -0.702541 -0.656508
    outer loop
      vertex -22.539 5.37634 1.998
      vertex -23.4114 6.90237 0
      vertex -22.4506 5.40903 2
    endloop
  endfacet
  facet normal 0.449736 0.605601 -0.656495
    outer loop
      vertex -25.1248 -5.8932 0
      vertex -23.8796 -4.64984 2
      vertex -23.805 -4.70524 2
    endloop
  endfacet
  facet normal 0.450059 0.605336 -0.656517
    outer loop
      vertex -25.1248 -5.8932 0
      vertex -23.9743 -4.57948 2
      vertex -23.9278 -4.61659 1.99766
    endloop
  endfacet
  facet normal 0.449672 0.605654 -0.656489
    outer loop
      vertex -23.8796 -4.64984 2
      vertex -25.1248 -5.8932 0
      vertex -23.9278 -4.61659 1.99766
    endloop
  endfacet
  facet normal 0.449728 0.605601 -0.656501
    outer loop
      vertex -23.9743 -4.57948 2
      vertex -25.1248 -5.8932 0
      vertex -24.0508 -4.52267 2
    endloop
  endfacet
  facet normal 0.432786 0.618266 -0.656082
    outer loop
      vertex -24.0508 -4.52267 2
      vertex -25.1248 -5.8932 0
      vertex -25.1261 -5.89229 0
    endloop
  endfacet
  facet normal -0.481507 0.580641 -0.656511
    outer loop
      vertex -15.5681 -5.6387 0
      vertex -15.8739 -5.89229 0
      vertex -16.9492 -4.52267 2
    endloop
  endfacet
  facet normal -0.274656 -0.702538 -0.656509
    outer loop
      vertex -17.9587 7.04706 0
      vertex -17.5886 6.90237 0
      vertex -18.5494 5.40903 2
    endloop
  endfacet
  facet normal 0.511608 -0.5543 -0.656512
    outer loop
      vertex -25.4342 5.6367 0
      vertex -24.5114 4.11963 2
      vertex -25.7262 5.36719 0
    endloop
  endfacet
  facet normal 0.347778 0.669358 -0.656514
    outer loop
      vertex -23.0145 -5.17104 2
      vertex -23.776 -6.73701 0
      vertex -24.1286 -6.55381 0
    endloop
  endfacet
  facet normal 0.709636 0.255782 -0.6565
    outer loop
      vertex -25.8552 -2.09392 2
      vertex -27.4774 -2.7266 0
      vertex -25.959 -1.80594 2
    endloop
  endfacet
  facet normal 0.712145 0.249002 -0.65639
    outer loop
      vertex -27.4774 -2.7266 0
      vertex -25.8552 -2.09392 2
      vertex -27.4769 -2.72803 0
    endloop
  endfacet
  facet normal -0.531092 -0.535965 -0.656264
    outer loop
      vertex -16.275 3.90029 2
      vertex -14.9967 5.08252 0
      vertex -14.9956 5.08143 0
    endloop
  endfacet
  facet normal -0.540385 -0.526307 -0.656495
    outer loop
      vertex -16.3079 3.93407 2
      vertex -14.9967 5.08252 0
      vertex -16.275 3.90029 2
    endloop
  endfacet
  facet normal -0.54042 -0.526269 -0.656496
    outer loop
      vertex -16.3302 3.95924 1.99818
      vertex -14.9967 5.08252 0
      vertex -16.3079 3.93407 2
    endloop
  endfacet
  facet normal -0.540201 -0.526509 -0.656485
    outer loop
      vertex -16.3817 4.00981 2
      vertex -14.9967 5.08252 0
      vertex -16.3302 3.95924 1.99818
    endloop
  endfacet
  facet normal -0.540519 -0.526148 -0.656512
    outer loop
      vertex -14.9967 5.08252 0
      vertex -16.3817 4.00981 2
      vertex -16.4886 4.11963 2
    endloop
  endfacet
  facet normal -0.0401491 -0.753247 -0.656511
    outer loop
      vertex -20.3006 7.48864 0
      vertex -19.9038 7.46749 0
      vertex -20.3469 5.74796 2
    endloop
  endfacet
  facet normal -0.709575 0.255915 -0.656514
    outer loop
      vertex -13.3878 -2.35284 0
      vertex -13.5226 -2.7266 0
      vertex -15.041 -1.80594 2
    endloop
  endfacet
  facet normal -0.741266 0.139732 -0.656506
    outer loop
      vertex -13.1041 -1.19159 0
      vertex -13.1777 -1.58203 0
      vertex -14.8232 -0.914615 2
    endloop
  endfacet
  facet normal 0.0801681 -0.750045 -0.65651
    outer loop
      vertex -21.0977 7.46741 0
      vertex -20.9588 5.73167 2
      vertex -21.4928 7.42518 0
    endloop
  endfacet
  facet normal -0.19848 -0.727736 -0.65651
    outer loop
      vertex -18.7206 7.27687 0
      vertex -18.3373 7.17233 0
      vertex -18.84 5.50518 2
    endloop
  endfacet
  facet normal 0.732786 -0.178899 -0.656521
    outer loop
      vertex -27.7358 1.97327 -0.00999928
      vertex -26.0474 1.51284 2
      vertex -27.8305 1.58537 -0.00999928
    endloop
  endfacet
  facet normal -0.694964 -0.293326 -0.656494
    outer loop
      vertex -13.6782 3.09549 0
      vertex -13.5237 2.72944 0
      vertex -15.2638 2.37597 2
    endloop
  endfacet
  facet normal -0.388136 0.646893 -0.656415
    outer loop
      vertex -17.7138 -5.02989 2
      vertex -16.8688 -6.55233 0
      vertex -16.8701 -6.55311 0
    endloop
  endfacet
  facet normal -0.382839 0.649934 -0.656521
    outer loop
      vertex -16.8688 -6.55233 0
      vertex -17.5222 -4.91694 2
      vertex -17.4501 -4.87447 2
    endloop
  endfacet
  facet normal -0.383133 0.649786 -0.656496
    outer loop
      vertex -16.8688 -6.55233 0
      vertex -17.5679 -4.94623 1.99768
      vertex -17.5222 -4.91694 2
    endloop
  endfacet
  facet normal -0.383038 0.649836 -0.656503
    outer loop
      vertex -16.8688 -6.55233 0
      vertex -17.6234 -4.9766 2
      vertex -17.5679 -4.94623 1.99768
    endloop
  endfacet
  facet normal -0.383064 0.649821 -0.656502
    outer loop
      vertex -16.8688 -6.55233 0
      vertex -17.7138 -5.02989 2
      vertex -17.6234 -4.9766 2
    endloop
  endfacet
  facet normal 0.709352 -0.256538 -0.656512
    outer loop
      vertex -27.5904 2.41321 0
      vertex -25.959 1.80594 2
      vertex -27.6205 2.35557 -0.00999928
    endloop
  endfacet
  facet normal 0.709599 -0.255862 -0.656509
    outer loop
      vertex -25.959 1.80594 2
      vertex -27.5904 2.41321 0
      vertex -27.4774 2.7266 0
    endloop
  endfacet
  facet normal 0.707516 -0.255142 -0.659033
    outer loop
      vertex -27.5875 2.44708 -0.00999928
      vertex -27.5904 2.41321 0
      vertex -27.6205 2.35557 -0.00999928
    endloop
  endfacet
  facet normal -0.709575 -0.255915 -0.656514
    outer loop
      vertex -13.5226 2.7266 0
      vertex -13.3878 2.35284 0
      vertex -15.041 1.80594 2
    endloop
  endfacet
  facet normal -0.659855 -0.365468 -0.656525
    outer loop
      vertex -14.0458 3.80307 0
      vertex -13.8533 3.45551 0
      vertex -15.5461 2.91908 2
    endloop
  endfacet
  facet normal -0.481507 -0.580641 -0.656511
    outer loop
      vertex -15.8739 5.89229 0
      vertex -15.5681 5.6387 0
      vertex -16.9492 4.52267 2
    endloop
  endfacet
  facet normal -0.567063 0.497423 -0.656513
    outer loop
      vertex -16.275 -3.90029 2
      vertex -14.9946 -5.08029 0
      vertex -14.9956 -5.08143 0
    endloop
  endfacet
  facet normal -0.5678 0.4966 -0.6565
    outer loop
      vertex -14.9946 -5.08029 0
      vertex -16.275 -3.90029 2
      vertex -16.0735 -3.6699 2
    endloop
  endfacet
  facet normal 0.751892 -0.0602595 -0.656527
    outer loop
      vertex -27.9575 0.7972 -0.00999928
      vertex -26.2418 0.306027 2
      vertex -27.9894 0.399166 -0.00999928
    endloop
  endfacet
  facet normal -0.617244 -0.433606 -0.656503
    outer loop
      vertex -14.4858 4.46632 0
      vertex -14.2574 4.14119 0
      vertex -15.7084 3.1786 2
    endloop
  endfacet
  facet normal 0.119985 -0.744711 -0.656513
    outer loop
      vertex -21.4958 7.42478 0
      vertex -21.4543 5.66833 2
      vertex -21.5654 5.65043 2
    endloop
  endfacet
  facet normal 0.119167 -0.744793 -0.656569
    outer loop
      vertex -21.4943 7.42502 0
      vertex -21.4543 5.66833 2
      vertex -21.4958 7.42478 0
    endloop
  endfacet
  facet normal 0.119949 -0.744716 -0.656514
    outer loop
      vertex -21.4943 7.42502 0
      vertex -21.3391 5.68689 2
      vertex -21.3897 5.68075 1.99772
    endloop
  endfacet
  facet normal 0.120007 -0.744709 -0.656511
    outer loop
      vertex -21.4543 5.66833 2
      vertex -21.4943 7.42502 0
      vertex -21.3897 5.68075 1.99772
    endloop
  endfacet
  facet normal 0.120093 -0.744697 -0.656509
    outer loop
      vertex -21.3391 5.68689 2
      vertex -21.4943 7.42502 0
      vertex -21.2632 5.69913 2
    endloop
  endfacet
  facet normal -0.0801681 0.750045 -0.65651
    outer loop
      vertex -19.5072 -7.42518 0
      vertex -19.9023 -7.46741 0
      vertex -20.0412 -5.73167 2
    endloop
  endfacet
  facet normal 0.678403 0.329784 -0.656515
    outer loop
      vertex -25.7361 -2.37597 2
      vertex -27.1481 -3.45281 0
      vertex -27.3218 -3.09549 0
    endloop
  endfacet
  facet normal -0.511463 -0.554413 -0.65653
    outer loop
      vertex -16.5676 4.19251 2
      vertex -15.5658 5.6367 0
      vertex -16.4886 4.11963 2
    endloop
  endfacet
  facet normal -0.511967 -0.554 -0.656485
    outer loop
      vertex -16.6133 4.23748 1.99769
      vertex -15.5658 5.6367 0
      vertex -16.5676 4.19251 2
    endloop
  endfacet
  facet normal -0.511255 -0.554602 -0.656533
    outer loop
      vertex -16.6538 4.27208 2
      vertex -15.5658 5.6367 0
      vertex -16.6133 4.23748 1.99769
    endloop
  endfacet
  facet normal -0.511636 -0.554272 -0.656515
    outer loop
      vertex -16.7136 4.32728 2
      vertex -15.5658 5.6367 0
      vertex -16.6538 4.27208 2
    endloop
  endfacet
  facet normal -0.515619 -0.550661 -0.656437
    outer loop
      vertex -15.5658 5.6367 0
      vertex -16.7136 4.32728 2
      vertex -15.5669 5.63773 0
    endloop
  endfacet
  facet normal -0.511608 0.5543 -0.656512
    outer loop
      vertex -15.2738 -5.36719 0
      vertex -15.5658 -5.6367 0
      vertex -16.4886 -4.11963 2
    endloop
  endfacet
  facet normal -0.416982 0.628587 -0.65651
    outer loop
      vertex -16.1954 -6.13099 0
      vertex -16.5265 -6.35063 0
      vertex -17.4501 -4.87447 2
    endloop
  endfacet
  facet normal 0.0800337 0.746981 -0.660011
    outer loop
      vertex -20.9588 -5.73167 2
      vertex -20.9957 -5.7286 1.999
      vertex -20.9798 -5.72942 2
    endloop
  endfacet
  facet normal 0.0801934 0.750041 -0.656512
    outer loop
      vertex -20.9957 -5.7286 1.999
      vertex -20.9588 -5.73167 2
      vertex -21.4928 -7.42518 0
    endloop
  endfacet
  facet normal 0.0801966 0.75004 -0.656512
    outer loop
      vertex -21.4928 -7.42518 0
      vertex -21.0556 -5.72132 2
      vertex -20.9957 -5.7286 1.999
    endloop
  endfacet
  facet normal 0.0801709 0.750044 -0.656511
    outer loop
      vertex -21.0556 -5.72132 2
      vertex -21.4928 -7.42518 0
      vertex -21.2632 -5.69913 2
    endloop
  endfacet
  facet normal 0.0800068 0.750064 -0.656508
    outer loop
      vertex -21.2632 -5.69913 2
      vertex -21.4928 -7.42518 0
      vertex -21.4943 -7.42502 0
    endloop
  endfacet
  facet normal 0.747658 0.10004 -0.656506
    outer loop
      vertex -26.2174 -0.611187 2
      vertex -26.1768 -0.914615 2
      vertex -27.9045 -1.19298 -0.00999928
    endloop
  endfacet
  facet normal -0.741204 0.139953 -0.656529
    outer loop
      vertex -13.1777 -1.58203 0
      vertex -14.863 -1.1254 2
      vertex -14.8232 -0.914615 2
    endloop
  endfacet
  facet normal -0.707765 0.131137 -0.69417
    outer loop
      vertex -14.8729 -1.18254 1.99908
      vertex -14.8799 -1.21545 2
      vertex -14.8764 -1.19656 2
    endloop
  endfacet
  facet normal -0.741411 0.139026 -0.656492
    outer loop
      vertex -14.863 -1.1254 2
      vertex -13.1777 -1.58203 0
      vertex -14.8729 -1.18254 1.99908
    endloop
  endfacet
  facet normal -0.741347 0.139333 -0.656499
    outer loop
      vertex -13.1777 -1.58203 0
      vertex -14.8799 -1.21545 2
      vertex -14.8729 -1.18254 1.99908
    endloop
  endfacet
  facet normal -0.739602 0.14792 -0.656588
    outer loop
      vertex -14.8799 -1.21545 2
      vertex -13.1777 -1.58203 0
      vertex -13.178 -1.58353 0
    endloop
  endfacet
  facet normal -0.44988 0.605473 -0.656514
    outer loop
      vertex -15.8752 -5.8932 0
      vertex -16.1941 -6.13015 0
      vertex -17.195 -4.70524 2
    endloop
  endfacet
  facet normal 0.347778 -0.669358 -0.656514
    outer loop
      vertex -23.776 6.73701 0
      vertex -23.0145 5.17104 2
      vertex -24.1286 6.55381 0
    endloop
  endfacet
  facet normal 0.712896 -0.21533 -0.667392
    outer loop
      vertex -25.9747 1.75796 1.99871
      vertex -25.959 1.80594 2
      vertex -25.9674 1.77813 2
    endloop
  endfacet
  facet normal 0.722009 -0.218606 -0.656441
    outer loop
      vertex -25.959 1.80594 2
      vertex -25.9747 1.75796 1.99871
      vertex -27.7358 1.97327 -0.00999928
    endloop
  endfacet
  facet normal 0.722309 -0.217257 -0.656559
    outer loop
      vertex -25.993 1.69322 2
      vertex -27.7358 1.97327 -0.00999928
      vertex -25.9747 1.75796 1.99871
    endloop
  endfacet
  facet normal 0.722179 -0.217799 -0.656522
    outer loop
      vertex -27.7358 1.97327 -0.00999928
      vertex -25.993 1.69322 2
      vertex -26.0474 1.51284 2
    endloop
  endfacet
  facet normal 0.19848 -0.727736 -0.65651
    outer loop
      vertex -22.2794 7.27687 0
      vertex -22.16 5.50518 2
      vertex -22.6627 7.17233 0
    endloop
  endfacet
  facet normal -0.531092 0.535965 -0.656264
    outer loop
      vertex -14.9967 -5.08252 0
      vertex -16.275 -3.90029 2
      vertex -14.9956 -5.08143 0
    endloop
  endfacet
  facet normal -0.540385 0.526307 -0.656495
    outer loop
      vertex -14.9967 -5.08252 0
      vertex -16.3079 -3.93407 2
      vertex -16.275 -3.90029 2
    endloop
  endfacet
  facet normal -0.54042 0.526269 -0.656496
    outer loop
      vertex -14.9967 -5.08252 0
      vertex -16.3302 -3.95924 1.99818
      vertex -16.3079 -3.93407 2
    endloop
  endfacet
  facet normal -0.540201 0.526509 -0.656485
    outer loop
      vertex -14.9967 -5.08252 0
      vertex -16.3817 -4.00981 2
      vertex -16.3302 -3.95924 1.99818
    endloop
  endfacet
  facet normal -0.540519 0.526148 -0.656512
    outer loop
      vertex -16.3817 -4.00981 2
      vertex -14.9967 -5.08252 0
      vertex -16.4886 -4.11963 2
    endloop
  endfacet
  facet normal 0.416787 0.628625 -0.656597
    outer loop
      vertex -23.5499 -4.87447 2
      vertex -23.6011 -4.84208 1.99851
      vertex -23.5791 -4.85511 2
    endloop
  endfacet
  facet normal 0.417109 0.628492 -0.656519
    outer loop
      vertex -24.8046 -6.13099 0
      vertex -23.6588 -4.80223 2
      vertex -23.6011 -4.84208 1.99851
    endloop
  endfacet
  facet normal 0.416834 0.628704 -0.656491
    outer loop
      vertex -24.8046 -6.13099 0
      vertex -23.6011 -4.84208 1.99851
      vertex -23.5499 -4.87447 2
    endloop
  endfacet
  facet normal 0.417 0.628574 -0.656511
    outer loop
      vertex -23.6588 -4.80223 2
      vertex -24.8046 -6.13099 0
      vertex -23.805 -4.70524 2
    endloop
  endfacet
  facet normal 0.409447 0.633668 -0.656368
    outer loop
      vertex -23.805 -4.70524 2
      vertex -24.8046 -6.13099 0
      vertex -24.8059 -6.13015 0
    endloop
  endfacet
  facet normal 0.382944 0.649884 -0.65651
    outer loop
      vertex -23.5499 -4.87447 2
      vertex -24.1312 -6.55233 0
      vertex -24.4735 -6.35063 0
    endloop
  endfacet
  facet normal 0 0.754316 -0.656511
    outer loop
      vertex -20.3006 -7.48864 0
      vertex -20.5309 -5.74796 2
      vertex -20.3469 -5.74796 2
    endloop
  endfacet
  facet normal 0 0.754316 -0.656511
    outer loop
      vertex -20.6994 -7.48864 0
      vertex -20.5309 -5.74796 2
      vertex -20.3006 -7.48864 0
    endloop
  endfacet
  facet normal 0 0.755322 -0.655353
    outer loop
      vertex -20.5992 -5.74914 1.99864
      vertex -20.6531 -5.74796 2
      vertex -20.622 -5.74796 2
    endloop
  endfacet
  facet normal 4.0516e-05 0.754314 -0.656513
    outer loop
      vertex -20.5309 -5.74796 2
      vertex -20.6994 -7.48864 0
      vertex -20.5992 -5.74914 1.99864
    endloop
  endfacet
  facet normal -5.12244e-05 0.754317 -0.656511
    outer loop
      vertex -20.5992 -5.74914 1.99864
      vertex -20.6994 -7.48864 0
      vertex -20.6531 -5.74796 2
    endloop
  endfacet
  facet normal -0.080011 0.748727 -0.658032
    outer loop
      vertex -19.7368 -5.69913 2
      vertex -19.8069 -5.70808 1.99834
      vertex -19.7776 -5.70349 2
    endloop
  endfacet
  facet normal -0.0800068 0.750064 -0.656508
    outer loop
      vertex -19.5072 -7.42518 0
      vertex -19.7368 -5.69913 2
      vertex -19.5057 -7.42502 0
    endloop
  endfacet
  facet normal -0.0800792 0.750058 -0.656507
    outer loop
      vertex -19.5072 -7.42518 0
      vertex -19.8783 -5.71425 2
      vertex -19.8069 -5.70808 1.99834
    endloop
  endfacet
  facet normal -0.0802146 0.750039 -0.656511
    outer loop
      vertex -19.7368 -5.69913 2
      vertex -19.5072 -7.42518 0
      vertex -19.8069 -5.70808 1.99834
    endloop
  endfacet
  facet normal -0.0802066 0.750038 -0.656514
    outer loop
      vertex -19.8783 -5.71425 2
      vertex -19.5072 -7.42518 0
      vertex -20.0412 -5.73167 2
    endloop
  endfacet
  facet normal 0.547666 -0.532729 -0.645183
    outer loop
      vertex -24.5306 4.1008 1.99925
      vertex -24.5114 4.11963 2
      vertex -24.5221 4.10863 2
    endloop
  endfacet
  facet normal 0.540365 -0.526327 -0.656494
    outer loop
      vertex -26.0033 5.08252 0
      vertex -24.5664 4.06312 2
      vertex -24.725 3.90029 2
    endloop
  endfacet
  facet normal 0.541036 -0.525515 -0.656593
    outer loop
      vertex -24.5306 4.1008 1.99925
      vertex -26.0033 5.08252 0
      vertex -24.5114 4.11963 2
    endloop
  endfacet
  facet normal 0.540297 -0.526407 -0.656486
    outer loop
      vertex -24.5664 4.06312 2
      vertex -26.0033 5.08252 0
      vertex -24.5306 4.1008 1.99925
    endloop
  endfacet
  facet normal 0.531092 -0.535965 -0.656264
    outer loop
      vertex -26.0033 5.08252 0
      vertex -24.725 3.90029 2
      vertex -26.0044 5.08143 0
    endloop
  endfacet
  facet normal -0.0401491 0.753247 -0.656511
    outer loop
      vertex -19.9038 -7.46749 0
      vertex -20.3006 -7.48864 0
      vertex -20.3469 -5.74796 2
    endloop
  endfacet
  facet normal -0.416982 -0.628587 -0.65651
    outer loop
      vertex -16.5265 6.35063 0
      vertex -16.1954 6.13099 0
      vertex -17.4501 4.87447 2
    endloop
  endfacet
  facet normal 0.712145 -0.249002 -0.65639
    outer loop
      vertex -25.8552 2.09392 2
      vertex -27.4774 2.7266 0
      vertex -27.4769 2.72803 0
    endloop
  endfacet
  facet normal 0.709636 -0.255782 -0.6565
    outer loop
      vertex -27.4774 2.7266 0
      vertex -25.8552 2.09392 2
      vertex -25.959 1.80594 2
    endloop
  endfacet
  facet normal -0.19848 0.727736 -0.65651
    outer loop
      vertex -18.3373 -7.17233 0
      vertex -18.7206 -7.27687 0
      vertex -18.84 -5.50518 2
    endloop
  endfacet
  facet normal 0.754037 0.0200237 -0.656527
    outer loop
      vertex -26.2418 -0.306027 2
      vertex -27.9894 -0.399166 -0.00999928
      vertex -28 0 -0.00999928
    endloop
  endfacet
  facet normal 0.198419 0.727749 -0.656515
    outer loop
      vertex -22.2779 -7.27727 0
      vertex -22.16 -5.50518 2
      vertex -21.8646 -5.58572 2
    endloop
  endfacet
  facet normal 0.194265 0.728494 -0.65693
    outer loop
      vertex -22.16 -5.50518 2
      vertex -22.2779 -7.27727 0
      vertex -22.2794 -7.27687 0
    endloop
  endfacet
  facet normal 0.639409 0.400165 -0.656524
    outer loop
      vertex -25.4539 -2.91908 2
      vertex -26.7434 -4.1399 0
      vertex -26.9542 -3.80307 0
    endloop
  endfacet
  facet normal -0.747614 0.100242 -0.656525
    outer loop
      vertex -13.1039 -1.19008 0
      vertex -14.7979 -0.725296 2
      vertex -14.7826 -0.611187 2
    endloop
  endfacet
  facet normal -0.747537 0.100778 -0.656531
    outer loop
      vertex -13.1039 -1.19008 0
      vertex -14.8133 -0.840576 2
      vertex -14.8047 -0.791507 1.99774
    endloop
  endfacet
  facet normal -0.747814 0.0992089 -0.656454
    outer loop
      vertex -14.7979 -0.725296 2
      vertex -13.1039 -1.19008 0
      vertex -14.8047 -0.791507 1.99774
    endloop
  endfacet
  facet normal -0.747669 0.0999733 -0.656503
    outer loop
      vertex -14.8133 -0.840576 2
      vertex -13.1039 -1.19008 0
      vertex -14.8232 -0.914615 2
    endloop
  endfacet
  facet normal -0.747803 0.0990468 -0.656491
    outer loop
      vertex -14.8232 -0.914615 2
      vertex -13.1039 -1.19008 0
      vertex -13.1041 -1.19159 0
    endloop
  endfacet
  facet normal 0.670427 0.325889 -0.666576
    outer loop
      vertex -25.6806 -2.49483 1.99771
      vertex -25.7361 -2.37597 2
      vertex -25.7015 -2.44715 2
    endloop
  endfacet
  facet normal 0.678345 0.329913 -0.65651
    outer loop
      vertex -27.1481 -3.45281 0
      vertex -25.6504 -2.55238 2
      vertex -25.6023 -2.65128 2
    endloop
  endfacet
  facet normal 0.678574 0.329499 -0.656482
    outer loop
      vertex -25.6806 -2.49483 1.99771
      vertex -27.1481 -3.45281 0
      vertex -25.7361 -2.37597 2
    endloop
  endfacet
  facet normal 0.678373 0.32986 -0.656508
    outer loop
      vertex -25.6504 -2.55238 2
      vertex -27.1481 -3.45281 0
      vertex -25.6806 -2.49483 1.99771
    endloop
  endfacet
  facet normal 0.671624 0.343165 -0.656627
    outer loop
      vertex -27.1481 -3.45281 0
      vertex -25.6023 -2.65128 2
      vertex -27.1474 -3.45418 0
    endloop
  endfacet
  facet normal -0.748016 0.0604849 -0.660919
    outer loop
      vertex -14.7581 -0.306027 2
      vertex -14.7637 -0.396699 1.99804
      vertex -14.7624 -0.359205 2
    endloop
  endfacet
  facet normal -0.751945 0.0599187 -0.656497
    outer loop
      vertex -13.051 -0.794757 0
      vertex -14.7711 -0.46809 2
      vertex -14.7637 -0.396699 1.99804
    endloop
  endfacet
  facet normal -0.751842 0.0606268 -0.65655
    outer loop
      vertex -13.051 -0.794757 0
      vertex -14.7637 -0.396699 1.99804
      vertex -14.7581 -0.306027 2
    endloop
  endfacet
  facet normal -0.751881 0.0604249 -0.656524
    outer loop
      vertex -14.7711 -0.46809 2
      vertex -13.051 -0.794757 0
      vertex -14.7826 -0.611187 2
    endloop
  endfacet
  facet normal -0.752826 0.0495933 -0.656349
    outer loop
      vertex -14.7826 -0.611187 2
      vertex -13.051 -0.794757 0
      vertex -13.0511 -0.796275 0
    endloop
  endfacet
  facet normal -0.350559 -0.675837 -0.648347
    outer loop
      vertex -17.9855 5.17104 2
      vertex -17.9161 5.13674 1.99823
      vertex -17.9454 5.15024 2
    endloop
  endfacet
  facet normal -0.347615 -0.669461 -0.656495
    outer loop
      vertex -17.9161 5.13674 1.99823
      vertex -17.9855 5.17104 2
      vertex -16.8714 6.55381 0
    endloop
  endfacet
  facet normal -0.347916 -0.669278 -0.656522
    outer loop
      vertex -16.8714 6.55381 0
      vertex -17.8529 5.10215 2
      vertex -17.9161 5.13674 1.99823
    endloop
  endfacet
  facet normal -0.347734 -0.669385 -0.65651
    outer loop
      vertex -17.8529 5.10215 2
      vertex -16.8714 6.55381 0
      vertex -17.7138 5.02989 2
    endloop
  endfacet
  facet normal -0.35758 -0.664076 -0.656612
    outer loop
      vertex -17.7138 5.02989 2
      vertex -16.8714 6.55381 0
      vertex -16.8701 6.55311 0
    endloop
  endfacet
  facet normal 0.272967 0.697628 -0.662422
    outer loop
      vertex -22.4506 -5.40903 2
      vertex -22.539 -5.37634 1.998
      vertex -22.5022 -5.38884 2
    endloop
  endfacet
  facet normal 0.27465 0.702541 -0.656508
    outer loop
      vertex -22.539 -5.37634 1.998
      vertex -22.4506 -5.40903 2
      vertex -23.4114 -6.90237 0
    endloop
  endfacet
  facet normal 0.274812 0.702466 -0.656521
    outer loop
      vertex -23.4114 -6.90237 0
      vertex -22.6049 -5.34869 2
      vertex -22.539 -5.37634 1.998
    endloop
  endfacet
  facet normal 0.274719 0.702507 -0.656516
    outer loop
      vertex -22.6049 -5.34869 2
      vertex -23.4114 -6.90237 0
      vertex -22.7357 -5.29754 2
    endloop
  endfacet
  facet normal 0.275811 0.702065 -0.656531
    outer loop
      vertex -22.7357 -5.29754 2
      vertex -23.4114 -6.90237 0
      vertex -23.4128 -6.90182 0
    endloop
  endfacet
  facet normal 0.0401491 -0.753247 -0.656511
    outer loop
      vertex -20.6994 7.48864 0
      vertex -20.6531 5.74796 2
      vertex -21.0962 7.46749 0
    endloop
  endfacet
  facet normal -0.432786 0.618266 -0.656082
    outer loop
      vertex -15.8752 -5.8932 0
      vertex -16.9492 -4.52267 2
      vertex -15.8739 -5.89229 0
    endloop
  endfacet
  facet normal -0.449783 0.605558 -0.656501
    outer loop
      vertex -16.9492 -4.52267 2
      vertex -15.8752 -5.8932 0
      vertex -17.195 -4.70524 2
    endloop
  endfacet
  facet normal 0.722177 0.217805 -0.656522
    outer loop
      vertex -25.959 -1.80594 2
      vertex -27.6205 -2.35557 -0.00999928
      vertex -27.7358 -1.97327 -0.00999928
    endloop
  endfacet
  facet normal 0.678403 -0.329784 -0.656515
    outer loop
      vertex -27.1481 3.45281 0
      vertex -25.7361 2.37597 2
      vertex -27.3218 3.09549 0
    endloop
  endfacet
  facet normal 0.120093 0.744697 -0.656509
    outer loop
      vertex -21.4943 -7.42502 0
      vertex -21.3391 -5.68689 2
      vertex -21.2632 -5.69913 2
    endloop
  endfacet
  facet normal 0.119949 0.744716 -0.656514
    outer loop
      vertex -21.3391 -5.68689 2
      vertex -21.4943 -7.42502 0
      vertex -21.3897 -5.68075 1.99772
    endloop
  endfacet
  facet normal 0.120007 0.744709 -0.656511
    outer loop
      vertex -21.4943 -7.42502 0
      vertex -21.4543 -5.66833 2
      vertex -21.3897 -5.68075 1.99772
    endloop
  endfacet
  facet normal 0.119167 0.744793 -0.656569
    outer loop
      vertex -21.4958 -7.42478 0
      vertex -21.4543 -5.66833 2
      vertex -21.4943 -7.42502 0
    endloop
  endfacet
  facet normal 0.119985 0.744711 -0.656513
    outer loop
      vertex -21.4543 -5.66833 2
      vertex -21.4958 -7.42478 0
      vertex -21.5654 -5.65043 2
    endloop
  endfacet
  facet normal -0.347778 0.669358 -0.656514
    outer loop
      vertex -16.8714 -6.55381 0
      vertex -17.224 -6.73701 0
      vertex -17.9855 -5.17104 2
    endloop
  endfacet
  facet normal -0.382944 0.649884 -0.65651
    outer loop
      vertex -16.5265 -6.35063 0
      vertex -16.8688 -6.55233 0
      vertex -17.4501 -4.87447 2
    endloop
  endfacet
  facet normal 0.694948 -0.293319 -0.656514
    outer loop
      vertex -27.3218 3.09549 0
      vertex -25.7361 2.37597 2
      vertex -27.4763 2.72944 0
    endloop
  endfacet
  facet normal -0.515619 0.550661 -0.656437
    outer loop
      vertex -16.7136 -4.32728 2
      vertex -15.5658 -5.6367 0
      vertex -15.5669 -5.63773 0
    endloop
  endfacet
  facet normal -0.511463 0.554413 -0.65653
    outer loop
      vertex -15.5658 -5.6367 0
      vertex -16.5676 -4.19251 2
      vertex -16.4886 -4.11963 2
    endloop
  endfacet
  facet normal -0.511967 0.554 -0.656485
    outer loop
      vertex -15.5658 -5.6367 0
      vertex -16.6133 -4.23748 1.99769
      vertex -16.5676 -4.19251 2
    endloop
  endfacet
  facet normal -0.511255 0.554602 -0.656533
    outer loop
      vertex -15.5658 -5.6367 0
      vertex -16.6538 -4.27208 2
      vertex -16.6133 -4.23748 1.99769
    endloop
  endfacet
  facet normal -0.511636 0.554272 -0.656515
    outer loop
      vertex -15.5658 -5.6367 0
      vertex -16.7136 -4.32728 2
      vertex -16.6538 -4.27208 2
    endloop
  endfacet
  facet normal 0.754037 -0.0200237 -0.656527
    outer loop
      vertex -27.9894 0.399166 -0.00999928
      vertex -26.2418 0.306027 2
      vertex -28 0 -0.00999928
    endloop
  endfacet
  facet normal -0.678342 0.329919 -0.65651
    outer loop
      vertex -13.8519 -3.45281 0
      vertex -15.3977 -2.65128 2
      vertex -15.2638 -2.37597 2
    endloop
  endfacet
  facet normal -0.671624 0.343165 -0.656627
    outer loop
      vertex -15.3977 -2.65128 2
      vertex -13.8519 -3.45281 0
      vertex -13.8526 -3.45418 0
    endloop
  endfacet
  facet normal -0.662511 0.366807 -0.653094
    outer loop
      vertex -15.3977 -2.65128 2
      vertex -15.4086 -2.67216 1.99933
      vertex -15.4042 -2.66302 2
    endloop
  endfacet
  facet normal -0.659699 0.365799 -0.656497
    outer loop
      vertex -13.8526 -3.45418 0
      vertex -15.4325 -2.71406 2
      vertex -15.4086 -2.67216 1.99933
    endloop
  endfacet
  facet normal -0.659845 0.365525 -0.656503
    outer loop
      vertex -13.8526 -3.45418 0
      vertex -15.4086 -2.67216 1.99933
      vertex -15.3977 -2.65128 2
    endloop
  endfacet
  facet normal -0.659805 0.365593 -0.656505
    outer loop
      vertex -15.4325 -2.71406 2
      vertex -13.8526 -3.45418 0
      vertex -15.5461 -2.91908 2
    endloop
  endfacet
  facet normal -0.666327 0.350698 -0.658042
    outer loop
      vertex -15.5461 -2.91908 2
      vertex -13.8526 -3.45418 0
      vertex -13.8533 -3.45551 0
    endloop
  endfacet
  facet normal 0.0801681 0.750045 -0.65651
    outer loop
      vertex -20.9588 -5.73167 2
      vertex -21.0977 -7.46741 0
      vertex -21.4928 -7.42518 0
    endloop
  endfacet
  facet normal 0.54052 -0.526147 -0.656512
    outer loop
      vertex -25.7262 5.36719 0
      vertex -24.5114 4.11963 2
      vertex -26.0033 5.08252 0
    endloop
  endfacet
  facet normal -0.040113 0.753251 -0.656509
    outer loop
      vertex -19.9038 -7.46749 0
      vertex -20.1411 -5.73699 2
      vertex -20.0412 -5.73167 2
    endloop
  endfacet
  facet normal -0.0401732 0.753247 -0.65651
    outer loop
      vertex -19.9038 -7.46749 0
      vertex -20.0412 -5.73167 2
      vertex -19.9023 -7.46741 0
    endloop
  endfacet
  facet normal -0.0402102 0.753241 -0.656514
    outer loop
      vertex -19.9038 -7.46749 0
      vertex -20.2588 -5.74327 2
      vertex -20.2024 -5.74229 1.99767
    endloop
  endfacet
  facet normal -0.0401717 0.753245 -0.656512
    outer loop
      vertex -20.1411 -5.73699 2
      vertex -19.9038 -7.46749 0
      vertex -20.2024 -5.74229 1.99767
    endloop
  endfacet
  facet normal -0.0400995 0.753254 -0.656506
    outer loop
      vertex -20.2588 -5.74327 2
      vertex -19.9038 -7.46749 0
      vertex -20.3469 -5.74796 2
    endloop
  endfacet
  facet normal 0.741447 -0.0197434 -0.670721
    outer loop
      vertex -26.2466 0.198467 1.99786
      vertex -26.2418 0.306027 2
      vertex -26.2435 0.242185 2
    endloop
  endfacet
  facet normal 0.754052 -0.0199263 -0.656513
    outer loop
      vertex -28 0 -0.00999928
      vertex -26.2466 0.128663 2
      vertex -26.25 0 2
    endloop
  endfacet
  facet normal 0.75407 -0.0205903 -0.656471
    outer loop
      vertex -26.2466 0.198467 1.99786
      vertex -28 0 -0.00999928
      vertex -26.2418 0.306027 2
    endloop
  endfacet
  facet normal 0.754055 -0.0201266 -0.656503
    outer loop
      vertex -26.2466 0.128663 2
      vertex -28 0 -0.00999928
      vertex -26.2466 0.198467 1.99786
    endloop
  endfacet
  facet normal 0.741254 -0.139792 -0.656507
    outer loop
      vertex -27.8305 1.58537 -0.00999928
      vertex -26.1768 0.914615 2
      vertex -27.9045 1.19298 -0.00999928
    endloop
  endfacet
  facet normal 0.0801709 -0.750044 -0.656511
    outer loop
      vertex -21.4928 7.42518 0
      vertex -21.0556 5.72132 2
      vertex -21.2632 5.69913 2
    endloop
  endfacet
  facet normal 0.0800068 -0.750064 -0.656508
    outer loop
      vertex -21.4928 7.42518 0
      vertex -21.2632 5.69913 2
      vertex -21.4943 7.42502 0
    endloop
  endfacet
  facet normal 0.0800337 -0.746981 -0.660011
    outer loop
      vertex -20.9957 5.7286 1.999
      vertex -20.9588 5.73167 2
      vertex -20.9798 5.72942 2
    endloop
  endfacet
  facet normal 0.0801966 -0.75004 -0.656512
    outer loop
      vertex -21.0556 5.72132 2
      vertex -21.4928 7.42518 0
      vertex -20.9957 5.7286 1.999
    endloop
  endfacet
  facet normal 0.0801934 -0.750041 -0.656512
    outer loop
      vertex -20.9957 5.7286 1.999
      vertex -21.4928 7.42518 0
      vertex -20.9588 5.73167 2
    endloop
  endfacet
  facet normal 0.481554 0.580594 -0.656518
    outer loop
      vertex -25.4319 -5.6387 0
      vertex -24.1827 -4.41327 2
      vertex -24.0508 -4.52267 2
    endloop
  endfacet
  facet normal 0.475652 0.573924 -0.666609
    outer loop
      vertex -24.2381 -4.36911 1.99845
      vertex -24.2864 -4.32728 2
      vertex -24.2579 -4.3509 2
    endloop
  endfacet
  facet normal 0.481329 0.580799 -0.656502
    outer loop
      vertex -24.1827 -4.41327 2
      vertex -25.4319 -5.6387 0
      vertex -24.2381 -4.36911 1.99845
    endloop
  endfacet
  facet normal 0.481671 0.5805 -0.656516
    outer loop
      vertex -25.4319 -5.6387 0
      vertex -24.2864 -4.32728 2
      vertex -24.2381 -4.36911 1.99845
    endloop
  endfacet
  facet normal 0.474273 0.586729 -0.656364
    outer loop
      vertex -24.2864 -4.32728 2
      vertex -25.4319 -5.6387 0
      vertex -25.4331 -5.63773 0
    endloop
  endfacet
  facet normal 0.593521 -0.46551 -0.656532
    outer loop
      vertex -26.5124 4.46876 0
      vertex -25.0114 3.56182 2
      vertex -25.0567 3.50694 1.99796
    endloop
  endfacet
  facet normal 0.593375 -0.465727 -0.656509
    outer loop
      vertex -26.5124 4.46876 0
      vertex -25.0801 3.47434 2
      vertex -25.1156 3.42911 2
    endloop
  endfacet
  facet normal 0.593195 -0.465972 -0.656498
    outer loop
      vertex -25.0114 3.56182 2
      vertex -26.5124 4.46876 0
      vertex -24.9265 3.6699 2
    endloop
  endfacet
  facet normal 0.592757 -0.466556 -0.656479
    outer loop
      vertex -25.0801 3.47434 2
      vertex -26.5124 4.46876 0
      vertex -25.0567 3.50694 1.99796
    endloop
  endfacet
  facet normal 0.603371 -0.452528 -0.656629
    outer loop
      vertex -26.5124 4.46876 0
      vertex -25.1156 3.42911 2
      vertex -26.5133 4.46756 0
    endloop
  endfacet
  facet normal 0.617806 -0.432917 -0.656428
    outer loop
      vertex -26.5142 4.46632 0
      vertex -25.2766 3.19989 2
      vertex -25.2878 3.18421 1.9998
    endloop
  endfacet
  facet normal 0.689441 -0.486144 -0.536968
    outer loop
      vertex -25.2916 3.1786 2
      vertex -25.2878 3.18421 1.9998
      vertex -25.2894 3.18172 2
    endloop
  endfacet
  facet normal 0.617272 -0.433561 -0.656506
    outer loop
      vertex -25.2766 3.19989 2
      vertex -26.5142 4.46632 0
      vertex -25.1156 3.42911 2
    endloop
  endfacet
  facet normal 0.612988 -0.438642 -0.657144
    outer loop
      vertex -26.5142 4.46632 0
      vertex -25.2878 3.18421 1.9998
      vertex -25.2916 3.1786 2
    endloop
  endfacet
  facet normal 0.610399 -0.443031 -0.65661
    outer loop
      vertex -25.1156 3.42911 2
      vertex -26.5142 4.46632 0
      vertex -26.5133 4.46756 0
    endloop
  endfacet
  facet normal -0.120011 -0.744709 -0.65651
    outer loop
      vertex -19.5057 7.42502 0
      vertex -19.4346 5.65043 2
      vertex -19.7368 5.69913 2
    endloop
  endfacet
  facet normal -0.119163 -0.744771 -0.656595
    outer loop
      vertex -19.4346 5.65043 2
      vertex -19.5057 7.42502 0
      vertex -19.5042 7.42478 0
    endloop
  endfacet
  facet normal 0.481329 -0.580799 -0.656502
    outer loop
      vertex -25.4319 5.6387 0
      vertex -24.1827 4.41327 2
      vertex -24.2381 4.36911 1.99845
    endloop
  endfacet
  facet normal 0.475652 -0.573924 -0.666609
    outer loop
      vertex -24.2864 4.32728 2
      vertex -24.2381 4.36911 1.99845
      vertex -24.2579 4.3509 2
    endloop
  endfacet
  facet normal 0.481554 -0.580594 -0.656518
    outer loop
      vertex -24.1827 4.41327 2
      vertex -25.4319 5.6387 0
      vertex -24.0508 4.52267 2
    endloop
  endfacet
  facet normal 0.481671 -0.5805 -0.656516
    outer loop
      vertex -24.2864 4.32728 2
      vertex -25.4319 5.6387 0
      vertex -24.2381 4.36911 1.99845
    endloop
  endfacet
  facet normal 0.474273 -0.586729 -0.656364
    outer loop
      vertex -25.4319 5.6387 0
      vertex -24.2864 4.32728 2
      vertex -25.4331 5.63773 0
    endloop
  endfacet
  facet normal 0.0401732 -0.753247 -0.65651
    outer loop
      vertex -21.0962 7.46749 0
      vertex -20.9588 5.73167 2
      vertex -21.0977 7.46741 0
    endloop
  endfacet
  facet normal 0.0401388 -0.753249 -0.65651
    outer loop
      vertex -20.9588 5.73167 2
      vertex -21.0962 7.46749 0
      vertex -20.6531 5.74796 2
    endloop
  endfacet
  facet normal -0.159471 -0.737263 -0.656515
    outer loop
      vertex -19.1119 7.36158 0
      vertex -18.7236 7.27759 0
      vertex -19.4346 5.65043 2
    endloop
  endfacet
  facet normal -0.0802066 -0.750038 -0.656514
    outer loop
      vertex -19.5072 7.42518 0
      vertex -19.8783 5.71425 2
      vertex -20.0412 5.73167 2
    endloop
  endfacet
  facet normal -0.0800792 -0.750058 -0.656507
    outer loop
      vertex -19.8783 5.71425 2
      vertex -19.5072 7.42518 0
      vertex -19.8069 5.70808 1.99834
    endloop
  endfacet
  facet normal -0.080011 -0.748727 -0.658032
    outer loop
      vertex -19.8069 5.70808 1.99834
      vertex -19.7368 5.69913 2
      vertex -19.7776 5.70349 2
    endloop
  endfacet
  facet normal -0.0802146 -0.750039 -0.656511
    outer loop
      vertex -19.5072 7.42518 0
      vertex -19.7368 5.69913 2
      vertex -19.8069 5.70808 1.99834
    endloop
  endfacet
  facet normal -0.0800068 -0.750064 -0.656508
    outer loop
      vertex -19.7368 5.69913 2
      vertex -19.5072 7.42518 0
      vertex -19.5057 7.42502 0
    endloop
  endfacet
  facet normal 0.194265 -0.728494 -0.65693
    outer loop
      vertex -22.2779 7.27727 0
      vertex -22.16 5.50518 2
      vertex -22.2794 7.27687 0
    endloop
  endfacet
  facet normal 0.198419 -0.727749 -0.656515
    outer loop
      vertex -22.16 5.50518 2
      vertex -22.2779 7.27727 0
      vertex -21.8646 5.58572 2
    endloop
  endfacet
  facet normal 0.0401491 0.753247 -0.656511
    outer loop
      vertex -20.6531 -5.74796 2
      vertex -20.6994 -7.48864 0
      vertex -21.0962 -7.46749 0
    endloop
  endfacet
  facet normal -0.382944 -0.649884 -0.65651
    outer loop
      vertex -16.8688 6.55233 0
      vertex -16.5265 6.35063 0
      vertex -17.4501 4.87447 2
    endloop
  endfacet
  facet normal -0.736978 -0.149388 -0.659201
    outer loop
      vertex -13.178 1.58353 0
      vertex -14.9526 1.51284 2
      vertex -13.1783 1.58501 0
    endloop
  endfacet
  facet normal -0.732749 -0.179128 -0.6565
    outer loop
      vertex -14.9526 1.51284 2
      vertex -13.178 1.58353 0
      vertex -14.8799 1.21545 2
    endloop
  endfacet
  facet normal -0.739602 -0.14792 -0.656588
    outer loop
      vertex -13.1777 1.58203 0
      vertex -14.8799 1.21545 2
      vertex -13.178 1.58353 0
    endloop
  endfacet
  facet normal -0.741347 -0.139333 -0.656499
    outer loop
      vertex -14.8729 1.18254 1.99908
      vertex -14.8799 1.21545 2
      vertex -13.1777 1.58203 0
    endloop
  endfacet
  facet normal -0.707765 -0.131137 -0.69417
    outer loop
      vertex -14.8799 1.21545 2
      vertex -14.8729 1.18254 1.99908
      vertex -14.8764 1.19656 2
    endloop
  endfacet
  facet normal -0.741411 -0.139026 -0.656492
    outer loop
      vertex -13.1777 1.58203 0
      vertex -14.863 1.1254 2
      vertex -14.8729 1.18254 1.99908
    endloop
  endfacet
  facet normal -0.741204 -0.139953 -0.656529
    outer loop
      vertex -14.863 1.1254 2
      vertex -13.1777 1.58203 0
      vertex -14.8232 0.914615 2
    endloop
  endfacet
  facet normal 0 0 -1
    outer loop
      vertex -16.275 -3.90029 2
      vertex -16.0699 -3.6654 2
      vertex -16.0735 -3.6699 2
    endloop
  endfacet
  facet normal 0 0 -1
    outer loop
      vertex -16.0699 -3.6654 2
      vertex -16.275 -3.90029 2
      vertex -16.3079 -3.93407 2
    endloop
  endfacet
  facet normal 0 0 -1
    outer loop
      vertex -19.0717 -5.56836 2
      vertex -19.1354 -5.58572 2
      vertex -19.3719 -5.63687 2
    endloop
  endfacet
  facet normal 0 0 -1
    outer loop
      vertex -22.173 -5.50085 2
      vertex -22.4506 -5.40903 2
      vertex -22.5022 -5.38884 2
    endloop
  endfacet
  facet normal 0 0 -1
    outer loop
      vertex -14.75 0 2
      vertex -14.7581 -0.306027 2
      vertex -14.7624 -0.359205 2
    endloop
  endfacet
  facet normal -0 -0 -1
    outer loop
      vertex -14.7581 0.306027 2
      vertex -14.75 0 2
      vertex -14.7624 0.359205 2
    endloop
  endfacet
  facet normal -0 -0 -1
    outer loop
      vertex -18.5494 5.40903 2
      vertex -18.308 5.31463 2
      vertex -18.608 5.42842 2
    endloop
  endfacet
  facet normal 0 -0 -1
    outer loop
      vertex -23.805 4.70524 2
      vertex -23.6588 4.80223 2
      vertex -23.8796 4.64984 2
    endloop
  endfacet
  facet normal 0 0 -1
    outer loop
      vertex -15.6431 -3.07421 2
      vertex -15.7084 -3.1786 2
      vertex -15.7857 -3.28863 2
    endloop
  endfacet
  facet normal 0 0 -1
    outer loop
      vertex -22.9485 -5.201 2
      vertex -23.0145 -5.17104 2
      vertex -23.2104 -5.06928 2
    endloop
  endfacet
  facet normal -0 -0 -1
    outer loop
      vertex -15.7084 3.1786 2
      vertex -15.6431 3.07421 2
      vertex -15.7857 3.28863 2
    endloop
  endfacet
  facet normal 0 0 -1
    outer loop
      vertex -19.8783 -5.71425 2
      vertex -20.0412 -5.73167 2
      vertex -20.1411 -5.73699 2
    endloop
  endfacet
  facet normal 0 0 -1
    outer loop
      vertex -14.9891 -1.63402 2
      vertex -15.041 -1.80594 2
      vertex -15.0717 -1.89111 2
    endloop
  endfacet
  facet normal 0 0 -1
    outer loop
      vertex -26.1688 0.956934 2
      vertex -26.2174 0.611187 2
      vertex -26.1768 0.914615 2
    endloop
  endfacet
  facet normal 0 -0 -1
    outer loop
      vertex -26.2174 0.611187 2
      vertex -26.1688 0.956934 2
      vertex -26.2182 0.601671 2
    endloop
  endfacet
  facet normal 0 0 -1
    outer loop
      vertex -25.2894 3.18172 2
      vertex -25.4539 2.91908 2
      vertex -25.2916 3.1786 2
    endloop
  endfacet
  facet normal 0 -0 -1
    outer loop
      vertex -25.4539 2.91908 2
      vertex -25.2894 3.18172 2
      vertex -25.4778 2.87603 2
    endloop
  endfacet
  facet normal 0 0 -1
    outer loop
      vertex -25.4539 -2.91908 2
      vertex -25.2894 -3.18172 2
      vertex -25.2916 -3.1786 2
    endloop
  endfacet
  facet normal 0 0 -1
    outer loop
      vertex -25.2894 -3.18172 2
      vertex -25.4539 -2.91908 2
      vertex -25.4778 -2.87603 2
    endloop
  endfacet
  facet normal 0 0 -1
    outer loop
      vertex -26.0957 -1.31499 2
      vertex -26.1201 -1.21545 2
      vertex -26.1497 -1.05804 2
    endloop
  endfacet
  facet normal -0 -0 -1
    outer loop
      vertex -20.0412 5.73167 2
      vertex -19.8783 5.71425 2
      vertex -20.1411 5.73699 2
    endloop
  endfacet
  facet normal -0 -0 -1
    outer loop
      vertex -15.8844 3.42911 2
      vertex -15.8501 3.38033 2
      vertex -16.0506 3.6408 2
    endloop
  endfacet
  facet normal 0 0 -1
    outer loop
      vertex -20.9588 -5.73167 2
      vertex -20.622 -5.74796 2
      vertex -20.6531 -5.74796 2
    endloop
  endfacet
  facet normal 0 0 -1
    outer loop
      vertex -20.622 -5.74796 2
      vertex -20.9588 -5.73167 2
      vertex -20.9798 -5.72942 2
    endloop
  endfacet
  facet normal 0 -0 -1
    outer loop
      vertex -26.2466 0.128663 2
      vertex -26.2466 -0.128663 2
      vertex -26.25 0 2
    endloop
  endfacet
  facet normal -0 -0 -1
    outer loop
      vertex -16.7136 4.32728 2
      vertex -16.6538 4.27208 2
      vertex -16.866 4.45368 2
    endloop
  endfacet
  facet normal 0 0 -1
    outer loop
      vertex -21.8145 5.59656 2
      vertex -22.16 5.50518 2
      vertex -21.8646 5.58572 2
    endloop
  endfacet
  facet normal 0 -0 -1
    outer loop
      vertex -22.16 5.50518 2
      vertex -21.8145 5.59656 2
      vertex -22.1618 5.50458 2
    endloop
  endfacet
  facet normal 0 -0 -1
    outer loop
      vertex -21.5654 5.65043 2
      vertex -21.4543 5.66833 2
      vertex -21.7088 5.61942 2
    endloop
  endfacet
  facet normal 0 0 -1
    outer loop
      vertex -16.0699 3.6654 2
      vertex -16.275 3.90029 2
      vertex -16.0735 3.6699 2
    endloop
  endfacet
  facet normal -0 -0 -1
    outer loop
      vertex -16.275 3.90029 2
      vertex -16.0699 3.6654 2
      vertex -16.3079 3.93407 2
    endloop
  endfacet
  facet normal 0 0 -1
    outer loop
      vertex -23.2708 5.03786 2
      vertex -23.5499 4.87447 2
      vertex -23.2862 5.02989 2
    endloop
  endfacet
  facet normal 0 -0 -1
    outer loop
      vertex -23.5499 4.87447 2
      vertex -23.2708 5.03786 2
      vertex -23.5791 4.85511 2
    endloop
  endfacet
  facet normal 0 0 -1
    outer loop
      vertex -24.5114 -4.11963 2
      vertex -24.2579 -4.3509 2
      vertex -24.2864 -4.32728 2
    endloop
  endfacet
  facet normal 0 0 -1
    outer loop
      vertex -24.2579 -4.3509 2
      vertex -24.5114 -4.11963 2
      vertex -24.5221 -4.10863 2
    endloop
  endfacet
  facet normal 0 0 -1
    outer loop
      vertex -23.5499 -4.87447 2
      vertex -23.2708 -5.03786 2
      vertex -23.2862 -5.02989 2
    endloop
  endfacet
  facet normal 0 0 -1
    outer loop
      vertex -23.2708 -5.03786 2
      vertex -23.5499 -4.87447 2
      vertex -23.5791 -4.85511 2
    endloop
  endfacet
  facet normal 0 0 -1
    outer loop
      vertex -25.0801 -3.47434 2
      vertex -25.1156 -3.42911 2
      vertex -25.2766 -3.19989 2
    endloop
  endfacet
  facet normal 0 0 -1
    outer loop
      vertex -19.7368 -5.69913 2
      vertex -19.4234 -5.64801 2
      vertex -19.4346 -5.65043 2
    endloop
  endfacet
  facet normal 0 0 -1
    outer loop
      vertex -19.4234 -5.64801 2
      vertex -19.7368 -5.69913 2
      vertex -19.7776 -5.70349 2
    endloop
  endfacet
  facet normal 0 0 -1
    outer loop
      vertex -18.2643 -5.29754 2
      vertex -17.9454 -5.15024 2
      vertex -17.9855 -5.17104 2
    endloop
  endfacet
  facet normal 0 0 -1
    outer loop
      vertex -17.9454 -5.15024 2
      vertex -18.2643 -5.29754 2
      vertex -18.2714 -5.30032 2
    endloop
  endfacet
  facet normal 0 0 -1
    outer loop
      vertex -14.9526 -1.51284 2
      vertex -14.8764 -1.19656 2
      vertex -14.8799 -1.21545 2
    endloop
  endfacet
  facet normal 0 0 -1
    outer loop
      vertex -14.8764 -1.19656 2
      vertex -14.9526 -1.51284 2
      vertex -14.9621 -1.54445 2
    endloop
  endfacet
  facet normal -0 -0 -1
    outer loop
      vertex -17.4501 4.87447 2
      vertex -17.2892 4.76772 2
      vertex -17.5222 4.91694 2
    endloop
  endfacet
  facet normal 0 0 -1
    outer loop
      vertex -22.6049 -5.34869 2
      vertex -22.7357 -5.29754 2
      vertex -22.843 -5.24888 2
    endloop
  endfacet
  facet normal -0 -0 -1
    outer loop
      vertex -15.5461 2.91908 2
      vertex -15.4325 2.71406 2
      vertex -15.5822 2.97686 2
    endloop
  endfacet
  facet normal 0 -0 -1
    outer loop
      vertex -25.1156 3.42911 2
      vertex -25.0801 3.47434 2
      vertex -25.2766 3.19989 2
    endloop
  endfacet
  facet normal -0 -0 -1
    outer loop
      vertex -19.1354 5.58572 2
      vertex -19.0717 5.56836 2
      vertex -19.3719 5.63687 2
    endloop
  endfacet
  facet normal 0 -0 -1
    outer loop
      vertex -26.1201 1.21545 2
      vertex -26.0957 1.31499 2
      vertex -26.1497 1.05804 2
    endloop
  endfacet
  facet normal 0 0 -1
    outer loop
      vertex -15.1117 -2.00208 2
      vertex -15.1448 -2.09392 2
      vertex -15.21 -2.24831 2
    endloop
  endfacet
  facet normal 0 0 -1
    outer loop
      vertex -17.9454 5.15024 2
      vertex -18.2643 5.29754 2
      vertex -17.9855 5.17104 2
    endloop
  endfacet
  facet normal -0 -0 -1
    outer loop
      vertex -18.2643 5.29754 2
      vertex -17.9454 5.15024 2
      vertex -18.2714 5.30032 2
    endloop
  endfacet
  facet normal 0 0 -1
    outer loop
      vertex -15.3977 -2.65128 2
      vertex -15.2487 -2.34 2
      vertex -15.2638 -2.37597 2
    endloop
  endfacet
  facet normal 0 0 -1
    outer loop
      vertex -15.2487 -2.34 2
      vertex -15.3977 -2.65128 2
      vertex -15.4042 -2.66302 2
    endloop
  endfacet
  facet normal 0 0 -1
    outer loop
      vertex -15.2487 2.34 2
      vertex -15.3977 2.65128 2
      vertex -15.2638 2.37597 2
    endloop
  endfacet
  facet normal -0 -0 -1
    outer loop
      vertex -15.3977 2.65128 2
      vertex -15.2487 2.34 2
      vertex -15.4042 2.66302 2
    endloop
  endfacet
  facet normal 0 0 -1
    outer loop
      vertex -17.195 -4.70524 2
      vertex -16.9299 -4.50665 2
      vertex -16.9492 -4.52267 2
    endloop
  endfacet
  facet normal 0 0 -1
    outer loop
      vertex -16.9299 -4.50665 2
      vertex -17.195 -4.70524 2
      vertex -17.2175 -4.7202 2
    endloop
  endfacet
  facet normal 0 0 -1
    outer loop
      vertex -26.2219 -0.555401 2
      vertex -26.2418 -0.306027 2
      vertex -26.2435 -0.242185 2
    endloop
  endfacet
  facet normal -0 -0 -1
    outer loop
      vertex -15.041 1.80594 2
      vertex -14.9891 1.63402 2
      vertex -15.0717 1.89111 2
    endloop
  endfacet
  facet normal 0 0 -1
    outer loop
      vertex -18.308 -5.31463 2
      vertex -18.5494 -5.40903 2
      vertex -18.608 -5.42842 2
    endloop
  endfacet
  facet normal 0 -0 -1
    outer loop
      vertex -25.7361 2.37597 2
      vertex -25.7015 2.44715 2
      vertex -25.8152 2.18872 2
    endloop
  endfacet
  facet normal -0 -0 -1
    outer loop
      vertex -18.84 5.50518 2
      vertex -18.7151 5.46385 2
      vertex -18.9615 5.5383 2
    endloop
  endfacet
  facet normal 0 -0 -1
    outer loop
      vertex -26.0474 1.51284 2
      vertex -25.993 1.69322 2
      vertex -26.0678 1.42938 2
    endloop
  endfacet
  facet normal 0 0 -1
    outer loop
      vertex -14.8764 1.19656 2
      vertex -14.9526 1.51284 2
      vertex -14.8799 1.21545 2
    endloop
  endfacet
  facet normal -0 -0 -1
    outer loop
      vertex -14.9526 1.51284 2
      vertex -14.8764 1.19656 2
      vertex -14.9621 1.54445 2
    endloop
  endfacet
  facet normal 0 0 -1
    outer loop
      vertex -24.2579 4.3509 2
      vertex -24.5114 4.11963 2
      vertex -24.2864 4.32728 2
    endloop
  endfacet
  facet normal 0 -0 -1
    outer loop
      vertex -24.5114 4.11963 2
      vertex -24.2579 4.3509 2
      vertex -24.5221 4.10863 2
    endloop
  endfacet
  facet normal 0 -0 -1
    outer loop
      vertex -24.725 3.90029 2
      vertex -24.5664 4.06312 2
      vertex -24.7713 3.84737 2
    endloop
  endfacet
  facet normal 0 0 -1
    outer loop
      vertex -18.7151 -5.46385 2
      vertex -18.84 -5.50518 2
      vertex -18.9615 -5.5383 2
    endloop
  endfacet
  facet normal 0 0 -1
    outer loop
      vertex -17.2892 -4.76772 2
      vertex -17.4501 -4.87447 2
      vertex -17.5222 -4.91694 2
    endloop
  endfacet
  facet normal -0 -0 -1
    outer loop
      vertex -14.7826 0.611187 2
      vertex -14.7711 0.46809 2
      vertex -14.7979 0.725296 2
    endloop
  endfacet
  facet normal 0 0 -1
    outer loop
      vertex -25.5296 -2.78246 2
      vertex -25.6023 -2.65128 2
      vertex -25.6504 -2.55238 2
    endloop
  endfacet
  facet normal 0 -0 -1
    outer loop
      vertex -25.6023 2.65128 2
      vertex -25.5296 2.78246 2
      vertex -25.6504 2.55238 2
    endloop
  endfacet
  facet normal 0 0 -1
    outer loop
      vertex -16.9299 4.50665 2
      vertex -17.195 4.70524 2
      vertex -16.9492 4.52267 2
    endloop
  endfacet
  facet normal -0 -0 -1
    outer loop
      vertex -17.195 4.70524 2
      vertex -16.9299 4.50665 2
      vertex -17.2175 4.7202 2
    endloop
  endfacet
  facet normal 0 -0 -1
    outer loop
      vertex -22.4506 5.40903 2
      vertex -22.173 5.50085 2
      vertex -22.5022 5.38884 2
    endloop
  endfacet
  facet normal 0 0 -1
    outer loop
      vertex -23.9743 -4.57948 2
      vertex -24.0508 -4.52267 2
      vertex -24.1827 -4.41327 2
    endloop
  endfacet
  facet normal -0 -0 -1
    outer loop
      vertex -17.7138 5.02989 2
      vertex -17.6234 4.9766 2
      vertex -17.8529 5.10215 2
    endloop
  endfacet
  facet normal 0 0 -1
    outer loop
      vertex -25.959 -1.80594 2
      vertex -25.8462 -2.11524 2
      vertex -25.8552 -2.09392 2
    endloop
  endfacet
  facet normal 0 0 -1
    outer loop
      vertex -25.8462 -2.11524 2
      vertex -25.959 -1.80594 2
      vertex -25.9674 -1.77813 2
    endloop
  endfacet
  facet normal -0 -0 -1
    outer loop
      vertex -20.3469 5.74796 2
      vertex -20.2588 5.74327 2
      vertex -20.5309 5.74796 2
    endloop
  endfacet
  facet normal 0 0 -1
    outer loop
      vertex -17.6234 -4.9766 2
      vertex -17.7138 -5.02989 2
      vertex -17.8529 -5.10215 2
    endloop
  endfacet
  facet normal 0 -0 -1
    outer loop
      vertex -21.2632 5.69913 2
      vertex -21.0556 5.72132 2
      vertex -21.3391 5.68689 2
    endloop
  endfacet
  facet normal -0 -0 -1
    outer loop
      vertex -15.1448 2.09392 2
      vertex -15.1117 2.00208 2
      vertex -15.21 2.24831 2
    endloop
  endfacet
  facet normal -0 -0 -1
    outer loop
      vertex -16.4886 4.11963 2
      vertex -16.3817 4.00981 2
      vertex -16.5676 4.19251 2
    endloop
  endfacet
  facet normal 0 0 -1
    outer loop
      vertex -21.0556 -5.72132 2
      vertex -21.2632 -5.69913 2
      vertex -21.3391 -5.68689 2
    endloop
  endfacet
  facet normal 0 0 -1
    outer loop
      vertex -26.2174 -0.611187 2
      vertex -26.1688 -0.956934 2
      vertex -26.1768 -0.914615 2
    endloop
  endfacet
  facet normal 0 0 -1
    outer loop
      vertex -26.1688 -0.956934 2
      vertex -26.2174 -0.611187 2
      vertex -26.2182 -0.601671 2
    endloop
  endfacet
  facet normal 0 0 -1
    outer loop
      vertex -25.8462 2.11524 2
      vertex -25.959 1.80594 2
      vertex -25.8552 2.09392 2
    endloop
  endfacet
  facet normal 0 -0 -1
    outer loop
      vertex -25.959 1.80594 2
      vertex -25.8462 2.11524 2
      vertex -25.9674 1.77813 2
    endloop
  endfacet
  facet normal 0 0 -1
    outer loop
      vertex -16.3817 -4.00981 2
      vertex -16.4886 -4.11963 2
      vertex -16.5676 -4.19251 2
    endloop
  endfacet
  facet normal 0 0 -1
    outer loop
      vertex -22.16 -5.50518 2
      vertex -21.8145 -5.59656 2
      vertex -21.8646 -5.58572 2
    endloop
  endfacet
  facet normal 0 0 -1
    outer loop
      vertex -21.8145 -5.59656 2
      vertex -22.16 -5.50518 2
      vertex -22.1618 -5.50458 2
    endloop
  endfacet
  facet normal 0 0 -1
    outer loop
      vertex -23.6588 -4.80223 2
      vertex -23.805 -4.70524 2
      vertex -23.8796 -4.64984 2
    endloop
  endfacet
  facet normal -0 -0 -1
    outer loop
      vertex -14.8232 0.914615 2
      vertex -14.8133 0.840576 2
      vertex -14.863 1.1254 2
    endloop
  endfacet
  facet normal 0 0 -1
    outer loop
      vertex -14.8133 -0.840576 2
      vertex -14.8232 -0.914615 2
      vertex -14.863 -1.1254 2
    endloop
  endfacet
  facet normal 0 0 -1
    outer loop
      vertex -25.7015 -2.44715 2
      vertex -25.7361 -2.37597 2
      vertex -25.8152 -2.18872 2
    endloop
  endfacet
  facet normal 0 0 -1
    outer loop
      vertex -14.7711 -0.46809 2
      vertex -14.7826 -0.611187 2
      vertex -14.7979 -0.725296 2
    endloop
  endfacet
  facet normal 0 0 -1
    outer loop
      vertex -21.4543 -5.66833 2
      vertex -21.5654 -5.65043 2
      vertex -21.7088 -5.61942 2
    endloop
  endfacet
  facet normal 0 0 -1
    outer loop
      vertex -16.6538 -4.27208 2
      vertex -16.7136 -4.32728 2
      vertex -16.866 -4.45368 2
    endloop
  endfacet
  facet normal 0 0 -1
    outer loop
      vertex -15.4325 -2.71406 2
      vertex -15.5461 -2.91908 2
      vertex -15.5822 -2.97686 2
    endloop
  endfacet
  facet normal 0 0 -1
    outer loop
      vertex -20.2588 -5.74327 2
      vertex -20.3469 -5.74796 2
      vertex -20.5309 -5.74796 2
    endloop
  endfacet
  facet normal 0 -0 -1
    outer loop
      vertex -26.2418 0.306027 2
      vertex -26.2219 0.555401 2
      vertex -26.2435 0.242185 2
    endloop
  endfacet
  facet normal -0 0 -1
    outer loop
      vertex -20.622 5.74796 2
      vertex -20.9588 5.73167 2
      vertex -20.6531 5.74796 2
    endloop
  endfacet
  facet normal 0 -0 -1
    outer loop
      vertex -20.9588 5.73167 2
      vertex -20.622 5.74796 2
      vertex -20.9798 5.72942 2
    endloop
  endfacet
  facet normal 0 -0 -1
    outer loop
      vertex -24.9265 3.6699 2
      vertex -24.8472 3.76054 2
      vertex -25.0114 3.56182 2
    endloop
  endfacet
  facet normal 0 0 -1
    outer loop
      vertex -19.4234 5.64801 2
      vertex -19.7368 5.69913 2
      vertex -19.4346 5.65043 2
    endloop
  endfacet
  facet normal -0 -0 -1
    outer loop
      vertex -19.7368 5.69913 2
      vertex -19.4234 5.64801 2
      vertex -19.7776 5.70349 2
    endloop
  endfacet
  facet normal 0 -0 -1
    outer loop
      vertex -24.0508 4.52267 2
      vertex -23.9743 4.57948 2
      vertex -24.1827 4.41327 2
    endloop
  endfacet
  facet normal 0 0 -1
    outer loop
      vertex -24.8472 -3.76054 2
      vertex -24.9265 -3.6699 2
      vertex -25.0114 -3.56182 2
    endloop
  endfacet
  facet normal 0 0 -1
    outer loop
      vertex -15.8501 -3.38033 2
      vertex -15.8844 -3.42911 2
      vertex -16.0506 -3.6408 2
    endloop
  endfacet
  facet normal 0 -0 -1
    outer loop
      vertex -22.7357 5.29754 2
      vertex -22.6049 5.34869 2
      vertex -22.843 5.24888 2
    endloop
  endfacet
  facet normal 0 0 -1
    outer loop
      vertex -25.993 -1.69322 2
      vertex -26.0474 -1.51284 2
      vertex -26.0678 -1.42938 2
    endloop
  endfacet
  facet normal 0 -0 -1
    outer loop
      vertex -23.0145 5.17104 2
      vertex -22.9485 5.201 2
      vertex -23.2104 5.06928 2
    endloop
  endfacet
  facet normal 0 0 -1
    outer loop
      vertex -24.5664 -4.06312 2
      vertex -24.725 -3.90029 2
      vertex -24.7713 -3.84737 2
    endloop
  endfacet
  facet normal -0.409447 -0.633668 -0.656368
    outer loop
      vertex -17.195 4.70524 2
      vertex -16.1954 6.13099 0
      vertex -16.1941 6.13015 0
    endloop
  endfacet
  facet normal -0.420448 -0.632359 -0.65065
    outer loop
      vertex -17.2336 4.73216 1.99878
      vertex -17.195 4.70524 2
      vertex -17.2175 4.7202 2
    endloop
  endfacet
  facet normal -0.417423 -0.628286 -0.656517
    outer loop
      vertex -17.195 4.70524 2
      vertex -17.2336 4.73216 1.99878
      vertex -16.1954 6.13099 0
    endloop
  endfacet
  facet normal -0.416602 -0.628858 -0.656491
    outer loop
      vertex -17.2892 4.76772 2
      vertex -16.1954 6.13099 0
      vertex -17.2336 4.73216 1.99878
    endloop
  endfacet
  facet normal -0.41702 -0.628557 -0.656514
    outer loop
      vertex -16.1954 6.13099 0
      vertex -17.2892 4.76772 2
      vertex -17.4501 4.87447 2
    endloop
  endfacet
  facet normal 0.741254 0.139792 -0.656507
    outer loop
      vertex -26.1768 -0.914615 2
      vertex -27.8305 -1.58537 -0.00999928
      vertex -27.9045 -1.19298 -0.00999928
    endloop
  endfacet
  facet normal 0.746178 0.141058 -0.650632
    outer loop
      vertex -26.1645 -0.987614 1.99828
      vertex -26.1768 -0.914615 2
      vertex -26.1688 -0.956934 2
    endloop
  endfacet
  facet normal 0.741338 0.139404 -0.656494
    outer loop
      vertex -27.8305 -1.58537 -0.00999928
      vertex -26.1497 -1.05804 2
      vertex -26.1201 -1.21545 2
    endloop
  endfacet
  facet normal 0.7411 0.140342 -0.656563
    outer loop
      vertex -26.1645 -0.987614 1.99828
      vertex -27.8305 -1.58537 -0.00999928
      vertex -26.1768 -0.914615 2
    endloop
  endfacet
  facet normal 0.741257 0.139741 -0.656514
    outer loop
      vertex -26.1497 -1.05804 2
      vertex -27.8305 -1.58537 -0.00999928
      vertex -26.1645 -0.987614 1.99828
    endloop
  endfacet
  facet normal 0.671624 -0.343165 -0.656627
    outer loop
      vertex -25.6023 2.65128 2
      vertex -27.1481 3.45281 0
      vertex -27.1474 3.45418 0
    endloop
  endfacet
  facet normal 0.678345 -0.329913 -0.65651
    outer loop
      vertex -25.6504 2.55238 2
      vertex -27.1481 3.45281 0
      vertex -25.6023 2.65128 2
    endloop
  endfacet
  facet normal 0.678373 -0.32986 -0.656508
    outer loop
      vertex -25.6806 2.49483 1.99771
      vertex -27.1481 3.45281 0
      vertex -25.6504 2.55238 2
    endloop
  endfacet
  facet normal 0.678808 -0.329076 -0.656451
    outer loop
      vertex -25.7015 2.44715 2
      vertex -27.1481 3.45281 0
      vertex -25.6806 2.49483 1.99771
    endloop
  endfacet
  facet normal 0.678411 -0.32977 -0.656513
    outer loop
      vertex -27.1481 3.45281 0
      vertex -25.7015 2.44715 2
      vertex -25.7361 2.37597 2
    endloop
  endfacet
  facet normal 0.593348 -0.465739 -0.656525
    outer loop
      vertex -26.2671 4.78127 0
      vertex -24.9265 3.6699 2
      vertex -26.5124 4.46876 0
    endloop
  endfacet
  facet normal 0.722177 -0.217805 -0.656522
    outer loop
      vertex -27.6205 2.35557 -0.00999928
      vertex -25.959 1.80594 2
      vertex -27.7358 1.97327 -0.00999928
    endloop
  endfacet
  facet normal -0.610399 0.443031 -0.65661
    outer loop
      vertex -15.8844 -3.42911 2
      vertex -14.4858 -4.46632 0
      vertex -14.4867 -4.46756 0
    endloop
  endfacet
  facet normal -0.617228 0.433625 -0.656505
    outer loop
      vertex -14.4858 -4.46632 0
      vertex -15.7857 -3.28863 2
      vertex -15.7084 -3.1786 2
    endloop
  endfacet
  facet normal -0.617259 0.433585 -0.656502
    outer loop
      vertex -14.4858 -4.46632 0
      vertex -15.8249 -3.34757 1.99793
      vertex -15.7857 -3.28863 2
    endloop
  endfacet
  facet normal -0.61738 0.433426 -0.656494
    outer loop
      vertex -14.4858 -4.46632 0
      vertex -15.8501 -3.38033 2
      vertex -15.8249 -3.34757 1.99793
    endloop
  endfacet
  facet normal -0.617044 0.433879 -0.65651
    outer loop
      vertex -14.4858 -4.46632 0
      vertex -15.8844 -3.42911 2
      vertex -15.8501 -3.38033 2
    endloop
  endfacet
  facet normal 0.236877 -0.716153 -0.656517
    outer loop
      vertex -22.6627 7.17233 0
      vertex -22.173 5.50085 2
      vertex -22.4506 5.40903 2
    endloop
  endfacet
  facet normal 0.24488 -0.714232 -0.655672
    outer loop
      vertex -22.6627 7.17233 0
      vertex -22.4506 5.40903 2
      vertex -22.6641 7.17185 0
    endloop
  endfacet
  facet normal 0.244266 -0.732798 -0.635092
    outer loop
      vertex -22.1632 5.5042 1.9999
      vertex -22.16 5.50518 2
      vertex -22.1618 5.50458 2
    endloop
  endfacet
  facet normal 0.237989 -0.715803 -0.656497
    outer loop
      vertex -22.173 5.50085 2
      vertex -22.6627 7.17233 0
      vertex -22.1632 5.5042 1.9999
    endloop
  endfacet
  facet normal 0.239574 -0.715297 -0.656471
    outer loop
      vertex -22.1632 5.5042 1.9999
      vertex -22.6627 7.17233 0
      vertex -22.16 5.50518 2
    endloop
  endfacet
  facet normal -0.119163 0.744771 -0.656595
    outer loop
      vertex -19.5057 -7.42502 0
      vertex -19.4346 -5.65043 2
      vertex -19.5042 -7.42478 0
    endloop
  endfacet
  facet normal -0.120011 0.744709 -0.65651
    outer loop
      vertex -19.4346 -5.65043 2
      vertex -19.5057 -7.42502 0
      vertex -19.7368 -5.69913 2
    endloop
  endfacet
  facet normal 0.388136 0.646893 -0.656415
    outer loop
      vertex -24.1312 -6.55233 0
      vertex -23.2862 -5.02989 2
      vertex -24.1299 -6.55311 0
    endloop
  endfacet
  facet normal 0.383011 0.649852 -0.656502
    outer loop
      vertex -23.2862 -5.02989 2
      vertex -24.1312 -6.55233 0
      vertex -23.5499 -4.87447 2
    endloop
  endfacet
  facet normal 0.722309 0.217257 -0.656559
    outer loop
      vertex -27.7358 -1.97327 -0.00999928
      vertex -25.993 -1.69322 2
      vertex -25.9747 -1.75796 1.99871
    endloop
  endfacet
  facet normal 0.712896 0.21533 -0.667392
    outer loop
      vertex -25.959 -1.80594 2
      vertex -25.9747 -1.75796 1.99871
      vertex -25.9674 -1.77813 2
    endloop
  endfacet
  facet normal 0.722179 0.217799 -0.656522
    outer loop
      vertex -25.993 -1.69322 2
      vertex -27.7358 -1.97327 -0.00999928
      vertex -26.0474 -1.51284 2
    endloop
  endfacet
  facet normal 0.722009 0.218606 -0.656441
    outer loop
      vertex -27.7358 -1.97327 -0.00999928
      vertex -25.9747 -1.75796 1.99871
      vertex -25.959 -1.80594 2
    endloop
  endfacet
  facet normal 0.709352 0.256538 -0.656512
    outer loop
      vertex -25.959 -1.80594 2
      vertex -27.5904 -2.41321 0
      vertex -27.6205 -2.35557 -0.00999928
    endloop
  endfacet
  facet normal 0.709599 0.255862 -0.656509
    outer loop
      vertex -27.5904 -2.41321 0
      vertex -25.959 -1.80594 2
      vertex -27.4774 -2.7266 0
    endloop
  endfacet
  facet normal 0.707516 0.255142 -0.659033
    outer loop
      vertex -27.6205 -2.35557 -0.00999928
      vertex -27.5904 -2.41321 0
      vertex -27.5875 -2.44708 -0.00999928
    endloop
  endfacet
  facet normal 0.19848 0.727736 -0.65651
    outer loop
      vertex -22.16 -5.50518 2
      vertex -22.2794 -7.27687 0
      vertex -22.6627 -7.17233 0
    endloop
  endfacet
  facet normal 0.694948 0.293319 -0.656514
    outer loop
      vertex -25.7361 -2.37597 2
      vertex -27.3218 -3.09549 0
      vertex -27.4763 -2.72944 0
    endloop
  endfacet
  facet normal 0.416787 -0.628625 -0.656597
    outer loop
      vertex -23.6011 4.84208 1.99851
      vertex -23.5499 4.87447 2
      vertex -23.5791 4.85511 2
    endloop
  endfacet
  facet normal 0.417 -0.628574 -0.656511
    outer loop
      vertex -24.8046 6.13099 0
      vertex -23.6588 4.80223 2
      vertex -23.805 4.70524 2
    endloop
  endfacet
  facet normal 0.416834 -0.628704 -0.656491
    outer loop
      vertex -23.6011 4.84208 1.99851
      vertex -24.8046 6.13099 0
      vertex -23.5499 4.87447 2
    endloop
  endfacet
  facet normal 0.417109 -0.628492 -0.656519
    outer loop
      vertex -23.6588 4.80223 2
      vertex -24.8046 6.13099 0
      vertex -23.6011 4.84208 1.99851
    endloop
  endfacet
  facet normal 0.409447 -0.633668 -0.656368
    outer loop
      vertex -24.8046 6.13099 0
      vertex -23.805 4.70524 2
      vertex -24.8059 6.13015 0
    endloop
  endfacet
  facet normal 0.659856 0.36549 -0.656511
    outer loop
      vertex -27.1474 -3.45418 0
      vertex -25.5296 -2.78246 2
      vertex -25.4961 -2.8463 1.99813
    endloop
  endfacet
  facet normal 0.669733 0.371814 -0.642816
    outer loop
      vertex -25.4539 -2.91908 2
      vertex -25.4961 -2.8463 1.99813
      vertex -25.4778 -2.87603 2
    endloop
  endfacet
  facet normal 0.659778 0.365649 -0.656501
    outer loop
      vertex -25.5296 -2.78246 2
      vertex -27.1474 -3.45418 0
      vertex -25.6023 -2.65128 2
    endloop
  endfacet
  facet normal 0.659765 0.365684 -0.656495
    outer loop
      vertex -25.4539 -2.91908 2
      vertex -27.1474 -3.45418 0
      vertex -25.4961 -2.8463 1.99813
    endloop
  endfacet
  facet normal 0.666327 0.350698 -0.658042
    outer loop
      vertex -27.1474 -3.45418 0
      vertex -25.4539 -2.91908 2
      vertex -27.1467 -3.45551 0
    endloop
  endfacet
  facet normal 0.567618 -0.496775 -0.656525
    outer loop
      vertex -26.0054 5.08029 0
      vertex -24.9265 3.6699 2
      vertex -26.2671 4.78127 0
    endloop
  endfacet
  facet normal 0.0401388 0.753249 -0.65651
    outer loop
      vertex -21.0962 -7.46749 0
      vertex -20.9588 -5.73167 2
      vertex -20.6531 -5.74796 2
    endloop
  endfacet
  facet normal 0.0401732 0.753247 -0.65651
    outer loop
      vertex -20.9588 -5.73167 2
      vertex -21.0962 -7.46749 0
      vertex -21.0977 -7.46741 0
    endloop
  endfacet
  facet normal 0.481507 0.580641 -0.656511
    outer loop
      vertex -24.0508 -4.52267 2
      vertex -25.1261 -5.89229 0
      vertex -25.4319 -5.6387 0
    endloop
  endfacet
  facet normal 0.593348 0.465739 -0.656525
    outer loop
      vertex -24.9265 -3.6699 2
      vertex -26.2671 -4.78127 0
      vertex -26.5124 -4.46876 0
    endloop
  endfacet
  facet normal 0.567618 0.496775 -0.656525
    outer loop
      vertex -24.9265 -3.6699 2
      vertex -26.0054 -5.08029 0
      vertex -26.2671 -4.78127 0
    endloop
  endfacet
  facet normal -0.347734 0.669385 -0.65651
    outer loop
      vertex -16.8714 -6.55381 0
      vertex -17.8529 -5.10215 2
      vertex -17.7138 -5.02989 2
    endloop
  endfacet
  facet normal -0.35758 0.664076 -0.656612
    outer loop
      vertex -16.8714 -6.55381 0
      vertex -17.7138 -5.02989 2
      vertex -16.8701 -6.55311 0
    endloop
  endfacet
  facet normal -0.350559 0.675837 -0.648347
    outer loop
      vertex -17.9161 -5.13674 1.99823
      vertex -17.9855 -5.17104 2
      vertex -17.9454 -5.15024 2
    endloop
  endfacet
  facet normal -0.347916 0.669278 -0.656522
    outer loop
      vertex -17.8529 -5.10215 2
      vertex -16.8714 -6.55381 0
      vertex -17.9161 -5.13674 1.99823
    endloop
  endfacet
  facet normal -0.347615 0.669461 -0.656495
    outer loop
      vertex -17.9161 -5.13674 1.99823
      vertex -16.8714 -6.55381 0
      vertex -17.9855 -5.17104 2
    endloop
  endfacet
  facet normal 0.344811 -0.66626 -0.661213
    outer loop
      vertex -23.2862 5.02989 2
      vertex -23.2596 5.04449 1.99916
      vertex -23.2708 5.03786 2
    endloop
  endfacet
  facet normal 0.35758 -0.664076 -0.656612
    outer loop
      vertex -24.1286 6.55381 0
      vertex -23.2862 5.02989 2
      vertex -24.1299 6.55311 0
    endloop
  endfacet
  facet normal 0.348321 -0.669057 -0.656532
    outer loop
      vertex -24.1286 6.55381 0
      vertex -23.2104 5.06928 2
      vertex -23.2596 5.04449 1.99916
    endloop
  endfacet
  facet normal 0.346915 -0.669821 -0.656498
    outer loop
      vertex -23.2862 5.02989 2
      vertex -24.1286 6.55381 0
      vertex -23.2596 5.04449 1.99916
    endloop
  endfacet
  facet normal 0.347717 -0.669397 -0.656507
    outer loop
      vertex -23.2104 5.06928 2
      vertex -24.1286 6.55381 0
      vertex -23.0145 5.17104 2
    endloop
  endfacet
  facet normal 0.567714 0.496696 -0.656501
    outer loop
      vertex -26.0054 -5.08029 0
      vertex -24.7713 -3.84737 2
      vertex -24.725 -3.90029 2
    endloop
  endfacet
  facet normal 0.567628 0.496771 -0.65652
    outer loop
      vertex -26.0054 -5.08029 0
      vertex -24.8472 -3.76054 2
      vertex -24.8039 -3.81295 1.99778
    endloop
  endfacet
  facet normal 0.567063 0.497423 -0.656513
    outer loop
      vertex -26.0054 -5.08029 0
      vertex -24.725 -3.90029 2
      vertex -26.0044 -5.08143 0
    endloop
  endfacet
  facet normal 0.568376 0.495982 -0.656469
    outer loop
      vertex -24.7713 -3.84737 2
      vertex -26.0054 -5.08029 0
      vertex -24.8039 -3.81295 1.99778
    endloop
  endfacet
  facet normal 0.567712 0.496685 -0.656512
    outer loop
      vertex -24.8472 -3.76054 2
      vertex -26.0054 -5.08029 0
      vertex -24.9265 -3.6699 2
    endloop
  endfacet
  facet normal 0.547666 0.532729 -0.645183
    outer loop
      vertex -24.5114 -4.11963 2
      vertex -24.5306 -4.1008 1.99925
      vertex -24.5221 -4.10863 2
    endloop
  endfacet
  facet normal 0.540297 0.526407 -0.656486
    outer loop
      vertex -26.0033 -5.08252 0
      vertex -24.5664 -4.06312 2
      vertex -24.5306 -4.1008 1.99925
    endloop
  endfacet
  facet normal 0.541036 0.525515 -0.656593
    outer loop
      vertex -26.0033 -5.08252 0
      vertex -24.5306 -4.1008 1.99925
      vertex -24.5114 -4.11963 2
    endloop
  endfacet
  facet normal 0.540365 0.526327 -0.656494
    outer loop
      vertex -24.5664 -4.06312 2
      vertex -26.0033 -5.08252 0
      vertex -24.725 -3.90029 2
    endloop
  endfacet
  facet normal 0.531092 0.535965 -0.656264
    outer loop
      vertex -24.725 -3.90029 2
      vertex -26.0033 -5.08252 0
      vertex -26.0044 -5.08143 0
    endloop
  endfacet
  facet normal -0.236666 0.715247 -0.657579
    outer loop
      vertex -18.5494 -5.40903 2
      vertex -18.6478 -5.44352 1.9979
      vertex -18.608 -5.42842 2
    endloop
  endfacet
  facet normal -0.24488 0.714232 -0.655672
    outer loop
      vertex -18.3373 -7.17233 0
      vertex -18.5494 -5.40903 2
      vertex -18.3359 -7.17185 0
    endloop
  endfacet
  facet normal -0.236826 0.716169 -0.656517
    outer loop
      vertex -18.3373 -7.17233 0
      vertex -18.7151 -5.46385 2
      vertex -18.6478 -5.44352 1.9979
    endloop
  endfacet
  facet normal -0.236997 0.716124 -0.656505
    outer loop
      vertex -18.5494 -5.40903 2
      vertex -18.3373 -7.17233 0
      vertex -18.6478 -5.44352 1.9979
    endloop
  endfacet
  facet normal -0.23697 0.716129 -0.656509
    outer loop
      vertex -18.7151 -5.46385 2
      vertex -18.3373 -7.17233 0
      vertex -18.84 -5.50518 2
    endloop
  endfacet
  facet normal -0.198381 0.727756 -0.656519
    outer loop
      vertex -18.7221 -7.27727 0
      vertex -18.9615 -5.5383 2
      vertex -18.84 -5.50518 2
    endloop
  endfacet
  facet normal -0.194265 0.728494 -0.65693
    outer loop
      vertex -18.7221 -7.27727 0
      vertex -18.84 -5.50518 2
      vertex -18.7206 -7.27687 0
    endloop
  endfacet
  facet normal -0.199369 0.731556 -0.65198
    outer loop
      vertex -19.0278 -5.55833 1.99783
      vertex -19.1354 -5.58572 2
      vertex -19.0717 -5.56836 2
    endloop
  endfacet
  facet normal -0.198376 0.727757 -0.656519
    outer loop
      vertex -18.9615 -5.5383 2
      vertex -18.7221 -7.27727 0
      vertex -19.0278 -5.55833 1.99783
    endloop
  endfacet
  facet normal -0.198487 0.727731 -0.656514
    outer loop
      vertex -19.0278 -5.55833 1.99783
      vertex -18.7221 -7.27727 0
      vertex -19.1354 -5.58572 2
    endloop
  endfacet
  facet normal 0.159434 0.737275 -0.656511
    outer loop
      vertex -22.2764 -7.27759 0
      vertex -21.7088 -5.61942 2
      vertex -21.5654 -5.65043 2
    endloop
  endfacet
  facet normal 0.159454 0.737269 -0.656512
    outer loop
      vertex -21.7088 -5.61942 2
      vertex -22.2764 -7.27759 0
      vertex -21.7795 -5.60583 1.99809
    endloop
  endfacet
  facet normal 0.159667 0.737942 -0.655704
    outer loop
      vertex -21.7795 -5.60583 1.99809
      vertex -21.8646 -5.58572 2
      vertex -21.8145 -5.59656 2
    endloop
  endfacet
  facet normal 0.159487 0.737261 -0.656513
    outer loop
      vertex -22.2764 -7.27759 0
      vertex -21.8646 -5.58572 2
      vertex -21.7795 -5.60583 1.99809
    endloop
  endfacet
  facet normal 0.157384 0.737739 -0.656484
    outer loop
      vertex -21.8646 -5.58572 2
      vertex -22.2764 -7.27759 0
      vertex -22.2779 -7.27727 0
    endloop
  endfacet
  facet normal 0.274656 0.702538 -0.656509
    outer loop
      vertex -22.4506 -5.40903 2
      vertex -23.0413 -7.04706 0
      vertex -23.4114 -6.90237 0
    endloop
  endfacet
  facet normal 0.712713 0.300864 -0.633657
    outer loop
      vertex -25.8403 -2.13147 1.99893
      vertex -25.8552 -2.09392 2
      vertex -25.8462 -2.11524 2
    endloop
  endfacet
  facet normal 0.694877 0.293537 -0.656492
    outer loop
      vertex -27.4769 -2.72803 0
      vertex -25.8152 -2.18872 2
      vertex -25.7361 -2.37597 2
    endloop
  endfacet
  facet normal 0.694553 0.294308 -0.65649
    outer loop
      vertex -25.8403 -2.13147 1.99893
      vertex -27.4769 -2.72803 0
      vertex -25.8552 -2.09392 2
    endloop
  endfacet
  facet normal 0.695252 0.292547 -0.656537
    outer loop
      vertex -25.8152 -2.18872 2
      vertex -27.4769 -2.72803 0
      vertex -25.8403 -2.13147 1.99893
    endloop
  endfacet
  facet normal 0.694263 0.295431 -0.656292
    outer loop
      vertex -27.4769 -2.72803 0
      vertex -25.7361 -2.37597 2
      vertex -27.4763 -2.72944 0
    endloop
  endfacet
  facet normal 0.274656 -0.702538 -0.656509
    outer loop
      vertex -23.0413 7.04706 0
      vertex -22.4506 5.40903 2
      vertex -23.4114 6.90237 0
    endloop
  endfacet
  facet normal 0.313515 -0.690655 -0.651693
    outer loop
      vertex -23.0145 5.17104 2
      vertex -22.905 5.22286 1.99776
      vertex -22.9485 5.201 2
    endloop
  endfacet
  facet normal 0.30946 -0.687689 -0.656748
    outer loop
      vertex -23.4128 6.90182 0
      vertex -23.0145 5.17104 2
      vertex -23.4142 6.90119 0
    endloop
  endfacet
  facet normal 0.311954 -0.686802 -0.656497
    outer loop
      vertex -23.4128 6.90182 0
      vertex -22.843 5.24888 2
      vertex -22.905 5.22286 1.99776
    endloop
  endfacet
  facet normal 0.311649 -0.68692 -0.656518
    outer loop
      vertex -23.0145 5.17104 2
      vertex -23.4128 6.90182 0
      vertex -22.905 5.22286 1.99776
    endloop
  endfacet
  facet normal 0.311538 -0.686971 -0.656518
    outer loop
      vertex -22.843 5.24888 2
      vertex -23.4128 6.90182 0
      vertex -22.7357 5.29754 2
    endloop
  endfacet
  facet normal 0.593195 0.465972 -0.656498
    outer loop
      vertex -26.5124 -4.46876 0
      vertex -25.0114 -3.56182 2
      vertex -24.9265 -3.6699 2
    endloop
  endfacet
  facet normal 0.592757 0.466556 -0.656479
    outer loop
      vertex -26.5124 -4.46876 0
      vertex -25.0801 -3.47434 2
      vertex -25.0567 -3.50694 1.99796
    endloop
  endfacet
  facet normal 0.593521 0.46551 -0.656532
    outer loop
      vertex -25.0114 -3.56182 2
      vertex -26.5124 -4.46876 0
      vertex -25.0567 -3.50694 1.99796
    endloop
  endfacet
  facet normal 0.593375 0.465727 -0.656509
    outer loop
      vertex -25.0801 -3.47434 2
      vertex -26.5124 -4.46876 0
      vertex -25.1156 -3.42911 2
    endloop
  endfacet
  facet normal 0.603371 0.452528 -0.656629
    outer loop
      vertex -25.1156 -3.42911 2
      vertex -26.5124 -4.46876 0
      vertex -26.5133 -4.46756 0
    endloop
  endfacet
  facet normal 0.382944 -0.649884 -0.65651
    outer loop
      vertex -24.1312 6.55233 0
      vertex -23.5499 4.87447 2
      vertex -24.4735 6.35063 0
    endloop
  endfacet
  facet normal 0.511579 -0.554323 -0.656516
    outer loop
      vertex -25.4342 5.6367 0
      vertex -24.2864 4.32728 2
      vertex -24.5114 4.11963 2
    endloop
  endfacet
  facet normal 0.515619 -0.550661 -0.656437
    outer loop
      vertex -24.2864 4.32728 2
      vertex -25.4342 5.6367 0
      vertex -25.4331 5.63773 0
    endloop
  endfacet
  facet normal -0.801153 0.59846 0
    outer loop
      vertex -32.0506 -5.54444 0
      vertex -31.8123 -5.22543 4
      vertex -31.8123 -5.22543 0
    endloop
  endfacet
  facet normal -0.801153 0.59846 0
    outer loop
      vertex -31.8123 -5.22543 4
      vertex -32.0506 -5.54444 0
      vertex -32.0506 -5.54444 4
    endloop
  endfacet
  facet normal -0.9978 -0.0662988 0
    outer loop
      vertex -30.1488 0.3981 0
      vertex -30.1752 0.795421 4
      vertex -30.1752 0.795421 0
    endloop
  endfacet
  facet normal -0.9978 -0.0662988 0
    outer loop
      vertex -30.1752 0.795421 4
      vertex -30.1488 0.3981 0
      vertex -30.1488 0.3981 4
    endloop
  endfacet
  facet normal -0.999756 -0.0220996 0
    outer loop
      vertex -30.14 0 0
      vertex -30.1488 0.3981 4
      vertex -30.1488 0.3981 0
    endloop
  endfacet
  facet normal -0.999756 -0.0220996 0
    outer loop
      vertex -30.1488 0.3981 4
      vertex -30.14 0 0
      vertex -30.14 0 4
    endloop
  endfacet
  facet normal -0.993876 -0.110498 0
    outer loop
      vertex -30.1752 0.795421 0
      vertex -30.2192 1.19118 4
      vertex -30.2192 1.19118 0
    endloop
  endfacet
  facet normal -0.993876 -0.110498 0
    outer loop
      vertex -30.2192 1.19118 4
      vertex -30.1752 0.795421 0
      vertex -30.1752 0.795421 4
    endloop
  endfacet
  facet normal -0.650306 0.759672 0
    outer loop
      vertex -33.1376 -6.70604 0
      vertex -33.3878 -6.92022 4
      vertex -33.1376 -6.70604 4
    endloop
  endfacet
  facet normal -0.650306 0.759672 0
    outer loop
      vertex -33.3878 -6.92022 4
      vertex -33.1376 -6.70604 0
      vertex -33.3878 -6.92022 0
    endloop
  endfacet
  facet normal -0.970564 0.240845 0
    outer loop
      vertex -30.4553 -2.36141 0
      vertex -30.3594 -1.97495 4
      vertex -30.3594 -1.97495 0
    endloop
  endfacet
  facet normal -0.970564 0.240845 0
    outer loop
      vertex -30.3594 -1.97495 4
      vertex -30.4553 -2.36141 0
      vertex -30.4553 -2.36141 4
    endloop
  endfacet
  facet normal -0.988041 -0.154193 0
    outer loop
      vertex -30.2192 1.19118 0
      vertex -30.2806 1.58462 4
      vertex -30.2806 1.58462 0
    endloop
  endfacet
  facet normal -0.988041 -0.154193 0
    outer loop
      vertex -30.2806 1.58462 4
      vertex -30.2192 1.19118 0
      vertex -30.2192 1.19118 4
    endloop
  endfacet
  facet normal -0.826915 -0.562327 0
    outer loop
      vertex -31.5884 4.89618 0
      vertex -31.8123 5.22543 4
      vertex -31.8123 5.22543 0
    endloop
  endfacet
  facet normal -0.826915 -0.562327 0
    outer loop
      vertex -31.8123 5.22543 4
      vertex -31.5884 4.89618 0
      vertex -31.5884 4.89618 4
    endloop
  endfacet
  facet normal -0.980225 0.197888 0
    outer loop
      vertex -30.3594 -1.97495 0
      vertex -30.2806 -1.58462 4
      vertex -30.2806 -1.58462 0
    endloop
  endfacet
  facet normal -0.980225 0.197888 0
    outer loop
      vertex -30.2806 -1.58462 4
      vertex -30.3594 -1.97495 0
      vertex -30.3594 -1.97495 4
    endloop
  endfacet
  facet normal -0.958892 -0.28377 0
    outer loop
      vertex -30.4553 2.36141 0
      vertex -30.5683 2.74325 4
      vertex -30.5683 2.74325 0
    endloop
  endfacet
  facet normal -0.958892 -0.28377 0
    outer loop
      vertex -30.5683 2.74325 4
      vertex -30.4553 2.36141 0
      vertex -30.4553 2.36141 4
    endloop
  endfacet
  facet normal -0.930068 -0.367387 0
    outer loop
      vertex -30.698 3.11972 0
      vertex -30.8443 3.49009 4
      vertex -30.8443 3.49009 0
    endloop
  endfacet
  facet normal -0.930068 -0.367387 0
    outer loop
      vertex -30.8443 3.49009 4
      vertex -30.698 3.11972 0
      vertex -30.698 3.11972 4
    endloop
  endfacet
  facet normal -0.999756 0.0220996 0
    outer loop
      vertex -30.1488 -0.3981 0
      vertex -30.14 0 4
      vertex -30.14 0 0
    endloop
  endfacet
  facet normal -0.999756 0.0220996 0
    outer loop
      vertex -30.14 0 4
      vertex -30.1488 -0.3981 0
      vertex -30.1488 -0.3981 4
    endloop
  endfacet
  facet normal -0.980225 -0.197888 0
    outer loop
      vertex -30.2806 1.58462 0
      vertex -30.3594 1.97495 4
      vertex -30.3594 1.97495 0
    endloop
  endfacet
  facet normal -0.980225 -0.197888 0
    outer loop
      vertex -30.3594 1.97495 4
      vertex -30.2806 1.58462 0
      vertex -30.2806 1.58462 4
    endloop
  endfacet
  facet normal -0.945464 0.325728 0
    outer loop
      vertex -30.698 -3.11972 0
      vertex -30.5683 -2.74325 4
      vertex -30.5683 -2.74325 0
    endloop
  endfacet
  facet normal -0.945464 0.325728 0
    outer loop
      vertex -30.5683 -2.74325 4
      vertex -30.698 -3.11972 0
      vertex -30.698 -3.11972 4
    endloop
  endfacet
  facet normal -0.650306 -0.759672 0
    outer loop
      vertex -33.3878 6.92022 0
      vertex -33.1376 6.70604 4
      vertex -33.3878 6.92022 4
    endloop
  endfacet
  facet normal -0.650306 -0.759672 -0
    outer loop
      vertex -33.1376 6.70604 4
      vertex -33.3878 6.92022 0
      vertex -33.1376 6.70604 0
    endloop
  endfacet
  facet normal -0.773872 0.633342 0
    outer loop
      vertex -32.3028 -5.8526 0
      vertex -32.0506 -5.54444 4
      vertex -32.0506 -5.54444 0
    endloop
  endfacet
  facet normal -0.773872 0.633342 0
    outer loop
      vertex -32.0506 -5.54444 4
      vertex -32.3028 -5.8526 0
      vertex -32.3028 -5.8526 4
    endloop
  endfacet
  facet normal -0.988041 0.154193 0
    outer loop
      vertex -30.2806 -1.58462 0
      vertex -30.2192 -1.19118 4
      vertex -30.2192 -1.19118 0
    endloop
  endfacet
  facet normal -0.988041 0.154193 0
    outer loop
      vertex -30.2192 -1.19118 4
      vertex -30.2806 -1.58462 0
      vertex -30.2806 -1.58462 4
    endloop
  endfacet
  facet normal -0.745077 -0.666978 0
    outer loop
      vertex -32.3028 5.8526 0
      vertex -32.5684 6.1493 4
      vertex -32.5684 6.1493 0
    endloop
  endfacet
  facet normal -0.745077 -0.666978 0
    outer loop
      vertex -32.5684 6.1493 4
      vertex -32.3028 5.8526 0
      vertex -32.3028 5.8526 4
    endloop
  endfacet
  facet normal -0.873297 0.487188 0
    outer loop
      vertex -31.3792 -4.55736 0
      vertex -31.1852 -4.20961 4
      vertex -31.1852 -4.20961 0
    endloop
  endfacet
  facet normal -0.873297 0.487188 0
    outer loop
      vertex -31.1852 -4.20961 4
      vertex -31.3792 -4.55736 0
      vertex -31.3792 -4.55736 4
    endloop
  endfacet
  facet normal -0.773872 -0.633342 0
    outer loop
      vertex -32.0506 5.54444 0
      vertex -32.3028 5.8526 4
      vertex -32.3028 5.8526 0
    endloop
  endfacet
  facet normal -0.773872 -0.633342 0
    outer loop
      vertex -32.3028 5.8526 4
      vertex -32.0506 5.54444 0
      vertex -32.0506 5.54444 4
    endloop
  endfacet
  facet normal -0.930068 0.367387 0
    outer loop
      vertex -30.8443 -3.49009 0
      vertex -30.698 -3.11972 4
      vertex -30.698 -3.11972 0
    endloop
  endfacet
  facet normal -0.930068 0.367387 0
    outer loop
      vertex -30.698 -3.11972 4
      vertex -30.8443 -3.49009 0
      vertex -30.8443 -3.49009 4
    endloop
  endfacet
  facet normal -0.801153 -0.59846 0
    outer loop
      vertex -31.8123 5.22543 0
      vertex -32.0506 5.54444 4
      vertex -32.0506 5.54444 0
    endloop
  endfacet
  facet normal -0.801153 -0.59846 0
    outer loop
      vertex -32.0506 5.54444 4
      vertex -31.8123 5.22543 0
      vertex -31.8123 5.22543 4
    endloop
  endfacet
  facet normal -0.89402 -0.448027 0
    outer loop
      vertex -31.0068 3.85362 0
      vertex -31.1852 4.20961 4
      vertex -31.1852 4.20961 0
    endloop
  endfacet
  facet normal -0.89402 -0.448027 0
    outer loop
      vertex -31.1852 4.20961 4
      vertex -31.0068 3.85362 0
      vertex -31.0068 3.85362 4
    endloop
  endfacet
  facet normal -0.945464 -0.325728 0
    outer loop
      vertex -30.5683 2.74325 0
      vertex -30.698 3.11972 4
      vertex -30.698 3.11972 0
    endloop
  endfacet
  facet normal -0.945464 -0.325728 0
    outer loop
      vertex -30.698 3.11972 4
      vertex -30.5683 2.74325 0
      vertex -30.5683 2.74325 4
    endloop
  endfacet
  facet normal -0.9978 0.0662988 0
    outer loop
      vertex -30.1752 -0.795421 0
      vertex -30.1488 -0.3981 4
      vertex -30.1488 -0.3981 0
    endloop
  endfacet
  facet normal -0.9978 0.0662988 0
    outer loop
      vertex -30.1488 -0.3981 4
      vertex -30.1752 -0.795421 0
      vertex -30.1752 -0.795421 4
    endloop
  endfacet
  facet normal -0.993876 0.110498 0
    outer loop
      vertex -30.2192 -1.19118 0
      vertex -30.1752 -0.795421 4
      vertex -30.1752 -0.795421 0
    endloop
  endfacet
  facet normal -0.993876 0.110498 0
    outer loop
      vertex -30.1752 -0.795421 4
      vertex -30.2192 -1.19118 0
      vertex -30.2192 -1.19118 4
    endloop
  endfacet
  facet normal -0.970564 -0.240845 0
    outer loop
      vertex -30.3594 1.97495 0
      vertex -30.4553 2.36141 4
      vertex -30.4553 2.36141 0
    endloop
  endfacet
  facet normal -0.970564 -0.240845 0
    outer loop
      vertex -30.4553 2.36141 4
      vertex -30.3594 1.97495 0
      vertex -30.3594 1.97495 4
    endloop
  endfacet
  facet normal -0.745077 0.666978 0
    outer loop
      vertex -32.5684 -6.1493 0
      vertex -32.3028 -5.8526 4
      vertex -32.3028 -5.8526 0
    endloop
  endfacet
  facet normal -0.745077 0.666978 0
    outer loop
      vertex -32.3028 -5.8526 4
      vertex -32.5684 -6.1493 0
      vertex -32.5684 -6.1493 4
    endloop
  endfacet
  facet normal -0.912942 0.40809 0
    outer loop
      vertex -31.0068 -3.85362 0
      vertex -30.8443 -3.49009 4
      vertex -30.8443 -3.49009 0
    endloop
  endfacet
  facet normal -0.912942 0.40809 0
    outer loop
      vertex -30.8443 -3.49009 4
      vertex -31.0068 -3.85362 0
      vertex -31.0068 -3.85362 4
    endloop
  endfacet
  facet normal -0.826915 0.562327 0
    outer loop
      vertex -31.8123 -5.22543 0
      vertex -31.5884 -4.89618 4
      vertex -31.5884 -4.89618 0
    endloop
  endfacet
  facet normal -0.826915 0.562327 0
    outer loop
      vertex -31.5884 -4.89618 4
      vertex -31.8123 -5.22543 0
      vertex -31.8123 -5.22543 4
    endloop
  endfacet
  facet normal -0.873297 -0.487188 0
    outer loop
      vertex -31.1852 4.20961 0
      vertex -31.3792 4.55736 4
      vertex -31.3792 4.55736 0
    endloop
  endfacet
  facet normal -0.873297 -0.487188 0
    outer loop
      vertex -31.3792 4.55736 4
      vertex -31.1852 4.20961 0
      vertex -31.1852 4.20961 4
    endloop
  endfacet
  facet normal -0.89402 0.448027 0
    outer loop
      vertex -31.1852 -4.20961 0
      vertex -31.0068 -3.85362 4
      vertex -31.0068 -3.85362 0
    endloop
  endfacet
  facet normal -0.89402 0.448027 0
    outer loop
      vertex -31.0068 -3.85362 4
      vertex -31.1852 -4.20961 0
      vertex -31.1852 -4.20961 4
    endloop
  endfacet
  facet normal -0.683199 0.730232 0
    outer loop
      vertex -32.8468 -6.43397 0
      vertex -33.1376 -6.70604 4
      vertex -32.8468 -6.43397 4
    endloop
  endfacet
  facet normal -0.683199 0.730232 0
    outer loop
      vertex -33.1376 -6.70604 4
      vertex -32.8468 -6.43397 0
      vertex -33.1376 -6.70604 0
    endloop
  endfacet
  facet normal -0.912942 -0.40809 0
    outer loop
      vertex -30.8443 3.49009 0
      vertex -31.0068 3.85362 4
      vertex -31.0068 3.85362 0
    endloop
  endfacet
  facet normal -0.912942 -0.40809 0
    outer loop
      vertex -31.0068 3.85362 4
      vertex -30.8443 3.49009 0
      vertex -30.8443 3.49009 4
    endloop
  endfacet
  facet normal -0.850878 -0.525363 0
    outer loop
      vertex -31.3792 4.55736 0
      vertex -31.5884 4.89618 4
      vertex -31.5884 4.89618 0
    endloop
  endfacet
  facet normal -0.850878 -0.525363 0
    outer loop
      vertex -31.5884 4.89618 4
      vertex -31.3792 4.55736 0
      vertex -31.3792 4.55736 4
    endloop
  endfacet
  facet normal -0.683199 -0.730232 0
    outer loop
      vertex -33.1376 6.70604 0
      vertex -32.8468 6.43397 4
      vertex -33.1376 6.70604 4
    endloop
  endfacet
  facet normal -0.683199 -0.730232 -0
    outer loop
      vertex -32.8468 6.43397 4
      vertex -33.1376 6.70604 0
      vertex -32.8468 6.43397 0
    endloop
  endfacet
  facet normal -0.714936 -0.69919 0
    outer loop
      vertex -32.5684 6.1493 0
      vertex -32.8468 6.43397 4
      vertex -32.8468 6.43397 0
    endloop
  endfacet
  facet normal -0.714936 -0.69919 0
    outer loop
      vertex -32.8468 6.43397 4
      vertex -32.5684 6.1493 0
      vertex -32.5684 6.1493 4
    endloop
  endfacet
  facet normal -0.850878 0.525363 0
    outer loop
      vertex -31.5884 -4.89618 0
      vertex -31.3792 -4.55736 4
      vertex -31.3792 -4.55736 0
    endloop
  endfacet
  facet normal -0.850878 0.525363 0
    outer loop
      vertex -31.3792 -4.55736 4
      vertex -31.5884 -4.89618 0
      vertex -31.5884 -4.89618 4
    endloop
  endfacet
  facet normal -0.714936 0.69919 0
    outer loop
      vertex -32.8468 -6.43397 0
      vertex -32.5684 -6.1493 4
      vertex -32.5684 -6.1493 0
    endloop
  endfacet
  facet normal -0.714936 0.69919 0
    outer loop
      vertex -32.5684 -6.1493 4
      vertex -32.8468 -6.43397 0
      vertex -32.8468 -6.43397 4
    endloop
  endfacet
  facet normal -0.958892 0.28377 0
    outer loop
      vertex -30.5683 -2.74325 0
      vertex -30.4553 -2.36141 4
      vertex -30.4553 -2.36141 0
    endloop
  endfacet
  facet normal -0.958892 0.28377 0
    outer loop
      vertex -30.4553 -2.36141 4
      vertex -30.5683 -2.74325 0
      vertex -30.5683 -2.74325 4
    endloop
  endfacet
endsolid OpenSCAD_Model
