solid OpenSCAD_Model
  facet normal -0.98533 -0.170658 0
    outer loop
      vertex 14.2272 0.39897 0
      vertex 14.159 0.792738 2
      vertex 14.159 0.792738 0
    endloop
  endfacet
  facet normal -0.98533 -0.170658 0
    outer loop
      vertex 14.159 0.792738 2
      vertex 14.2272 0.39897 0
      vertex 14.2272 0.39897 2
    endloop
  endfacet
  facet normal -0.998371 -0.0570541 0
    outer loop
      vertex 14.25 0 0
      vertex 14.2272 0.39897 2
      vertex 14.2272 0.39897 0
    endloop
  endfacet
  facet normal -0.998371 -0.0570541 0
    outer loop
      vertex 14.2272 0.39897 2
      vertex 14.25 0 0
      vertex 14.25 0 2
    endloop
  endfacet
  facet normal -0.870754 -0.491718 0
    outer loop
      vertex 13.8909 1.54427 0
      vertex 13.6944 1.89224 2
      vertex 13.6944 1.89224 0
    endloop
  endfacet
  facet normal -0.870754 -0.491718 0
    outer loop
      vertex 13.6944 1.89224 2
      vertex 13.8909 1.54427 0
      vertex 13.8909 1.54427 2
    endloop
  endfacet
  facet normal 0.993483 0.113983 0
    outer loop
      vertex 7.30126 -0.596828 2
      vertex 7.25571 -0.19981 0
      vertex 7.25571 -0.19981 2
    endloop
  endfacet
  facet normal 0.993483 0.113983 0
    outer loop
      vertex 7.25571 -0.19981 0
      vertex 7.30126 -0.596828 2
      vertex 7.30126 -0.596828 0
    endloop
  endfacet
  facet normal -0.654883 0.75573 0
    outer loop
      vertex 13.1893 -2.50996 0
      vertex 12.8873 -2.77166 2
      vertex 13.1893 -2.50996 2
    endloop
  endfacet
  facet normal -0.654883 0.75573 0
    outer loop
      vertex 12.8873 -2.77166 2
      vertex 13.1893 -2.50996 0
      vertex 12.8873 -2.77166 0
    endloop
  endfacet
  facet normal -0.736761 -0.676153 0
    outer loop
      vertex 13.4595 2.21554 0
      vertex 13.1893 2.50996 2
      vertex 13.1893 2.50996 0
    endloop
  endfacet
  facet normal -0.736761 -0.676153 0
    outer loop
      vertex 13.1893 2.50996 2
      vertex 13.4595 2.21554 0
      vertex 13.4595 2.21554 2
    endloop
  endfacet
  facet normal 0.309012 -0.951058 0
    outer loop
      vertex 9.48017 3.26152 0
      vertex 9.86024 3.38501 2
      vertex 9.48017 3.26152 2
    endloop
  endfacet
  facet normal 0.309012 -0.951058 0
    outer loop
      vertex 9.86024 3.38501 2
      vertex 9.48017 3.26152 0
      vertex 9.86024 3.38501 0
    endloop
  endfacet
  facet normal 0.8974 0.441218 0
    outer loop
      vertex 7.70239 -1.72106 2
      vertex 7.52607 -1.36244 0
      vertex 7.52607 -1.36244 2
    endloop
  endfacet
  facet normal 0.8974 0.441218 0
    outer loop
      vertex 7.52607 -1.36244 0
      vertex 7.70239 -1.72106 2
      vertex 7.70239 -1.72106 0
    endloop
  endfacet
  facet normal 0.8974 -0.441218 0
    outer loop
      vertex 7.52607 1.36244 2
      vertex 7.70239 1.72106 0
      vertex 7.70239 1.72106 2
    endloop
  endfacet
  facet normal 0.8974 -0.441218 0
    outer loop
      vertex 7.70239 1.72106 0
      vertex 7.52607 1.36244 2
      vertex 7.52607 1.36244 0
    endloop
  endfacet
  facet normal -0.466706 -0.884412 0
    outer loop
      vertex 12.204 3.18371 0
      vertex 12.5574 2.99722 2
      vertex 12.204 3.18371 2
    endloop
  endfacet
  facet normal -0.466706 -0.884412 -0
    outer loop
      vertex 12.5574 2.99722 2
      vertex 12.204 3.18371 0
      vertex 12.5574 2.99722 0
    endloop
  endfacet
  facet normal -0.870754 0.491718 0
    outer loop
      vertex 13.6944 -1.89224 0
      vertex 13.8909 -1.54427 2
      vertex 13.8909 -1.54427 0
    endloop
  endfacet
  facet normal -0.870754 0.491718 0
    outer loop
      vertex 13.8909 -1.54427 2
      vertex 13.6944 -1.89224 0
      vertex 13.6944 -1.89224 2
    endloop
  endfacet
  facet normal -0.466706 0.884412 0
    outer loop
      vertex 12.5574 -2.99722 0
      vertex 12.204 -3.18371 2
      vertex 12.5574 -2.99722 2
    endloop
  endfacet
  facet normal -0.466706 0.884412 0
    outer loop
      vertex 12.204 -3.18371 2
      vertex 12.5574 -2.99722 0
      vertex 12.204 -3.18371 0
    endloop
  endfacet
  facet normal 0.774132 -0.633024 0
    outer loop
      vertex 7.91844 2.05725 2
      vertex 8.17141 2.36661 0
      vertex 8.17141 2.36661 2
    endloop
  endfacet
  facet normal 0.774132 -0.633024 0
    outer loop
      vertex 8.17141 2.36661 0
      vertex 7.91844 2.05725 2
      vertex 7.91844 2.05725 0
    endloop
  endfacet
  facet normal -0.98533 0.170658 0
    outer loop
      vertex 14.159 -0.792738 0
      vertex 14.2272 -0.39897 2
      vertex 14.2272 -0.39897 0
    endloop
  endfacet
  facet normal -0.98533 0.170658 0
    outer loop
      vertex 14.2272 -0.39897 2
      vertex 14.159 -0.792738 0
      vertex 14.159 -0.792738 2
    endloop
  endfacet
  facet normal 0.0855715 0.996332 -0
    outer loop
      vertex 10.6501 -3.49857 0
      vertex 10.2519 -3.46437 2
      vertex 10.6501 -3.49857 2
    endloop
  endfacet
  facet normal 0.0855715 0.996332 0
    outer loop
      vertex 10.2519 -3.46437 2
      vertex 10.6501 -3.49857 0
      vertex 10.2519 -3.46437 0
    endloop
  endfacet
  facet normal 0.610652 0.791899 -0
    outer loop
      vertex 8.77445 -2.88915 0
      vertex 8.45799 -2.64512 2
      vertex 8.77445 -2.88915 2
    endloop
  endfacet
  facet normal 0.610652 0.791899 0
    outer loop
      vertex 8.45799 -2.64512 2
      vertex 8.77445 -2.88915 0
      vertex 8.45799 -2.64512 0
    endloop
  endfacet
  facet normal -0.0285562 -0.999592 0
    outer loop
      vertex 10.6501 3.49857 0
      vertex 11.0495 3.48716 2
      vertex 10.6501 3.49857 2
    endloop
  endfacet
  facet normal -0.0285562 -0.999592 -0
    outer loop
      vertex 11.0495 3.48716 2
      vertex 10.6501 3.49857 0
      vertex 11.0495 3.48716 0
    endloop
  endfacet
  facet normal -0.736761 0.676153 0
    outer loop
      vertex 13.1893 -2.50996 0
      vertex 13.4595 -2.21554 2
      vertex 13.4595 -2.21554 0
    endloop
  endfacet
  facet normal -0.736761 0.676153 0
    outer loop
      vertex 13.4595 -2.21554 2
      vertex 13.1893 -2.50996 0
      vertex 13.1893 -2.50996 2
    endloop
  endfacet
  facet normal -0.959551 -0.281535 0
    outer loop
      vertex 14.159 0.792738 0
      vertex 14.0465 1.17617 2
      vertex 14.0465 1.17617 0
    endloop
  endfacet
  facet normal -0.959551 -0.281535 0
    outer loop
      vertex 14.0465 1.17617 2
      vertex 14.159 0.792738 0
      vertex 14.159 0.792738 2
    endloop
  endfacet
  facet normal -0.921088 -0.389354 0
    outer loop
      vertex 14.0465 1.17617 0
      vertex 13.8909 1.54427 2
      vertex 13.8909 1.54427 0
    endloop
  endfacet
  facet normal -0.921088 -0.389354 0
    outer loop
      vertex 13.8909 1.54427 2
      vertex 14.0465 1.17617 0
      vertex 14.0465 1.17617 2
    endloop
  endfacet
  facet normal 0.941837 0.336069 0
    outer loop
      vertex 7.52607 -1.36244 2
      vertex 7.39177 -0.986063 0
      vertex 7.39177 -0.986063 2
    endloop
  endfacet
  facet normal 0.941837 0.336069 0
    outer loop
      vertex 7.39177 -0.986063 0
      vertex 7.52607 -1.36244 2
      vertex 7.52607 -1.36244 0
    endloop
  endfacet
  facet normal -0.564409 -0.825495 0
    outer loop
      vertex 12.5574 2.99722 0
      vertex 12.8873 2.77166 2
      vertex 12.5574 2.99722 2
    endloop
  endfacet
  facet normal -0.564409 -0.825495 -0
    outer loop
      vertex 12.8873 2.77166 2
      vertex 12.5574 2.99722 0
      vertex 12.8873 2.77166 0
    endloop
  endfacet
  facet normal 0.309012 0.951058 -0
    outer loop
      vertex 9.86024 -3.38501 0
      vertex 9.48017 -3.26152 2
      vertex 9.86024 -3.38501 2
    endloop
  endfacet
  facet normal 0.309012 0.951058 0
    outer loop
      vertex 9.48017 -3.26152 2
      vertex 9.86024 -3.38501 0
      vertex 9.48017 -3.26152 0
    endloop
  endfacet
  facet normal 0.696938 -0.717132 0
    outer loop
      vertex 8.17141 2.36661 0
      vertex 8.45799 2.64512 2
      vertex 8.17141 2.36661 2
    endloop
  endfacet
  facet normal 0.696938 -0.717132 0
    outer loop
      vertex 8.45799 2.64512 2
      vertex 8.17141 2.36661 0
      vertex 8.45799 2.64512 0
    endloop
  endfacet
  facet normal 1 -0 0
    outer loop
      vertex 7.25571 -0.19981 2
      vertex 7.25571 0.19981 0
      vertex 7.25571 0.19981 2
    endloop
  endfacet
  facet normal 1 0 0
    outer loop
      vertex 7.25571 0.19981 0
      vertex 7.25571 -0.19981 2
      vertex 7.25571 -0.19981 0
    endloop
  endfacet
  facet normal -0.654883 -0.75573 0
    outer loop
      vertex 12.8873 2.77166 0
      vertex 13.1893 2.50996 2
      vertex 12.8873 2.77166 2
    endloop
  endfacet
  facet normal -0.654883 -0.75573 -0
    outer loop
      vertex 13.1893 2.50996 2
      vertex 12.8873 2.77166 0
      vertex 13.1893 2.50996 0
    endloop
  endfacet
  facet normal -0.998371 0.0570541 0
    outer loop
      vertex 14.2272 -0.39897 0
      vertex 14.25 0 2
      vertex 14.25 0 0
    endloop
  endfacet
  facet normal -0.998371 0.0570541 0
    outer loop
      vertex 14.25 0 2
      vertex 14.2272 -0.39897 0
      vertex 14.2272 -0.39897 2
    endloop
  endfacet
  facet normal -0.362811 0.931863 0
    outer loop
      vertex 12.204 -3.18371 0
      vertex 11.8316 -3.3287 2
      vertex 12.204 -3.18371 2
    endloop
  endfacet
  facet normal -0.362811 0.931863 0
    outer loop
      vertex 11.8316 -3.3287 2
      vertex 12.204 -3.18371 0
      vertex 11.8316 -3.3287 0
    endloop
  endfacet
  facet normal 0.774132 0.633024 0
    outer loop
      vertex 8.17141 -2.36661 2
      vertex 7.91844 -2.05725 0
      vertex 7.91844 -2.05725 2
    endloop
  endfacet
  facet normal 0.774132 0.633024 0
    outer loop
      vertex 7.91844 -2.05725 0
      vertex 8.17141 -2.36661 2
      vertex 8.17141 -2.36661 0
    endloop
  endfacet
  facet normal 0.198589 -0.980083 0
    outer loop
      vertex 9.86024 3.38501 0
      vertex 10.2519 3.46437 2
      vertex 9.86024 3.38501 2
    endloop
  endfacet
  facet normal 0.198589 -0.980083 0
    outer loop
      vertex 10.2519 3.46437 2
      vertex 9.86024 3.38501 0
      vertex 10.2519 3.46437 0
    endloop
  endfacet
  facet normal 0.993483 -0.113983 0
    outer loop
      vertex 7.25571 0.19981 2
      vertex 7.30126 0.596828 0
      vertex 7.30126 0.596828 2
    endloop
  endfacet
  facet normal 0.993483 -0.113983 0
    outer loop
      vertex 7.30126 0.596828 0
      vertex 7.25571 0.19981 2
      vertex 7.25571 0.19981 0
    endloop
  endfacet
  facet normal -0.142294 -0.989825 0
    outer loop
      vertex 11.0495 3.48716 0
      vertex 11.4451 3.43029 2
      vertex 11.0495 3.48716 2
    endloop
  endfacet
  facet normal -0.142294 -0.989825 -0
    outer loop
      vertex 11.4451 3.43029 2
      vertex 11.0495 3.48716 0
      vertex 11.4451 3.43029 0
    endloop
  endfacet
  facet normal -0.564409 0.825495 0
    outer loop
      vertex 12.8873 -2.77166 0
      vertex 12.5574 -2.99722 2
      vertex 12.8873 -2.77166 2
    endloop
  endfacet
  facet normal -0.564409 0.825495 0
    outer loop
      vertex 12.5574 -2.99722 2
      vertex 12.8873 -2.77166 0
      vertex 12.5574 -2.99722 0
    endloop
  endfacet
  facet normal 0.841261 0.54063 0
    outer loop
      vertex 7.91844 -2.05725 2
      vertex 7.70239 -1.72106 0
      vertex 7.70239 -1.72106 2
    endloop
  endfacet
  facet normal 0.841261 0.54063 0
    outer loop
      vertex 7.70239 -1.72106 0
      vertex 7.91844 -2.05725 2
      vertex 7.91844 -2.05725 0
    endloop
  endfacet
  facet normal -0.142294 0.989825 0
    outer loop
      vertex 11.4451 -3.43029 0
      vertex 11.0495 -3.48716 2
      vertex 11.4451 -3.43029 2
    endloop
  endfacet
  facet normal -0.142294 0.989825 0
    outer loop
      vertex 11.0495 -3.48716 2
      vertex 11.4451 -3.43029 0
      vertex 11.0495 -3.48716 0
    endloop
  endfacet
  facet normal -0.921088 0.389354 0
    outer loop
      vertex 13.8909 -1.54427 0
      vertex 14.0465 -1.17617 2
      vertex 14.0465 -1.17617 0
    endloop
  endfacet
  facet normal -0.921088 0.389354 0
    outer loop
      vertex 14.0465 -1.17617 2
      vertex 13.8909 -1.54427 0
      vertex 13.8909 -1.54427 2
    endloop
  endfacet
  facet normal -0.0285562 0.999592 0
    outer loop
      vertex 11.0495 -3.48716 0
      vertex 10.6501 -3.49857 2
      vertex 11.0495 -3.48716 2
    endloop
  endfacet
  facet normal -0.0285562 0.999592 0
    outer loop
      vertex 10.6501 -3.49857 2
      vertex 11.0495 -3.48716 0
      vertex 10.6501 -3.49857 0
    endloop
  endfacet
  facet normal 0.415395 -0.909641 0
    outer loop
      vertex 9.11666 3.09552 0
      vertex 9.48017 3.26152 2
      vertex 9.11666 3.09552 2
    endloop
  endfacet
  facet normal 0.415395 -0.909641 0
    outer loop
      vertex 9.48017 3.26152 2
      vertex 9.11666 3.09552 0
      vertex 9.48017 3.26152 0
    endloop
  endfacet
  facet normal -0.959551 0.281535 0
    outer loop
      vertex 14.0465 -1.17617 0
      vertex 14.159 -0.792738 2
      vertex 14.159 -0.792738 0
    endloop
  endfacet
  facet normal -0.959551 0.281535 0
    outer loop
      vertex 14.159 -0.792738 2
      vertex 14.0465 -1.17617 0
      vertex 14.0465 -1.17617 2
    endloop
  endfacet
  facet normal 0.610652 -0.791899 0
    outer loop
      vertex 8.45799 2.64512 0
      vertex 8.77445 2.88915 2
      vertex 8.45799 2.64512 2
    endloop
  endfacet
  facet normal 0.610652 -0.791899 0
    outer loop
      vertex 8.77445 2.88915 2
      vertex 8.45799 2.64512 0
      vertex 8.77445 2.88915 0
    endloop
  endfacet
  facet normal -0.362811 -0.931863 0
    outer loop
      vertex 11.8316 3.3287 0
      vertex 12.204 3.18371 2
      vertex 11.8316 3.3287 2
    endloop
  endfacet
  facet normal -0.362811 -0.931863 -0
    outer loop
      vertex 12.204 3.18371 2
      vertex 11.8316 3.3287 0
      vertex 12.204 3.18371 0
    endloop
  endfacet
  facet normal 0.941837 -0.336069 0
    outer loop
      vertex 7.39177 0.986063 2
      vertex 7.52607 1.36244 0
      vertex 7.52607 1.36244 2
    endloop
  endfacet
  facet normal 0.941837 -0.336069 0
    outer loop
      vertex 7.52607 1.36244 0
      vertex 7.39177 0.986063 2
      vertex 7.39177 0.986063 0
    endloop
  endfacet
  facet normal -0.809007 -0.5878 0
    outer loop
      vertex 13.6944 1.89224 0
      vertex 13.4595 2.21554 2
      vertex 13.4595 2.21554 0
    endloop
  endfacet
  facet normal -0.809007 -0.5878 0
    outer loop
      vertex 13.4595 2.21554 2
      vertex 13.6944 1.89224 0
      vertex 13.6944 1.89224 2
    endloop
  endfacet
  facet normal 0.415395 0.909641 -0
    outer loop
      vertex 9.48017 -3.26152 0
      vertex 9.11666 -3.09552 2
      vertex 9.48017 -3.26152 2
    endloop
  endfacet
  facet normal 0.415395 0.909641 0
    outer loop
      vertex 9.11666 -3.09552 2
      vertex 9.48017 -3.26152 0
      vertex 9.11666 -3.09552 0
    endloop
  endfacet
  facet normal 0.516415 0.856338 -0
    outer loop
      vertex 9.11666 -3.09552 0
      vertex 8.77445 -2.88915 2
      vertex 9.11666 -3.09552 2
    endloop
  endfacet
  facet normal 0.516415 0.856338 0
    outer loop
      vertex 8.77445 -2.88915 2
      vertex 9.11666 -3.09552 0
      vertex 8.77445 -2.88915 0
    endloop
  endfacet
  facet normal 0.696938 0.717132 -0
    outer loop
      vertex 8.45799 -2.64512 0
      vertex 8.17141 -2.36661 2
      vertex 8.45799 -2.64512 2
    endloop
  endfacet
  facet normal 0.696938 0.717132 0
    outer loop
      vertex 8.17141 -2.36661 2
      vertex 8.45799 -2.64512 0
      vertex 8.17141 -2.36661 0
    endloop
  endfacet
  facet normal 0.0855715 -0.996332 0
    outer loop
      vertex 10.2519 3.46437 0
      vertex 10.6501 3.49857 2
      vertex 10.2519 3.46437 2
    endloop
  endfacet
  facet normal 0.0855715 -0.996332 0
    outer loop
      vertex 10.6501 3.49857 2
      vertex 10.2519 3.46437 0
      vertex 10.6501 3.49857 0
    endloop
  endfacet
  facet normal 0.516415 -0.856338 0
    outer loop
      vertex 8.77445 2.88915 0
      vertex 9.11666 3.09552 2
      vertex 8.77445 2.88915 2
    endloop
  endfacet
  facet normal 0.516415 -0.856338 0
    outer loop
      vertex 9.11666 3.09552 2
      vertex 8.77445 2.88915 0
      vertex 9.11666 3.09552 0
    endloop
  endfacet
  facet normal 0.974013 -0.22649 0
    outer loop
      vertex 7.30126 0.596828 2
      vertex 7.39177 0.986063 0
      vertex 7.39177 0.986063 2
    endloop
  endfacet
  facet normal 0.974013 -0.22649 0
    outer loop
      vertex 7.39177 0.986063 0
      vertex 7.30126 0.596828 2
      vertex 7.30126 0.596828 0
    endloop
  endfacet
  facet normal 0.974013 0.22649 0
    outer loop
      vertex 7.39177 -0.986063 2
      vertex 7.30126 -0.596828 0
      vertex 7.30126 -0.596828 2
    endloop
  endfacet
  facet normal 0.974013 0.22649 0
    outer loop
      vertex 7.30126 -0.596828 0
      vertex 7.39177 -0.986063 2
      vertex 7.39177 -0.986063 0
    endloop
  endfacet
  facet normal -0.809007 0.5878 0
    outer loop
      vertex 13.4595 -2.21554 0
      vertex 13.6944 -1.89224 2
      vertex 13.6944 -1.89224 0
    endloop
  endfacet
  facet normal -0.809007 0.5878 0
    outer loop
      vertex 13.6944 -1.89224 2
      vertex 13.4595 -2.21554 0
      vertex 13.4595 -2.21554 2
    endloop
  endfacet
  facet normal 0.198589 0.980083 -0
    outer loop
      vertex 10.2519 -3.46437 0
      vertex 9.86024 -3.38501 2
      vertex 10.2519 -3.46437 2
    endloop
  endfacet
  facet normal 0.198589 0.980083 0
    outer loop
      vertex 9.86024 -3.38501 2
      vertex 10.2519 -3.46437 0
      vertex 9.86024 -3.38501 0
    endloop
  endfacet
  facet normal -0.254211 0.967149 0
    outer loop
      vertex 11.8316 -3.3287 0
      vertex 11.4451 -3.43029 2
      vertex 11.8316 -3.3287 2
    endloop
  endfacet
  facet normal -0.254211 0.967149 0
    outer loop
      vertex 11.4451 -3.43029 2
      vertex 11.8316 -3.3287 0
      vertex 11.4451 -3.43029 0
    endloop
  endfacet
  facet normal 0.841261 -0.54063 0
    outer loop
      vertex 7.70239 1.72106 2
      vertex 7.91844 2.05725 0
      vertex 7.91844 2.05725 2
    endloop
  endfacet
  facet normal 0.841261 -0.54063 0
    outer loop
      vertex 7.91844 2.05725 0
      vertex 7.70239 1.72106 2
      vertex 7.70239 1.72106 0
    endloop
  endfacet
  facet normal -0.254211 -0.967149 0
    outer loop
      vertex 11.4451 3.43029 0
      vertex 11.8316 3.3287 2
      vertex 11.4451 3.43029 2
    endloop
  endfacet
  facet normal -0.254211 -0.967149 -0
    outer loop
      vertex 11.8316 3.3287 2
      vertex 11.4451 3.43029 0
      vertex 11.8316 3.3287 0
    endloop
  endfacet
  facet normal -0.345072 -0.938576 0
    outer loop
      vertex 6.39299 12.6585 0
      vertex 6.76807 12.5206 2
      vertex 6.39299 12.6585 2
    endloop
  endfacet
  facet normal -0.345072 -0.938576 -0
    outer loop
      vertex 6.76807 12.5206 2
      vertex 6.39299 12.6585 0
      vertex 6.76807 12.5206 0
    endloop
  endfacet
  facet normal -0.449684 -0.893188 0
    outer loop
      vertex 6.76807 12.5206 0
      vertex 7.125 12.3409 2
      vertex 6.76807 12.5206 2
    endloop
  endfacet
  facet normal -0.449684 -0.893188 -0
    outer loop
      vertex 7.125 12.3409 2
      vertex 6.76807 12.5206 0
      vertex 7.125 12.3409 0
    endloop
  endfacet
  facet normal -0.235723 -0.97182 0
    outer loop
      vertex 6.00463 12.7527 0
      vertex 6.39299 12.6585 2
      vertex 6.00463 12.7527 2
    endloop
  endfacet
  facet normal -0.235723 -0.97182 -0
    outer loop
      vertex 6.39299 12.6585 2
      vertex 6.00463 12.7527 0
      vertex 6.39299 12.6585 0
    endloop
  endfacet
  facet normal -0.640357 -0.768078 0
    outer loop
      vertex 7.45911 12.1216 0
      vertex 7.76605 11.8657 2
      vertex 7.45911 12.1216 2
    endloop
  endfacet
  facet normal -0.640357 -0.768078 -0
    outer loop
      vertex 7.76605 11.8657 2
      vertex 7.45911 12.1216 0
      vertex 7.76605 11.8657 0
    endloop
  endfacet
  facet normal 0.0665888 0.997781 -0
    outer loop
      vertex 5.34168 5.80993 0
      vertex 4.94295 5.83654 2
      vertex 5.34168 5.80993 2
    endloop
  endfacet
  facet normal 0.0665888 0.997781 0
    outer loop
      vertex 4.94295 5.83654 2
      vertex 5.34168 5.80993 0
      vertex 4.94295 5.83654 0
    endloop
  endfacet
  facet normal -0.953948 -0.299973 0
    outer loop
      vertex 8.76833 10.1673 0
      vertex 8.64846 10.5485 2
      vertex 8.64846 10.5485 0
    endloop
  endfacet
  facet normal -0.953948 -0.299973 0
    outer loop
      vertex 8.64846 10.5485 2
      vertex 8.76833 10.1673 0
      vertex 8.76833 10.1673 2
    endloop
  endfacet
  facet normal 0.625598 -0.780146 0
    outer loop
      vertex 3.03304 11.9108 0
      vertex 3.3448 12.1608 2
      vertex 3.03304 11.9108 2
    endloop
  endfacet
  facet normal 0.625598 -0.780146 0
    outer loop
      vertex 3.3448 12.1608 2
      vertex 3.03304 11.9108 0
      vertex 3.3448 12.1608 0
    endloop
  endfacet
  facet normal -0.997102 -0.0760727 0
    outer loop
      vertex 8.87436 9.37641 0
      vertex 8.84396 9.77487 2
      vertex 8.84396 9.77487 0
    endloop
  endfacet
  facet normal -0.997102 -0.0760727 0
    outer loop
      vertex 8.84396 9.77487 2
      vertex 8.87436 9.37641 0
      vertex 8.87436 9.37641 2
    endloop
  endfacet
  facet normal 0.991133 0.132875 0
    outer loop
      vertex 1.93825 8.64739 2
      vertex 1.88515 9.04347 0
      vertex 1.88515 9.04347 2
    endloop
  endfacet
  facet normal 0.991133 0.132875 0
    outer loop
      vertex 1.88515 9.04347 0
      vertex 1.93825 8.64739 2
      vertex 1.93825 8.64739 0
    endloop
  endfacet
  facet normal -0.161127 0.986934 0
    outer loop
      vertex 6.13525 5.89334 0
      vertex 5.74085 5.82895 2
      vertex 6.13525 5.89334 2
    endloop
  endfacet
  facet normal -0.161127 0.986934 0
    outer loop
      vertex 5.74085 5.82895 2
      vertex 6.13525 5.89334 0
      vertex 5.74085 5.82895 0
    endloop
  endfacet
  facet normal -0.123369 -0.992361 0
    outer loop
      vertex 5.60807 12.802 0
      vertex 6.00463 12.7527 2
      vertex 5.60807 12.802 2
    endloop
  endfacet
  facet normal -0.123369 -0.992361 -0
    outer loop
      vertex 6.00463 12.7527 2
      vertex 5.60807 12.802 0
      vertex 6.00463 12.7527 0
    endloop
  endfacet
  facet normal 0.683167 0.730262 -0
    outer loop
      vertex 3.13376 6.62149 0
      vertex 2.84193 6.8945 2
      vertex 3.13376 6.62149 2
    endloop
  endfacet
  facet normal 0.683167 0.730262 0
    outer loop
      vertex 2.84193 6.8945 2
      vertex 3.13376 6.62149 0
      vertex 2.84193 6.8945 0
    endloop
  endfacet
  facet normal 0.761947 0.647639 0
    outer loop
      vertex 2.84193 6.8945 2
      vertex 2.58312 7.19899 0
      vertex 2.58312 7.19899 2
    endloop
  endfacet
  facet normal 0.761947 0.647639 0
    outer loop
      vertex 2.58312 7.19899 0
      vertex 2.84193 6.8945 2
      vertex 2.84193 6.8945 0
    endloop
  endfacet
  facet normal -0.669128 0.743147 0
    outer loop
      vertex 7.86163 6.84671 0
      vertex 7.56465 6.57931 2
      vertex 7.86163 6.84671 2
    endloop
  endfacet
  facet normal -0.669128 0.743147 0
    outer loop
      vertex 7.56465 6.57931 2
      vertex 7.86163 6.84671 0
      vertex 7.56465 6.57931 0
    endloop
  endfacet
  facet normal -0.861191 -0.508281 0
    outer loop
      vertex 8.48592 10.9136 0
      vertex 8.28283 11.2577 2
      vertex 8.28283 11.2577 0
    endloop
  endfacet
  facet normal -0.861191 -0.508281 0
    outer loop
      vertex 8.28283 11.2577 2
      vertex 8.48592 10.9136 0
      vertex 8.48592 10.9136 2
    endloop
  endfacet
  facet normal 0.432661 -0.901557 0
    outer loop
      vertex 3.68303 12.3736 0
      vertex 4.04331 12.5465 2
      vertex 3.68303 12.3736 2
    endloop
  endfacet
  facet normal 0.432661 -0.901557 0
    outer loop
      vertex 4.04331 12.5465 2
      vertex 3.68303 12.3736 0
      vertex 4.04331 12.5465 0
    endloop
  endfacet
  facet normal -0.723711 -0.690103 0
    outer loop
      vertex 8.04182 11.5765 0
      vertex 7.76605 11.8657 2
      vertex 7.76605 11.8657 0
    endloop
  endfacet
  facet normal -0.723711 -0.690103 0
    outer loop
      vertex 7.76605 11.8657 2
      vertex 8.04182 11.5765 0
      vertex 8.04182 11.5765 2
    endloop
  endfacet
  facet normal 0.710452 -0.703746 0
    outer loop
      vertex 2.75182 11.6269 2
      vertex 3.03304 11.9108 0
      vertex 3.03304 11.9108 2
    endloop
  endfacet
  facet normal 0.710452 -0.703746 0
    outer loop
      vertex 3.03304 11.9108 0
      vertex 2.75182 11.6269 2
      vertex 2.75182 11.6269 0
    endloop
  endfacet
  facet normal 0.995473 -0.0950405 0
    outer loop
      vertex 1.87754 9.44302 2
      vertex 1.91552 9.84083 0
      vertex 1.91552 9.84083 2
    endloop
  endfacet
  facet normal 0.995473 -0.0950405 0
    outer loop
      vertex 1.91552 9.84083 0
      vertex 1.87754 9.44302 2
      vertex 1.87754 9.44302 0
    endloop
  endfacet
  facet normal -0.483404 0.875397 0
    outer loop
      vertex 7.23913 6.3475 0
      vertex 6.8893 6.15432 2
      vertex 7.23913 6.3475 2
    endloop
  endfacet
  facet normal -0.483404 0.875397 0
    outer loop
      vertex 6.8893 6.15432 2
      vertex 7.23913 6.3475 0
      vertex 6.8893 6.15432 0
    endloop
  endfacet
  facet normal 0.290854 0.956767 -0
    outer loop
      vertex 4.54984 5.90843 0
      vertex 4.1675 6.02466 2
      vertex 4.54984 5.90843 2
    endloop
  endfacet
  facet normal 0.290854 0.956767 0
    outer loop
      vertex 4.1675 6.02466 2
      vertex 4.54984 5.90843 0
      vertex 4.1675 6.02466 0
    endloop
  endfacet
  facet normal -0.00950884 -0.999955 0
    outer loop
      vertex 5.20846 12.8058 0
      vertex 5.60807 12.802 2
      vertex 5.20846 12.8058 2
    endloop
  endfacet
  facet normal -0.00950884 -0.999955 -0
    outer loop
      vertex 5.60807 12.802 2
      vertex 5.20846 12.8058 0
      vertex 5.60807 12.802 0
    endloop
  endfacet
  facet normal 0.978144 -0.207931 0
    outer loop
      vertex 1.91552 9.84083 2
      vertex 1.99861 10.2317 0
      vertex 1.99861 10.2317 2
    endloop
  endfacet
  facet normal 0.978144 -0.207931 0
    outer loop
      vertex 1.99861 10.2317 0
      vertex 1.91552 9.84083 2
      vertex 1.91552 9.84083 0
    endloop
  endfacet
  facet normal 0.532527 -0.846413 0
    outer loop
      vertex 3.3448 12.1608 0
      vertex 3.68303 12.3736 2
      vertex 3.3448 12.1608 2
    endloop
  endfacet
  facet normal 0.532527 -0.846413 0
    outer loop
      vertex 3.68303 12.3736 2
      vertex 3.3448 12.1608 0
      vertex 3.68303 12.3736 0
    endloop
  endfacet
  facet normal -0.548727 -0.836002 0
    outer loop
      vertex 7.125 12.3409 0
      vertex 7.45911 12.1216 2
      vertex 7.125 12.3409 2
    endloop
  endfacet
  facet normal -0.548727 -0.836002 -0
    outer loop
      vertex 7.45911 12.1216 2
      vertex 7.125 12.3409 0
      vertex 7.45911 12.1216 0
    endloop
  endfacet
  facet normal 0.104599 -0.994514 0
    outer loop
      vertex 4.81103 12.764 0
      vertex 5.20846 12.8058 2
      vertex 4.81103 12.764 2
    endloop
  endfacet
  facet normal 0.104599 -0.994514 0
    outer loop
      vertex 5.20846 12.8058 2
      vertex 4.81103 12.764 0
      vertex 5.20846 12.8058 0
    endloop
  endfacet
  facet normal 0.969521 0.245008 0
    outer loop
      vertex 2.03616 8.25995 2
      vertex 1.93825 8.64739 0
      vertex 1.93825 8.64739 2
    endloop
  endfacet
  facet normal 0.969521 0.245008 0
    outer loop
      vertex 1.93825 8.64739 0
      vertex 2.03616 8.25995 2
      vertex 2.03616 8.25995 0
    endloop
  endfacet
  facet normal 0.786126 -0.618067 0
    outer loop
      vertex 2.50479 11.3127 2
      vertex 2.75182 11.6269 0
      vertex 2.75182 11.6269 2
    endloop
  endfacet
  facet normal 0.786126 -0.618067 0
    outer loop
      vertex 2.75182 11.6269 0
      vertex 2.50479 11.3127 2
      vertex 2.50479 11.3127 0
    endloop
  endfacet
  facet normal -0.7977 -0.603054 0
    outer loop
      vertex 8.28283 11.2577 0
      vertex 8.04182 11.5765 2
      vertex 8.04182 11.5765 0
    endloop
  endfacet
  facet normal -0.7977 -0.603054 0
    outer loop
      vertex 8.04182 11.5765 2
      vertex 8.28283 11.2577 0
      vertex 8.28283 11.2577 2
    endloop
  endfacet
  facet normal -0.820062 0.572274 0
    outer loop
      vertex 8.12619 7.14622 0
      vertex 8.35488 7.47393 2
      vertex 8.35488 7.47393 0
    endloop
  endfacet
  facet normal -0.820062 0.572274 0
    outer loop
      vertex 8.35488 7.47393 2
      vertex 8.12619 7.14622 0
      vertex 8.12619 7.14622 2
    endloop
  endfacet
  facet normal -0.913558 -0.40671 0
    outer loop
      vertex 8.64846 10.5485 0
      vertex 8.48592 10.9136 2
      vertex 8.48592 10.9136 0
    endloop
  endfacet
  facet normal -0.913558 -0.40671 0
    outer loop
      vertex 8.48592 10.9136 2
      vertex 8.64846 10.5485 0
      vertex 8.64846 10.5485 2
    endloop
  endfacet
  facet normal -0.999275 0.0380612 0
    outer loop
      vertex 8.85915 8.97708 0
      vertex 8.87436 9.37641 2
      vertex 8.87436 9.37641 0
    endloop
  endfacet
  facet normal -0.999275 0.0380612 0
    outer loop
      vertex 8.87436 9.37641 2
      vertex 8.85915 8.97708 0
      vertex 8.85915 8.97708 2
    endloop
  endfacet
  facet normal -0.380489 0.924785 0
    outer loop
      vertex 6.8893 6.15432 0
      vertex 6.51974 6.00227 2
      vertex 6.8893 6.15432 2
    endloop
  endfacet
  facet normal -0.380489 0.924785 0
    outer loop
      vertex 6.51974 6.00227 2
      vertex 6.8893 6.15432 0
      vertex 6.51974 6.00227 0
    endloop
  endfacet
  facet normal -0.981931 -0.18924 0
    outer loop
      vertex 8.84396 9.77487 0
      vertex 8.76833 10.1673 2
      vertex 8.76833 10.1673 0
    endloop
  endfacet
  facet normal -0.981931 -0.18924 0
    outer loop
      vertex 8.76833 10.1673 2
      vertex 8.84396 9.77487 0
      vertex 8.84396 9.77487 2
    endloop
  endfacet
  facet normal -0.879948 0.475069 0
    outer loop
      vertex 8.35488 7.47393 0
      vertex 8.54473 7.82558 2
      vertex 8.54473 7.82558 0
    endloop
  endfacet
  facet normal -0.879948 0.475069 0
    outer loop
      vertex 8.54473 7.82558 2
      vertex 8.35488 7.47393 0
      vertex 8.35488 7.47393 2
    endloop
  endfacet
  facet normal -0.92837 0.371658 0
    outer loop
      vertex 8.54473 7.82558 0
      vertex 8.69325 8.19657 2
      vertex 8.69325 8.19657 0
    endloop
  endfacet
  facet normal -0.92837 0.371658 0
    outer loop
      vertex 8.69325 8.19657 2
      vertex 8.54473 7.82558 0
      vertex 8.54473 7.82558 2
    endloop
  endfacet
  facet normal 0.888828 0.45824 0
    outer loop
      vertex 2.36071 7.531 2
      vertex 2.17759 7.88619 0
      vertex 2.17759 7.88619 2
    endloop
  endfacet
  facet normal 0.888828 0.45824 0
    outer loop
      vertex 2.17759 7.88619 0
      vertex 2.36071 7.531 2
      vertex 2.36071 7.531 0
    endloop
  endfacet
  facet normal 0.500001 0.866025 -0
    outer loop
      vertex 3.80089 6.18372 0
      vertex 3.45481 6.38353 2
      vertex 3.80089 6.18372 2
    endloop
  endfacet
  facet normal 0.500001 0.866025 0
    outer loop
      vertex 3.45481 6.38353 2
      vertex 3.80089 6.18372 0
      vertex 3.45481 6.38353 0
    endloop
  endfacet
  facet normal -0.0475949 0.998867 0
    outer loop
      vertex 5.74085 5.82895 0
      vertex 5.34168 5.80993 2
      vertex 5.74085 5.82895 2
    endloop
  endfacet
  facet normal -0.0475949 0.998867 0
    outer loop
      vertex 5.34168 5.80993 2
      vertex 5.74085 5.82895 0
      vertex 5.34168 5.80993 0
    endloop
  endfacet
  facet normal 0.93528 0.353908 0
    outer loop
      vertex 2.17759 7.88619 2
      vertex 2.03616 8.25995 0
      vertex 2.03616 8.25995 2
    endloop
  endfacet
  facet normal 0.93528 0.353908 0
    outer loop
      vertex 2.03616 8.25995 0
      vertex 2.17759 7.88619 2
      vertex 2.17759 7.88619 0
    endloop
  endfacet
  facet normal 0.999819 0.019043 0
    outer loop
      vertex 1.88515 9.04347 2
      vertex 1.87754 9.44302 0
      vertex 1.87754 9.44302 2
    endloop
  endfacet
  facet normal 0.999819 0.019043 0
    outer loop
      vertex 1.87754 9.44302 0
      vertex 1.88515 9.04347 2
      vertex 1.88515 9.04347 0
    endloop
  endfacet
  facet normal 0.327062 -0.945003 0
    outer loop
      vertex 4.04331 12.5465 0
      vertex 4.42095 12.6772 2
      vertex 4.04331 12.5465 2
    endloop
  endfacet
  facet normal 0.327062 -0.945003 0
    outer loop
      vertex 4.42095 12.6772 2
      vertex 4.04331 12.5465 0
      vertex 4.42095 12.6772 0
    endloop
  endfacet
  facet normal -0.964681 0.263422 0
    outer loop
      vertex 8.69325 8.19657 0
      vertex 8.79852 8.58208 2
      vertex 8.79852 8.58208 0
    endloop
  endfacet
  facet normal -0.964681 0.263422 0
    outer loop
      vertex 8.79852 8.58208 2
      vertex 8.69325 8.19657 0
      vertex 8.69325 8.19657 2
    endloop
  endfacet
  facet normal 0.948081 -0.318029 0
    outer loop
      vertex 1.99861 10.2317 2
      vertex 2.12571 10.6106 0
      vertex 2.12571 10.6106 2
    endloop
  endfacet
  facet normal 0.948081 -0.318029 0
    outer loop
      vertex 2.12571 10.6106 0
      vertex 1.99861 10.2317 2
      vertex 1.99861 10.2317 0
    endloop
  endfacet
  facet normal 0.217206 -0.976126 0
    outer loop
      vertex 4.42095 12.6772 0
      vertex 4.81103 12.764 2
      vertex 4.42095 12.6772 2
    endloop
  endfacet
  facet normal 0.217206 -0.976126 0
    outer loop
      vertex 4.81103 12.764 2
      vertex 4.42095 12.6772 0
      vertex 4.81103 12.764 0
    endloop
  endfacet
  facet normal 0.39802 0.917377 -0
    outer loop
      vertex 4.1675 6.02466 0
      vertex 3.80089 6.18372 2
      vertex 4.1675 6.02466 2
    endloop
  endfacet
  facet normal 0.39802 0.917377 0
    outer loop
      vertex 3.80089 6.18372 2
      vertex 4.1675 6.02466 0
      vertex 3.80089 6.18372 0
    endloop
  endfacet
  facet normal 0.179892 0.983686 -0
    outer loop
      vertex 4.94295 5.83654 0
      vertex 4.54984 5.90843 2
      vertex 4.94295 5.83654 2
    endloop
  endfacet
  facet normal 0.179892 0.983686 0
    outer loop
      vertex 4.54984 5.90843 2
      vertex 4.94295 5.83654 0
      vertex 4.54984 5.90843 0
    endloop
  endfacet
  facet normal -0.580071 0.814566 0
    outer loop
      vertex 7.56465 6.57931 0
      vertex 7.23913 6.3475 2
      vertex 7.56465 6.57931 2
    endloop
  endfacet
  facet normal -0.580071 0.814566 0
    outer loop
      vertex 7.23913 6.3475 2
      vertex 7.56465 6.57931 0
      vertex 7.23913 6.3475 0
    endloop
  endfacet
  facet normal 0.905633 -0.424063 0
    outer loop
      vertex 2.12571 10.6106 2
      vertex 2.29517 10.9725 0
      vertex 2.29517 10.9725 2
    endloop
  endfacet
  facet normal 0.905633 -0.424063 0
    outer loop
      vertex 2.29517 10.9725 0
      vertex 2.12571 10.6106 2
      vertex 2.12571 10.6106 0
    endloop
  endfacet
  facet normal -0.988424 0.151717 0
    outer loop
      vertex 8.79852 8.58208 0
      vertex 8.85915 8.97708 2
      vertex 8.85915 8.97708 0
    endloop
  endfacet
  facet normal -0.988424 0.151717 0
    outer loop
      vertex 8.85915 8.97708 2
      vertex 8.79852 8.58208 0
      vertex 8.79852 8.58208 2
    endloop
  endfacet
  facet normal 0.830812 0.556552 0
    outer loop
      vertex 2.58312 7.19899 2
      vertex 2.36071 7.531 0
      vertex 2.36071 7.531 2
    endloop
  endfacet
  facet normal 0.830812 0.556552 0
    outer loop
      vertex 2.36071 7.531 0
      vertex 2.58312 7.19899 2
      vertex 2.58312 7.19899 0
    endloop
  endfacet
  facet normal 0.851361 -0.52458 0
    outer loop
      vertex 2.29517 10.9725 2
      vertex 2.50479 11.3127 0
      vertex 2.50479 11.3127 2
    endloop
  endfacet
  facet normal 0.851361 -0.52458 0
    outer loop
      vertex 2.50479 11.3127 0
      vertex 2.29517 10.9725 2
      vertex 2.29517 10.9725 0
    endloop
  endfacet
  facet normal 0.595462 0.803383 -0
    outer loop
      vertex 3.45481 6.38353 0
      vertex 3.13376 6.62149 2
      vertex 3.45481 6.38353 2
    endloop
  endfacet
  facet normal 0.595462 0.803383 0
    outer loop
      vertex 3.13376 6.62149 2
      vertex 3.45481 6.38353 0
      vertex 3.13376 6.62149 0
    endloop
  endfacet
  facet normal -0.272582 0.962133 0
    outer loop
      vertex 6.51974 6.00227 0
      vertex 6.13525 5.89334 2
      vertex 6.51974 6.00227 2
    endloop
  endfacet
  facet normal -0.272582 0.962133 0
    outer loop
      vertex 6.13525 5.89334 2
      vertex 6.51974 6.00227 0
      vertex 6.13525 5.89334 0
    endloop
  endfacet
  facet normal -0.749482 0.662025 0
    outer loop
      vertex 7.86163 6.84671 0
      vertex 8.12619 7.14622 2
      vertex 8.12619 7.14622 0
    endloop
  endfacet
  facet normal -0.749482 0.662025 0
    outer loop
      vertex 8.12619 7.14622 2
      vertex 7.86163 6.84671 0
      vertex 7.86163 6.84671 2
    endloop
  endfacet
  facet normal 0.640357 -0.768078 0
    outer loop
      vertex -7.76605 11.8657 0
      vertex -7.45911 12.1216 2
      vertex -7.76605 11.8657 2
    endloop
  endfacet
  facet normal 0.640357 -0.768078 0
    outer loop
      vertex -7.45911 12.1216 2
      vertex -7.76605 11.8657 0
      vertex -7.45911 12.1216 0
    endloop
  endfacet
  facet normal 0.548727 -0.836002 0
    outer loop
      vertex -7.45911 12.1216 0
      vertex -7.125 12.3409 2
      vertex -7.45911 12.1216 2
    endloop
  endfacet
  facet normal 0.548727 -0.836002 0
    outer loop
      vertex -7.125 12.3409 2
      vertex -7.45911 12.1216 0
      vertex -7.125 12.3409 0
    endloop
  endfacet
  facet normal -0.500001 0.866025 0
    outer loop
      vertex -3.45481 6.38353 0
      vertex -3.80089 6.18372 2
      vertex -3.45481 6.38353 2
    endloop
  endfacet
  facet normal -0.500001 0.866025 0
    outer loop
      vertex -3.80089 6.18372 2
      vertex -3.45481 6.38353 0
      vertex -3.80089 6.18372 0
    endloop
  endfacet
  facet normal 0.0475949 0.998867 -0
    outer loop
      vertex -5.34168 5.80993 0
      vertex -5.74085 5.82895 2
      vertex -5.34168 5.80993 2
    endloop
  endfacet
  facet normal 0.0475949 0.998867 0
    outer loop
      vertex -5.74085 5.82895 2
      vertex -5.34168 5.80993 0
      vertex -5.74085 5.82895 0
    endloop
  endfacet
  facet normal -0.999819 0.019043 0
    outer loop
      vertex -1.88515 9.04347 0
      vertex -1.87754 9.44302 2
      vertex -1.87754 9.44302 0
    endloop
  endfacet
  facet normal -0.999819 0.019043 0
    outer loop
      vertex -1.87754 9.44302 2
      vertex -1.88515 9.04347 0
      vertex -1.88515 9.04347 2
    endloop
  endfacet
  facet normal 0.272582 0.962133 -0
    outer loop
      vertex -6.13525 5.89334 0
      vertex -6.51974 6.00227 2
      vertex -6.13525 5.89334 2
    endloop
  endfacet
  facet normal 0.272582 0.962133 0
    outer loop
      vertex -6.51974 6.00227 2
      vertex -6.13525 5.89334 0
      vertex -6.51974 6.00227 0
    endloop
  endfacet
  facet normal 0.123369 -0.992361 0
    outer loop
      vertex -6.00463 12.7527 0
      vertex -5.60807 12.802 2
      vertex -6.00463 12.7527 2
    endloop
  endfacet
  facet normal 0.123369 -0.992361 0
    outer loop
      vertex -5.60807 12.802 2
      vertex -6.00463 12.7527 0
      vertex -5.60807 12.802 0
    endloop
  endfacet
  facet normal -0.830812 0.556552 0
    outer loop
      vertex -2.58312 7.19899 0
      vertex -2.36071 7.531 2
      vertex -2.36071 7.531 0
    endloop
  endfacet
  facet normal -0.830812 0.556552 0
    outer loop
      vertex -2.36071 7.531 2
      vertex -2.58312 7.19899 0
      vertex -2.58312 7.19899 2
    endloop
  endfacet
  facet normal -0.905633 -0.424063 0
    outer loop
      vertex -2.12571 10.6106 0
      vertex -2.29517 10.9725 2
      vertex -2.29517 10.9725 0
    endloop
  endfacet
  facet normal -0.905633 -0.424063 0
    outer loop
      vertex -2.29517 10.9725 2
      vertex -2.12571 10.6106 0
      vertex -2.12571 10.6106 2
    endloop
  endfacet
  facet normal -0.327062 -0.945003 0
    outer loop
      vertex -4.42095 12.6772 0
      vertex -4.04331 12.5465 2
      vertex -4.42095 12.6772 2
    endloop
  endfacet
  facet normal -0.327062 -0.945003 -0
    outer loop
      vertex -4.04331 12.5465 2
      vertex -4.42095 12.6772 0
      vertex -4.04331 12.5465 0
    endloop
  endfacet
  facet normal -0.93528 0.353908 0
    outer loop
      vertex -2.17759 7.88619 0
      vertex -2.03616 8.25995 2
      vertex -2.03616 8.25995 0
    endloop
  endfacet
  facet normal -0.93528 0.353908 0
    outer loop
      vertex -2.03616 8.25995 2
      vertex -2.17759 7.88619 0
      vertex -2.17759 7.88619 2
    endloop
  endfacet
  facet normal -0.761947 0.647639 0
    outer loop
      vertex -2.84193 6.8945 0
      vertex -2.58312 7.19899 2
      vertex -2.58312 7.19899 0
    endloop
  endfacet
  facet normal -0.761947 0.647639 0
    outer loop
      vertex -2.58312 7.19899 2
      vertex -2.84193 6.8945 0
      vertex -2.84193 6.8945 2
    endloop
  endfacet
  facet normal 0.964681 0.263422 0
    outer loop
      vertex -8.69325 8.19657 2
      vertex -8.79852 8.58208 0
      vertex -8.79852 8.58208 2
    endloop
  endfacet
  facet normal 0.964681 0.263422 0
    outer loop
      vertex -8.79852 8.58208 0
      vertex -8.69325 8.19657 2
      vertex -8.69325 8.19657 0
    endloop
  endfacet
  facet normal -0.625598 -0.780146 0
    outer loop
      vertex -3.3448 12.1608 0
      vertex -3.03304 11.9108 2
      vertex -3.3448 12.1608 2
    endloop
  endfacet
  facet normal -0.625598 -0.780146 -0
    outer loop
      vertex -3.03304 11.9108 2
      vertex -3.3448 12.1608 0
      vertex -3.03304 11.9108 0
    endloop
  endfacet
  facet normal -0.851361 -0.52458 0
    outer loop
      vertex -2.29517 10.9725 0
      vertex -2.50479 11.3127 2
      vertex -2.50479 11.3127 0
    endloop
  endfacet
  facet normal -0.851361 -0.52458 0
    outer loop
      vertex -2.50479 11.3127 2
      vertex -2.29517 10.9725 0
      vertex -2.29517 10.9725 2
    endloop
  endfacet
  facet normal -0.786126 -0.618067 0
    outer loop
      vertex -2.50479 11.3127 0
      vertex -2.75182 11.6269 2
      vertex -2.75182 11.6269 0
    endloop
  endfacet
  facet normal -0.786126 -0.618067 0
    outer loop
      vertex -2.75182 11.6269 2
      vertex -2.50479 11.3127 0
      vertex -2.50479 11.3127 2
    endloop
  endfacet
  facet normal 0.999275 0.0380612 0
    outer loop
      vertex -8.85915 8.97708 2
      vertex -8.87436 9.37641 0
      vertex -8.87436 9.37641 2
    endloop
  endfacet
  facet normal 0.999275 0.0380612 0
    outer loop
      vertex -8.87436 9.37641 0
      vertex -8.85915 8.97708 2
      vertex -8.85915 8.97708 0
    endloop
  endfacet
  facet normal 0.749482 0.662025 0
    outer loop
      vertex -7.86163 6.84671 2
      vertex -8.12619 7.14622 0
      vertex -8.12619 7.14622 2
    endloop
  endfacet
  facet normal 0.749482 0.662025 0
    outer loop
      vertex -8.12619 7.14622 0
      vertex -7.86163 6.84671 2
      vertex -7.86163 6.84671 0
    endloop
  endfacet
  facet normal 0.483404 0.875397 -0
    outer loop
      vertex -6.8893 6.15432 0
      vertex -7.23913 6.3475 2
      vertex -6.8893 6.15432 2
    endloop
  endfacet
  facet normal 0.483404 0.875397 0
    outer loop
      vertex -7.23913 6.3475 2
      vertex -6.8893 6.15432 0
      vertex -7.23913 6.3475 0
    endloop
  endfacet
  facet normal 0.879948 0.475069 0
    outer loop
      vertex -8.35488 7.47393 2
      vertex -8.54473 7.82558 0
      vertex -8.54473 7.82558 2
    endloop
  endfacet
  facet normal 0.879948 0.475069 0
    outer loop
      vertex -8.54473 7.82558 0
      vertex -8.35488 7.47393 2
      vertex -8.35488 7.47393 0
    endloop
  endfacet
  facet normal 0.235723 -0.97182 0
    outer loop
      vertex -6.39299 12.6585 0
      vertex -6.00463 12.7527 2
      vertex -6.39299 12.6585 2
    endloop
  endfacet
  facet normal 0.235723 -0.97182 0
    outer loop
      vertex -6.00463 12.7527 2
      vertex -6.39299 12.6585 0
      vertex -6.00463 12.7527 0
    endloop
  endfacet
  facet normal -0.104599 -0.994514 0
    outer loop
      vertex -5.20846 12.8058 0
      vertex -4.81103 12.764 2
      vertex -5.20846 12.8058 2
    endloop
  endfacet
  facet normal -0.104599 -0.994514 -0
    outer loop
      vertex -4.81103 12.764 2
      vertex -5.20846 12.8058 0
      vertex -4.81103 12.764 0
    endloop
  endfacet
  facet normal 0.913558 -0.40671 0
    outer loop
      vertex -8.64846 10.5485 2
      vertex -8.48592 10.9136 0
      vertex -8.48592 10.9136 2
    endloop
  endfacet
  facet normal 0.913558 -0.40671 0
    outer loop
      vertex -8.48592 10.9136 0
      vertex -8.64846 10.5485 2
      vertex -8.64846 10.5485 0
    endloop
  endfacet
  facet normal 0.669128 0.743147 -0
    outer loop
      vertex -7.56465 6.57931 0
      vertex -7.86163 6.84671 2
      vertex -7.56465 6.57931 2
    endloop
  endfacet
  facet normal 0.669128 0.743147 0
    outer loop
      vertex -7.86163 6.84671 2
      vertex -7.56465 6.57931 0
      vertex -7.86163 6.84671 0
    endloop
  endfacet
  facet normal 0.981931 -0.18924 0
    outer loop
      vertex -8.84396 9.77487 2
      vertex -8.76833 10.1673 0
      vertex -8.76833 10.1673 2
    endloop
  endfacet
  facet normal 0.981931 -0.18924 0
    outer loop
      vertex -8.76833 10.1673 0
      vertex -8.84396 9.77487 2
      vertex -8.84396 9.77487 0
    endloop
  endfacet
  facet normal 0.997102 -0.0760727 0
    outer loop
      vertex -8.87436 9.37641 2
      vertex -8.84396 9.77487 0
      vertex -8.84396 9.77487 2
    endloop
  endfacet
  facet normal 0.997102 -0.0760727 0
    outer loop
      vertex -8.84396 9.77487 0
      vertex -8.87436 9.37641 2
      vertex -8.87436 9.37641 0
    endloop
  endfacet
  facet normal 0.580071 0.814566 -0
    outer loop
      vertex -7.23913 6.3475 0
      vertex -7.56465 6.57931 2
      vertex -7.23913 6.3475 2
    endloop
  endfacet
  facet normal 0.580071 0.814566 0
    outer loop
      vertex -7.56465 6.57931 2
      vertex -7.23913 6.3475 0
      vertex -7.56465 6.57931 0
    endloop
  endfacet
  facet normal 0.00950884 -0.999955 0
    outer loop
      vertex -5.60807 12.802 0
      vertex -5.20846 12.8058 2
      vertex -5.60807 12.802 2
    endloop
  endfacet
  facet normal 0.00950884 -0.999955 0
    outer loop
      vertex -5.20846 12.8058 2
      vertex -5.60807 12.802 0
      vertex -5.20846 12.8058 0
    endloop
  endfacet
  facet normal 0.988424 0.151717 0
    outer loop
      vertex -8.79852 8.58208 2
      vertex -8.85915 8.97708 0
      vertex -8.85915 8.97708 2
    endloop
  endfacet
  facet normal 0.988424 0.151717 0
    outer loop
      vertex -8.85915 8.97708 0
      vertex -8.79852 8.58208 2
      vertex -8.79852 8.58208 0
    endloop
  endfacet
  facet normal -0.948081 -0.318029 0
    outer loop
      vertex -1.99861 10.2317 0
      vertex -2.12571 10.6106 2
      vertex -2.12571 10.6106 0
    endloop
  endfacet
  facet normal -0.948081 -0.318029 0
    outer loop
      vertex -2.12571 10.6106 2
      vertex -1.99861 10.2317 0
      vertex -1.99861 10.2317 2
    endloop
  endfacet
  facet normal 0.861191 -0.508281 0
    outer loop
      vertex -8.48592 10.9136 2
      vertex -8.28283 11.2577 0
      vertex -8.28283 11.2577 2
    endloop
  endfacet
  facet normal 0.861191 -0.508281 0
    outer loop
      vertex -8.28283 11.2577 0
      vertex -8.48592 10.9136 2
      vertex -8.48592 10.9136 0
    endloop
  endfacet
  facet normal -0.888828 0.45824 0
    outer loop
      vertex -2.36071 7.531 0
      vertex -2.17759 7.88619 2
      vertex -2.17759 7.88619 0
    endloop
  endfacet
  facet normal -0.888828 0.45824 0
    outer loop
      vertex -2.17759 7.88619 2
      vertex -2.36071 7.531 0
      vertex -2.36071 7.531 2
    endloop
  endfacet
  facet normal -0.995473 -0.0950405 0
    outer loop
      vertex -1.87754 9.44302 0
      vertex -1.91552 9.84083 2
      vertex -1.91552 9.84083 0
    endloop
  endfacet
  facet normal -0.995473 -0.0950405 0
    outer loop
      vertex -1.91552 9.84083 2
      vertex -1.87754 9.44302 0
      vertex -1.87754 9.44302 2
    endloop
  endfacet
  facet normal -0.710452 -0.703746 0
    outer loop
      vertex -2.75182 11.6269 0
      vertex -3.03304 11.9108 2
      vertex -3.03304 11.9108 0
    endloop
  endfacet
  facet normal -0.710452 -0.703746 0
    outer loop
      vertex -3.03304 11.9108 2
      vertex -2.75182 11.6269 0
      vertex -2.75182 11.6269 2
    endloop
  endfacet
  facet normal 0.7977 -0.603054 0
    outer loop
      vertex -8.28283 11.2577 2
      vertex -8.04182 11.5765 0
      vertex -8.04182 11.5765 2
    endloop
  endfacet
  facet normal 0.7977 -0.603054 0
    outer loop
      vertex -8.04182 11.5765 0
      vertex -8.28283 11.2577 2
      vertex -8.28283 11.2577 0
    endloop
  endfacet
  facet normal 0.953948 -0.299973 0
    outer loop
      vertex -8.76833 10.1673 2
      vertex -8.64846 10.5485 0
      vertex -8.64846 10.5485 2
    endloop
  endfacet
  facet normal 0.953948 -0.299973 0
    outer loop
      vertex -8.64846 10.5485 0
      vertex -8.76833 10.1673 2
      vertex -8.76833 10.1673 0
    endloop
  endfacet
  facet normal 0.345072 -0.938576 0
    outer loop
      vertex -6.76807 12.5206 0
      vertex -6.39299 12.6585 2
      vertex -6.76807 12.5206 2
    endloop
  endfacet
  facet normal 0.345072 -0.938576 0
    outer loop
      vertex -6.39299 12.6585 2
      vertex -6.76807 12.5206 0
      vertex -6.39299 12.6585 0
    endloop
  endfacet
  facet normal 0.161127 0.986934 -0
    outer loop
      vertex -5.74085 5.82895 0
      vertex -6.13525 5.89334 2
      vertex -5.74085 5.82895 2
    endloop
  endfacet
  facet normal 0.161127 0.986934 0
    outer loop
      vertex -6.13525 5.89334 2
      vertex -5.74085 5.82895 0
      vertex -6.13525 5.89334 0
    endloop
  endfacet
  facet normal -0.432661 -0.901557 0
    outer loop
      vertex -4.04331 12.5465 0
      vertex -3.68303 12.3736 2
      vertex -4.04331 12.5465 2
    endloop
  endfacet
  facet normal -0.432661 -0.901557 -0
    outer loop
      vertex -3.68303 12.3736 2
      vertex -4.04331 12.5465 0
      vertex -3.68303 12.3736 0
    endloop
  endfacet
  facet normal 0.380489 0.924785 -0
    outer loop
      vertex -6.51974 6.00227 0
      vertex -6.8893 6.15432 2
      vertex -6.51974 6.00227 2
    endloop
  endfacet
  facet normal 0.380489 0.924785 0
    outer loop
      vertex -6.8893 6.15432 2
      vertex -6.51974 6.00227 0
      vertex -6.8893 6.15432 0
    endloop
  endfacet
  facet normal -0.978144 -0.207931 0
    outer loop
      vertex -1.91552 9.84083 0
      vertex -1.99861 10.2317 2
      vertex -1.99861 10.2317 0
    endloop
  endfacet
  facet normal -0.978144 -0.207931 0
    outer loop
      vertex -1.99861 10.2317 2
      vertex -1.91552 9.84083 0
      vertex -1.91552 9.84083 2
    endloop
  endfacet
  facet normal -0.683167 0.730262 0
    outer loop
      vertex -2.84193 6.8945 0
      vertex -3.13376 6.62149 2
      vertex -2.84193 6.8945 2
    endloop
  endfacet
  facet normal -0.683167 0.730262 0
    outer loop
      vertex -3.13376 6.62149 2
      vertex -2.84193 6.8945 0
      vertex -3.13376 6.62149 0
    endloop
  endfacet
  facet normal 0.449684 -0.893188 0
    outer loop
      vertex -7.125 12.3409 0
      vertex -6.76807 12.5206 2
      vertex -7.125 12.3409 2
    endloop
  endfacet
  facet normal 0.449684 -0.893188 0
    outer loop
      vertex -6.76807 12.5206 2
      vertex -7.125 12.3409 0
      vertex -6.76807 12.5206 0
    endloop
  endfacet
  facet normal 0.723711 -0.690103 0
    outer loop
      vertex -8.04182 11.5765 2
      vertex -7.76605 11.8657 0
      vertex -7.76605 11.8657 2
    endloop
  endfacet
  facet normal 0.723711 -0.690103 0
    outer loop
      vertex -7.76605 11.8657 0
      vertex -8.04182 11.5765 2
      vertex -8.04182 11.5765 0
    endloop
  endfacet
  facet normal -0.532527 -0.846413 0
    outer loop
      vertex -3.68303 12.3736 0
      vertex -3.3448 12.1608 2
      vertex -3.68303 12.3736 2
    endloop
  endfacet
  facet normal -0.532527 -0.846413 -0
    outer loop
      vertex -3.3448 12.1608 2
      vertex -3.68303 12.3736 0
      vertex -3.3448 12.1608 0
    endloop
  endfacet
  facet normal -0.39802 0.917377 0
    outer loop
      vertex -3.80089 6.18372 0
      vertex -4.1675 6.02466 2
      vertex -3.80089 6.18372 2
    endloop
  endfacet
  facet normal -0.39802 0.917377 0
    outer loop
      vertex -4.1675 6.02466 2
      vertex -3.80089 6.18372 0
      vertex -4.1675 6.02466 0
    endloop
  endfacet
  facet normal -0.217206 -0.976126 0
    outer loop
      vertex -4.81103 12.764 0
      vertex -4.42095 12.6772 2
      vertex -4.81103 12.764 2
    endloop
  endfacet
  facet normal -0.217206 -0.976126 -0
    outer loop
      vertex -4.42095 12.6772 2
      vertex -4.81103 12.764 0
      vertex -4.42095 12.6772 0
    endloop
  endfacet
  facet normal 0.820062 0.572274 0
    outer loop
      vertex -8.12619 7.14622 2
      vertex -8.35488 7.47393 0
      vertex -8.35488 7.47393 2
    endloop
  endfacet
  facet normal 0.820062 0.572274 0
    outer loop
      vertex -8.35488 7.47393 0
      vertex -8.12619 7.14622 2
      vertex -8.12619 7.14622 0
    endloop
  endfacet
  facet normal -0.179892 0.983686 0
    outer loop
      vertex -4.54984 5.90843 0
      vertex -4.94295 5.83654 2
      vertex -4.54984 5.90843 2
    endloop
  endfacet
  facet normal -0.179892 0.983686 0
    outer loop
      vertex -4.94295 5.83654 2
      vertex -4.54984 5.90843 0
      vertex -4.94295 5.83654 0
    endloop
  endfacet
  facet normal -0.991133 0.132875 0
    outer loop
      vertex -1.93825 8.64739 0
      vertex -1.88515 9.04347 2
      vertex -1.88515 9.04347 0
    endloop
  endfacet
  facet normal -0.991133 0.132875 0
    outer loop
      vertex -1.88515 9.04347 2
      vertex -1.93825 8.64739 0
      vertex -1.93825 8.64739 2
    endloop
  endfacet
  facet normal 0.92837 0.371658 0
    outer loop
      vertex -8.54473 7.82558 2
      vertex -8.69325 8.19657 0
      vertex -8.69325 8.19657 2
    endloop
  endfacet
  facet normal 0.92837 0.371658 0
    outer loop
      vertex -8.69325 8.19657 0
      vertex -8.54473 7.82558 2
      vertex -8.54473 7.82558 0
    endloop
  endfacet
  facet normal -0.595462 0.803383 0
    outer loop
      vertex -3.13376 6.62149 0
      vertex -3.45481 6.38353 2
      vertex -3.13376 6.62149 2
    endloop
  endfacet
  facet normal -0.595462 0.803383 0
    outer loop
      vertex -3.45481 6.38353 2
      vertex -3.13376 6.62149 0
      vertex -3.45481 6.38353 0
    endloop
  endfacet
  facet normal -0.969521 0.245008 0
    outer loop
      vertex -2.03616 8.25995 0
      vertex -1.93825 8.64739 2
      vertex -1.93825 8.64739 0
    endloop
  endfacet
  facet normal -0.969521 0.245008 0
    outer loop
      vertex -1.93825 8.64739 2
      vertex -2.03616 8.25995 0
      vertex -2.03616 8.25995 2
    endloop
  endfacet
  facet normal -0.290854 0.956767 0
    outer loop
      vertex -4.1675 6.02466 0
      vertex -4.54984 5.90843 2
      vertex -4.1675 6.02466 2
    endloop
  endfacet
  facet normal -0.290854 0.956767 0
    outer loop
      vertex -4.54984 5.90843 2
      vertex -4.1675 6.02466 0
      vertex -4.54984 5.90843 0
    endloop
  endfacet
  facet normal -0.0665888 0.997781 0
    outer loop
      vertex -4.94295 5.83654 0
      vertex -5.34168 5.80993 2
      vertex -4.94295 5.83654 2
    endloop
  endfacet
  facet normal -0.0665888 0.997781 0
    outer loop
      vertex -5.34168 5.80993 2
      vertex -4.94295 5.83654 0
      vertex -5.34168 5.80993 0
    endloop
  endfacet
  facet normal 0.142294 0.989825 -0
    outer loop
      vertex -11.0495 -3.48716 0
      vertex -11.4451 -3.43029 2
      vertex -11.0495 -3.48716 2
    endloop
  endfacet
  facet normal 0.142294 0.989825 0
    outer loop
      vertex -11.4451 -3.43029 2
      vertex -11.0495 -3.48716 0
      vertex -11.4451 -3.43029 0
    endloop
  endfacet
  facet normal 0.870754 0.491718 0
    outer loop
      vertex -13.6944 -1.89224 2
      vertex -13.8909 -1.54427 0
      vertex -13.8909 -1.54427 2
    endloop
  endfacet
  facet normal 0.870754 0.491718 0
    outer loop
      vertex -13.8909 -1.54427 0
      vertex -13.6944 -1.89224 2
      vertex -13.6944 -1.89224 0
    endloop
  endfacet
  facet normal 0.921088 0.389354 0
    outer loop
      vertex -13.8909 -1.54427 2
      vertex -14.0465 -1.17617 0
      vertex -14.0465 -1.17617 2
    endloop
  endfacet
  facet normal 0.921088 0.389354 0
    outer loop
      vertex -14.0465 -1.17617 0
      vertex -13.8909 -1.54427 2
      vertex -13.8909 -1.54427 0
    endloop
  endfacet
  facet normal -0.309012 0.951058 0
    outer loop
      vertex -9.48017 -3.26152 0
      vertex -9.86024 -3.38501 2
      vertex -9.48017 -3.26152 2
    endloop
  endfacet
  facet normal -0.309012 0.951058 0
    outer loop
      vertex -9.86024 -3.38501 2
      vertex -9.48017 -3.26152 0
      vertex -9.86024 -3.38501 0
    endloop
  endfacet
  facet normal 0.0285562 -0.999592 0
    outer loop
      vertex -11.0495 3.48716 0
      vertex -10.6501 3.49857 2
      vertex -11.0495 3.48716 2
    endloop
  endfacet
  facet normal 0.0285562 -0.999592 0
    outer loop
      vertex -10.6501 3.49857 2
      vertex -11.0495 3.48716 0
      vertex -10.6501 3.49857 0
    endloop
  endfacet
  facet normal 0.998371 0.0570541 0
    outer loop
      vertex -14.2272 -0.39897 2
      vertex -14.25 0 0
      vertex -14.25 0 2
    endloop
  endfacet
  facet normal 0.998371 0.0570541 0
    outer loop
      vertex -14.25 0 0
      vertex -14.2272 -0.39897 2
      vertex -14.2272 -0.39897 0
    endloop
  endfacet
  facet normal -0.8974 0.441218 0
    outer loop
      vertex -7.70239 -1.72106 0
      vertex -7.52607 -1.36244 2
      vertex -7.52607 -1.36244 0
    endloop
  endfacet
  facet normal -0.8974 0.441218 0
    outer loop
      vertex -7.52607 -1.36244 2
      vertex -7.70239 -1.72106 0
      vertex -7.70239 -1.72106 2
    endloop
  endfacet
  facet normal 0.466706 0.884412 -0
    outer loop
      vertex -12.204 -3.18371 0
      vertex -12.5574 -2.99722 2
      vertex -12.204 -3.18371 2
    endloop
  endfacet
  facet normal 0.466706 0.884412 0
    outer loop
      vertex -12.5574 -2.99722 2
      vertex -12.204 -3.18371 0
      vertex -12.5574 -2.99722 0
    endloop
  endfacet
  facet normal 0.809007 0.5878 0
    outer loop
      vertex -13.4595 -2.21554 2
      vertex -13.6944 -1.89224 0
      vertex -13.6944 -1.89224 2
    endloop
  endfacet
  facet normal 0.809007 0.5878 0
    outer loop
      vertex -13.6944 -1.89224 0
      vertex -13.4595 -2.21554 2
      vertex -13.4595 -2.21554 0
    endloop
  endfacet
  facet normal -0.610652 0.791899 0
    outer loop
      vertex -8.45799 -2.64512 0
      vertex -8.77445 -2.88915 2
      vertex -8.45799 -2.64512 2
    endloop
  endfacet
  facet normal -0.610652 0.791899 0
    outer loop
      vertex -8.77445 -2.88915 2
      vertex -8.45799 -2.64512 0
      vertex -8.77445 -2.88915 0
    endloop
  endfacet
  facet normal -0.198589 -0.980083 0
    outer loop
      vertex -10.2519 3.46437 0
      vertex -9.86024 3.38501 2
      vertex -10.2519 3.46437 2
    endloop
  endfacet
  facet normal -0.198589 -0.980083 -0
    outer loop
      vertex -9.86024 3.38501 2
      vertex -10.2519 3.46437 0
      vertex -9.86024 3.38501 0
    endloop
  endfacet
  facet normal 0.466706 -0.884412 0
    outer loop
      vertex -12.5574 2.99722 0
      vertex -12.204 3.18371 2
      vertex -12.5574 2.99722 2
    endloop
  endfacet
  facet normal 0.466706 -0.884412 0
    outer loop
      vertex -12.204 3.18371 2
      vertex -12.5574 2.99722 0
      vertex -12.204 3.18371 0
    endloop
  endfacet
  facet normal 0.959551 -0.281535 0
    outer loop
      vertex -14.159 0.792738 2
      vertex -14.0465 1.17617 0
      vertex -14.0465 1.17617 2
    endloop
  endfacet
  facet normal 0.959551 -0.281535 0
    outer loop
      vertex -14.0465 1.17617 0
      vertex -14.159 0.792738 2
      vertex -14.159 0.792738 0
    endloop
  endfacet
  facet normal -0.774132 0.633024 0
    outer loop
      vertex -8.17141 -2.36661 0
      vertex -7.91844 -2.05725 2
      vertex -7.91844 -2.05725 0
    endloop
  endfacet
  facet normal -0.774132 0.633024 0
    outer loop
      vertex -7.91844 -2.05725 2
      vertex -8.17141 -2.36661 0
      vertex -8.17141 -2.36661 2
    endloop
  endfacet
  facet normal -0.841261 0.54063 0
    outer loop
      vertex -7.91844 -2.05725 0
      vertex -7.70239 -1.72106 2
      vertex -7.70239 -1.72106 0
    endloop
  endfacet
  facet normal -0.841261 0.54063 0
    outer loop
      vertex -7.70239 -1.72106 2
      vertex -7.91844 -2.05725 0
      vertex -7.91844 -2.05725 2
    endloop
  endfacet
  facet normal -0.198589 0.980083 0
    outer loop
      vertex -9.86024 -3.38501 0
      vertex -10.2519 -3.46437 2
      vertex -9.86024 -3.38501 2
    endloop
  endfacet
  facet normal -0.198589 0.980083 0
    outer loop
      vertex -10.2519 -3.46437 2
      vertex -9.86024 -3.38501 0
      vertex -10.2519 -3.46437 0
    endloop
  endfacet
  facet normal -0.415395 0.909641 0
    outer loop
      vertex -9.11666 -3.09552 0
      vertex -9.48017 -3.26152 2
      vertex -9.11666 -3.09552 2
    endloop
  endfacet
  facet normal -0.415395 0.909641 0
    outer loop
      vertex -9.48017 -3.26152 2
      vertex -9.11666 -3.09552 0
      vertex -9.48017 -3.26152 0
    endloop
  endfacet
  facet normal -0.610652 -0.791899 0
    outer loop
      vertex -8.77445 2.88915 0
      vertex -8.45799 2.64512 2
      vertex -8.77445 2.88915 2
    endloop
  endfacet
  facet normal -0.610652 -0.791899 -0
    outer loop
      vertex -8.45799 2.64512 2
      vertex -8.77445 2.88915 0
      vertex -8.45799 2.64512 0
    endloop
  endfacet
  facet normal 0.736761 -0.676153 0
    outer loop
      vertex -13.4595 2.21554 2
      vertex -13.1893 2.50996 0
      vertex -13.1893 2.50996 2
    endloop
  endfacet
  facet normal 0.736761 -0.676153 0
    outer loop
      vertex -13.1893 2.50996 0
      vertex -13.4595 2.21554 2
      vertex -13.4595 2.21554 0
    endloop
  endfacet
  facet normal 0.0285562 0.999592 -0
    outer loop
      vertex -10.6501 -3.49857 0
      vertex -11.0495 -3.48716 2
      vertex -10.6501 -3.49857 2
    endloop
  endfacet
  facet normal 0.0285562 0.999592 0
    outer loop
      vertex -11.0495 -3.48716 2
      vertex -10.6501 -3.49857 0
      vertex -11.0495 -3.48716 0
    endloop
  endfacet
  facet normal 0.98533 0.170658 0
    outer loop
      vertex -14.159 -0.792738 2
      vertex -14.2272 -0.39897 0
      vertex -14.2272 -0.39897 2
    endloop
  endfacet
  facet normal 0.98533 0.170658 0
    outer loop
      vertex -14.2272 -0.39897 0
      vertex -14.159 -0.792738 2
      vertex -14.159 -0.792738 0
    endloop
  endfacet
  facet normal -0.941837 -0.336069 0
    outer loop
      vertex -7.39177 0.986063 0
      vertex -7.52607 1.36244 2
      vertex -7.52607 1.36244 0
    endloop
  endfacet
  facet normal -0.941837 -0.336069 0
    outer loop
      vertex -7.52607 1.36244 2
      vertex -7.39177 0.986063 0
      vertex -7.39177 0.986063 2
    endloop
  endfacet
  facet normal -0.993483 0.113983 0
    outer loop
      vertex -7.30126 -0.596828 0
      vertex -7.25571 -0.19981 2
      vertex -7.25571 -0.19981 0
    endloop
  endfacet
  facet normal -0.993483 0.113983 0
    outer loop
      vertex -7.25571 -0.19981 2
      vertex -7.30126 -0.596828 0
      vertex -7.30126 -0.596828 2
    endloop
  endfacet
  facet normal 0.654883 0.75573 -0
    outer loop
      vertex -12.8873 -2.77166 0
      vertex -13.1893 -2.50996 2
      vertex -12.8873 -2.77166 2
    endloop
  endfacet
  facet normal 0.654883 0.75573 0
    outer loop
      vertex -13.1893 -2.50996 2
      vertex -12.8873 -2.77166 0
      vertex -13.1893 -2.50996 0
    endloop
  endfacet
  facet normal 0.998371 -0.0570541 0
    outer loop
      vertex -14.25 0 2
      vertex -14.2272 0.39897 0
      vertex -14.2272 0.39897 2
    endloop
  endfacet
  facet normal 0.998371 -0.0570541 0
    outer loop
      vertex -14.2272 0.39897 0
      vertex -14.25 0 2
      vertex -14.25 0 0
    endloop
  endfacet
  facet normal -0.696938 0.717132 0
    outer loop
      vertex -8.17141 -2.36661 0
      vertex -8.45799 -2.64512 2
      vertex -8.17141 -2.36661 2
    endloop
  endfacet
  facet normal -0.696938 0.717132 0
    outer loop
      vertex -8.45799 -2.64512 2
      vertex -8.17141 -2.36661 0
      vertex -8.45799 -2.64512 0
    endloop
  endfacet
  facet normal -0.309012 -0.951058 0
    outer loop
      vertex -9.86024 3.38501 0
      vertex -9.48017 3.26152 2
      vertex -9.86024 3.38501 2
    endloop
  endfacet
  facet normal -0.309012 -0.951058 -0
    outer loop
      vertex -9.48017 3.26152 2
      vertex -9.86024 3.38501 0
      vertex -9.48017 3.26152 0
    endloop
  endfacet
  facet normal 0.362811 0.931863 -0
    outer loop
      vertex -11.8316 -3.3287 0
      vertex -12.204 -3.18371 2
      vertex -11.8316 -3.3287 2
    endloop
  endfacet
  facet normal 0.362811 0.931863 0
    outer loop
      vertex -12.204 -3.18371 2
      vertex -11.8316 -3.3287 0
      vertex -12.204 -3.18371 0
    endloop
  endfacet
  facet normal -0.8974 -0.441218 0
    outer loop
      vertex -7.52607 1.36244 0
      vertex -7.70239 1.72106 2
      vertex -7.70239 1.72106 0
    endloop
  endfacet
  facet normal -0.8974 -0.441218 0
    outer loop
      vertex -7.70239 1.72106 2
      vertex -7.52607 1.36244 0
      vertex -7.52607 1.36244 2
    endloop
  endfacet
  facet normal -0.774132 -0.633024 0
    outer loop
      vertex -7.91844 2.05725 0
      vertex -8.17141 2.36661 2
      vertex -8.17141 2.36661 0
    endloop
  endfacet
  facet normal -0.774132 -0.633024 0
    outer loop
      vertex -8.17141 2.36661 2
      vertex -7.91844 2.05725 0
      vertex -7.91844 2.05725 2
    endloop
  endfacet
  facet normal 0.736761 0.676153 0
    outer loop
      vertex -13.1893 -2.50996 2
      vertex -13.4595 -2.21554 0
      vertex -13.4595 -2.21554 2
    endloop
  endfacet
  facet normal 0.736761 0.676153 0
    outer loop
      vertex -13.4595 -2.21554 0
      vertex -13.1893 -2.50996 2
      vertex -13.1893 -2.50996 0
    endloop
  endfacet
  facet normal 0.98533 -0.170658 0
    outer loop
      vertex -14.2272 0.39897 2
      vertex -14.159 0.792738 0
      vertex -14.159 0.792738 2
    endloop
  endfacet
  facet normal 0.98533 -0.170658 0
    outer loop
      vertex -14.159 0.792738 0
      vertex -14.2272 0.39897 2
      vertex -14.2272 0.39897 0
    endloop
  endfacet
  facet normal 0.564409 -0.825495 0
    outer loop
      vertex -12.8873 2.77166 0
      vertex -12.5574 2.99722 2
      vertex -12.8873 2.77166 2
    endloop
  endfacet
  facet normal 0.564409 -0.825495 0
    outer loop
      vertex -12.5574 2.99722 2
      vertex -12.8873 2.77166 0
      vertex -12.5574 2.99722 0
    endloop
  endfacet
  facet normal -0.841261 -0.54063 0
    outer loop
      vertex -7.70239 1.72106 0
      vertex -7.91844 2.05725 2
      vertex -7.91844 2.05725 0
    endloop
  endfacet
  facet normal -0.841261 -0.54063 0
    outer loop
      vertex -7.91844 2.05725 2
      vertex -7.70239 1.72106 0
      vertex -7.70239 1.72106 2
    endloop
  endfacet
  facet normal 0.142294 -0.989825 0
    outer loop
      vertex -11.4451 3.43029 0
      vertex -11.0495 3.48716 2
      vertex -11.4451 3.43029 2
    endloop
  endfacet
  facet normal 0.142294 -0.989825 0
    outer loop
      vertex -11.0495 3.48716 2
      vertex -11.4451 3.43029 0
      vertex -11.0495 3.48716 0
    endloop
  endfacet
  facet normal 0.921088 -0.389354 0
    outer loop
      vertex -14.0465 1.17617 2
      vertex -13.8909 1.54427 0
      vertex -13.8909 1.54427 2
    endloop
  endfacet
  facet normal 0.921088 -0.389354 0
    outer loop
      vertex -13.8909 1.54427 0
      vertex -14.0465 1.17617 2
      vertex -14.0465 1.17617 0
    endloop
  endfacet
  facet normal -0.974013 -0.22649 0
    outer loop
      vertex -7.30126 0.596828 0
      vertex -7.39177 0.986063 2
      vertex -7.39177 0.986063 0
    endloop
  endfacet
  facet normal -0.974013 -0.22649 0
    outer loop
      vertex -7.39177 0.986063 2
      vertex -7.30126 0.596828 0
      vertex -7.30126 0.596828 2
    endloop
  endfacet
  facet normal 0.362811 -0.931863 0
    outer loop
      vertex -12.204 3.18371 0
      vertex -11.8316 3.3287 2
      vertex -12.204 3.18371 2
    endloop
  endfacet
  facet normal 0.362811 -0.931863 0
    outer loop
      vertex -11.8316 3.3287 2
      vertex -12.204 3.18371 0
      vertex -11.8316 3.3287 0
    endloop
  endfacet
  facet normal 0.870754 -0.491718 0
    outer loop
      vertex -13.8909 1.54427 2
      vertex -13.6944 1.89224 0
      vertex -13.6944 1.89224 2
    endloop
  endfacet
  facet normal 0.870754 -0.491718 0
    outer loop
      vertex -13.6944 1.89224 0
      vertex -13.8909 1.54427 2
      vertex -13.8909 1.54427 0
    endloop
  endfacet
  facet normal -0.941837 0.336069 0
    outer loop
      vertex -7.52607 -1.36244 0
      vertex -7.39177 -0.986063 2
      vertex -7.39177 -0.986063 0
    endloop
  endfacet
  facet normal -0.941837 0.336069 0
    outer loop
      vertex -7.39177 -0.986063 2
      vertex -7.52607 -1.36244 0
      vertex -7.52607 -1.36244 2
    endloop
  endfacet
  facet normal -0.974013 0.22649 0
    outer loop
      vertex -7.39177 -0.986063 0
      vertex -7.30126 -0.596828 2
      vertex -7.30126 -0.596828 0
    endloop
  endfacet
  facet normal -0.974013 0.22649 0
    outer loop
      vertex -7.30126 -0.596828 2
      vertex -7.39177 -0.986063 0
      vertex -7.39177 -0.986063 2
    endloop
  endfacet
  facet normal 0.564409 0.825495 -0
    outer loop
      vertex -12.5574 -2.99722 0
      vertex -12.8873 -2.77166 2
      vertex -12.5574 -2.99722 2
    endloop
  endfacet
  facet normal 0.564409 0.825495 0
    outer loop
      vertex -12.8873 -2.77166 2
      vertex -12.5574 -2.99722 0
      vertex -12.8873 -2.77166 0
    endloop
  endfacet
  facet normal -1 0 0
    outer loop
      vertex -7.25571 -0.19981 0
      vertex -7.25571 0.19981 2
      vertex -7.25571 0.19981 0
    endloop
  endfacet
  facet normal -1 -0 0
    outer loop
      vertex -7.25571 0.19981 2
      vertex -7.25571 -0.19981 0
      vertex -7.25571 -0.19981 2
    endloop
  endfacet
  facet normal 0.959551 0.281535 0
    outer loop
      vertex -14.0465 -1.17617 2
      vertex -14.159 -0.792738 0
      vertex -14.159 -0.792738 2
    endloop
  endfacet
  facet normal 0.959551 0.281535 0
    outer loop
      vertex -14.159 -0.792738 0
      vertex -14.0465 -1.17617 2
      vertex -14.0465 -1.17617 0
    endloop
  endfacet
  facet normal -0.415395 -0.909641 0
    outer loop
      vertex -9.48017 3.26152 0
      vertex -9.11666 3.09552 2
      vertex -9.48017 3.26152 2
    endloop
  endfacet
  facet normal -0.415395 -0.909641 -0
    outer loop
      vertex -9.11666 3.09552 2
      vertex -9.48017 3.26152 0
      vertex -9.11666 3.09552 0
    endloop
  endfacet
  facet normal -0.0855715 0.996332 0
    outer loop
      vertex -10.2519 -3.46437 0
      vertex -10.6501 -3.49857 2
      vertex -10.2519 -3.46437 2
    endloop
  endfacet
  facet normal -0.0855715 0.996332 0
    outer loop
      vertex -10.6501 -3.49857 2
      vertex -10.2519 -3.46437 0
      vertex -10.6501 -3.49857 0
    endloop
  endfacet
  facet normal 0.654883 -0.75573 0
    outer loop
      vertex -13.1893 2.50996 0
      vertex -12.8873 2.77166 2
      vertex -13.1893 2.50996 2
    endloop
  endfacet
  facet normal 0.654883 -0.75573 0
    outer loop
      vertex -12.8873 2.77166 2
      vertex -13.1893 2.50996 0
      vertex -12.8873 2.77166 0
    endloop
  endfacet
  facet normal -0.516415 0.856338 0
    outer loop
      vertex -8.77445 -2.88915 0
      vertex -9.11666 -3.09552 2
      vertex -8.77445 -2.88915 2
    endloop
  endfacet
  facet normal -0.516415 0.856338 0
    outer loop
      vertex -9.11666 -3.09552 2
      vertex -8.77445 -2.88915 0
      vertex -9.11666 -3.09552 0
    endloop
  endfacet
  facet normal -0.696938 -0.717132 0
    outer loop
      vertex -8.45799 2.64512 0
      vertex -8.17141 2.36661 2
      vertex -8.45799 2.64512 2
    endloop
  endfacet
  facet normal -0.696938 -0.717132 -0
    outer loop
      vertex -8.17141 2.36661 2
      vertex -8.45799 2.64512 0
      vertex -8.17141 2.36661 0
    endloop
  endfacet
  facet normal -0.993483 -0.113983 0
    outer loop
      vertex -7.25571 0.19981 0
      vertex -7.30126 0.596828 2
      vertex -7.30126 0.596828 0
    endloop
  endfacet
  facet normal -0.993483 -0.113983 0
    outer loop
      vertex -7.30126 0.596828 2
      vertex -7.25571 0.19981 0
      vertex -7.25571 0.19981 2
    endloop
  endfacet
  facet normal 0.809007 -0.5878 0
    outer loop
      vertex -13.6944 1.89224 2
      vertex -13.4595 2.21554 0
      vertex -13.4595 2.21554 2
    endloop
  endfacet
  facet normal 0.809007 -0.5878 0
    outer loop
      vertex -13.4595 2.21554 0
      vertex -13.6944 1.89224 2
      vertex -13.6944 1.89224 0
    endloop
  endfacet
  facet normal 0.254211 -0.967149 0
    outer loop
      vertex -11.8316 3.3287 0
      vertex -11.4451 3.43029 2
      vertex -11.8316 3.3287 2
    endloop
  endfacet
  facet normal 0.254211 -0.967149 0
    outer loop
      vertex -11.4451 3.43029 2
      vertex -11.8316 3.3287 0
      vertex -11.4451 3.43029 0
    endloop
  endfacet
  facet normal -0.516415 -0.856338 0
    outer loop
      vertex -9.11666 3.09552 0
      vertex -8.77445 2.88915 2
      vertex -9.11666 3.09552 2
    endloop
  endfacet
  facet normal -0.516415 -0.856338 -0
    outer loop
      vertex -8.77445 2.88915 2
      vertex -9.11666 3.09552 0
      vertex -8.77445 2.88915 0
    endloop
  endfacet
  facet normal 0.254211 0.967149 -0
    outer loop
      vertex -11.4451 -3.43029 0
      vertex -11.8316 -3.3287 2
      vertex -11.4451 -3.43029 2
    endloop
  endfacet
  facet normal 0.254211 0.967149 0
    outer loop
      vertex -11.8316 -3.3287 2
      vertex -11.4451 -3.43029 0
      vertex -11.8316 -3.3287 0
    endloop
  endfacet
  facet normal -0.0855715 -0.996332 0
    outer loop
      vertex -10.6501 3.49857 0
      vertex -10.2519 3.46437 2
      vertex -10.6501 3.49857 2
    endloop
  endfacet
  facet normal -0.0855715 -0.996332 -0
    outer loop
      vertex -10.2519 3.46437 2
      vertex -10.6501 3.49857 0
      vertex -10.2519 3.46437 0
    endloop
  endfacet
  facet normal 0.235723 0.97182 -0
    outer loop
      vertex -6.00463 -12.7527 0
      vertex -6.39299 -12.6585 2
      vertex -6.00463 -12.7527 2
    endloop
  endfacet
  facet normal 0.235723 0.97182 0
    outer loop
      vertex -6.39299 -12.6585 2
      vertex -6.00463 -12.7527 0
      vertex -6.39299 -12.6585 0
    endloop
  endfacet
  facet normal 0.953948 0.299973 0
    outer loop
      vertex -8.64846 -10.5485 2
      vertex -8.76833 -10.1673 0
      vertex -8.76833 -10.1673 2
    endloop
  endfacet
  facet normal 0.953948 0.299973 0
    outer loop
      vertex -8.76833 -10.1673 0
      vertex -8.64846 -10.5485 2
      vertex -8.64846 -10.5485 0
    endloop
  endfacet
  facet normal -0.217206 0.976126 0
    outer loop
      vertex -4.42095 -12.6772 0
      vertex -4.81103 -12.764 2
      vertex -4.42095 -12.6772 2
    endloop
  endfacet
  facet normal -0.217206 0.976126 0
    outer loop
      vertex -4.81103 -12.764 2
      vertex -4.42095 -12.6772 0
      vertex -4.81103 -12.764 0
    endloop
  endfacet
  facet normal -0.969521 -0.245008 0
    outer loop
      vertex -1.93825 -8.64739 0
      vertex -2.03616 -8.25995 2
      vertex -2.03616 -8.25995 0
    endloop
  endfacet
  facet normal -0.969521 -0.245008 0
    outer loop
      vertex -2.03616 -8.25995 2
      vertex -1.93825 -8.64739 0
      vertex -1.93825 -8.64739 2
    endloop
  endfacet
  facet normal -0.104599 0.994514 0
    outer loop
      vertex -4.81103 -12.764 0
      vertex -5.20846 -12.8058 2
      vertex -4.81103 -12.764 2
    endloop
  endfacet
  facet normal -0.104599 0.994514 0
    outer loop
      vertex -5.20846 -12.8058 2
      vertex -4.81103 -12.764 0
      vertex -5.20846 -12.8058 0
    endloop
  endfacet
  facet normal -0.991133 -0.132875 0
    outer loop
      vertex -1.88515 -9.04347 0
      vertex -1.93825 -8.64739 2
      vertex -1.93825 -8.64739 0
    endloop
  endfacet
  facet normal -0.991133 -0.132875 0
    outer loop
      vertex -1.93825 -8.64739 2
      vertex -1.88515 -9.04347 0
      vertex -1.88515 -9.04347 2
    endloop
  endfacet
  facet normal 0.449684 0.893188 -0
    outer loop
      vertex -6.76807 -12.5206 0
      vertex -7.125 -12.3409 2
      vertex -6.76807 -12.5206 2
    endloop
  endfacet
  facet normal 0.449684 0.893188 0
    outer loop
      vertex -7.125 -12.3409 2
      vertex -6.76807 -12.5206 0
      vertex -7.125 -12.3409 0
    endloop
  endfacet
  facet normal 0.123369 0.992361 -0
    outer loop
      vertex -5.60807 -12.802 0
      vertex -6.00463 -12.7527 2
      vertex -5.60807 -12.802 2
    endloop
  endfacet
  facet normal 0.123369 0.992361 0
    outer loop
      vertex -6.00463 -12.7527 2
      vertex -5.60807 -12.802 0
      vertex -6.00463 -12.7527 0
    endloop
  endfacet
  facet normal -0.830812 -0.556552 0
    outer loop
      vertex -2.36071 -7.531 0
      vertex -2.58312 -7.19899 2
      vertex -2.58312 -7.19899 0
    endloop
  endfacet
  facet normal -0.830812 -0.556552 0
    outer loop
      vertex -2.58312 -7.19899 2
      vertex -2.36071 -7.531 0
      vertex -2.36071 -7.531 2
    endloop
  endfacet
  facet normal -0.625598 0.780146 0
    outer loop
      vertex -3.03304 -11.9108 0
      vertex -3.3448 -12.1608 2
      vertex -3.03304 -11.9108 2
    endloop
  endfacet
  facet normal -0.625598 0.780146 0
    outer loop
      vertex -3.3448 -12.1608 2
      vertex -3.03304 -11.9108 0
      vertex -3.3448 -12.1608 0
    endloop
  endfacet
  facet normal -0.761947 -0.647639 0
    outer loop
      vertex -2.58312 -7.19899 0
      vertex -2.84193 -6.8945 2
      vertex -2.84193 -6.8945 0
    endloop
  endfacet
  facet normal -0.761947 -0.647639 0
    outer loop
      vertex -2.84193 -6.8945 2
      vertex -2.58312 -7.19899 0
      vertex -2.58312 -7.19899 2
    endloop
  endfacet
  facet normal 0.640357 0.768078 -0
    outer loop
      vertex -7.45911 -12.1216 0
      vertex -7.76605 -11.8657 2
      vertex -7.45911 -12.1216 2
    endloop
  endfacet
  facet normal 0.640357 0.768078 0
    outer loop
      vertex -7.76605 -11.8657 2
      vertex -7.45911 -12.1216 0
      vertex -7.76605 -11.8657 0
    endloop
  endfacet
  facet normal -0.978144 0.207931 0
    outer loop
      vertex -1.99861 -10.2317 0
      vertex -1.91552 -9.84083 2
      vertex -1.91552 -9.84083 0
    endloop
  endfacet
  facet normal -0.978144 0.207931 0
    outer loop
      vertex -1.91552 -9.84083 2
      vertex -1.99861 -10.2317 0
      vertex -1.99861 -10.2317 2
    endloop
  endfacet
  facet normal -0.432661 0.901557 0
    outer loop
      vertex -3.68303 -12.3736 0
      vertex -4.04331 -12.5465 2
      vertex -3.68303 -12.3736 2
    endloop
  endfacet
  facet normal -0.432661 0.901557 0
    outer loop
      vertex -4.04331 -12.5465 2
      vertex -3.68303 -12.3736 0
      vertex -4.04331 -12.5465 0
    endloop
  endfacet
  facet normal 0.879948 -0.475069 0
    outer loop
      vertex -8.54473 -7.82558 2
      vertex -8.35488 -7.47393 0
      vertex -8.35488 -7.47393 2
    endloop
  endfacet
  facet normal 0.879948 -0.475069 0
    outer loop
      vertex -8.35488 -7.47393 0
      vertex -8.54473 -7.82558 2
      vertex -8.54473 -7.82558 0
    endloop
  endfacet
  facet normal 0.723711 0.690103 0
    outer loop
      vertex -7.76605 -11.8657 2
      vertex -8.04182 -11.5765 0
      vertex -8.04182 -11.5765 2
    endloop
  endfacet
  facet normal 0.723711 0.690103 0
    outer loop
      vertex -8.04182 -11.5765 0
      vertex -7.76605 -11.8657 2
      vertex -7.76605 -11.8657 0
    endloop
  endfacet
  facet normal 0.161127 -0.986934 0
    outer loop
      vertex -6.13525 -5.89334 0
      vertex -5.74085 -5.82895 2
      vertex -6.13525 -5.89334 2
    endloop
  endfacet
  facet normal 0.161127 -0.986934 0
    outer loop
      vertex -5.74085 -5.82895 2
      vertex -6.13525 -5.89334 0
      vertex -5.74085 -5.82895 0
    endloop
  endfacet
  facet normal -0.710452 0.703746 0
    outer loop
      vertex -3.03304 -11.9108 0
      vertex -2.75182 -11.6269 2
      vertex -2.75182 -11.6269 0
    endloop
  endfacet
  facet normal -0.710452 0.703746 0
    outer loop
      vertex -2.75182 -11.6269 2
      vertex -3.03304 -11.9108 0
      vertex -3.03304 -11.9108 2
    endloop
  endfacet
  facet normal 0.669128 -0.743147 0
    outer loop
      vertex -7.86163 -6.84671 0
      vertex -7.56465 -6.57931 2
      vertex -7.86163 -6.84671 2
    endloop
  endfacet
  facet normal 0.669128 -0.743147 0
    outer loop
      vertex -7.56465 -6.57931 2
      vertex -7.86163 -6.84671 0
      vertex -7.56465 -6.57931 0
    endloop
  endfacet
  facet normal 0.964681 -0.263422 0
    outer loop
      vertex -8.79852 -8.58208 2
      vertex -8.69325 -8.19657 0
      vertex -8.69325 -8.19657 2
    endloop
  endfacet
  facet normal 0.964681 -0.263422 0
    outer loop
      vertex -8.69325 -8.19657 0
      vertex -8.79852 -8.58208 2
      vertex -8.79852 -8.58208 0
    endloop
  endfacet
  facet normal -0.290854 -0.956767 0
    outer loop
      vertex -4.54984 -5.90843 0
      vertex -4.1675 -6.02466 2
      vertex -4.54984 -5.90843 2
    endloop
  endfacet
  facet normal -0.290854 -0.956767 -0
    outer loop
      vertex -4.1675 -6.02466 2
      vertex -4.54984 -5.90843 0
      vertex -4.1675 -6.02466 0
    endloop
  endfacet
  facet normal -0.0665888 -0.997781 0
    outer loop
      vertex -5.34168 -5.80993 0
      vertex -4.94295 -5.83654 2
      vertex -5.34168 -5.80993 2
    endloop
  endfacet
  facet normal -0.0665888 -0.997781 -0
    outer loop
      vertex -4.94295 -5.83654 2
      vertex -5.34168 -5.80993 0
      vertex -4.94295 -5.83654 0
    endloop
  endfacet
  facet normal 0.0475949 -0.998867 0
    outer loop
      vertex -5.74085 -5.82895 0
      vertex -5.34168 -5.80993 2
      vertex -5.74085 -5.82895 2
    endloop
  endfacet
  facet normal 0.0475949 -0.998867 0
    outer loop
      vertex -5.34168 -5.80993 2
      vertex -5.74085 -5.82895 0
      vertex -5.34168 -5.80993 0
    endloop
  endfacet
  facet normal 0.00950884 0.999955 -0
    outer loop
      vertex -5.20846 -12.8058 0
      vertex -5.60807 -12.802 2
      vertex -5.20846 -12.8058 2
    endloop
  endfacet
  facet normal 0.00950884 0.999955 0
    outer loop
      vertex -5.60807 -12.802 2
      vertex -5.20846 -12.8058 0
      vertex -5.60807 -12.802 0
    endloop
  endfacet
  facet normal 0.548727 0.836002 -0
    outer loop
      vertex -7.125 -12.3409 0
      vertex -7.45911 -12.1216 2
      vertex -7.125 -12.3409 2
    endloop
  endfacet
  facet normal 0.548727 0.836002 0
    outer loop
      vertex -7.45911 -12.1216 2
      vertex -7.125 -12.3409 0
      vertex -7.45911 -12.1216 0
    endloop
  endfacet
  facet normal -0.39802 -0.917377 0
    outer loop
      vertex -4.1675 -6.02466 0
      vertex -3.80089 -6.18372 2
      vertex -4.1675 -6.02466 2
    endloop
  endfacet
  facet normal -0.39802 -0.917377 -0
    outer loop
      vertex -3.80089 -6.18372 2
      vertex -4.1675 -6.02466 0
      vertex -3.80089 -6.18372 0
    endloop
  endfacet
  facet normal 0.861191 0.508281 0
    outer loop
      vertex -8.28283 -11.2577 2
      vertex -8.48592 -10.9136 0
      vertex -8.48592 -10.9136 2
    endloop
  endfacet
  facet normal 0.861191 0.508281 0
    outer loop
      vertex -8.48592 -10.9136 0
      vertex -8.28283 -11.2577 2
      vertex -8.28283 -11.2577 0
    endloop
  endfacet
  facet normal 0.7977 0.603054 0
    outer loop
      vertex -8.04182 -11.5765 2
      vertex -8.28283 -11.2577 0
      vertex -8.28283 -11.2577 2
    endloop
  endfacet
  facet normal 0.7977 0.603054 0
    outer loop
      vertex -8.28283 -11.2577 0
      vertex -8.04182 -11.5765 2
      vertex -8.04182 -11.5765 0
    endloop
  endfacet
  facet normal 0.345072 0.938576 -0
    outer loop
      vertex -6.39299 -12.6585 0
      vertex -6.76807 -12.5206 2
      vertex -6.39299 -12.6585 2
    endloop
  endfacet
  facet normal 0.345072 0.938576 0
    outer loop
      vertex -6.76807 -12.5206 2
      vertex -6.39299 -12.6585 0
      vertex -6.76807 -12.5206 0
    endloop
  endfacet
  facet normal 0.820062 -0.572274 0
    outer loop
      vertex -8.35488 -7.47393 2
      vertex -8.12619 -7.14622 0
      vertex -8.12619 -7.14622 2
    endloop
  endfacet
  facet normal 0.820062 -0.572274 0
    outer loop
      vertex -8.12619 -7.14622 0
      vertex -8.35488 -7.47393 2
      vertex -8.35488 -7.47393 0
    endloop
  endfacet
  facet normal 0.913558 0.40671 0
    outer loop
      vertex -8.48592 -10.9136 2
      vertex -8.64846 -10.5485 0
      vertex -8.64846 -10.5485 2
    endloop
  endfacet
  facet normal 0.913558 0.40671 0
    outer loop
      vertex -8.64846 -10.5485 0
      vertex -8.48592 -10.9136 2
      vertex -8.48592 -10.9136 0
    endloop
  endfacet
  facet normal 0.999275 -0.0380612 0
    outer loop
      vertex -8.87436 -9.37641 2
      vertex -8.85915 -8.97708 0
      vertex -8.85915 -8.97708 2
    endloop
  endfacet
  facet normal 0.999275 -0.0380612 0
    outer loop
      vertex -8.85915 -8.97708 0
      vertex -8.87436 -9.37641 2
      vertex -8.87436 -9.37641 0
    endloop
  endfacet
  facet normal -0.995473 0.0950405 0
    outer loop
      vertex -1.91552 -9.84083 0
      vertex -1.87754 -9.44302 2
      vertex -1.87754 -9.44302 0
    endloop
  endfacet
  facet normal -0.995473 0.0950405 0
    outer loop
      vertex -1.87754 -9.44302 2
      vertex -1.91552 -9.84083 0
      vertex -1.91552 -9.84083 2
    endloop
  endfacet
  facet normal -0.93528 -0.353908 0
    outer loop
      vertex -2.03616 -8.25995 0
      vertex -2.17759 -7.88619 2
      vertex -2.17759 -7.88619 0
    endloop
  endfacet
  facet normal -0.93528 -0.353908 0
    outer loop
      vertex -2.17759 -7.88619 2
      vertex -2.03616 -8.25995 0
      vertex -2.03616 -8.25995 2
    endloop
  endfacet
  facet normal -0.683167 -0.730262 0
    outer loop
      vertex -3.13376 -6.62149 0
      vertex -2.84193 -6.8945 2
      vertex -3.13376 -6.62149 2
    endloop
  endfacet
  facet normal -0.683167 -0.730262 -0
    outer loop
      vertex -2.84193 -6.8945 2
      vertex -3.13376 -6.62149 0
      vertex -2.84193 -6.8945 0
    endloop
  endfacet
  facet normal 0.92837 -0.371658 0
    outer loop
      vertex -8.69325 -8.19657 2
      vertex -8.54473 -7.82558 0
      vertex -8.54473 -7.82558 2
    endloop
  endfacet
  facet normal 0.92837 -0.371658 0
    outer loop
      vertex -8.54473 -7.82558 0
      vertex -8.69325 -8.19657 2
      vertex -8.69325 -8.19657 0
    endloop
  endfacet
  facet normal -0.888828 -0.45824 0
    outer loop
      vertex -2.17759 -7.88619 0
      vertex -2.36071 -7.531 2
      vertex -2.36071 -7.531 0
    endloop
  endfacet
  facet normal -0.888828 -0.45824 0
    outer loop
      vertex -2.36071 -7.531 2
      vertex -2.17759 -7.88619 0
      vertex -2.17759 -7.88619 2
    endloop
  endfacet
  facet normal -0.500001 -0.866025 0
    outer loop
      vertex -3.80089 -6.18372 0
      vertex -3.45481 -6.38353 2
      vertex -3.80089 -6.18372 2
    endloop
  endfacet
  facet normal -0.500001 -0.866025 -0
    outer loop
      vertex -3.45481 -6.38353 2
      vertex -3.80089 -6.18372 0
      vertex -3.45481 -6.38353 0
    endloop
  endfacet
  facet normal -0.327062 0.945003 0
    outer loop
      vertex -4.04331 -12.5465 0
      vertex -4.42095 -12.6772 2
      vertex -4.04331 -12.5465 2
    endloop
  endfacet
  facet normal -0.327062 0.945003 0
    outer loop
      vertex -4.42095 -12.6772 2
      vertex -4.04331 -12.5465 0
      vertex -4.42095 -12.6772 0
    endloop
  endfacet
  facet normal -0.532527 0.846413 0
    outer loop
      vertex -3.3448 -12.1608 0
      vertex -3.68303 -12.3736 2
      vertex -3.3448 -12.1608 2
    endloop
  endfacet
  facet normal -0.532527 0.846413 0
    outer loop
      vertex -3.68303 -12.3736 2
      vertex -3.3448 -12.1608 0
      vertex -3.68303 -12.3736 0
    endloop
  endfacet
  facet normal 0.988424 -0.151717 0
    outer loop
      vertex -8.85915 -8.97708 2
      vertex -8.79852 -8.58208 0
      vertex -8.79852 -8.58208 2
    endloop
  endfacet
  facet normal 0.988424 -0.151717 0
    outer loop
      vertex -8.79852 -8.58208 0
      vertex -8.85915 -8.97708 2
      vertex -8.85915 -8.97708 0
    endloop
  endfacet
  facet normal 0.483404 -0.875397 0
    outer loop
      vertex -7.23913 -6.3475 0
      vertex -6.8893 -6.15432 2
      vertex -7.23913 -6.3475 2
    endloop
  endfacet
  facet normal 0.483404 -0.875397 0
    outer loop
      vertex -6.8893 -6.15432 2
      vertex -7.23913 -6.3475 0
      vertex -6.8893 -6.15432 0
    endloop
  endfacet
  facet normal -0.948081 0.318029 0
    outer loop
      vertex -2.12571 -10.6106 0
      vertex -1.99861 -10.2317 2
      vertex -1.99861 -10.2317 0
    endloop
  endfacet
  facet normal -0.948081 0.318029 0
    outer loop
      vertex -1.99861 -10.2317 2
      vertex -2.12571 -10.6106 0
      vertex -2.12571 -10.6106 2
    endloop
  endfacet
  facet normal 0.997102 0.0760727 0
    outer loop
      vertex -8.84396 -9.77487 2
      vertex -8.87436 -9.37641 0
      vertex -8.87436 -9.37641 2
    endloop
  endfacet
  facet normal 0.997102 0.0760727 0
    outer loop
      vertex -8.87436 -9.37641 0
      vertex -8.84396 -9.77487 2
      vertex -8.84396 -9.77487 0
    endloop
  endfacet
  facet normal -0.999819 -0.019043 0
    outer loop
      vertex -1.87754 -9.44302 0
      vertex -1.88515 -9.04347 2
      vertex -1.88515 -9.04347 0
    endloop
  endfacet
  facet normal -0.999819 -0.019043 0
    outer loop
      vertex -1.88515 -9.04347 2
      vertex -1.87754 -9.44302 0
      vertex -1.87754 -9.44302 2
    endloop
  endfacet
  facet normal -0.179892 -0.983686 0
    outer loop
      vertex -4.94295 -5.83654 0
      vertex -4.54984 -5.90843 2
      vertex -4.94295 -5.83654 2
    endloop
  endfacet
  facet normal -0.179892 -0.983686 -0
    outer loop
      vertex -4.54984 -5.90843 2
      vertex -4.94295 -5.83654 0
      vertex -4.54984 -5.90843 0
    endloop
  endfacet
  facet normal 0.380489 -0.924785 0
    outer loop
      vertex -6.8893 -6.15432 0
      vertex -6.51974 -6.00227 2
      vertex -6.8893 -6.15432 2
    endloop
  endfacet
  facet normal 0.380489 -0.924785 0
    outer loop
      vertex -6.51974 -6.00227 2
      vertex -6.8893 -6.15432 0
      vertex -6.51974 -6.00227 0
    endloop
  endfacet
  facet normal 0.580071 -0.814566 0
    outer loop
      vertex -7.56465 -6.57931 0
      vertex -7.23913 -6.3475 2
      vertex -7.56465 -6.57931 2
    endloop
  endfacet
  facet normal 0.580071 -0.814566 0
    outer loop
      vertex -7.23913 -6.3475 2
      vertex -7.56465 -6.57931 0
      vertex -7.23913 -6.3475 0
    endloop
  endfacet
  facet normal -0.905633 0.424063 0
    outer loop
      vertex -2.29517 -10.9725 0
      vertex -2.12571 -10.6106 2
      vertex -2.12571 -10.6106 0
    endloop
  endfacet
  facet normal -0.905633 0.424063 0
    outer loop
      vertex -2.12571 -10.6106 2
      vertex -2.29517 -10.9725 0
      vertex -2.29517 -10.9725 2
    endloop
  endfacet
  facet normal -0.851361 0.52458 0
    outer loop
      vertex -2.50479 -11.3127 0
      vertex -2.29517 -10.9725 2
      vertex -2.29517 -10.9725 0
    endloop
  endfacet
  facet normal -0.851361 0.52458 0
    outer loop
      vertex -2.29517 -10.9725 2
      vertex -2.50479 -11.3127 0
      vertex -2.50479 -11.3127 2
    endloop
  endfacet
  facet normal 0.981931 0.18924 0
    outer loop
      vertex -8.76833 -10.1673 2
      vertex -8.84396 -9.77487 0
      vertex -8.84396 -9.77487 2
    endloop
  endfacet
  facet normal 0.981931 0.18924 0
    outer loop
      vertex -8.84396 -9.77487 0
      vertex -8.76833 -10.1673 2
      vertex -8.76833 -10.1673 0
    endloop
  endfacet
  facet normal -0.786126 0.618067 0
    outer loop
      vertex -2.75182 -11.6269 0
      vertex -2.50479 -11.3127 2
      vertex -2.50479 -11.3127 0
    endloop
  endfacet
  facet normal -0.786126 0.618067 0
    outer loop
      vertex -2.50479 -11.3127 2
      vertex -2.75182 -11.6269 0
      vertex -2.75182 -11.6269 2
    endloop
  endfacet
  facet normal -0.595462 -0.803383 0
    outer loop
      vertex -3.45481 -6.38353 0
      vertex -3.13376 -6.62149 2
      vertex -3.45481 -6.38353 2
    endloop
  endfacet
  facet normal -0.595462 -0.803383 -0
    outer loop
      vertex -3.13376 -6.62149 2
      vertex -3.45481 -6.38353 0
      vertex -3.13376 -6.62149 0
    endloop
  endfacet
  facet normal 0.272582 -0.962133 0
    outer loop
      vertex -6.51974 -6.00227 0
      vertex -6.13525 -5.89334 2
      vertex -6.51974 -6.00227 2
    endloop
  endfacet
  facet normal 0.272582 -0.962133 0
    outer loop
      vertex -6.13525 -5.89334 2
      vertex -6.51974 -6.00227 0
      vertex -6.13525 -5.89334 0
    endloop
  endfacet
  facet normal 0.749482 -0.662025 0
    outer loop
      vertex -8.12619 -7.14622 2
      vertex -7.86163 -6.84671 0
      vertex -7.86163 -6.84671 2
    endloop
  endfacet
  facet normal 0.749482 -0.662025 0
    outer loop
      vertex -7.86163 -6.84671 0
      vertex -8.12619 -7.14622 2
      vertex -8.12619 -7.14622 0
    endloop
  endfacet
  facet normal -0.580071 -0.814566 0
    outer loop
      vertex 7.23913 -6.3475 0
      vertex 7.56465 -6.57931 2
      vertex 7.23913 -6.3475 2
    endloop
  endfacet
  facet normal -0.580071 -0.814566 -0
    outer loop
      vertex 7.56465 -6.57931 2
      vertex 7.23913 -6.3475 0
      vertex 7.56465 -6.57931 0
    endloop
  endfacet
  facet normal 0.500001 -0.866025 0
    outer loop
      vertex 3.45481 -6.38353 0
      vertex 3.80089 -6.18372 2
      vertex 3.45481 -6.38353 2
    endloop
  endfacet
  facet normal 0.500001 -0.866025 0
    outer loop
      vertex 3.80089 -6.18372 2
      vertex 3.45481 -6.38353 0
      vertex 3.80089 -6.18372 0
    endloop
  endfacet
  facet normal 0.999819 -0.019043 0
    outer loop
      vertex 1.87754 -9.44302 2
      vertex 1.88515 -9.04347 0
      vertex 1.88515 -9.04347 2
    endloop
  endfacet
  facet normal 0.999819 -0.019043 0
    outer loop
      vertex 1.88515 -9.04347 0
      vertex 1.87754 -9.44302 2
      vertex 1.87754 -9.44302 0
    endloop
  endfacet
  facet normal -0.548727 0.836002 0
    outer loop
      vertex 7.45911 -12.1216 0
      vertex 7.125 -12.3409 2
      vertex 7.45911 -12.1216 2
    endloop
  endfacet
  facet normal -0.548727 0.836002 0
    outer loop
      vertex 7.125 -12.3409 2
      vertex 7.45911 -12.1216 0
      vertex 7.125 -12.3409 0
    endloop
  endfacet
  facet normal 0.432661 0.901557 -0
    outer loop
      vertex 4.04331 -12.5465 0
      vertex 3.68303 -12.3736 2
      vertex 4.04331 -12.5465 2
    endloop
  endfacet
  facet normal 0.432661 0.901557 0
    outer loop
      vertex 3.68303 -12.3736 2
      vertex 4.04331 -12.5465 0
      vertex 3.68303 -12.3736 0
    endloop
  endfacet
  facet normal 0.830812 -0.556552 0
    outer loop
      vertex 2.36071 -7.531 2
      vertex 2.58312 -7.19899 0
      vertex 2.58312 -7.19899 2
    endloop
  endfacet
  facet normal 0.830812 -0.556552 0
    outer loop
      vertex 2.58312 -7.19899 0
      vertex 2.36071 -7.531 2
      vertex 2.36071 -7.531 0
    endloop
  endfacet
  facet normal -0.123369 0.992361 0
    outer loop
      vertex 6.00463 -12.7527 0
      vertex 5.60807 -12.802 2
      vertex 6.00463 -12.7527 2
    endloop
  endfacet
  facet normal -0.123369 0.992361 0
    outer loop
      vertex 5.60807 -12.802 2
      vertex 6.00463 -12.7527 0
      vertex 5.60807 -12.802 0
    endloop
  endfacet
  facet normal -0.913558 0.40671 0
    outer loop
      vertex 8.48592 -10.9136 0
      vertex 8.64846 -10.5485 2
      vertex 8.64846 -10.5485 0
    endloop
  endfacet
  facet normal -0.913558 0.40671 0
    outer loop
      vertex 8.64846 -10.5485 2
      vertex 8.48592 -10.9136 0
      vertex 8.48592 -10.9136 2
    endloop
  endfacet
  facet normal 0.93528 -0.353908 0
    outer loop
      vertex 2.03616 -8.25995 2
      vertex 2.17759 -7.88619 0
      vertex 2.17759 -7.88619 2
    endloop
  endfacet
  facet normal 0.93528 -0.353908 0
    outer loop
      vertex 2.17759 -7.88619 0
      vertex 2.03616 -8.25995 2
      vertex 2.03616 -8.25995 0
    endloop
  endfacet
  facet normal -0.988424 -0.151717 0
    outer loop
      vertex 8.85915 -8.97708 0
      vertex 8.79852 -8.58208 2
      vertex 8.79852 -8.58208 0
    endloop
  endfacet
  facet normal -0.988424 -0.151717 0
    outer loop
      vertex 8.79852 -8.58208 2
      vertex 8.85915 -8.97708 0
      vertex 8.85915 -8.97708 2
    endloop
  endfacet
  facet normal 0.761947 -0.647639 0
    outer loop
      vertex 2.58312 -7.19899 2
      vertex 2.84193 -6.8945 0
      vertex 2.84193 -6.8945 2
    endloop
  endfacet
  facet normal 0.761947 -0.647639 0
    outer loop
      vertex 2.84193 -6.8945 0
      vertex 2.58312 -7.19899 2
      vertex 2.58312 -7.19899 0
    endloop
  endfacet
  facet normal 0.625598 0.780146 -0
    outer loop
      vertex 3.3448 -12.1608 0
      vertex 3.03304 -11.9108 2
      vertex 3.3448 -12.1608 2
    endloop
  endfacet
  facet normal 0.625598 0.780146 0
    outer loop
      vertex 3.03304 -11.9108 2
      vertex 3.3448 -12.1608 0
      vertex 3.03304 -11.9108 0
    endloop
  endfacet
  facet normal 0.851361 0.52458 0
    outer loop
      vertex 2.50479 -11.3127 2
      vertex 2.29517 -10.9725 0
      vertex 2.29517 -10.9725 2
    endloop
  endfacet
  facet normal 0.851361 0.52458 0
    outer loop
      vertex 2.29517 -10.9725 0
      vertex 2.50479 -11.3127 2
      vertex 2.50479 -11.3127 0
    endloop
  endfacet
  facet normal -0.749482 -0.662025 0
    outer loop
      vertex 8.12619 -7.14622 0
      vertex 7.86163 -6.84671 2
      vertex 7.86163 -6.84671 0
    endloop
  endfacet
  facet normal -0.749482 -0.662025 0
    outer loop
      vertex 7.86163 -6.84671 2
      vertex 8.12619 -7.14622 0
      vertex 8.12619 -7.14622 2
    endloop
  endfacet
  facet normal -0.7977 0.603054 0
    outer loop
      vertex 8.04182 -11.5765 0
      vertex 8.28283 -11.2577 2
      vertex 8.28283 -11.2577 0
    endloop
  endfacet
  facet normal -0.7977 0.603054 0
    outer loop
      vertex 8.28283 -11.2577 2
      vertex 8.04182 -11.5765 0
      vertex 8.04182 -11.5765 2
    endloop
  endfacet
  facet normal -0.999275 -0.0380612 0
    outer loop
      vertex 8.87436 -9.37641 0
      vertex 8.85915 -8.97708 2
      vertex 8.85915 -8.97708 0
    endloop
  endfacet
  facet normal -0.999275 -0.0380612 0
    outer loop
      vertex 8.85915 -8.97708 2
      vertex 8.87436 -9.37641 0
      vertex 8.87436 -9.37641 2
    endloop
  endfacet
  facet normal -0.640357 0.768078 0
    outer loop
      vertex 7.76605 -11.8657 0
      vertex 7.45911 -12.1216 2
      vertex 7.76605 -11.8657 2
    endloop
  endfacet
  facet normal -0.640357 0.768078 0
    outer loop
      vertex 7.45911 -12.1216 2
      vertex 7.76605 -11.8657 0
      vertex 7.45911 -12.1216 0
    endloop
  endfacet
  facet normal 0.327062 0.945003 -0
    outer loop
      vertex 4.42095 -12.6772 0
      vertex 4.04331 -12.5465 2
      vertex 4.42095 -12.6772 2
    endloop
  endfacet
  facet normal 0.327062 0.945003 0
    outer loop
      vertex 4.04331 -12.5465 2
      vertex 4.42095 -12.6772 0
      vertex 4.04331 -12.5465 0
    endloop
  endfacet
  facet normal -0.483404 -0.875397 0
    outer loop
      vertex 6.8893 -6.15432 0
      vertex 7.23913 -6.3475 2
      vertex 6.8893 -6.15432 2
    endloop
  endfacet
  facet normal -0.483404 -0.875397 -0
    outer loop
      vertex 7.23913 -6.3475 2
      vertex 6.8893 -6.15432 0
      vertex 7.23913 -6.3475 0
    endloop
  endfacet
  facet normal -0.879948 -0.475069 0
    outer loop
      vertex 8.54473 -7.82558 0
      vertex 8.35488 -7.47393 2
      vertex 8.35488 -7.47393 0
    endloop
  endfacet
  facet normal -0.879948 -0.475069 0
    outer loop
      vertex 8.35488 -7.47393 2
      vertex 8.54473 -7.82558 0
      vertex 8.54473 -7.82558 2
    endloop
  endfacet
  facet normal -0.235723 0.97182 0
    outer loop
      vertex 6.39299 -12.6585 0
      vertex 6.00463 -12.7527 2
      vertex 6.39299 -12.6585 2
    endloop
  endfacet
  facet normal -0.235723 0.97182 0
    outer loop
      vertex 6.00463 -12.7527 2
      vertex 6.39299 -12.6585 0
      vertex 6.00463 -12.7527 0
    endloop
  endfacet
  facet normal 0.104599 0.994514 -0
    outer loop
      vertex 5.20846 -12.8058 0
      vertex 4.81103 -12.764 2
      vertex 5.20846 -12.8058 2
    endloop
  endfacet
  facet normal 0.104599 0.994514 0
    outer loop
      vertex 4.81103 -12.764 2
      vertex 5.20846 -12.8058 0
      vertex 4.81103 -12.764 0
    endloop
  endfacet
  facet normal -0.669128 -0.743147 0
    outer loop
      vertex 7.56465 -6.57931 0
      vertex 7.86163 -6.84671 2
      vertex 7.56465 -6.57931 2
    endloop
  endfacet
  facet normal -0.669128 -0.743147 -0
    outer loop
      vertex 7.86163 -6.84671 2
      vertex 7.56465 -6.57931 0
      vertex 7.86163 -6.84671 0
    endloop
  endfacet
  facet normal -0.981931 0.18924 0
    outer loop
      vertex 8.76833 -10.1673 0
      vertex 8.84396 -9.77487 2
      vertex 8.84396 -9.77487 0
    endloop
  endfacet
  facet normal -0.981931 0.18924 0
    outer loop
      vertex 8.84396 -9.77487 2
      vertex 8.76833 -10.1673 0
      vertex 8.76833 -10.1673 2
    endloop
  endfacet
  facet normal -0.0475949 -0.998867 0
    outer loop
      vertex 5.34168 -5.80993 0
      vertex 5.74085 -5.82895 2
      vertex 5.34168 -5.80993 2
    endloop
  endfacet
  facet normal -0.0475949 -0.998867 -0
    outer loop
      vertex 5.74085 -5.82895 2
      vertex 5.34168 -5.80993 0
      vertex 5.74085 -5.82895 0
    endloop
  endfacet
  facet normal -0.997102 0.0760727 0
    outer loop
      vertex 8.84396 -9.77487 0
      vertex 8.87436 -9.37641 2
      vertex 8.87436 -9.37641 0
    endloop
  endfacet
  facet normal -0.997102 0.0760727 0
    outer loop
      vertex 8.87436 -9.37641 2
      vertex 8.84396 -9.77487 0
      vertex 8.84396 -9.77487 2
    endloop
  endfacet
  facet normal -0.00950884 0.999955 0
    outer loop
      vertex 5.60807 -12.802 0
      vertex 5.20846 -12.8058 2
      vertex 5.60807 -12.802 2
    endloop
  endfacet
  facet normal -0.00950884 0.999955 0
    outer loop
      vertex 5.20846 -12.8058 2
      vertex 5.60807 -12.802 0
      vertex 5.20846 -12.8058 0
    endloop
  endfacet
  facet normal -0.92837 -0.371658 0
    outer loop
      vertex 8.69325 -8.19657 0
      vertex 8.54473 -7.82558 2
      vertex 8.54473 -7.82558 0
    endloop
  endfacet
  facet normal -0.92837 -0.371658 0
    outer loop
      vertex 8.54473 -7.82558 2
      vertex 8.69325 -8.19657 0
      vertex 8.69325 -8.19657 2
    endloop
  endfacet
  facet normal 0.948081 0.318029 0
    outer loop
      vertex 2.12571 -10.6106 2
      vertex 1.99861 -10.2317 0
      vertex 1.99861 -10.2317 2
    endloop
  endfacet
  facet normal 0.948081 0.318029 0
    outer loop
      vertex 1.99861 -10.2317 0
      vertex 2.12571 -10.6106 2
      vertex 2.12571 -10.6106 0
    endloop
  endfacet
  facet normal -0.861191 0.508281 0
    outer loop
      vertex 8.28283 -11.2577 0
      vertex 8.48592 -10.9136 2
      vertex 8.48592 -10.9136 0
    endloop
  endfacet
  facet normal -0.861191 0.508281 0
    outer loop
      vertex 8.48592 -10.9136 2
      vertex 8.28283 -11.2577 0
      vertex 8.28283 -11.2577 2
    endloop
  endfacet
  facet normal -0.964681 -0.263422 0
    outer loop
      vertex 8.79852 -8.58208 0
      vertex 8.69325 -8.19657 2
      vertex 8.69325 -8.19657 0
    endloop
  endfacet
  facet normal -0.964681 -0.263422 0
    outer loop
      vertex 8.69325 -8.19657 2
      vertex 8.79852 -8.58208 0
      vertex 8.79852 -8.58208 2
    endloop
  endfacet
  facet normal 0.786126 0.618067 0
    outer loop
      vertex 2.75182 -11.6269 2
      vertex 2.50479 -11.3127 0
      vertex 2.50479 -11.3127 2
    endloop
  endfacet
  facet normal 0.786126 0.618067 0
    outer loop
      vertex 2.50479 -11.3127 0
      vertex 2.75182 -11.6269 2
      vertex 2.75182 -11.6269 0
    endloop
  endfacet
  facet normal -0.272582 -0.962133 0
    outer loop
      vertex 6.13525 -5.89334 0
      vertex 6.51974 -6.00227 2
      vertex 6.13525 -5.89334 2
    endloop
  endfacet
  facet normal -0.272582 -0.962133 -0
    outer loop
      vertex 6.51974 -6.00227 2
      vertex 6.13525 -5.89334 0
      vertex 6.51974 -6.00227 0
    endloop
  endfacet
  facet normal 0.888828 -0.45824 0
    outer loop
      vertex 2.17759 -7.88619 2
      vertex 2.36071 -7.531 0
      vertex 2.36071 -7.531 2
    endloop
  endfacet
  facet normal 0.888828 -0.45824 0
    outer loop
      vertex 2.36071 -7.531 0
      vertex 2.17759 -7.88619 2
      vertex 2.17759 -7.88619 0
    endloop
  endfacet
  facet normal 0.290854 -0.956767 0
    outer loop
      vertex 4.1675 -6.02466 0
      vertex 4.54984 -5.90843 2
      vertex 4.1675 -6.02466 2
    endloop
  endfacet
  facet normal 0.290854 -0.956767 0
    outer loop
      vertex 4.54984 -5.90843 2
      vertex 4.1675 -6.02466 0
      vertex 4.54984 -5.90843 0
    endloop
  endfacet
  facet normal 0.995473 0.0950405 0
    outer loop
      vertex 1.91552 -9.84083 2
      vertex 1.87754 -9.44302 0
      vertex 1.87754 -9.44302 2
    endloop
  endfacet
  facet normal 0.995473 0.0950405 0
    outer loop
      vertex 1.87754 -9.44302 0
      vertex 1.91552 -9.84083 2
      vertex 1.91552 -9.84083 0
    endloop
  endfacet
  facet normal 0.710452 0.703746 0
    outer loop
      vertex 3.03304 -11.9108 2
      vertex 2.75182 -11.6269 0
      vertex 2.75182 -11.6269 2
    endloop
  endfacet
  facet normal 0.710452 0.703746 0
    outer loop
      vertex 2.75182 -11.6269 0
      vertex 3.03304 -11.9108 2
      vertex 3.03304 -11.9108 0
    endloop
  endfacet
  facet normal -0.345072 0.938576 0
    outer loop
      vertex 6.76807 -12.5206 0
      vertex 6.39299 -12.6585 2
      vertex 6.76807 -12.5206 2
    endloop
  endfacet
  facet normal -0.345072 0.938576 0
    outer loop
      vertex 6.39299 -12.6585 2
      vertex 6.76807 -12.5206 0
      vertex 6.39299 -12.6585 0
    endloop
  endfacet
  facet normal -0.953948 0.299973 0
    outer loop
      vertex 8.64846 -10.5485 0
      vertex 8.76833 -10.1673 2
      vertex 8.76833 -10.1673 0
    endloop
  endfacet
  facet normal -0.953948 0.299973 0
    outer loop
      vertex 8.76833 -10.1673 2
      vertex 8.64846 -10.5485 0
      vertex 8.64846 -10.5485 2
    endloop
  endfacet
  facet normal -0.161127 -0.986934 0
    outer loop
      vertex 5.74085 -5.82895 0
      vertex 6.13525 -5.89334 2
      vertex 5.74085 -5.82895 2
    endloop
  endfacet
  facet normal -0.161127 -0.986934 -0
    outer loop
      vertex 6.13525 -5.89334 2
      vertex 5.74085 -5.82895 0
      vertex 6.13525 -5.89334 0
    endloop
  endfacet
  facet normal -0.449684 0.893188 0
    outer loop
      vertex 7.125 -12.3409 0
      vertex 6.76807 -12.5206 2
      vertex 7.125 -12.3409 2
    endloop
  endfacet
  facet normal -0.449684 0.893188 0
    outer loop
      vertex 6.76807 -12.5206 2
      vertex 7.125 -12.3409 0
      vertex 6.76807 -12.5206 0
    endloop
  endfacet
  facet normal -0.380489 -0.924785 0
    outer loop
      vertex 6.51974 -6.00227 0
      vertex 6.8893 -6.15432 2
      vertex 6.51974 -6.00227 2
    endloop
  endfacet
  facet normal -0.380489 -0.924785 -0
    outer loop
      vertex 6.8893 -6.15432 2
      vertex 6.51974 -6.00227 0
      vertex 6.8893 -6.15432 0
    endloop
  endfacet
  facet normal -0.723711 0.690103 0
    outer loop
      vertex 7.76605 -11.8657 0
      vertex 8.04182 -11.5765 2
      vertex 8.04182 -11.5765 0
    endloop
  endfacet
  facet normal -0.723711 0.690103 0
    outer loop
      vertex 8.04182 -11.5765 2
      vertex 7.76605 -11.8657 0
      vertex 7.76605 -11.8657 2
    endloop
  endfacet
  facet normal 0.532527 0.846413 -0
    outer loop
      vertex 3.68303 -12.3736 0
      vertex 3.3448 -12.1608 2
      vertex 3.68303 -12.3736 2
    endloop
  endfacet
  facet normal 0.532527 0.846413 0
    outer loop
      vertex 3.3448 -12.1608 2
      vertex 3.68303 -12.3736 0
      vertex 3.3448 -12.1608 0
    endloop
  endfacet
  facet normal 0.217206 0.976126 -0
    outer loop
      vertex 4.81103 -12.764 0
      vertex 4.42095 -12.6772 2
      vertex 4.81103 -12.764 2
    endloop
  endfacet
  facet normal 0.217206 0.976126 0
    outer loop
      vertex 4.42095 -12.6772 2
      vertex 4.81103 -12.764 0
      vertex 4.42095 -12.6772 0
    endloop
  endfacet
  facet normal -0.820062 -0.572274 0
    outer loop
      vertex 8.35488 -7.47393 0
      vertex 8.12619 -7.14622 2
      vertex 8.12619 -7.14622 0
    endloop
  endfacet
  facet normal -0.820062 -0.572274 0
    outer loop
      vertex 8.12619 -7.14622 2
      vertex 8.35488 -7.47393 0
      vertex 8.35488 -7.47393 2
    endloop
  endfacet
  facet normal 0.39802 -0.917377 0
    outer loop
      vertex 3.80089 -6.18372 0
      vertex 4.1675 -6.02466 2
      vertex 3.80089 -6.18372 2
    endloop
  endfacet
  facet normal 0.39802 -0.917377 0
    outer loop
      vertex 4.1675 -6.02466 2
      vertex 3.80089 -6.18372 0
      vertex 4.1675 -6.02466 0
    endloop
  endfacet
  facet normal 0.179892 -0.983686 0
    outer loop
      vertex 4.54984 -5.90843 0
      vertex 4.94295 -5.83654 2
      vertex 4.54984 -5.90843 2
    endloop
  endfacet
  facet normal 0.179892 -0.983686 0
    outer loop
      vertex 4.94295 -5.83654 2
      vertex 4.54984 -5.90843 0
      vertex 4.94295 -5.83654 0
    endloop
  endfacet
  facet normal 0.905633 0.424063 0
    outer loop
      vertex 2.29517 -10.9725 2
      vertex 2.12571 -10.6106 0
      vertex 2.12571 -10.6106 2
    endloop
  endfacet
  facet normal 0.905633 0.424063 0
    outer loop
      vertex 2.12571 -10.6106 0
      vertex 2.29517 -10.9725 2
      vertex 2.29517 -10.9725 0
    endloop
  endfacet
  facet normal 0.683167 -0.730262 0
    outer loop
      vertex 2.84193 -6.8945 0
      vertex 3.13376 -6.62149 2
      vertex 2.84193 -6.8945 2
    endloop
  endfacet
  facet normal 0.683167 -0.730262 0
    outer loop
      vertex 3.13376 -6.62149 2
      vertex 2.84193 -6.8945 0
      vertex 3.13376 -6.62149 0
    endloop
  endfacet
  facet normal 0.991133 -0.132875 0
    outer loop
      vertex 1.88515 -9.04347 2
      vertex 1.93825 -8.64739 0
      vertex 1.93825 -8.64739 2
    endloop
  endfacet
  facet normal 0.991133 -0.132875 0
    outer loop
      vertex 1.93825 -8.64739 0
      vertex 1.88515 -9.04347 2
      vertex 1.88515 -9.04347 0
    endloop
  endfacet
  facet normal 0.595462 -0.803383 0
    outer loop
      vertex 3.13376 -6.62149 0
      vertex 3.45481 -6.38353 2
      vertex 3.13376 -6.62149 2
    endloop
  endfacet
  facet normal 0.595462 -0.803383 0
    outer loop
      vertex 3.45481 -6.38353 2
      vertex 3.13376 -6.62149 0
      vertex 3.45481 -6.38353 0
    endloop
  endfacet
  facet normal 0.969521 -0.245008 0
    outer loop
      vertex 1.93825 -8.64739 2
      vertex 2.03616 -8.25995 0
      vertex 2.03616 -8.25995 2
    endloop
  endfacet
  facet normal 0.969521 -0.245008 0
    outer loop
      vertex 2.03616 -8.25995 0
      vertex 1.93825 -8.64739 2
      vertex 1.93825 -8.64739 0
    endloop
  endfacet
  facet normal 0.0665888 -0.997781 0
    outer loop
      vertex 4.94295 -5.83654 0
      vertex 5.34168 -5.80993 2
      vertex 4.94295 -5.83654 2
    endloop
  endfacet
  facet normal 0.0665888 -0.997781 0
    outer loop
      vertex 5.34168 -5.80993 2
      vertex 4.94295 -5.83654 0
      vertex 5.34168 -5.80993 0
    endloop
  endfacet
  facet normal 0.978144 0.207931 0
    outer loop
      vertex 1.99861 -10.2317 2
      vertex 1.91552 -9.84083 0
      vertex 1.91552 -9.84083 2
    endloop
  endfacet
  facet normal 0.978144 0.207931 0
    outer loop
      vertex 1.91552 -9.84083 0
      vertex 1.99861 -10.2317 2
      vertex 1.99861 -10.2317 0
    endloop
  endfacet
  facet normal 0.819207 0.573498 0
    outer loop
      vertex 17.8243 12.0226 2
      vertex 17.3939 12.6374 0
      vertex 17.3939 12.6374 2
    endloop
  endfacet
  facet normal 0.819207 0.573498 0
    outer loop
      vertex 17.3939 12.6374 0
      vertex 17.8243 12.0226 2
      vertex 17.8243 12.0226 0
    endloop
  endfacet
  facet normal 0.998628 0.0523685 0
    outer loop
      vertex 21.4869 0.750339 2
      vertex 21.4476 1.49976 0
      vertex 21.4476 1.49976 2
    endloop
  endfacet
  facet normal 0.998628 0.0523685 0
    outer loop
      vertex 21.4476 1.49976 0
      vertex 21.4869 0.750339 2
      vertex 21.4869 0.750339 0
    endloop
  endfacet
  facet normal 0.999848 0.0174561 0
    outer loop
      vertex 21.5 0 2
      vertex 21.4869 0.750339 0
      vertex 21.4869 0.750339 2
    endloop
  endfacet
  facet normal 0.999848 0.0174561 0
    outer loop
      vertex 21.4869 0.750339 0
      vertex 21.5 0 2
      vertex 21.5 0 0
    endloop
  endfacet
  facet normal 0.996195 0.0871471 0
    outer loop
      vertex 21.4476 1.49976 2
      vertex 21.3822 2.24736 0
      vertex 21.3822 2.24736 2
    endloop
  endfacet
  facet normal 0.996195 0.0871471 0
    outer loop
      vertex 21.3822 2.24736 0
      vertex 21.4476 1.49976 2
      vertex 21.4476 1.49976 0
    endloop
  endfacet
  facet normal -0.965903 0.258905 0
    outer loop
      vertex -20.8614 5.20132 0
      vertex -20.6671 5.9262 2
      vertex -20.6671 5.9262 0
    endloop
  endfacet
  facet normal -0.965903 0.258905 0
    outer loop
      vertex -20.6671 5.9262 2
      vertex -20.8614 5.20132 0
      vertex -20.8614 5.20132 2
    endloop
  endfacet
  facet normal 0.0871471 -0.996195 0
    outer loop
      vertex 1.49976 -21.4476 0
      vertex 2.24736 -21.3822 2
      vertex 1.49976 -21.4476 2
    endloop
  endfacet
  facet normal 0.0871471 -0.996195 0
    outer loop
      vertex 2.24736 -21.3822 2
      vertex 1.49976 -21.4476 0
      vertex 2.24736 -21.3822 0
    endloop
  endfacet
  facet normal 0.292359 -0.956309 0
    outer loop
      vertex 5.9262 -20.6671 0
      vertex 6.64386 -20.4477 2
      vertex 5.9262 -20.6671 2
    endloop
  endfacet
  facet normal 0.292359 -0.956309 0
    outer loop
      vertex 6.64386 -20.4477 2
      vertex 5.9262 -20.6671 0
      vertex 6.64386 -20.4477 0
    endloop
  endfacet
  facet normal 0.224932 -0.974375 0
    outer loop
      vertex 4.4701 -21.0302 0
      vertex 5.20132 -20.8614 2
      vertex 4.4701 -21.0302 2
    endloop
  endfacet
  facet normal 0.224932 -0.974375 0
    outer loop
      vertex 5.20132 -20.8614 2
      vertex 4.4701 -21.0302 0
      vertex 5.20132 -20.8614 0
    endloop
  endfacet
  facet normal -0.838654 0.544665 0
    outer loop
      vertex -18.233 11.3933 0
      vertex -17.8243 12.0226 2
      vertex -17.8243 12.0226 0
    endloop
  endfacet
  facet normal -0.838654 0.544665 0
    outer loop
      vertex -17.8243 12.0226 2
      vertex -18.233 11.3933 0
      vertex -18.233 11.3933 2
    endloop
  endfacet
  facet normal -0.874591 0.484862 0
    outer loop
      vertex -18.9834 10.0936 0
      vertex -18.6195 10.75 2
      vertex -18.6195 10.75 0
    endloop
  endfacet
  facet normal -0.874591 0.484862 0
    outer loop
      vertex -18.6195 10.75 2
      vertex -18.9834 10.0936 0
      vertex -18.9834 10.0936 2
    endloop
  endfacet
  facet normal -0.798575 -0.601896 0
    outer loop
      vertex -16.9422 -13.2367 0
      vertex -17.3939 -12.6374 2
      vertex -17.3939 -12.6374 0
    endloop
  endfacet
  facet normal -0.798575 -0.601896 0
    outer loop
      vertex -17.3939 -12.6374 2
      vertex -16.9422 -13.2367 0
      vertex -16.9422 -13.2367 2
    endloop
  endfacet
  facet normal -0.258905 -0.965903 0
    outer loop
      vertex -5.9262 -20.6671 0
      vertex -5.20132 -20.8614 2
      vertex -5.9262 -20.6671 2
    endloop
  endfacet
  facet normal -0.258905 -0.965903 -0
    outer loop
      vertex -5.20132 -20.8614 2
      vertex -5.9262 -20.6671 0
      vertex -5.20132 -20.8614 0
    endloop
  endfacet
  facet normal -0.754686 -0.656086 0
    outer loop
      vertex -15.9776 -14.3863 0
      vertex -16.47 -13.8199 2
      vertex -16.47 -13.8199 0
    endloop
  endfacet
  facet normal -0.754686 -0.656086 0
    outer loop
      vertex -16.47 -13.8199 2
      vertex -15.9776 -14.3863 0
      vertex -15.9776 -14.3863 2
    endloop
  endfacet
  facet normal -0.981625 0.190819 0
    outer loop
      vertex -21.1734 3.73344 0
      vertex -21.0302 4.4701 2
      vertex -21.0302 4.4701 0
    endloop
  endfacet
  facet normal -0.981625 0.190819 0
    outer loop
      vertex -21.0302 4.4701 2
      vertex -21.1734 3.73344 0
      vertex -21.1734 3.73344 2
    endloop
  endfacet
  facet normal 0.798575 0.601896 0
    outer loop
      vertex 17.3939 12.6374 2
      vertex 16.9422 13.2367 0
      vertex 16.9422 13.2367 2
    endloop
  endfacet
  facet normal 0.798575 0.601896 0
    outer loop
      vertex 16.9422 13.2367 0
      vertex 17.3939 12.6374 2
      vertex 17.3939 12.6374 0
    endloop
  endfacet
  facet normal 0.981625 -0.190819 0
    outer loop
      vertex 21.0302 -4.4701 2
      vertex 21.1734 -3.73344 0
      vertex 21.1734 -3.73344 2
    endloop
  endfacet
  facet normal 0.981625 -0.190819 0
    outer loop
      vertex 21.1734 -3.73344 0
      vertex 21.0302 -4.4701 2
      vertex 21.0302 -4.4701 0
    endloop
  endfacet
  facet normal -0.656086 0.754686 0
    outer loop
      vertex -13.8199 16.47 0
      vertex -14.3863 15.9776 2
      vertex -13.8199 16.47 2
    endloop
  endfacet
  facet normal -0.656086 0.754686 0
    outer loop
      vertex -14.3863 15.9776 2
      vertex -13.8199 16.47 0
      vertex -14.3863 15.9776 0
    endloop
  endfacet
  facet normal 0.754686 0.656086 0
    outer loop
      vertex 16.47 13.8199 2
      vertex 15.9776 14.3863 0
      vertex 15.9776 14.3863 2
    endloop
  endfacet
  facet normal 0.754686 0.656086 0
    outer loop
      vertex 15.9776 14.3863 0
      vertex 16.47 13.8199 2
      vertex 16.47 13.8199 0
    endloop
  endfacet
  facet normal -0.754686 0.656086 0
    outer loop
      vertex -16.47 13.8199 0
      vertex -15.9776 14.3863 2
      vertex -15.9776 14.3863 0
    endloop
  endfacet
  facet normal -0.754686 0.656086 0
    outer loop
      vertex -15.9776 14.3863 2
      vertex -16.47 13.8199 0
      vertex -16.47 13.8199 2
    endloop
  endfacet
  facet normal -0.999848 0.0174561 0
    outer loop
      vertex -21.5 0 0
      vertex -21.4869 0.750339 2
      vertex -21.4869 0.750339 0
    endloop
  endfacet
  facet normal -0.999848 0.0174561 0
    outer loop
      vertex -21.4869 0.750339 2
      vertex -21.5 0 0
      vertex -21.5 0 2
    endloop
  endfacet
  facet normal -0.974375 0.224932 0
    outer loop
      vertex -21.0302 4.4701 0
      vertex -20.8614 5.20132 2
      vertex -20.8614 5.20132 0
    endloop
  endfacet
  facet normal -0.974375 0.224932 0
    outer loop
      vertex -20.8614 5.20132 2
      vertex -21.0302 4.4701 0
      vertex -21.0302 4.4701 2
    endloop
  endfacet
  facet normal -0.999848 -0.0174561 0
    outer loop
      vertex -21.4869 -0.750339 0
      vertex -21.5 0 2
      vertex -21.5 0 0
    endloop
  endfacet
  facet normal -0.999848 -0.0174561 0
    outer loop
      vertex -21.5 0 2
      vertex -21.4869 -0.750339 0
      vertex -21.4869 -0.750339 2
    endloop
  endfacet
  facet normal 0.798575 -0.601896 0
    outer loop
      vertex 16.9422 -13.2367 2
      vertex 17.3939 -12.6374 0
      vertex 17.3939 -12.6374 2
    endloop
  endfacet
  facet normal 0.798575 -0.601896 0
    outer loop
      vertex 17.3939 -12.6374 0
      vertex 16.9422 -13.2367 2
      vertex 16.9422 -13.2367 0
    endloop
  endfacet
  facet normal -0.390813 0.92047 0
    outer loop
      vertex -8.05404 19.9345 0
      vertex -8.74484 19.6412 2
      vertex -8.05404 19.9345 2
    endloop
  endfacet
  facet normal -0.390813 0.92047 0
    outer loop
      vertex -8.74484 19.6412 2
      vertex -8.05404 19.9345 0
      vertex -8.74484 19.6412 0
    endloop
  endfacet
  facet normal -0.731392 -0.681957 0
    outer loop
      vertex -15.4658 -14.9352 0
      vertex -15.9776 -14.3863 2
      vertex -15.9776 -14.3863 0
    endloop
  endfacet
  facet normal -0.731392 -0.681957 0
    outer loop
      vertex -15.9776 -14.3863 2
      vertex -15.4658 -14.9352 0
      vertex -15.4658 -14.9352 2
    endloop
  endfacet
  facet normal 0.998628 -0.0523685 0
    outer loop
      vertex 21.4476 -1.49976 2
      vertex 21.4869 -0.750339 0
      vertex 21.4869 -0.750339 2
    endloop
  endfacet
  facet normal 0.998628 -0.0523685 0
    outer loop
      vertex 21.4869 -0.750339 0
      vertex 21.4476 -1.49976 2
      vertex 21.4476 -1.49976 0
    endloop
  endfacet
  facet normal 0.890995 0.454013 0
    outer loop
      vertex 19.3241 9.42498 2
      vertex 18.9834 10.0936 0
      vertex 18.9834 10.0936 2
    endloop
  endfacet
  facet normal 0.890995 0.454013 0
    outer loop
      vertex 18.9834 10.0936 0
      vertex 19.3241 9.42498 2
      vertex 19.3241 9.42498 0
    endloop
  endfacet
  facet normal 0.422559 -0.906336 0
    outer loop
      vertex 8.74484 -19.6412 0
      vertex 9.42498 -19.3241 2
      vertex 8.74484 -19.6412 2
    endloop
  endfacet
  facet normal 0.422559 -0.906336 0
    outer loop
      vertex 9.42498 -19.3241 2
      vertex 8.74484 -19.6412 0
      vertex 9.42498 -19.3241 0
    endloop
  endfacet
  facet normal 0.838654 0.544665 0
    outer loop
      vertex 18.233 11.3933 2
      vertex 17.8243 12.0226 0
      vertex 17.8243 12.0226 2
    endloop
  endfacet
  facet normal 0.838654 0.544665 0
    outer loop
      vertex 17.8243 12.0226 0
      vertex 18.233 11.3933 2
      vertex 18.233 11.3933 0
    endloop
  endfacet
  facet normal 0.515005 -0.857187 0
    outer loop
      vertex 10.75 -18.6195 0
      vertex 11.3933 -18.233 2
      vertex 10.75 -18.6195 2
    endloop
  endfacet
  facet normal 0.515005 -0.857187 0
    outer loop
      vertex 11.3933 -18.233 2
      vertex 10.75 -18.6195 0
      vertex 11.3933 -18.233 0
    endloop
  endfacet
  facet normal -0.190819 -0.981625 0
    outer loop
      vertex -4.4701 -21.0302 0
      vertex -3.73344 -21.1734 2
      vertex -4.4701 -21.0302 2
    endloop
  endfacet
  facet normal -0.190819 -0.981625 -0
    outer loop
      vertex -3.73344 -21.1734 2
      vertex -4.4701 -21.0302 0
      vertex -3.73344 -21.1734 0
    endloop
  endfacet
  facet normal 0.325539 -0.945529 0
    outer loop
      vertex 6.64386 -20.4477 0
      vertex 7.35343 -20.2034 2
      vertex 6.64386 -20.4477 2
    endloop
  endfacet
  facet normal 0.325539 -0.945529 0
    outer loop
      vertex 7.35343 -20.2034 2
      vertex 6.64386 -20.4477 0
      vertex 7.35343 -20.2034 0
    endloop
  endfacet
  facet normal -0.906336 -0.422559 0
    outer loop
      vertex -19.3241 -9.42498 0
      vertex -19.6412 -8.74484 2
      vertex -19.6412 -8.74484 0
    endloop
  endfacet
  facet normal -0.906336 -0.422559 0
    outer loop
      vertex -19.6412 -8.74484 2
      vertex -19.3241 -9.42498 0
      vertex -19.3241 -9.42498 2
    endloop
  endfacet
  facet normal 0.992555 0.121794 0
    outer loop
      vertex 21.3822 2.24736 2
      vertex 21.2908 2.99222 0
      vertex 21.2908 2.99222 2
    endloop
  endfacet
  facet normal 0.992555 0.121794 0
    outer loop
      vertex 21.2908 2.99222 0
      vertex 21.3822 2.24736 2
      vertex 21.3822 2.24736 0
    endloop
  endfacet
  facet normal 0.224932 0.974375 -0
    outer loop
      vertex 5.20132 20.8614 0
      vertex 4.4701 21.0302 2
      vertex 5.20132 20.8614 2
    endloop
  endfacet
  facet normal 0.224932 0.974375 0
    outer loop
      vertex 4.4701 21.0302 2
      vertex 5.20132 20.8614 0
      vertex 4.4701 21.0302 0
    endloop
  endfacet
  facet normal 0.656086 0.754686 -0
    outer loop
      vertex 14.3863 15.9776 0
      vertex 13.8199 16.47 2
      vertex 14.3863 15.9776 2
    endloop
  endfacet
  facet normal 0.656086 0.754686 0
    outer loop
      vertex 13.8199 16.47 2
      vertex 14.3863 15.9776 0
      vertex 13.8199 16.47 0
    endloop
  endfacet
  facet normal 0.454013 0.890995 -0
    outer loop
      vertex 10.0936 18.9834 0
      vertex 9.42498 19.3241 2
      vertex 10.0936 18.9834 2
    endloop
  endfacet
  facet normal 0.454013 0.890995 0
    outer loop
      vertex 9.42498 19.3241 2
      vertex 10.0936 18.9834 0
      vertex 9.42498 19.3241 0
    endloop
  endfacet
  facet normal -0.798575 0.601896 0
    outer loop
      vertex -17.3939 12.6374 0
      vertex -16.9422 13.2367 2
      vertex -16.9422 13.2367 0
    endloop
  endfacet
  facet normal -0.798575 0.601896 0
    outer loop
      vertex -16.9422 13.2367 2
      vertex -17.3939 12.6374 0
      vertex -17.3939 12.6374 2
    endloop
  endfacet
  facet normal 0.422559 0.906336 -0
    outer loop
      vertex 9.42498 19.3241 0
      vertex 8.74484 19.6412 2
      vertex 9.42498 19.3241 2
    endloop
  endfacet
  facet normal 0.422559 0.906336 0
    outer loop
      vertex 8.74484 19.6412 2
      vertex 9.42498 19.3241 0
      vertex 8.74484 19.6412 0
    endloop
  endfacet
  facet normal 0.707107 0.707107 0
    outer loop
      vertex 15.4658 14.9352 2
      vertex 14.9352 15.4658 0
      vertex 14.9352 15.4658 2
    endloop
  endfacet
  facet normal 0.707107 0.707107 0
    outer loop
      vertex 14.9352 15.4658 0
      vertex 15.4658 14.9352 2
      vertex 15.4658 14.9352 0
    endloop
  endfacet
  facet normal -0.838654 -0.544665 0
    outer loop
      vertex -17.8243 -12.0226 0
      vertex -18.233 -11.3933 2
      vertex -18.233 -11.3933 0
    endloop
  endfacet
  facet normal -0.838654 -0.544665 0
    outer loop
      vertex -18.233 -11.3933 2
      vertex -17.8243 -12.0226 0
      vertex -17.8243 -12.0226 2
    endloop
  endfacet
  facet normal 0.906336 0.422559 0
    outer loop
      vertex 19.6412 8.74484 2
      vertex 19.3241 9.42498 0
      vertex 19.3241 9.42498 2
    endloop
  endfacet
  facet normal 0.906336 0.422559 0
    outer loop
      vertex 19.3241 9.42498 0
      vertex 19.6412 8.74484 2
      vertex 19.6412 8.74484 0
    endloop
  endfacet
  facet normal 0.629267 -0.777189 0
    outer loop
      vertex 13.2367 -16.9422 0
      vertex 13.8199 -16.47 2
      vertex 13.2367 -16.9422 2
    endloop
  endfacet
  facet normal 0.629267 -0.777189 0
    outer loop
      vertex 13.8199 -16.47 2
      vertex 13.2367 -16.9422 0
      vertex 13.8199 -16.47 0
    endloop
  endfacet
  facet normal 0.890995 -0.454013 0
    outer loop
      vertex 18.9834 -10.0936 2
      vertex 19.3241 -9.42498 0
      vertex 19.3241 -9.42498 2
    endloop
  endfacet
  facet normal 0.890995 -0.454013 0
    outer loop
      vertex 19.3241 -9.42498 0
      vertex 18.9834 -10.0936 2
      vertex 18.9834 -10.0936 0
    endloop
  endfacet
  facet normal 0.190732 0.981642 -0
    outer loop
      vertex 4.4701 21.0302 0
      vertex 3.8 21.1604 2
      vertex 4.4701 21.0302 2
    endloop
  endfacet
  facet normal 0.190732 0.981642 0
    outer loop
      vertex 3.8 21.1604 2
      vertex 4.4701 21.0302 0
      vertex 3.8 21.1604 0
    endloop
  endfacet
  facet normal 0.987688 -0.156437 0
    outer loop
      vertex 21.1734 -3.73344 2
      vertex 21.2908 -2.99222 0
      vertex 21.2908 -2.99222 2
    endloop
  endfacet
  facet normal 0.987688 -0.156437 0
    outer loop
      vertex 21.2908 -2.99222 0
      vertex 21.1734 -3.73344 2
      vertex 21.1734 -3.73344 0
    endloop
  endfacet
  facet normal -0.190732 0.981642 0
    outer loop
      vertex -3.8 21.1604 0
      vertex -4.4701 21.0302 2
      vertex -3.8 21.1604 2
    endloop
  endfacet
  facet normal -0.190732 0.981642 0
    outer loop
      vertex -4.4701 21.0302 2
      vertex -3.8 21.1604 0
      vertex -4.4701 21.0302 0
    endloop
  endfacet
  facet normal 0.629267 0.777189 -0
    outer loop
      vertex 13.8199 16.47 0
      vertex 13.2367 16.9422 2
      vertex 13.8199 16.47 2
    endloop
  endfacet
  facet normal 0.629267 0.777189 0
    outer loop
      vertex 13.2367 16.9422 2
      vertex 13.8199 16.47 0
      vertex 13.2367 16.9422 0
    endloop
  endfacet
  facet normal 0.731392 -0.681957 0
    outer loop
      vertex 15.4658 -14.9352 2
      vertex 15.9776 -14.3863 0
      vertex 15.9776 -14.3863 2
    endloop
  endfacet
  facet normal 0.731392 -0.681957 0
    outer loop
      vertex 15.9776 -14.3863 0
      vertex 15.4658 -14.9352 2
      vertex 15.4658 -14.9352 0
    endloop
  endfacet
  facet normal 0.573498 0.819207 -0
    outer loop
      vertex 12.6374 17.3939 0
      vertex 12.0226 17.8243 2
      vertex 12.6374 17.3939 2
    endloop
  endfacet
  facet normal 0.573498 0.819207 0
    outer loop
      vertex 12.0226 17.8243 2
      vertex 12.6374 17.3939 0
      vertex 12.0226 17.8243 0
    endloop
  endfacet
  facet normal 0.292359 0.956309 -0
    outer loop
      vertex 6.64386 20.4477 0
      vertex 5.9262 20.6671 2
      vertex 6.64386 20.4477 2
    endloop
  endfacet
  facet normal 0.292359 0.956309 0
    outer loop
      vertex 5.9262 20.6671 2
      vertex 6.64386 20.4477 0
      vertex 5.9262 20.6671 0
    endloop
  endfacet
  facet normal -0.224932 -0.974375 0
    outer loop
      vertex -5.20132 -20.8614 0
      vertex -4.4701 -21.0302 2
      vertex -5.20132 -20.8614 2
    endloop
  endfacet
  facet normal -0.224932 -0.974375 -0
    outer loop
      vertex -4.4701 -21.0302 2
      vertex -5.20132 -20.8614 0
      vertex -4.4701 -21.0302 0
    endloop
  endfacet
  facet normal 0.987688 0.156437 0
    outer loop
      vertex 21.2908 2.99222 2
      vertex 21.1734 3.73344 0
      vertex 21.1734 3.73344 2
    endloop
  endfacet
  facet normal 0.987688 0.156437 0
    outer loop
      vertex 21.1734 3.73344 0
      vertex 21.2908 2.99222 2
      vertex 21.2908 2.99222 0
    endloop
  endfacet
  facet normal 0.0523685 -0.998628 0
    outer loop
      vertex 0.750339 -21.4869 0
      vertex 1.49976 -21.4476 2
      vertex 0.750339 -21.4869 2
    endloop
  endfacet
  facet normal 0.0523685 -0.998628 0
    outer loop
      vertex 1.49976 -21.4476 2
      vertex 0.750339 -21.4869 0
      vertex 1.49976 -21.4476 0
    endloop
  endfacet
  facet normal 0.857187 -0.515005 0
    outer loop
      vertex 18.233 -11.3933 2
      vertex 18.6195 -10.75 0
      vertex 18.6195 -10.75 2
    endloop
  endfacet
  facet normal 0.857187 -0.515005 0
    outer loop
      vertex 18.6195 -10.75 0
      vertex 18.233 -11.3933 2
      vertex 18.233 -11.3933 0
    endloop
  endfacet
  facet normal -0.573498 0.819207 0
    outer loop
      vertex -12.0226 17.8243 0
      vertex -12.6374 17.3939 2
      vertex -12.0226 17.8243 2
    endloop
  endfacet
  facet normal -0.573498 0.819207 0
    outer loop
      vertex -12.6374 17.3939 2
      vertex -12.0226 17.8243 0
      vertex -12.6374 17.3939 0
    endloop
  endfacet
  facet normal 0.945529 -0.325539 0
    outer loop
      vertex 20.2034 -7.35343 2
      vertex 20.4477 -6.64386 0
      vertex 20.4477 -6.64386 2
    endloop
  endfacet
  facet normal 0.945529 -0.325539 0
    outer loop
      vertex 20.4477 -6.64386 0
      vertex 20.2034 -7.35343 2
      vertex 20.2034 -7.35343 0
    endloop
  endfacet
  facet normal -0.629267 0.777189 0
    outer loop
      vertex -13.2367 16.9422 0
      vertex -13.8199 16.47 2
      vertex -13.2367 16.9422 2
    endloop
  endfacet
  facet normal -0.629267 0.777189 0
    outer loop
      vertex -13.8199 16.47 2
      vertex -13.2367 16.9422 0
      vertex -13.8199 16.47 0
    endloop
  endfacet
  facet normal -0.325539 0.945529 0
    outer loop
      vertex -6.64386 20.4477 0
      vertex -7.35343 20.2034 2
      vertex -6.64386 20.4477 2
    endloop
  endfacet
  facet normal -0.325539 0.945529 0
    outer loop
      vertex -7.35343 20.2034 2
      vertex -6.64386 20.4477 0
      vertex -7.35343 20.2034 0
    endloop
  endfacet
  facet normal 0.956309 0.292359 0
    outer loop
      vertex 20.6671 5.9262 2
      vertex 20.4477 6.64386 0
      vertex 20.4477 6.64386 2
    endloop
  endfacet
  facet normal 0.956309 0.292359 0
    outer loop
      vertex 20.4477 6.64386 0
      vertex 20.6671 5.9262 2
      vertex 20.6671 5.9262 0
    endloop
  endfacet
  facet normal -0.601896 0.798575 0
    outer loop
      vertex -12.6374 17.3939 0
      vertex -13.2367 16.9422 2
      vertex -12.6374 17.3939 2
    endloop
  endfacet
  facet normal -0.601896 0.798575 0
    outer loop
      vertex -13.2367 16.9422 2
      vertex -12.6374 17.3939 0
      vertex -13.2367 16.9422 0
    endloop
  endfacet
  facet normal -0.777189 -0.629267 0
    outer loop
      vertex -16.47 -13.8199 0
      vertex -16.9422 -13.2367 2
      vertex -16.9422 -13.2367 0
    endloop
  endfacet
  facet normal -0.777189 -0.629267 0
    outer loop
      vertex -16.9422 -13.2367 2
      vertex -16.47 -13.8199 0
      vertex -16.47 -13.8199 2
    endloop
  endfacet
  facet normal -0.92047 0.390813 0
    outer loop
      vertex -19.9345 8.05404 0
      vertex -19.6412 8.74484 2
      vertex -19.6412 8.74484 0
    endloop
  endfacet
  facet normal -0.92047 0.390813 0
    outer loop
      vertex -19.6412 8.74484 2
      vertex -19.9345 8.05404 0
      vertex -19.9345 8.05404 2
    endloop
  endfacet
  facet normal 0.258905 -0.965903 0
    outer loop
      vertex 5.20132 -20.8614 0
      vertex 5.9262 -20.6671 2
      vertex 5.20132 -20.8614 2
    endloop
  endfacet
  facet normal 0.258905 -0.965903 0
    outer loop
      vertex 5.9262 -20.6671 2
      vertex 5.20132 -20.8614 0
      vertex 5.9262 -20.6671 0
    endloop
  endfacet
  facet normal -0.777189 0.629267 0
    outer loop
      vertex -16.9422 13.2367 0
      vertex -16.47 13.8199 2
      vertex -16.47 13.8199 0
    endloop
  endfacet
  facet normal -0.777189 0.629267 0
    outer loop
      vertex -16.47 13.8199 2
      vertex -16.9422 13.2367 0
      vertex -16.9422 13.2367 2
    endloop
  endfacet
  facet normal 0.857187 0.515005 0
    outer loop
      vertex 18.6195 10.75 2
      vertex 18.233 11.3933 0
      vertex 18.233 11.3933 2
    endloop
  endfacet
  facet normal 0.857187 0.515005 0
    outer loop
      vertex 18.233 11.3933 0
      vertex 18.6195 10.75 2
      vertex 18.6195 10.75 0
    endloop
  endfacet
  facet normal -0.992555 -0.121794 0
    outer loop
      vertex -21.2908 -2.99222 0
      vertex -21.3822 -2.24736 2
      vertex -21.3822 -2.24736 0
    endloop
  endfacet
  facet normal -0.992555 -0.121794 0
    outer loop
      vertex -21.3822 -2.24736 2
      vertex -21.2908 -2.99222 0
      vertex -21.2908 -2.99222 2
    endloop
  endfacet
  facet normal 0.974375 -0.224932 0
    outer loop
      vertex 20.8614 -5.20132 2
      vertex 21.0302 -4.4701 0
      vertex 21.0302 -4.4701 2
    endloop
  endfacet
  facet normal 0.974375 -0.224932 0
    outer loop
      vertex 21.0302 -4.4701 0
      vertex 20.8614 -5.20132 2
      vertex 20.8614 -5.20132 0
    endloop
  endfacet
  facet normal 0.956309 -0.292359 0
    outer loop
      vertex 20.4477 -6.64386 2
      vertex 20.6671 -5.9262 0
      vertex 20.6671 -5.9262 2
    endloop
  endfacet
  facet normal 0.956309 -0.292359 0
    outer loop
      vertex 20.6671 -5.9262 0
      vertex 20.4477 -6.64386 2
      vertex 20.4477 -6.64386 0
    endloop
  endfacet
  facet normal 0.999848 -0.0174561 0
    outer loop
      vertex 21.4869 -0.750339 2
      vertex 21.5 0 0
      vertex 21.5 0 2
    endloop
  endfacet
  facet normal 0.999848 -0.0174561 0
    outer loop
      vertex 21.5 0 0
      vertex 21.4869 -0.750339 2
      vertex 21.4869 -0.750339 0
    endloop
  endfacet
  facet normal 0.156437 -0.987688 0
    outer loop
      vertex 2.99222 -21.2908 0
      vertex 3.73344 -21.1734 2
      vertex 2.99222 -21.2908 2
    endloop
  endfacet
  facet normal 0.156437 -0.987688 0
    outer loop
      vertex 3.73344 -21.1734 2
      vertex 2.99222 -21.2908 0
      vertex 3.73344 -21.1734 0
    endloop
  endfacet
  facet normal -0.358323 0.933598 0
    outer loop
      vertex -7.35343 20.2034 0
      vertex -8.05404 19.9345 2
      vertex -7.35343 20.2034 2
    endloop
  endfacet
  facet normal -0.358323 0.933598 0
    outer loop
      vertex -8.05404 19.9345 2
      vertex -7.35343 20.2034 0
      vertex -8.05404 19.9345 0
    endloop
  endfacet
  facet normal 0.874591 0.484862 0
    outer loop
      vertex 18.9834 10.0936 2
      vertex 18.6195 10.75 0
      vertex 18.6195 10.75 2
    endloop
  endfacet
  facet normal 0.874591 0.484862 0
    outer loop
      vertex 18.6195 10.75 0
      vertex 18.9834 10.0936 2
      vertex 18.9834 10.0936 0
    endloop
  endfacet
  facet normal -0.484862 0.874591 0
    outer loop
      vertex -10.0936 18.9834 0
      vertex -10.75 18.6195 2
      vertex -10.0936 18.9834 2
    endloop
  endfacet
  facet normal -0.484862 0.874591 0
    outer loop
      vertex -10.75 18.6195 2
      vertex -10.0936 18.9834 0
      vertex -10.75 18.6195 0
    endloop
  endfacet
  facet normal 0.992555 -0.121794 0
    outer loop
      vertex 21.2908 -2.99222 2
      vertex 21.3822 -2.24736 0
      vertex 21.3822 -2.24736 2
    endloop
  endfacet
  facet normal 0.992555 -0.121794 0
    outer loop
      vertex 21.3822 -2.24736 0
      vertex 21.2908 -2.99222 2
      vertex 21.2908 -2.99222 0
    endloop
  endfacet
  facet normal 0.996195 -0.0871471 0
    outer loop
      vertex 21.3822 -2.24736 2
      vertex 21.4476 -1.49976 0
      vertex 21.4476 -1.49976 2
    endloop
  endfacet
  facet normal 0.996195 -0.0871471 0
    outer loop
      vertex 21.4476 -1.49976 0
      vertex 21.3822 -2.24736 2
      vertex 21.3822 -2.24736 0
    endloop
  endfacet
  facet normal 0.544665 0.838654 -0
    outer loop
      vertex 12.0226 17.8243 0
      vertex 11.3933 18.233 2
      vertex 12.0226 17.8243 2
    endloop
  endfacet
  facet normal 0.544665 0.838654 0
    outer loop
      vertex 11.3933 18.233 2
      vertex 12.0226 17.8243 0
      vertex 11.3933 18.233 0
    endloop
  endfacet
  facet normal -0.422559 -0.906336 0
    outer loop
      vertex -9.42498 -19.3241 0
      vertex -8.74484 -19.6412 2
      vertex -9.42498 -19.3241 2
    endloop
  endfacet
  facet normal -0.422559 -0.906336 -0
    outer loop
      vertex -8.74484 -19.6412 2
      vertex -9.42498 -19.3241 0
      vertex -8.74484 -19.6412 0
    endloop
  endfacet
  facet normal 0.681957 0.731392 -0
    outer loop
      vertex 14.9352 15.4658 0
      vertex 14.3863 15.9776 2
      vertex 14.9352 15.4658 2
    endloop
  endfacet
  facet normal 0.681957 0.731392 0
    outer loop
      vertex 14.3863 15.9776 2
      vertex 14.9352 15.4658 0
      vertex 14.3863 15.9776 0
    endloop
  endfacet
  facet normal -0.292359 -0.956309 0
    outer loop
      vertex -6.64386 -20.4477 0
      vertex -5.9262 -20.6671 2
      vertex -6.64386 -20.4477 2
    endloop
  endfacet
  facet normal -0.292359 -0.956309 -0
    outer loop
      vertex -5.9262 -20.6671 2
      vertex -6.64386 -20.4477 0
      vertex -5.9262 -20.6671 0
    endloop
  endfacet
  facet normal -0.998628 -0.0523685 0
    outer loop
      vertex -21.4476 -1.49976 0
      vertex -21.4869 -0.750339 2
      vertex -21.4869 -0.750339 0
    endloop
  endfacet
  facet normal -0.998628 -0.0523685 0
    outer loop
      vertex -21.4869 -0.750339 2
      vertex -21.4476 -1.49976 0
      vertex -21.4476 -1.49976 2
    endloop
  endfacet
  facet normal 0.981625 0.190819 0
    outer loop
      vertex 21.1734 3.73344 2
      vertex 21.0302 4.4701 0
      vertex 21.0302 4.4701 2
    endloop
  endfacet
  facet normal 0.981625 0.190819 0
    outer loop
      vertex 21.0302 4.4701 0
      vertex 21.1734 3.73344 2
      vertex 21.1734 3.73344 0
    endloop
  endfacet
  facet normal 0.974375 0.224932 0
    outer loop
      vertex 21.0302 4.4701 2
      vertex 20.8614 5.20132 0
      vertex 20.8614 5.20132 2
    endloop
  endfacet
  facet normal 0.974375 0.224932 0
    outer loop
      vertex 20.8614 5.20132 0
      vertex 21.0302 4.4701 2
      vertex 21.0302 4.4701 0
    endloop
  endfacet
  facet normal -0.390813 -0.92047 0
    outer loop
      vertex -8.74484 -19.6412 0
      vertex -8.05404 -19.9345 2
      vertex -8.74484 -19.6412 2
    endloop
  endfacet
  facet normal -0.390813 -0.92047 -0
    outer loop
      vertex -8.05404 -19.9345 2
      vertex -8.74484 -19.6412 0
      vertex -8.05404 -19.9345 0
    endloop
  endfacet
  facet normal 0.390813 -0.92047 0
    outer loop
      vertex 8.05404 -19.9345 0
      vertex 8.74484 -19.6412 2
      vertex 8.05404 -19.9345 2
    endloop
  endfacet
  facet normal 0.390813 -0.92047 0
    outer loop
      vertex 8.74484 -19.6412 2
      vertex 8.05404 -19.9345 0
      vertex 8.74484 -19.6412 0
    endloop
  endfacet
  facet normal 0.544665 -0.838654 0
    outer loop
      vertex 11.3933 -18.233 0
      vertex 12.0226 -17.8243 2
      vertex 11.3933 -18.233 2
    endloop
  endfacet
  facet normal 0.544665 -0.838654 0
    outer loop
      vertex 12.0226 -17.8243 2
      vertex 11.3933 -18.233 0
      vertex 12.0226 -17.8243 0
    endloop
  endfacet
  facet normal -0.731392 0.681957 0
    outer loop
      vertex -15.9776 14.3863 0
      vertex -15.4658 14.9352 2
      vertex -15.4658 14.9352 0
    endloop
  endfacet
  facet normal -0.731392 0.681957 0
    outer loop
      vertex -15.4658 14.9352 2
      vertex -15.9776 14.3863 0
      vertex -15.9776 14.3863 2
    endloop
  endfacet
  facet normal 0.0174561 -0.999848 0
    outer loop
      vertex 0 -21.5 0
      vertex 0.750339 -21.4869 2
      vertex 0 -21.5 2
    endloop
  endfacet
  facet normal 0.0174561 -0.999848 0
    outer loop
      vertex 0.750339 -21.4869 2
      vertex 0 -21.5 0
      vertex 0.750339 -21.4869 0
    endloop
  endfacet
  facet normal -0.0871471 -0.996195 0
    outer loop
      vertex -2.24736 -21.3822 0
      vertex -1.49976 -21.4476 2
      vertex -2.24736 -21.3822 2
    endloop
  endfacet
  facet normal -0.0871471 -0.996195 -0
    outer loop
      vertex -1.49976 -21.4476 2
      vertex -2.24736 -21.3822 0
      vertex -1.49976 -21.4476 0
    endloop
  endfacet
  facet normal -0.681957 0.731392 0
    outer loop
      vertex -14.3863 15.9776 0
      vertex -14.9352 15.4658 2
      vertex -14.3863 15.9776 2
    endloop
  endfacet
  facet normal -0.681957 0.731392 0
    outer loop
      vertex -14.9352 15.4658 2
      vertex -14.3863 15.9776 0
      vertex -14.9352 15.4658 0
    endloop
  endfacet
  facet normal 0.819207 -0.573498 0
    outer loop
      vertex 17.3939 -12.6374 2
      vertex 17.8243 -12.0226 0
      vertex 17.8243 -12.0226 2
    endloop
  endfacet
  facet normal 0.819207 -0.573498 0
    outer loop
      vertex 17.8243 -12.0226 0
      vertex 17.3939 -12.6374 2
      vertex 17.3939 -12.6374 0
    endloop
  endfacet
  facet normal -0.933598 0.358323 0
    outer loop
      vertex -20.2034 7.35343 0
      vertex -19.9345 8.05404 2
      vertex -19.9345 8.05404 0
    endloop
  endfacet
  facet normal -0.933598 0.358323 0
    outer loop
      vertex -19.9345 8.05404 2
      vertex -20.2034 7.35343 0
      vertex -20.2034 7.35343 2
    endloop
  endfacet
  facet normal 0.601896 0.798575 -0
    outer loop
      vertex 13.2367 16.9422 0
      vertex 12.6374 17.3939 2
      vertex 13.2367 16.9422 2
    endloop
  endfacet
  facet normal 0.601896 0.798575 0
    outer loop
      vertex 12.6374 17.3939 2
      vertex 13.2367 16.9422 0
      vertex 12.6374 17.3939 0
    endloop
  endfacet
  facet normal 0.325539 0.945529 -0
    outer loop
      vertex 7.35343 20.2034 0
      vertex 6.64386 20.4477 2
      vertex 7.35343 20.2034 2
    endloop
  endfacet
  facet normal 0.325539 0.945529 0
    outer loop
      vertex 6.64386 20.4477 2
      vertex 7.35343 20.2034 0
      vertex 6.64386 20.4477 0
    endloop
  endfacet
  facet normal -0.933598 -0.358323 0
    outer loop
      vertex -19.9345 -8.05404 0
      vertex -20.2034 -7.35343 2
      vertex -20.2034 -7.35343 0
    endloop
  endfacet
  facet normal -0.933598 -0.358323 0
    outer loop
      vertex -20.2034 -7.35343 2
      vertex -19.9345 -8.05404 0
      vertex -19.9345 -8.05404 2
    endloop
  endfacet
  facet normal -0.515005 -0.857187 0
    outer loop
      vertex -11.3933 -18.233 0
      vertex -10.75 -18.6195 2
      vertex -11.3933 -18.233 2
    endloop
  endfacet
  facet normal -0.515005 -0.857187 -0
    outer loop
      vertex -10.75 -18.6195 2
      vertex -11.3933 -18.233 0
      vertex -10.75 -18.6195 0
    endloop
  endfacet
  facet normal -0.819207 0.573498 0
    outer loop
      vertex -17.8243 12.0226 0
      vertex -17.3939 12.6374 2
      vertex -17.3939 12.6374 0
    endloop
  endfacet
  facet normal -0.819207 0.573498 0
    outer loop
      vertex -17.3939 12.6374 2
      vertex -17.8243 12.0226 0
      vertex -17.8243 12.0226 2
    endloop
  endfacet
  facet normal -0.484862 -0.874591 0
    outer loop
      vertex -10.75 -18.6195 0
      vertex -10.0936 -18.9834 2
      vertex -10.75 -18.6195 2
    endloop
  endfacet
  facet normal -0.484862 -0.874591 -0
    outer loop
      vertex -10.0936 -18.9834 2
      vertex -10.75 -18.6195 0
      vertex -10.0936 -18.9834 0
    endloop
  endfacet
  facet normal 0.965903 -0.258905 0
    outer loop
      vertex 20.6671 -5.9262 2
      vertex 20.8614 -5.20132 0
      vertex 20.8614 -5.20132 2
    endloop
  endfacet
  facet normal 0.965903 -0.258905 0
    outer loop
      vertex 20.8614 -5.20132 0
      vertex 20.6671 -5.9262 2
      vertex 20.6671 -5.9262 0
    endloop
  endfacet
  facet normal -0.857187 0.515005 0
    outer loop
      vertex -18.6195 10.75 0
      vertex -18.233 11.3933 2
      vertex -18.233 11.3933 0
    endloop
  endfacet
  facet normal -0.857187 0.515005 0
    outer loop
      vertex -18.233 11.3933 2
      vertex -18.6195 10.75 0
      vertex -18.6195 10.75 2
    endloop
  endfacet
  facet normal -0.996195 -0.0871471 0
    outer loop
      vertex -21.3822 -2.24736 0
      vertex -21.4476 -1.49976 2
      vertex -21.4476 -1.49976 0
    endloop
  endfacet
  facet normal -0.996195 -0.0871471 0
    outer loop
      vertex -21.4476 -1.49976 2
      vertex -21.3822 -2.24736 0
      vertex -21.3822 -2.24736 2
    endloop
  endfacet
  facet normal 0.838654 -0.544665 0
    outer loop
      vertex 17.8243 -12.0226 2
      vertex 18.233 -11.3933 0
      vertex 18.233 -11.3933 2
    endloop
  endfacet
  facet normal 0.838654 -0.544665 0
    outer loop
      vertex 18.233 -11.3933 0
      vertex 17.8243 -12.0226 2
      vertex 17.8243 -12.0226 0
    endloop
  endfacet
  facet normal 0.945529 0.325539 0
    outer loop
      vertex 20.4477 6.64386 2
      vertex 20.2034 7.35343 0
      vertex 20.2034 7.35343 2
    endloop
  endfacet
  facet normal 0.945529 0.325539 0
    outer loop
      vertex 20.2034 7.35343 0
      vertex 20.4477 6.64386 2
      vertex 20.4477 6.64386 0
    endloop
  endfacet
  facet normal 0.190819 -0.981625 0
    outer loop
      vertex 3.73344 -21.1734 0
      vertex 4.4701 -21.0302 2
      vertex 3.73344 -21.1734 2
    endloop
  endfacet
  facet normal 0.190819 -0.981625 0
    outer loop
      vertex 4.4701 -21.0302 2
      vertex 3.73344 -21.1734 0
      vertex 4.4701 -21.0302 0
    endloop
  endfacet
  facet normal 0.754686 -0.656086 0
    outer loop
      vertex 15.9776 -14.3863 2
      vertex 16.47 -13.8199 0
      vertex 16.47 -13.8199 2
    endloop
  endfacet
  facet normal 0.754686 -0.656086 0
    outer loop
      vertex 16.47 -13.8199 0
      vertex 15.9776 -14.3863 2
      vertex 15.9776 -14.3863 0
    endloop
  endfacet
  facet normal -0.906336 0.422559 0
    outer loop
      vertex -19.6412 8.74484 0
      vertex -19.3241 9.42498 2
      vertex -19.3241 9.42498 0
    endloop
  endfacet
  facet normal -0.906336 0.422559 0
    outer loop
      vertex -19.3241 9.42498 2
      vertex -19.6412 8.74484 0
      vertex -19.6412 8.74484 2
    endloop
  endfacet
  facet normal 0.390813 0.92047 -0
    outer loop
      vertex 8.74484 19.6412 0
      vertex 8.05404 19.9345 2
      vertex 8.74484 19.6412 2
    endloop
  endfacet
  facet normal 0.390813 0.92047 0
    outer loop
      vertex 8.05404 19.9345 2
      vertex 8.74484 19.6412 0
      vertex 8.05404 19.9345 0
    endloop
  endfacet
  facet normal -0.992555 0.121794 0
    outer loop
      vertex -21.3822 2.24736 0
      vertex -21.2908 2.99222 2
      vertex -21.2908 2.99222 0
    endloop
  endfacet
  facet normal -0.992555 0.121794 0
    outer loop
      vertex -21.2908 2.99222 2
      vertex -21.3822 2.24736 0
      vertex -21.3822 2.24736 2
    endloop
  endfacet
  facet normal 0.258905 0.965903 -0
    outer loop
      vertex 5.9262 20.6671 0
      vertex 5.20132 20.8614 2
      vertex 5.9262 20.6671 2
    endloop
  endfacet
  facet normal 0.258905 0.965903 0
    outer loop
      vertex 5.20132 20.8614 2
      vertex 5.9262 20.6671 0
      vertex 5.20132 20.8614 0
    endloop
  endfacet
  facet normal 0.933598 0.358323 0
    outer loop
      vertex 20.2034 7.35343 2
      vertex 19.9345 8.05404 0
      vertex 19.9345 8.05404 2
    endloop
  endfacet
  facet normal 0.933598 0.358323 0
    outer loop
      vertex 19.9345 8.05404 0
      vertex 20.2034 7.35343 2
      vertex 20.2034 7.35343 0
    endloop
  endfacet
  facet normal -0.656086 -0.754686 0
    outer loop
      vertex -14.3863 -15.9776 0
      vertex -13.8199 -16.47 2
      vertex -14.3863 -15.9776 2
    endloop
  endfacet
  facet normal -0.656086 -0.754686 -0
    outer loop
      vertex -13.8199 -16.47 2
      vertex -14.3863 -15.9776 0
      vertex -13.8199 -16.47 0
    endloop
  endfacet
  facet normal 0.681957 -0.731392 0
    outer loop
      vertex 14.3863 -15.9776 0
      vertex 14.9352 -15.4658 2
      vertex 14.3863 -15.9776 2
    endloop
  endfacet
  facet normal 0.681957 -0.731392 0
    outer loop
      vertex 14.9352 -15.4658 2
      vertex 14.3863 -15.9776 0
      vertex 14.9352 -15.4658 0
    endloop
  endfacet
  facet normal -0.681957 -0.731392 0
    outer loop
      vertex -14.9352 -15.4658 0
      vertex -14.3863 -15.9776 2
      vertex -14.9352 -15.4658 2
    endloop
  endfacet
  facet normal -0.681957 -0.731392 -0
    outer loop
      vertex -14.3863 -15.9776 2
      vertex -14.9352 -15.4658 0
      vertex -14.3863 -15.9776 0
    endloop
  endfacet
  facet normal -0.987688 0.156437 0
    outer loop
      vertex -21.2908 2.99222 0
      vertex -21.1734 3.73344 2
      vertex -21.1734 3.73344 0
    endloop
  endfacet
  facet normal -0.987688 0.156437 0
    outer loop
      vertex -21.1734 3.73344 2
      vertex -21.2908 2.99222 0
      vertex -21.2908 2.99222 2
    endloop
  endfacet
  facet normal 0.121794 -0.992555 0
    outer loop
      vertex 2.24736 -21.3822 0
      vertex 2.99222 -21.2908 2
      vertex 2.24736 -21.3822 2
    endloop
  endfacet
  facet normal 0.121794 -0.992555 0
    outer loop
      vertex 2.99222 -21.2908 2
      vertex 2.24736 -21.3822 0
      vertex 2.99222 -21.2908 0
    endloop
  endfacet
  facet normal 0.92047 -0.390813 0
    outer loop
      vertex 19.6412 -8.74484 2
      vertex 19.9345 -8.05404 0
      vertex 19.9345 -8.05404 2
    endloop
  endfacet
  facet normal 0.92047 -0.390813 0
    outer loop
      vertex 19.9345 -8.05404 0
      vertex 19.6412 -8.74484 2
      vertex 19.6412 -8.74484 0
    endloop
  endfacet
  facet normal -0.358323 -0.933598 0
    outer loop
      vertex -8.05404 -19.9345 0
      vertex -7.35343 -20.2034 2
      vertex -8.05404 -19.9345 2
    endloop
  endfacet
  facet normal -0.358323 -0.933598 -0
    outer loop
      vertex -7.35343 -20.2034 2
      vertex -8.05404 -19.9345 0
      vertex -7.35343 -20.2034 0
    endloop
  endfacet
  facet normal -0.981625 -0.190819 0
    outer loop
      vertex -21.0302 -4.4701 0
      vertex -21.1734 -3.73344 2
      vertex -21.1734 -3.73344 0
    endloop
  endfacet
  facet normal -0.981625 -0.190819 0
    outer loop
      vertex -21.1734 -3.73344 2
      vertex -21.0302 -4.4701 0
      vertex -21.0302 -4.4701 2
    endloop
  endfacet
  facet normal -0.974375 -0.224932 0
    outer loop
      vertex -20.8614 -5.20132 0
      vertex -21.0302 -4.4701 2
      vertex -21.0302 -4.4701 0
    endloop
  endfacet
  facet normal -0.974375 -0.224932 0
    outer loop
      vertex -21.0302 -4.4701 2
      vertex -20.8614 -5.20132 0
      vertex -20.8614 -5.20132 2
    endloop
  endfacet
  facet normal 0.965903 0.258905 0
    outer loop
      vertex 20.8614 5.20132 2
      vertex 20.6671 5.9262 0
      vertex 20.6671 5.9262 2
    endloop
  endfacet
  facet normal 0.965903 0.258905 0
    outer loop
      vertex 20.6671 5.9262 0
      vertex 20.8614 5.20132 2
      vertex 20.8614 5.20132 0
    endloop
  endfacet
  facet normal 0.484862 0.874591 -0
    outer loop
      vertex 10.75 18.6195 0
      vertex 10.0936 18.9834 2
      vertex 10.75 18.6195 2
    endloop
  endfacet
  facet normal 0.484862 0.874591 0
    outer loop
      vertex 10.0936 18.9834 2
      vertex 10.75 18.6195 0
      vertex 10.0936 18.9834 0
    endloop
  endfacet
  facet normal 0.933598 -0.358323 0
    outer loop
      vertex 19.9345 -8.05404 2
      vertex 20.2034 -7.35343 0
      vertex 20.2034 -7.35343 2
    endloop
  endfacet
  facet normal 0.933598 -0.358323 0
    outer loop
      vertex 20.2034 -7.35343 0
      vertex 19.9345 -8.05404 2
      vertex 19.9345 -8.05404 0
    endloop
  endfacet
  facet normal -0.945529 0.325539 0
    outer loop
      vertex -20.4477 6.64386 0
      vertex -20.2034 7.35343 2
      vertex -20.2034 7.35343 0
    endloop
  endfacet
  facet normal -0.945529 0.325539 0
    outer loop
      vertex -20.2034 7.35343 2
      vertex -20.4477 6.64386 0
      vertex -20.4477 6.64386 2
    endloop
  endfacet
  facet normal 0.731392 0.681957 0
    outer loop
      vertex 15.9776 14.3863 2
      vertex 15.4658 14.9352 0
      vertex 15.4658 14.9352 2
    endloop
  endfacet
  facet normal 0.731392 0.681957 0
    outer loop
      vertex 15.4658 14.9352 0
      vertex 15.9776 14.3863 2
      vertex 15.9776 14.3863 0
    endloop
  endfacet
  facet normal 0.358323 -0.933598 0
    outer loop
      vertex 7.35343 -20.2034 0
      vertex 8.05404 -19.9345 2
      vertex 7.35343 -20.2034 2
    endloop
  endfacet
  facet normal 0.358323 -0.933598 0
    outer loop
      vertex 8.05404 -19.9345 2
      vertex 7.35343 -20.2034 0
      vertex 8.05404 -19.9345 0
    endloop
  endfacet
  facet normal -0.707107 -0.707107 0
    outer loop
      vertex -14.9352 -15.4658 0
      vertex -15.4658 -14.9352 2
      vertex -15.4658 -14.9352 0
    endloop
  endfacet
  facet normal -0.707107 -0.707107 0
    outer loop
      vertex -15.4658 -14.9352 2
      vertex -14.9352 -15.4658 0
      vertex -14.9352 -15.4658 2
    endloop
  endfacet
  facet normal -0.874591 -0.484862 0
    outer loop
      vertex -18.6195 -10.75 0
      vertex -18.9834 -10.0936 2
      vertex -18.9834 -10.0936 0
    endloop
  endfacet
  facet normal -0.874591 -0.484862 0
    outer loop
      vertex -18.9834 -10.0936 2
      vertex -18.6195 -10.75 0
      vertex -18.6195 -10.75 2
    endloop
  endfacet
  facet normal -0.454013 0.890995 0
    outer loop
      vertex -9.42498 19.3241 0
      vertex -10.0936 18.9834 2
      vertex -9.42498 19.3241 2
    endloop
  endfacet
  facet normal -0.454013 0.890995 0
    outer loop
      vertex -10.0936 18.9834 2
      vertex -9.42498 19.3241 0
      vertex -10.0936 18.9834 0
    endloop
  endfacet
  facet normal 0.601896 -0.798575 0
    outer loop
      vertex 12.6374 -17.3939 0
      vertex 13.2367 -16.9422 2
      vertex 12.6374 -17.3939 2
    endloop
  endfacet
  facet normal 0.601896 -0.798575 0
    outer loop
      vertex 13.2367 -16.9422 2
      vertex 12.6374 -17.3939 0
      vertex 13.2367 -16.9422 0
    endloop
  endfacet
  facet normal -0.325539 -0.945529 0
    outer loop
      vertex -7.35343 -20.2034 0
      vertex -6.64386 -20.4477 2
      vertex -7.35343 -20.2034 2
    endloop
  endfacet
  facet normal -0.325539 -0.945529 -0
    outer loop
      vertex -6.64386 -20.4477 2
      vertex -7.35343 -20.2034 0
      vertex -6.64386 -20.4477 0
    endloop
  endfacet
  facet normal -0.998628 0.0523685 0
    outer loop
      vertex -21.4869 0.750339 0
      vertex -21.4476 1.49976 2
      vertex -21.4476 1.49976 0
    endloop
  endfacet
  facet normal -0.998628 0.0523685 0
    outer loop
      vertex -21.4476 1.49976 2
      vertex -21.4869 0.750339 0
      vertex -21.4869 0.750339 2
    endloop
  endfacet
  facet normal -0.819207 -0.573498 0
    outer loop
      vertex -17.3939 -12.6374 0
      vertex -17.8243 -12.0226 2
      vertex -17.8243 -12.0226 0
    endloop
  endfacet
  facet normal -0.819207 -0.573498 0
    outer loop
      vertex -17.8243 -12.0226 2
      vertex -17.3939 -12.6374 0
      vertex -17.3939 -12.6374 2
    endloop
  endfacet
  facet normal -0.996195 0.0871471 0
    outer loop
      vertex -21.4476 1.49976 0
      vertex -21.3822 2.24736 2
      vertex -21.3822 2.24736 0
    endloop
  endfacet
  facet normal -0.996195 0.0871471 0
    outer loop
      vertex -21.3822 2.24736 2
      vertex -21.4476 1.49976 0
      vertex -21.4476 1.49976 2
    endloop
  endfacet
  facet normal -0.515005 0.857187 0
    outer loop
      vertex -10.75 18.6195 0
      vertex -11.3933 18.233 2
      vertex -10.75 18.6195 2
    endloop
  endfacet
  facet normal -0.515005 0.857187 0
    outer loop
      vertex -11.3933 18.233 2
      vertex -10.75 18.6195 0
      vertex -11.3933 18.233 0
    endloop
  endfacet
  facet normal -0.258905 0.965903 0
    outer loop
      vertex -5.20132 20.8614 0
      vertex -5.9262 20.6671 2
      vertex -5.20132 20.8614 2
    endloop
  endfacet
  facet normal -0.258905 0.965903 0
    outer loop
      vertex -5.9262 20.6671 2
      vertex -5.20132 20.8614 0
      vertex -5.9262 20.6671 0
    endloop
  endfacet
  facet normal -0.956309 0.292359 0
    outer loop
      vertex -20.6671 5.9262 0
      vertex -20.4477 6.64386 2
      vertex -20.4477 6.64386 0
    endloop
  endfacet
  facet normal -0.956309 0.292359 0
    outer loop
      vertex -20.4477 6.64386 2
      vertex -20.6671 5.9262 0
      vertex -20.6671 5.9262 2
    endloop
  endfacet
  facet normal -0.544665 0.838654 0
    outer loop
      vertex -11.3933 18.233 0
      vertex -12.0226 17.8243 2
      vertex -11.3933 18.233 2
    endloop
  endfacet
  facet normal -0.544665 0.838654 0
    outer loop
      vertex -12.0226 17.8243 2
      vertex -11.3933 18.233 0
      vertex -12.0226 17.8243 0
    endloop
  endfacet
  facet normal 0.92047 0.390813 0
    outer loop
      vertex 19.9345 8.05404 2
      vertex 19.6412 8.74484 0
      vertex 19.6412 8.74484 2
    endloop
  endfacet
  facet normal 0.92047 0.390813 0
    outer loop
      vertex 19.6412 8.74484 0
      vertex 19.9345 8.05404 2
      vertex 19.9345 8.05404 0
    endloop
  endfacet
  facet normal -0.945529 -0.325539 0
    outer loop
      vertex -20.2034 -7.35343 0
      vertex -20.4477 -6.64386 2
      vertex -20.4477 -6.64386 0
    endloop
  endfacet
  facet normal -0.945529 -0.325539 0
    outer loop
      vertex -20.4477 -6.64386 2
      vertex -20.2034 -7.35343 0
      vertex -20.2034 -7.35343 2
    endloop
  endfacet
  facet normal -0.707107 0.707107 0
    outer loop
      vertex -15.4658 14.9352 0
      vertex -14.9352 15.4658 2
      vertex -14.9352 15.4658 0
    endloop
  endfacet
  facet normal -0.707107 0.707107 0
    outer loop
      vertex -14.9352 15.4658 2
      vertex -15.4658 14.9352 0
      vertex -15.4658 14.9352 2
    endloop
  endfacet
  facet normal -0.987688 -0.156437 0
    outer loop
      vertex -21.1734 -3.73344 0
      vertex -21.2908 -2.99222 2
      vertex -21.2908 -2.99222 0
    endloop
  endfacet
  facet normal -0.987688 -0.156437 0
    outer loop
      vertex -21.2908 -2.99222 2
      vertex -21.1734 -3.73344 0
      vertex -21.1734 -3.73344 2
    endloop
  endfacet
  facet normal 0.906336 -0.422559 0
    outer loop
      vertex 19.3241 -9.42498 2
      vertex 19.6412 -8.74484 0
      vertex 19.6412 -8.74484 2
    endloop
  endfacet
  facet normal 0.906336 -0.422559 0
    outer loop
      vertex 19.6412 -8.74484 0
      vertex 19.3241 -9.42498 2
      vertex 19.3241 -9.42498 0
    endloop
  endfacet
  facet normal -0.156437 -0.987688 0
    outer loop
      vertex -3.73344 -21.1734 0
      vertex -2.99222 -21.2908 2
      vertex -3.73344 -21.1734 2
    endloop
  endfacet
  facet normal -0.156437 -0.987688 -0
    outer loop
      vertex -2.99222 -21.2908 2
      vertex -3.73344 -21.1734 0
      vertex -2.99222 -21.2908 0
    endloop
  endfacet
  facet normal -0.965903 -0.258905 0
    outer loop
      vertex -20.6671 -5.9262 0
      vertex -20.8614 -5.20132 2
      vertex -20.8614 -5.20132 0
    endloop
  endfacet
  facet normal -0.965903 -0.258905 0
    outer loop
      vertex -20.8614 -5.20132 2
      vertex -20.6671 -5.9262 0
      vertex -20.6671 -5.9262 2
    endloop
  endfacet
  facet normal 0.454013 -0.890995 0
    outer loop
      vertex 9.42498 -19.3241 0
      vertex 10.0936 -18.9834 2
      vertex 9.42498 -19.3241 2
    endloop
  endfacet
  facet normal 0.454013 -0.890995 0
    outer loop
      vertex 10.0936 -18.9834 2
      vertex 9.42498 -19.3241 0
      vertex 10.0936 -18.9834 0
    endloop
  endfacet
  facet normal 0.484862 -0.874591 0
    outer loop
      vertex 10.0936 -18.9834 0
      vertex 10.75 -18.6195 2
      vertex 10.0936 -18.9834 2
    endloop
  endfacet
  facet normal 0.484862 -0.874591 0
    outer loop
      vertex 10.75 -18.6195 2
      vertex 10.0936 -18.9834 0
      vertex 10.75 -18.6195 0
    endloop
  endfacet
  facet normal -0.544665 -0.838654 0
    outer loop
      vertex -12.0226 -17.8243 0
      vertex -11.3933 -18.233 2
      vertex -12.0226 -17.8243 2
    endloop
  endfacet
  facet normal -0.544665 -0.838654 -0
    outer loop
      vertex -11.3933 -18.233 2
      vertex -12.0226 -17.8243 0
      vertex -11.3933 -18.233 0
    endloop
  endfacet
  facet normal 0.656086 -0.754686 0
    outer loop
      vertex 13.8199 -16.47 0
      vertex 14.3863 -15.9776 2
      vertex 13.8199 -16.47 2
    endloop
  endfacet
  facet normal 0.656086 -0.754686 0
    outer loop
      vertex 14.3863 -15.9776 2
      vertex 13.8199 -16.47 0
      vertex 14.3863 -15.9776 0
    endloop
  endfacet
  facet normal 0.777189 -0.629267 0
    outer loop
      vertex 16.47 -13.8199 2
      vertex 16.9422 -13.2367 0
      vertex 16.9422 -13.2367 2
    endloop
  endfacet
  facet normal 0.777189 -0.629267 0
    outer loop
      vertex 16.9422 -13.2367 0
      vertex 16.47 -13.8199 2
      vertex 16.47 -13.8199 0
    endloop
  endfacet
  facet normal -0.422559 0.906336 0
    outer loop
      vertex -8.74484 19.6412 0
      vertex -9.42498 19.3241 2
      vertex -8.74484 19.6412 2
    endloop
  endfacet
  facet normal -0.422559 0.906336 0
    outer loop
      vertex -9.42498 19.3241 2
      vertex -8.74484 19.6412 0
      vertex -9.42498 19.3241 0
    endloop
  endfacet
  facet normal 0.515005 0.857187 -0
    outer loop
      vertex 11.3933 18.233 0
      vertex 10.75 18.6195 2
      vertex 11.3933 18.233 2
    endloop
  endfacet
  facet normal 0.515005 0.857187 0
    outer loop
      vertex 10.75 18.6195 2
      vertex 11.3933 18.233 0
      vertex 10.75 18.6195 0
    endloop
  endfacet
  facet normal -0.0523685 -0.998628 0
    outer loop
      vertex -1.49976 -21.4476 0
      vertex -0.750339 -21.4869 2
      vertex -1.49976 -21.4476 2
    endloop
  endfacet
  facet normal -0.0523685 -0.998628 -0
    outer loop
      vertex -0.750339 -21.4869 2
      vertex -1.49976 -21.4476 0
      vertex -0.750339 -21.4869 0
    endloop
  endfacet
  facet normal 0.874591 -0.484862 0
    outer loop
      vertex 18.6195 -10.75 2
      vertex 18.9834 -10.0936 0
      vertex 18.9834 -10.0936 2
    endloop
  endfacet
  facet normal 0.874591 -0.484862 0
    outer loop
      vertex 18.9834 -10.0936 0
      vertex 18.6195 -10.75 2
      vertex 18.6195 -10.75 0
    endloop
  endfacet
  facet normal -0.629267 -0.777189 0
    outer loop
      vertex -13.8199 -16.47 0
      vertex -13.2367 -16.9422 2
      vertex -13.8199 -16.47 2
    endloop
  endfacet
  facet normal -0.629267 -0.777189 -0
    outer loop
      vertex -13.2367 -16.9422 2
      vertex -13.8199 -16.47 0
      vertex -13.2367 -16.9422 0
    endloop
  endfacet
  facet normal 0.358323 0.933598 -0
    outer loop
      vertex 8.05404 19.9345 0
      vertex 7.35343 20.2034 2
      vertex 8.05404 19.9345 2
    endloop
  endfacet
  facet normal 0.358323 0.933598 0
    outer loop
      vertex 7.35343 20.2034 2
      vertex 8.05404 19.9345 0
      vertex 7.35343 20.2034 0
    endloop
  endfacet
  facet normal 0.777189 0.629267 0
    outer loop
      vertex 16.9422 13.2367 2
      vertex 16.47 13.8199 0
      vertex 16.47 13.8199 2
    endloop
  endfacet
  facet normal 0.777189 0.629267 0
    outer loop
      vertex 16.47 13.8199 0
      vertex 16.9422 13.2367 2
      vertex 16.9422 13.2367 0
    endloop
  endfacet
  facet normal -0.890995 0.454013 0
    outer loop
      vertex -19.3241 9.42498 0
      vertex -18.9834 10.0936 2
      vertex -18.9834 10.0936 0
    endloop
  endfacet
  facet normal -0.890995 0.454013 0
    outer loop
      vertex -18.9834 10.0936 2
      vertex -19.3241 9.42498 0
      vertex -19.3241 9.42498 2
    endloop
  endfacet
  facet normal -0.292359 0.956309 0
    outer loop
      vertex -5.9262 20.6671 0
      vertex -6.64386 20.4477 2
      vertex -5.9262 20.6671 2
    endloop
  endfacet
  facet normal -0.292359 0.956309 0
    outer loop
      vertex -6.64386 20.4477 2
      vertex -5.9262 20.6671 0
      vertex -6.64386 20.4477 0
    endloop
  endfacet
  facet normal -0.224932 0.974375 0
    outer loop
      vertex -4.4701 21.0302 0
      vertex -5.20132 20.8614 2
      vertex -4.4701 21.0302 2
    endloop
  endfacet
  facet normal -0.224932 0.974375 0
    outer loop
      vertex -5.20132 20.8614 2
      vertex -4.4701 21.0302 0
      vertex -5.20132 20.8614 0
    endloop
  endfacet
  facet normal -0 0 1
    outer loop
      vertex -4.4701 21.0302 2
      vertex -3.8 17.5 2
      vertex -3.8 21.1604 2
    endloop
  endfacet
  facet normal 0 0 1
    outer loop
      vertex -3.8 17.5 2
      vertex -4.42095 12.6772 2
      vertex -4.04331 12.5465 2
    endloop
  endfacet
  facet normal -0 0 1
    outer loop
      vertex -5.20132 20.8614 2
      vertex -3.8 17.5 2
      vertex -4.4701 21.0302 2
    endloop
  endfacet
  facet normal 0 0 1
    outer loop
      vertex -3.8 17.5 2
      vertex -4.81103 12.764 2
      vertex -4.42095 12.6772 2
    endloop
  endfacet
  facet normal -0 0 1
    outer loop
      vertex -5.9262 20.6671 2
      vertex -3.8 17.5 2
      vertex -5.20132 20.8614 2
    endloop
  endfacet
  facet normal -0 0 1
    outer loop
      vertex -6.64386 20.4477 2
      vertex -3.8 17.5 2
      vertex -5.9262 20.6671 2
    endloop
  endfacet
  facet normal 0 0 1
    outer loop
      vertex -3.8 17.5 2
      vertex -5.20846 12.8058 2
      vertex -4.81103 12.764 2
    endloop
  endfacet
  facet normal -0 0 1
    outer loop
      vertex -7.35343 20.2034 2
      vertex -3.8 17.5 2
      vertex -6.64386 20.4477 2
    endloop
  endfacet
  facet normal 0 0 1
    outer loop
      vertex -3.8 17.5 2
      vertex -5.60807 12.802 2
      vertex -5.20846 12.8058 2
    endloop
  endfacet
  facet normal -0 0 1
    outer loop
      vertex -8.05404 19.9345 2
      vertex -3.8 17.5 2
      vertex -7.35343 20.2034 2
    endloop
  endfacet
  facet normal 0 0 1
    outer loop
      vertex -3.8 17.5 2
      vertex -6.00463 12.7527 2
      vertex -5.60807 12.802 2
    endloop
  endfacet
  facet normal -0 0 1
    outer loop
      vertex -8.74484 19.6412 2
      vertex -3.8 17.5 2
      vertex -8.05404 19.9345 2
    endloop
  endfacet
  facet normal 0 -0 1
    outer loop
      vertex -6.39299 12.6585 2
      vertex -3.8 17.5 2
      vertex -8.74484 19.6412 2
    endloop
  endfacet
  facet normal 0 0 1
    outer loop
      vertex -3.8 17.5 2
      vertex -6.39299 12.6585 2
      vertex -6.00463 12.7527 2
    endloop
  endfacet
  facet normal -0 0 1
    outer loop
      vertex -9.42498 19.3241 2
      vertex -6.39299 12.6585 2
      vertex -8.74484 19.6412 2
    endloop
  endfacet
  facet normal 0 0 1
    outer loop
      vertex -6.39299 12.6585 2
      vertex -9.42498 19.3241 2
      vertex -6.76807 12.5206 2
    endloop
  endfacet
  facet normal -0 0 1
    outer loop
      vertex -10.0936 18.9834 2
      vertex -6.76807 12.5206 2
      vertex -9.42498 19.3241 2
    endloop
  endfacet
  facet normal 0 0 1
    outer loop
      vertex -6.76807 12.5206 2
      vertex -10.0936 18.9834 2
      vertex -7.125 12.3409 2
    endloop
  endfacet
  facet normal -0 0 1
    outer loop
      vertex -10.75 18.6195 2
      vertex -7.125 12.3409 2
      vertex -10.0936 18.9834 2
    endloop
  endfacet
  facet normal -0 0 1
    outer loop
      vertex -11.3933 18.233 2
      vertex -7.125 12.3409 2
      vertex -10.75 18.6195 2
    endloop
  endfacet
  facet normal 0 0 1
    outer loop
      vertex -7.125 12.3409 2
      vertex -11.3933 18.233 2
      vertex -7.45911 12.1216 2
    endloop
  endfacet
  facet normal -0 0 1
    outer loop
      vertex -12.0226 17.8243 2
      vertex -7.45911 12.1216 2
      vertex -11.3933 18.233 2
    endloop
  endfacet
  facet normal 0 0 1
    outer loop
      vertex -7.45911 12.1216 2
      vertex -12.0226 17.8243 2
      vertex -7.76605 11.8657 2
    endloop
  endfacet
  facet normal -0 0 1
    outer loop
      vertex -12.6374 17.3939 2
      vertex -7.76605 11.8657 2
      vertex -12.0226 17.8243 2
    endloop
  endfacet
  facet normal 0 0 1
    outer loop
      vertex -7.76605 11.8657 2
      vertex -12.6374 17.3939 2
      vertex -8.04182 11.5765 2
    endloop
  endfacet
  facet normal -0 0 1
    outer loop
      vertex -13.2367 16.9422 2
      vertex -8.04182 11.5765 2
      vertex -12.6374 17.3939 2
    endloop
  endfacet
  facet normal -0 0 1
    outer loop
      vertex -13.8199 16.47 2
      vertex -8.04182 11.5765 2
      vertex -13.2367 16.9422 2
    endloop
  endfacet
  facet normal 0 0 1
    outer loop
      vertex -8.87436 9.37641 2
      vertex -9.48017 3.26152 2
      vertex -9.11666 3.09552 2
    endloop
  endfacet
  facet normal 0 0 1
    outer loop
      vertex -8.04182 11.5765 2
      vertex -13.8199 16.47 2
      vertex -8.28283 11.2577 2
    endloop
  endfacet
  facet normal -0 0 1
    outer loop
      vertex -14.3863 15.9776 2
      vertex -8.28283 11.2577 2
      vertex -13.8199 16.47 2
    endloop
  endfacet
  facet normal 0 0 1
    outer loop
      vertex -8.28283 11.2577 2
      vertex -14.3863 15.9776 2
      vertex -8.48592 10.9136 2
    endloop
  endfacet
  facet normal 0 0 1
    outer loop
      vertex -8.87436 9.37641 2
      vertex -9.86024 3.38501 2
      vertex -9.48017 3.26152 2
    endloop
  endfacet
  facet normal -0 0 1
    outer loop
      vertex -14.9352 15.4658 2
      vertex -8.48592 10.9136 2
      vertex -14.3863 15.9776 2
    endloop
  endfacet
  facet normal 0 0 1
    outer loop
      vertex -8.48592 10.9136 2
      vertex -14.9352 15.4658 2
      vertex -8.64846 10.5485 2
    endloop
  endfacet
  facet normal -0 0 1
    outer loop
      vertex -15.4658 14.9352 2
      vertex -8.64846 10.5485 2
      vertex -14.9352 15.4658 2
    endloop
  endfacet
  facet normal 0 0 1
    outer loop
      vertex -8.87436 9.37641 2
      vertex -10.2519 3.46437 2
      vertex -9.86024 3.38501 2
    endloop
  endfacet
  facet normal -0 0 1
    outer loop
      vertex -15.9776 14.3863 2
      vertex -8.64846 10.5485 2
      vertex -15.4658 14.9352 2
    endloop
  endfacet
  facet normal 0 0 1
    outer loop
      vertex -8.64846 10.5485 2
      vertex -15.9776 14.3863 2
      vertex -8.76833 10.1673 2
    endloop
  endfacet
  facet normal 0 0 1
    outer loop
      vertex -8.87436 9.37641 2
      vertex -10.6501 3.49857 2
      vertex -10.2519 3.46437 2
    endloop
  endfacet
  facet normal -0 0 1
    outer loop
      vertex -16.47 13.8199 2
      vertex -8.76833 10.1673 2
      vertex -15.9776 14.3863 2
    endloop
  endfacet
  facet normal 0 0 1
    outer loop
      vertex -8.76833 10.1673 2
      vertex -16.47 13.8199 2
      vertex -8.84396 9.77487 2
    endloop
  endfacet
  facet normal -0 0 1
    outer loop
      vertex -16.9422 13.2367 2
      vertex -8.84396 9.77487 2
      vertex -16.47 13.8199 2
    endloop
  endfacet
  facet normal 0 0 1
    outer loop
      vertex -8.87436 9.37641 2
      vertex -11.0495 3.48716 2
      vertex -10.6501 3.49857 2
    endloop
  endfacet
  facet normal -0 0 1
    outer loop
      vertex -17.3939 12.6374 2
      vertex -8.84396 9.77487 2
      vertex -16.9422 13.2367 2
    endloop
  endfacet
  facet normal 0 0 1
    outer loop
      vertex -8.84396 9.77487 2
      vertex -17.3939 12.6374 2
      vertex -8.87436 9.37641 2
    endloop
  endfacet
  facet normal 0 0 1
    outer loop
      vertex -8.87436 9.37641 2
      vertex -11.4451 3.43029 2
      vertex -11.0495 3.48716 2
    endloop
  endfacet
  facet normal -0 0 1
    outer loop
      vertex -17.8243 12.0226 2
      vertex -8.87436 9.37641 2
      vertex -17.3939 12.6374 2
    endloop
  endfacet
  facet normal -0 0 1
    outer loop
      vertex -18.233 11.3933 2
      vertex -8.87436 9.37641 2
      vertex -17.8243 12.0226 2
    endloop
  endfacet
  facet normal 0 0 1
    outer loop
      vertex -8.87436 9.37641 2
      vertex -11.8316 3.3287 2
      vertex -11.4451 3.43029 2
    endloop
  endfacet
  facet normal -0 0 1
    outer loop
      vertex -18.6195 10.75 2
      vertex -8.87436 9.37641 2
      vertex -18.233 11.3933 2
    endloop
  endfacet
  facet normal 0 -0 1
    outer loop
      vertex -12.204 3.18371 2
      vertex -8.87436 9.37641 2
      vertex -18.6195 10.75 2
    endloop
  endfacet
  facet normal 0 0 1
    outer loop
      vertex -8.87436 9.37641 2
      vertex -12.204 3.18371 2
      vertex -11.8316 3.3287 2
    endloop
  endfacet
  facet normal -0 0 1
    outer loop
      vertex -18.9834 10.0936 2
      vertex -12.204 3.18371 2
      vertex -18.6195 10.75 2
    endloop
  endfacet
  facet normal 0 0 1
    outer loop
      vertex -2.58312 7.19899 2
      vertex 2.58312 7.19899 2
      vertex -2.36071 7.531 2
    endloop
  endfacet
  facet normal 0 0 1
    outer loop
      vertex 2.84193 -6.8945 2
      vertex -1.88515 -9.04347 2
      vertex -1.87754 -9.44302 2
    endloop
  endfacet
  facet normal 0 0 1
    outer loop
      vertex 2.58312 7.19899 2
      vertex -2.58312 7.19899 2
      vertex 2.84193 6.8945 2
    endloop
  endfacet
  facet normal 0 0 1
    outer loop
      vertex 2.84193 -6.8945 2
      vertex -1.93825 -8.64739 2
      vertex -1.88515 -9.04347 2
    endloop
  endfacet
  facet normal 0 0 1
    outer loop
      vertex -2.84193 6.8945 2
      vertex 2.84193 6.8945 2
      vertex -2.58312 7.19899 2
    endloop
  endfacet
  facet normal 0 0 1
    outer loop
      vertex 2.84193 -6.8945 2
      vertex -2.03616 -8.25995 2
      vertex -1.93825 -8.64739 2
    endloop
  endfacet
  facet normal 0 0 1
    outer loop
      vertex 2.84193 6.8945 2
      vertex -2.84193 6.8945 2
      vertex 3.13376 6.62149 2
    endloop
  endfacet
  facet normal 0 0 1
    outer loop
      vertex 2.84193 -6.8945 2
      vertex -2.17759 -7.88619 2
      vertex -2.03616 -8.25995 2
    endloop
  endfacet
  facet normal 0 0 1
    outer loop
      vertex -3.13376 6.62149 2
      vertex 3.13376 6.62149 2
      vertex -2.84193 6.8945 2
    endloop
  endfacet
  facet normal 0 0 1
    outer loop
      vertex 2.84193 -6.8945 2
      vertex -2.36071 -7.531 2
      vertex -2.17759 -7.88619 2
    endloop
  endfacet
  facet normal 0 0 1
    outer loop
      vertex -3.45481 6.38353 2
      vertex 3.13376 6.62149 2
      vertex -3.13376 6.62149 2
    endloop
  endfacet
  facet normal 0 0 1
    outer loop
      vertex 2.84193 -6.8945 2
      vertex -2.58312 -7.19899 2
      vertex -2.36071 -7.531 2
    endloop
  endfacet
  facet normal 0 0 1
    outer loop
      vertex 3.13376 6.62149 2
      vertex -3.45481 6.38353 2
      vertex 3.13376 -6.62149 2
    endloop
  endfacet
  facet normal 0 0 1
    outer loop
      vertex 2.84193 -6.8945 2
      vertex -2.84193 -6.8945 2
      vertex -2.58312 -7.19899 2
    endloop
  endfacet
  facet normal -0 0 1
    outer loop
      vertex -3.45481 -6.38353 2
      vertex 3.13376 -6.62149 2
      vertex -3.45481 6.38353 2
    endloop
  endfacet
  facet normal 0 0 1
    outer loop
      vertex 2.84193 -6.8945 2
      vertex -3.13376 -6.62149 2
      vertex -2.84193 -6.8945 2
    endloop
  endfacet
  facet normal 0 -0 1
    outer loop
      vertex -3.13376 -6.62149 2
      vertex 3.13376 -6.62149 2
      vertex -3.45481 -6.38353 2
    endloop
  endfacet
  facet normal 0 0 1
    outer loop
      vertex 3.13376 -6.62149 2
      vertex -3.13376 -6.62149 2
      vertex 2.84193 -6.8945 2
    endloop
  endfacet
  facet normal -0 0 1
    outer loop
      vertex -3.80089 6.18372 2
      vertex -3.45481 -6.38353 2
      vertex -3.45481 6.38353 2
    endloop
  endfacet
  facet normal 0 0 1
    outer loop
      vertex -3.80089 6.18372 2
      vertex -3.80089 -6.18372 2
      vertex -3.45481 -6.38353 2
    endloop
  endfacet
  facet normal 0 0 1
    outer loop
      vertex -7.25571 0.19981 2
      vertex -3.80089 6.18372 2
      vertex -4.1675 6.02466 2
    endloop
  endfacet
  facet normal 0 0 1
    outer loop
      vertex -3.80089 6.18372 2
      vertex -7.25571 0.19981 2
      vertex -3.80089 -6.18372 2
    endloop
  endfacet
  facet normal 0 0 1
    outer loop
      vertex -7.30126 0.596828 2
      vertex -4.1675 6.02466 2
      vertex -4.54984 5.90843 2
    endloop
  endfacet
  facet normal -0 0 1
    outer loop
      vertex -7.25571 -0.19981 2
      vertex -3.80089 -6.18372 2
      vertex -7.25571 0.19981 2
    endloop
  endfacet
  facet normal 0 0 1
    outer loop
      vertex -7.39177 0.986063 2
      vertex -4.54984 5.90843 2
      vertex -4.94295 5.83654 2
    endloop
  endfacet
  facet normal 0 0 1
    outer loop
      vertex -3.80089 -6.18372 2
      vertex -7.25571 -0.19981 2
      vertex -4.1675 -6.02466 2
    endloop
  endfacet
  facet normal 0 0 1
    outer loop
      vertex -7.52607 1.36244 2
      vertex -4.94295 5.83654 2
      vertex -5.34168 5.80993 2
    endloop
  endfacet
  facet normal -0 0 1
    outer loop
      vertex -7.30126 -0.596828 2
      vertex -4.1675 -6.02466 2
      vertex -7.25571 -0.19981 2
    endloop
  endfacet
  facet normal 0 0 1
    outer loop
      vertex -7.70239 1.72106 2
      vertex -5.34168 5.80993 2
      vertex -5.74085 5.82895 2
    endloop
  endfacet
  facet normal 0 0 1
    outer loop
      vertex -4.1675 -6.02466 2
      vertex -7.30126 -0.596828 2
      vertex -4.54984 -5.90843 2
    endloop
  endfacet
  facet normal 0 0 1
    outer loop
      vertex -7.91844 2.05725 2
      vertex -5.74085 5.82895 2
      vertex -6.13525 5.89334 2
    endloop
  endfacet
  facet normal -0 0 1
    outer loop
      vertex -7.39177 -0.986063 2
      vertex -4.54984 -5.90843 2
      vertex -7.30126 -0.596828 2
    endloop
  endfacet
  facet normal 0 0 1
    outer loop
      vertex -8.17141 2.36661 2
      vertex -6.13525 5.89334 2
      vertex -6.51974 6.00227 2
    endloop
  endfacet
  facet normal 0 0 1
    outer loop
      vertex -4.54984 -5.90843 2
      vertex -7.39177 -0.986063 2
      vertex -4.94295 -5.83654 2
    endloop
  endfacet
  facet normal 0 0 1
    outer loop
      vertex -8.45799 2.64512 2
      vertex -6.51974 6.00227 2
      vertex -6.8893 6.15432 2
    endloop
  endfacet
  facet normal -0 0 1
    outer loop
      vertex -7.52607 -1.36244 2
      vertex -4.94295 -5.83654 2
      vertex -7.39177 -0.986063 2
    endloop
  endfacet
  facet normal 0 0 1
    outer loop
      vertex -8.77445 2.88915 2
      vertex -6.8893 6.15432 2
      vertex -7.23913 6.3475 2
    endloop
  endfacet
  facet normal 0 0 1
    outer loop
      vertex -4.94295 -5.83654 2
      vertex -7.52607 -1.36244 2
      vertex -5.34168 -5.80993 2
    endloop
  endfacet
  facet normal -0 0 1
    outer loop
      vertex -7.70239 -1.72106 2
      vertex -5.34168 -5.80993 2
      vertex -7.52607 -1.36244 2
    endloop
  endfacet
  facet normal 0 0 1
    outer loop
      vertex -4.1675 6.02466 2
      vertex -7.30126 0.596828 2
      vertex -7.25571 0.19981 2
    endloop
  endfacet
  facet normal 0 0 1
    outer loop
      vertex -4.54984 5.90843 2
      vertex -7.39177 0.986063 2
      vertex -7.30126 0.596828 2
    endloop
  endfacet
  facet normal 0 0 1
    outer loop
      vertex -4.94295 5.83654 2
      vertex -7.52607 1.36244 2
      vertex -7.39177 0.986063 2
    endloop
  endfacet
  facet normal 0 0 1
    outer loop
      vertex -9.11666 3.09552 2
      vertex -7.23913 6.3475 2
      vertex -7.56465 6.57931 2
    endloop
  endfacet
  facet normal 0 0 1
    outer loop
      vertex -5.34168 5.80993 2
      vertex -7.70239 1.72106 2
      vertex -7.52607 1.36244 2
    endloop
  endfacet
  facet normal 0 0 1
    outer loop
      vertex -9.11666 3.09552 2
      vertex -7.56465 6.57931 2
      vertex -7.86163 6.84671 2
    endloop
  endfacet
  facet normal 0 0 1
    outer loop
      vertex -5.74085 5.82895 2
      vertex -7.91844 2.05725 2
      vertex -7.70239 1.72106 2
    endloop
  endfacet
  facet normal 0 0 1
    outer loop
      vertex -9.11666 3.09552 2
      vertex -7.86163 6.84671 2
      vertex -8.12619 7.14622 2
    endloop
  endfacet
  facet normal 0 0 1
    outer loop
      vertex -6.13525 5.89334 2
      vertex -8.17141 2.36661 2
      vertex -7.91844 2.05725 2
    endloop
  endfacet
  facet normal 0 0 1
    outer loop
      vertex -9.11666 3.09552 2
      vertex -8.12619 7.14622 2
      vertex -8.35488 7.47393 2
    endloop
  endfacet
  facet normal 0 0 1
    outer loop
      vertex -6.51974 6.00227 2
      vertex -8.45799 2.64512 2
      vertex -8.17141 2.36661 2
    endloop
  endfacet
  facet normal 0 0 1
    outer loop
      vertex -9.11666 3.09552 2
      vertex -8.35488 7.47393 2
      vertex -8.54473 7.82558 2
    endloop
  endfacet
  facet normal 0 0 1
    outer loop
      vertex -9.11666 3.09552 2
      vertex -8.54473 7.82558 2
      vertex -8.69325 8.19657 2
    endloop
  endfacet
  facet normal 0 0 1
    outer loop
      vertex -6.8893 6.15432 2
      vertex -8.77445 2.88915 2
      vertex -8.45799 2.64512 2
    endloop
  endfacet
  facet normal 0 0 1
    outer loop
      vertex -9.11666 3.09552 2
      vertex -8.69325 8.19657 2
      vertex -8.79852 8.58208 2
    endloop
  endfacet
  facet normal 0 0 1
    outer loop
      vertex -9.11666 3.09552 2
      vertex -8.79852 8.58208 2
      vertex -8.85915 8.97708 2
    endloop
  endfacet
  facet normal 0 0 1
    outer loop
      vertex -9.11666 3.09552 2
      vertex -8.85915 8.97708 2
      vertex -8.87436 9.37641 2
    endloop
  endfacet
  facet normal 0 0 1
    outer loop
      vertex -7.23913 6.3475 2
      vertex -9.11666 3.09552 2
      vertex -8.77445 2.88915 2
    endloop
  endfacet
  facet normal 0 0 1
    outer loop
      vertex 3.03304 -11.9108 2
      vertex 0 -21.5 2
      vertex 0.750339 -21.4869 2
    endloop
  endfacet
  facet normal 0 0 1
    outer loop
      vertex 2.50479 -11.3127 2
      vertex -2.50479 -11.3127 2
      vertex 2.75182 -11.6269 2
    endloop
  endfacet
  facet normal 0 0 1
    outer loop
      vertex -2.75182 -11.6269 2
      vertex 2.75182 -11.6269 2
      vertex -2.50479 -11.3127 2
    endloop
  endfacet
  facet normal 0 0 1
    outer loop
      vertex 2.75182 -11.6269 2
      vertex -2.75182 -11.6269 2
      vertex 3.03304 -11.9108 2
    endloop
  endfacet
  facet normal 0 0 1
    outer loop
      vertex -3.03304 -11.9108 2
      vertex 3.03304 -11.9108 2
      vertex -2.75182 -11.6269 2
    endloop
  endfacet
  facet normal 0 0 1
    outer loop
      vertex -3.3448 -12.1608 2
      vertex 3.03304 -11.9108 2
      vertex -3.03304 -11.9108 2
    endloop
  endfacet
  facet normal 0 0 1
    outer loop
      vertex 3.03304 -11.9108 2
      vertex -3.3448 -12.1608 2
      vertex 0 -21.5 2
    endloop
  endfacet
  facet normal 0 0 1
    outer loop
      vertex 0 -21.5 2
      vertex -3.3448 -12.1608 2
      vertex -0.750339 -21.4869 2
    endloop
  endfacet
  facet normal 0 0 1
    outer loop
      vertex -0.750339 -21.4869 2
      vertex -3.3448 -12.1608 2
      vertex -1.49976 -21.4476 2
    endloop
  endfacet
  facet normal -0 0 1
    outer loop
      vertex -3.68303 -12.3736 2
      vertex -1.49976 -21.4476 2
      vertex -3.3448 -12.1608 2
    endloop
  endfacet
  facet normal 0 0 1
    outer loop
      vertex -1.49976 -21.4476 2
      vertex -3.68303 -12.3736 2
      vertex -2.24736 -21.3822 2
    endloop
  endfacet
  facet normal -0 0 1
    outer loop
      vertex -4.04331 -12.5465 2
      vertex -2.24736 -21.3822 2
      vertex -3.68303 -12.3736 2
    endloop
  endfacet
  facet normal 0 0 1
    outer loop
      vertex -2.24736 -21.3822 2
      vertex -4.04331 -12.5465 2
      vertex -2.99222 -21.2908 2
    endloop
  endfacet
  facet normal 0 0 1
    outer loop
      vertex -2.99222 -21.2908 2
      vertex -4.04331 -12.5465 2
      vertex -3.73344 -21.1734 2
    endloop
  endfacet
  facet normal -0 0 1
    outer loop
      vertex -4.42095 -12.6772 2
      vertex -3.73344 -21.1734 2
      vertex -4.04331 -12.5465 2
    endloop
  endfacet
  facet normal 0 0 1
    outer loop
      vertex -4.42095 -12.6772 2
      vertex -4.4701 -21.0302 2
      vertex -3.73344 -21.1734 2
    endloop
  endfacet
  facet normal -0 0 1
    outer loop
      vertex -4.81103 -12.764 2
      vertex -4.4701 -21.0302 2
      vertex -4.42095 -12.6772 2
    endloop
  endfacet
  facet normal 0 0 1
    outer loop
      vertex -4.81103 -12.764 2
      vertex -5.20132 -20.8614 2
      vertex -4.4701 -21.0302 2
    endloop
  endfacet
  facet normal 0 0 1
    outer loop
      vertex -5.9262 -20.6671 2
      vertex -4.81103 -12.764 2
      vertex -5.20846 -12.8058 2
    endloop
  endfacet
  facet normal 0 0 1
    outer loop
      vertex -6.64386 -20.4477 2
      vertex -5.20846 -12.8058 2
      vertex -5.60807 -12.802 2
    endloop
  endfacet
  facet normal 0 0 1
    outer loop
      vertex -4.81103 -12.764 2
      vertex -5.9262 -20.6671 2
      vertex -5.20132 -20.8614 2
    endloop
  endfacet
  facet normal 0 0 1
    outer loop
      vertex -7.35343 -20.2034 2
      vertex -5.60807 -12.802 2
      vertex -6.00463 -12.7527 2
    endloop
  endfacet
  facet normal 0 0 1
    outer loop
      vertex -8.74484 -19.6412 2
      vertex -6.00463 -12.7527 2
      vertex -6.39299 -12.6585 2
    endloop
  endfacet
  facet normal 0 0 1
    outer loop
      vertex -5.20846 -12.8058 2
      vertex -6.64386 -20.4477 2
      vertex -5.9262 -20.6671 2
    endloop
  endfacet
  facet normal 0 0 1
    outer loop
      vertex -9.42498 -19.3241 2
      vertex -6.39299 -12.6585 2
      vertex -6.76807 -12.5206 2
    endloop
  endfacet
  facet normal 0 0 1
    outer loop
      vertex -10.0936 -18.9834 2
      vertex -6.76807 -12.5206 2
      vertex -7.125 -12.3409 2
    endloop
  endfacet
  facet normal 0 0 1
    outer loop
      vertex -5.60807 -12.802 2
      vertex -7.35343 -20.2034 2
      vertex -6.64386 -20.4477 2
    endloop
  endfacet
  facet normal 0 0 1
    outer loop
      vertex -11.3933 -18.233 2
      vertex -7.125 -12.3409 2
      vertex -7.45911 -12.1216 2
    endloop
  endfacet
  facet normal 0 0 1
    outer loop
      vertex -12.0226 -17.8243 2
      vertex -7.45911 -12.1216 2
      vertex -7.76605 -11.8657 2
    endloop
  endfacet
  facet normal 0 0 1
    outer loop
      vertex -12.6374 -17.3939 2
      vertex -7.76605 -11.8657 2
      vertex -8.04182 -11.5765 2
    endloop
  endfacet
  facet normal 0 0 1
    outer loop
      vertex -6.00463 -12.7527 2
      vertex -8.05404 -19.9345 2
      vertex -7.35343 -20.2034 2
    endloop
  endfacet
  facet normal 0 0 1
    outer loop
      vertex -13.8199 -16.47 2
      vertex -8.04182 -11.5765 2
      vertex -8.28283 -11.2577 2
    endloop
  endfacet
  facet normal 0 0 1
    outer loop
      vertex -14.3863 -15.9776 2
      vertex -8.28283 -11.2577 2
      vertex -8.48592 -10.9136 2
    endloop
  endfacet
  facet normal 0 0 1
    outer loop
      vertex -14.9352 -15.4658 2
      vertex -8.48592 -10.9136 2
      vertex -8.64846 -10.5485 2
    endloop
  endfacet
  facet normal 0 0 1
    outer loop
      vertex -6.00463 -12.7527 2
      vertex -8.74484 -19.6412 2
      vertex -8.05404 -19.9345 2
    endloop
  endfacet
  facet normal 0 0 1
    outer loop
      vertex -15.9776 -14.3863 2
      vertex -8.64846 -10.5485 2
      vertex -8.76833 -10.1673 2
    endloop
  endfacet
  facet normal 0 0 1
    outer loop
      vertex -16.47 -13.8199 2
      vertex -8.76833 -10.1673 2
      vertex -8.84396 -9.77487 2
    endloop
  endfacet
  facet normal 0 0 1
    outer loop
      vertex -17.3939 -12.6374 2
      vertex -8.84396 -9.77487 2
      vertex -8.87436 -9.37641 2
    endloop
  endfacet
  facet normal 0 0 1
    outer loop
      vertex -11.0495 -3.48716 2
      vertex -8.54473 -7.82558 2
      vertex -10.6501 -3.49857 2
    endloop
  endfacet
  facet normal 0 0 1
    outer loop
      vertex -6.39299 -12.6585 2
      vertex -9.42498 -19.3241 2
      vertex -8.74484 -19.6412 2
    endloop
  endfacet
  facet normal 0 0 1
    outer loop
      vertex -8.54473 -7.82558 2
      vertex -11.0495 -3.48716 2
      vertex -8.69325 -8.19657 2
    endloop
  endfacet
  facet normal 0 0 1
    outer loop
      vertex -11.4451 -3.43029 2
      vertex -8.69325 -8.19657 2
      vertex -11.0495 -3.48716 2
    endloop
  endfacet
  facet normal 0 0 1
    outer loop
      vertex -6.76807 -12.5206 2
      vertex -10.0936 -18.9834 2
      vertex -9.42498 -19.3241 2
    endloop
  endfacet
  facet normal 0 0 1
    outer loop
      vertex -8.69325 -8.19657 2
      vertex -11.4451 -3.43029 2
      vertex -8.79852 -8.58208 2
    endloop
  endfacet
  facet normal 0 0 1
    outer loop
      vertex -11.8316 -3.3287 2
      vertex -8.79852 -8.58208 2
      vertex -11.4451 -3.43029 2
    endloop
  endfacet
  facet normal 0 0 1
    outer loop
      vertex -7.125 -12.3409 2
      vertex -10.75 -18.6195 2
      vertex -10.0936 -18.9834 2
    endloop
  endfacet
  facet normal 0 0 1
    outer loop
      vertex -8.79852 -8.58208 2
      vertex -11.8316 -3.3287 2
      vertex -8.85915 -8.97708 2
    endloop
  endfacet
  facet normal 0 0 1
    outer loop
      vertex -7.125 -12.3409 2
      vertex -11.3933 -18.233 2
      vertex -10.75 -18.6195 2
    endloop
  endfacet
  facet normal 0 0 1
    outer loop
      vertex -12.204 -3.18371 2
      vertex -8.85915 -8.97708 2
      vertex -11.8316 -3.3287 2
    endloop
  endfacet
  facet normal 0 0 1
    outer loop
      vertex -18.6195 -10.75 2
      vertex -8.85915 -8.97708 2
      vertex -12.204 -3.18371 2
    endloop
  endfacet
  facet normal 0 0 1
    outer loop
      vertex -7.45911 -12.1216 2
      vertex -12.0226 -17.8243 2
      vertex -11.3933 -18.233 2
    endloop
  endfacet
  facet normal 0 -0 1
    outer loop
      vertex -18.233 -11.3933 2
      vertex -8.85915 -8.97708 2
      vertex -18.6195 -10.75 2
    endloop
  endfacet
  facet normal 0 0 1
    outer loop
      vertex -18.9834 -10.0936 2
      vertex -12.204 -3.18371 2
      vertex -12.5574 -2.99722 2
    endloop
  endfacet
  facet normal 0 0 1
    outer loop
      vertex -7.76605 -11.8657 2
      vertex -12.6374 -17.3939 2
      vertex -12.0226 -17.8243 2
    endloop
  endfacet
  facet normal 0 0 1
    outer loop
      vertex -19.6412 -8.74484 2
      vertex -12.5574 -2.99722 2
      vertex -12.8873 -2.77166 2
    endloop
  endfacet
  facet normal 0 0 1
    outer loop
      vertex -20.2034 -7.35343 2
      vertex -12.8873 -2.77166 2
      vertex -13.1893 -2.50996 2
    endloop
  endfacet
  facet normal 0 0 1
    outer loop
      vertex -8.04182 -11.5765 2
      vertex -13.2367 -16.9422 2
      vertex -12.6374 -17.3939 2
    endloop
  endfacet
  facet normal 0 0 1
    outer loop
      vertex -20.4477 -6.64386 2
      vertex -13.1893 -2.50996 2
      vertex -13.4595 -2.21554 2
    endloop
  endfacet
  facet normal 0 0 1
    outer loop
      vertex -20.8614 -5.20132 2
      vertex -13.4595 -2.21554 2
      vertex -13.6944 -1.89224 2
    endloop
  endfacet
  facet normal 0 0 1
    outer loop
      vertex -8.04182 -11.5765 2
      vertex -13.8199 -16.47 2
      vertex -13.2367 -16.9422 2
    endloop
  endfacet
  facet normal 0 0 1
    outer loop
      vertex -21.0302 -4.4701 2
      vertex -13.6944 -1.89224 2
      vertex -13.8909 -1.54427 2
    endloop
  endfacet
  facet normal 0 0 1
    outer loop
      vertex -21.1734 -3.73344 2
      vertex -13.8909 -1.54427 2
      vertex -14.0465 -1.17617 2
    endloop
  endfacet
  facet normal 0 0 1
    outer loop
      vertex -21.3822 -2.24736 2
      vertex -14.0465 -1.17617 2
      vertex -14.159 -0.792738 2
    endloop
  endfacet
  facet normal 0 0 1
    outer loop
      vertex -21.4476 -1.49976 2
      vertex -14.159 -0.792738 2
      vertex -14.2272 -0.39897 2
    endloop
  endfacet
  facet normal 0 0 1
    outer loop
      vertex -21.4869 -0.750339 2
      vertex -14.2272 -0.39897 2
      vertex -14.25 0 2
    endloop
  endfacet
  facet normal 0 0 1
    outer loop
      vertex -8.28283 -11.2577 2
      vertex -14.3863 -15.9776 2
      vertex -13.8199 -16.47 2
    endloop
  endfacet
  facet normal 0 0 1
    outer loop
      vertex -12.204 3.18371 2
      vertex -18.9834 10.0936 2
      vertex -12.5574 2.99722 2
    endloop
  endfacet
  facet normal -0 0 1
    outer loop
      vertex -19.3241 9.42498 2
      vertex -12.5574 2.99722 2
      vertex -18.9834 10.0936 2
    endloop
  endfacet
  facet normal 0 0 1
    outer loop
      vertex -8.48592 -10.9136 2
      vertex -14.9352 -15.4658 2
      vertex -14.3863 -15.9776 2
    endloop
  endfacet
  facet normal -0 0 1
    outer loop
      vertex -19.6412 8.74484 2
      vertex -12.5574 2.99722 2
      vertex -19.3241 9.42498 2
    endloop
  endfacet
  facet normal 0 0 1
    outer loop
      vertex -8.64846 -10.5485 2
      vertex -15.4658 -14.9352 2
      vertex -14.9352 -15.4658 2
    endloop
  endfacet
  facet normal 0 0 1
    outer loop
      vertex -12.5574 2.99722 2
      vertex -19.6412 8.74484 2
      vertex -12.8873 2.77166 2
    endloop
  endfacet
  facet normal 0 0 1
    outer loop
      vertex -8.64846 -10.5485 2
      vertex -15.9776 -14.3863 2
      vertex -15.4658 -14.9352 2
    endloop
  endfacet
  facet normal -0 0 1
    outer loop
      vertex -19.9345 8.05404 2
      vertex -12.8873 2.77166 2
      vertex -19.6412 8.74484 2
    endloop
  endfacet
  facet normal 0 0 1
    outer loop
      vertex -8.76833 -10.1673 2
      vertex -16.47 -13.8199 2
      vertex -15.9776 -14.3863 2
    endloop
  endfacet
  facet normal -0 0 1
    outer loop
      vertex -20.2034 7.35343 2
      vertex -12.8873 2.77166 2
      vertex -19.9345 8.05404 2
    endloop
  endfacet
  facet normal 0 0 1
    outer loop
      vertex -8.84396 -9.77487 2
      vertex -16.9422 -13.2367 2
      vertex -16.47 -13.8199 2
    endloop
  endfacet
  facet normal 0 0 1
    outer loop
      vertex -12.8873 2.77166 2
      vertex -20.2034 7.35343 2
      vertex -13.1893 2.50996 2
    endloop
  endfacet
  facet normal 0 0 1
    outer loop
      vertex -8.84396 -9.77487 2
      vertex -17.3939 -12.6374 2
      vertex -16.9422 -13.2367 2
    endloop
  endfacet
  facet normal -0 0 1
    outer loop
      vertex -20.4477 6.64386 2
      vertex -13.1893 2.50996 2
      vertex -20.2034 7.35343 2
    endloop
  endfacet
  facet normal 0 0 1
    outer loop
      vertex -8.87436 -9.37641 2
      vertex -17.8243 -12.0226 2
      vertex -17.3939 -12.6374 2
    endloop
  endfacet
  facet normal 0 0 1
    outer loop
      vertex -13.1893 2.50996 2
      vertex -20.4477 6.64386 2
      vertex -13.4595 2.21554 2
    endloop
  endfacet
  facet normal 0 0 1
    outer loop
      vertex -8.87436 -9.37641 2
      vertex -18.233 -11.3933 2
      vertex -17.8243 -12.0226 2
    endloop
  endfacet
  facet normal -0 0 1
    outer loop
      vertex -20.6671 5.9262 2
      vertex -13.4595 2.21554 2
      vertex -20.4477 6.64386 2
    endloop
  endfacet
  facet normal 0 0 1
    outer loop
      vertex -8.85915 -8.97708 2
      vertex -18.233 -11.3933 2
      vertex -8.87436 -9.37641 2
    endloop
  endfacet
  facet normal -0 0 1
    outer loop
      vertex -20.8614 5.20132 2
      vertex -13.4595 2.21554 2
      vertex -20.6671 5.9262 2
    endloop
  endfacet
  facet normal 0 0 1
    outer loop
      vertex -12.204 -3.18371 2
      vertex -18.9834 -10.0936 2
      vertex -18.6195 -10.75 2
    endloop
  endfacet
  facet normal 0 0 1
    outer loop
      vertex -13.4595 2.21554 2
      vertex -20.8614 5.20132 2
      vertex -13.6944 1.89224 2
    endloop
  endfacet
  facet normal 0 0 1
    outer loop
      vertex -12.5574 -2.99722 2
      vertex -19.3241 -9.42498 2
      vertex -18.9834 -10.0936 2
    endloop
  endfacet
  facet normal -0 0 1
    outer loop
      vertex -21.0302 4.4701 2
      vertex -13.6944 1.89224 2
      vertex -20.8614 5.20132 2
    endloop
  endfacet
  facet normal 0 0 1
    outer loop
      vertex -12.5574 -2.99722 2
      vertex -19.6412 -8.74484 2
      vertex -19.3241 -9.42498 2
    endloop
  endfacet
  facet normal 0 0 1
    outer loop
      vertex -13.6944 1.89224 2
      vertex -21.0302 4.4701 2
      vertex -13.8909 1.54427 2
    endloop
  endfacet
  facet normal 0 0 1
    outer loop
      vertex -12.8873 -2.77166 2
      vertex -19.9345 -8.05404 2
      vertex -19.6412 -8.74484 2
    endloop
  endfacet
  facet normal -0 0 1
    outer loop
      vertex -21.1734 3.73344 2
      vertex -13.8909 1.54427 2
      vertex -21.0302 4.4701 2
    endloop
  endfacet
  facet normal 0 0 1
    outer loop
      vertex -12.8873 -2.77166 2
      vertex -20.2034 -7.35343 2
      vertex -19.9345 -8.05404 2
    endloop
  endfacet
  facet normal 0 0 1
    outer loop
      vertex -13.8909 1.54427 2
      vertex -21.1734 3.73344 2
      vertex -14.0465 1.17617 2
    endloop
  endfacet
  facet normal 0 0 1
    outer loop
      vertex -13.1893 -2.50996 2
      vertex -20.4477 -6.64386 2
      vertex -20.2034 -7.35343 2
    endloop
  endfacet
  facet normal -0 0 1
    outer loop
      vertex -21.2908 2.99222 2
      vertex -14.0465 1.17617 2
      vertex -21.1734 3.73344 2
    endloop
  endfacet
  facet normal 0 0 1
    outer loop
      vertex -13.4595 -2.21554 2
      vertex -20.6671 -5.9262 2
      vertex -20.4477 -6.64386 2
    endloop
  endfacet
  facet normal -0 0 1
    outer loop
      vertex -21.3822 2.24736 2
      vertex -14.0465 1.17617 2
      vertex -21.2908 2.99222 2
    endloop
  endfacet
  facet normal 0 0 1
    outer loop
      vertex -13.4595 -2.21554 2
      vertex -20.8614 -5.20132 2
      vertex -20.6671 -5.9262 2
    endloop
  endfacet
  facet normal 0 0 1
    outer loop
      vertex -14.0465 1.17617 2
      vertex -21.3822 2.24736 2
      vertex -14.159 0.792738 2
    endloop
  endfacet
  facet normal 0 0 1
    outer loop
      vertex -13.6944 -1.89224 2
      vertex -21.0302 -4.4701 2
      vertex -20.8614 -5.20132 2
    endloop
  endfacet
  facet normal -0 0 1
    outer loop
      vertex -21.4476 1.49976 2
      vertex -14.159 0.792738 2
      vertex -21.3822 2.24736 2
    endloop
  endfacet
  facet normal 0 0 1
    outer loop
      vertex -13.8909 -1.54427 2
      vertex -21.1734 -3.73344 2
      vertex -21.0302 -4.4701 2
    endloop
  endfacet
  facet normal 0 0 1
    outer loop
      vertex -14.159 0.792738 2
      vertex -21.4476 1.49976 2
      vertex -14.2272 0.39897 2
    endloop
  endfacet
  facet normal 0 0 1
    outer loop
      vertex -14.0465 -1.17617 2
      vertex -21.2908 -2.99222 2
      vertex -21.1734 -3.73344 2
    endloop
  endfacet
  facet normal -0 0 1
    outer loop
      vertex -21.4869 0.750339 2
      vertex -14.2272 0.39897 2
      vertex -21.4476 1.49976 2
    endloop
  endfacet
  facet normal 0 0 1
    outer loop
      vertex -14.0465 -1.17617 2
      vertex -21.3822 -2.24736 2
      vertex -21.2908 -2.99222 2
    endloop
  endfacet
  facet normal 0 0 1
    outer loop
      vertex -14.2272 0.39897 2
      vertex -21.4869 0.750339 2
      vertex -14.25 0 2
    endloop
  endfacet
  facet normal 0 0 1
    outer loop
      vertex -14.159 -0.792738 2
      vertex -21.4476 -1.49976 2
      vertex -21.3822 -2.24736 2
    endloop
  endfacet
  facet normal 0 0 1
    outer loop
      vertex -21.5 0 2
      vertex -14.25 0 2
      vertex -21.4869 0.750339 2
    endloop
  endfacet
  facet normal 0 0 1
    outer loop
      vertex -14.2272 -0.39897 2
      vertex -21.4869 -0.750339 2
      vertex -21.4476 -1.49976 2
    endloop
  endfacet
  facet normal 0 0 1
    outer loop
      vertex -14.25 0 2
      vertex -21.5 0 2
      vertex -21.4869 -0.750339 2
    endloop
  endfacet
  facet normal 0 0 1
    outer loop
      vertex -5.34168 -5.80993 2
      vertex -7.70239 -1.72106 2
      vertex -5.74085 -5.82895 2
    endloop
  endfacet
  facet normal -0 0 1
    outer loop
      vertex -7.91844 -2.05725 2
      vertex -5.74085 -5.82895 2
      vertex -7.70239 -1.72106 2
    endloop
  endfacet
  facet normal 0 0 1
    outer loop
      vertex -5.74085 -5.82895 2
      vertex -7.91844 -2.05725 2
      vertex -6.13525 -5.89334 2
    endloop
  endfacet
  facet normal -0 0 1
    outer loop
      vertex -8.17141 -2.36661 2
      vertex -6.13525 -5.89334 2
      vertex -7.91844 -2.05725 2
    endloop
  endfacet
  facet normal 0 0 1
    outer loop
      vertex -6.13525 -5.89334 2
      vertex -8.17141 -2.36661 2
      vertex -6.51974 -6.00227 2
    endloop
  endfacet
  facet normal -0 0 1
    outer loop
      vertex -8.45799 -2.64512 2
      vertex -6.51974 -6.00227 2
      vertex -8.17141 -2.36661 2
    endloop
  endfacet
  facet normal 0 0 1
    outer loop
      vertex -6.51974 -6.00227 2
      vertex -8.45799 -2.64512 2
      vertex -6.8893 -6.15432 2
    endloop
  endfacet
  facet normal -0 0 1
    outer loop
      vertex -8.77445 -2.88915 2
      vertex -6.8893 -6.15432 2
      vertex -8.45799 -2.64512 2
    endloop
  endfacet
  facet normal 0 0 1
    outer loop
      vertex -6.8893 -6.15432 2
      vertex -8.77445 -2.88915 2
      vertex -7.23913 -6.3475 2
    endloop
  endfacet
  facet normal -0 0 1
    outer loop
      vertex -9.11666 -3.09552 2
      vertex -7.23913 -6.3475 2
      vertex -8.77445 -2.88915 2
    endloop
  endfacet
  facet normal 0 0 1
    outer loop
      vertex -7.23913 -6.3475 2
      vertex -9.11666 -3.09552 2
      vertex -7.56465 -6.57931 2
    endloop
  endfacet
  facet normal -0 0 1
    outer loop
      vertex -9.48017 -3.26152 2
      vertex -7.56465 -6.57931 2
      vertex -9.11666 -3.09552 2
    endloop
  endfacet
  facet normal 0 0 1
    outer loop
      vertex -7.56465 -6.57931 2
      vertex -9.48017 -3.26152 2
      vertex -7.86163 -6.84671 2
    endloop
  endfacet
  facet normal -0 0 1
    outer loop
      vertex -9.86024 -3.38501 2
      vertex -7.86163 -6.84671 2
      vertex -9.48017 -3.26152 2
    endloop
  endfacet
  facet normal 0 0 1
    outer loop
      vertex -7.86163 -6.84671 2
      vertex -9.86024 -3.38501 2
      vertex -8.12619 -7.14622 2
    endloop
  endfacet
  facet normal -0 0 1
    outer loop
      vertex -10.2519 -3.46437 2
      vertex -8.12619 -7.14622 2
      vertex -9.86024 -3.38501 2
    endloop
  endfacet
  facet normal 0 0 1
    outer loop
      vertex -8.12619 -7.14622 2
      vertex -10.2519 -3.46437 2
      vertex -8.35488 -7.47393 2
    endloop
  endfacet
  facet normal -0 0 1
    outer loop
      vertex -10.6501 -3.49857 2
      vertex -8.35488 -7.47393 2
      vertex -10.2519 -3.46437 2
    endloop
  endfacet
  facet normal 0 0 1
    outer loop
      vertex -8.35488 -7.47393 2
      vertex -10.6501 -3.49857 2
      vertex -8.54473 -7.82558 2
    endloop
  endfacet
  facet normal 0 0 1
    outer loop
      vertex 18.233 -11.3933 2
      vertex 8.85915 -8.97708 2
      vertex 8.87436 -9.37641 2
    endloop
  endfacet
  facet normal 0 0 1
    outer loop
      vertex 9.48017 -3.26152 2
      vertex 8.79852 -8.58208 2
      vertex 8.85915 -8.97708 2
    endloop
  endfacet
  facet normal 0 0 1
    outer loop
      vertex 7.23913 -6.3475 2
      vertex 9.11666 -3.09552 2
      vertex 8.77445 -2.88915 2
    endloop
  endfacet
  facet normal 0 0 1
    outer loop
      vertex 9.48017 -3.26152 2
      vertex 8.69325 -8.19657 2
      vertex 8.79852 -8.58208 2
    endloop
  endfacet
  facet normal 0 0 1
    outer loop
      vertex 9.48017 -3.26152 2
      vertex 8.54473 -7.82558 2
      vertex 8.69325 -8.19657 2
    endloop
  endfacet
  facet normal 0 0 1
    outer loop
      vertex 6.8893 -6.15432 2
      vertex 8.77445 -2.88915 2
      vertex 8.45799 -2.64512 2
    endloop
  endfacet
  facet normal 0 0 1
    outer loop
      vertex 9.48017 -3.26152 2
      vertex 8.35488 -7.47393 2
      vertex 8.54473 -7.82558 2
    endloop
  endfacet
  facet normal 0 0 1
    outer loop
      vertex 6.51974 -6.00227 2
      vertex 8.45799 -2.64512 2
      vertex 8.17141 -2.36661 2
    endloop
  endfacet
  facet normal 0 0 1
    outer loop
      vertex 9.48017 -3.26152 2
      vertex 8.12619 -7.14622 2
      vertex 8.35488 -7.47393 2
    endloop
  endfacet
  facet normal 0 0 1
    outer loop
      vertex 6.13525 -5.89334 2
      vertex 8.17141 -2.36661 2
      vertex 7.91844 -2.05725 2
    endloop
  endfacet
  facet normal 0 0 1
    outer loop
      vertex 9.48017 -3.26152 2
      vertex 7.86163 -6.84671 2
      vertex 8.12619 -7.14622 2
    endloop
  endfacet
  facet normal 0 0 1
    outer loop
      vertex 5.74085 -5.82895 2
      vertex 7.91844 -2.05725 2
      vertex 7.70239 -1.72106 2
    endloop
  endfacet
  facet normal 0 0 1
    outer loop
      vertex 9.48017 -3.26152 2
      vertex 7.56465 -6.57931 2
      vertex 7.86163 -6.84671 2
    endloop
  endfacet
  facet normal 0 0 1
    outer loop
      vertex 5.34168 -5.80993 2
      vertex 7.70239 -1.72106 2
      vertex 7.52607 -1.36244 2
    endloop
  endfacet
  facet normal 0 0 1
    outer loop
      vertex 4.94295 -5.83654 2
      vertex 7.52607 -1.36244 2
      vertex 7.39177 -0.986063 2
    endloop
  endfacet
  facet normal 0 0 1
    outer loop
      vertex 4.54984 -5.90843 2
      vertex 7.39177 -0.986063 2
      vertex 7.30126 -0.596828 2
    endloop
  endfacet
  facet normal 0 0 1
    outer loop
      vertex 4.1675 -6.02466 2
      vertex 7.30126 -0.596828 2
      vertex 7.25571 -0.19981 2
    endloop
  endfacet
  facet normal 0 0 1
    outer loop
      vertex 9.11666 -3.09552 2
      vertex 7.23913 -6.3475 2
      vertex 7.56465 -6.57931 2
    endloop
  endfacet
  facet normal 0 0 1
    outer loop
      vertex 7.70239 1.72106 2
      vertex 5.34168 5.80993 2
      vertex 7.52607 1.36244 2
    endloop
  endfacet
  facet normal 0 0 1
    outer loop
      vertex 4.94295 5.83654 2
      vertex 7.52607 1.36244 2
      vertex 5.34168 5.80993 2
    endloop
  endfacet
  facet normal 0 0 1
    outer loop
      vertex 8.77445 -2.88915 2
      vertex 6.8893 -6.15432 2
      vertex 7.23913 -6.3475 2
    endloop
  endfacet
  facet normal 0 0 1
    outer loop
      vertex 7.52607 1.36244 2
      vertex 4.94295 5.83654 2
      vertex 7.39177 0.986063 2
    endloop
  endfacet
  facet normal 0 0 1
    outer loop
      vertex 8.45799 -2.64512 2
      vertex 6.51974 -6.00227 2
      vertex 6.8893 -6.15432 2
    endloop
  endfacet
  facet normal 0 0 1
    outer loop
      vertex 4.54984 5.90843 2
      vertex 7.39177 0.986063 2
      vertex 4.94295 5.83654 2
    endloop
  endfacet
  facet normal 0 0 1
    outer loop
      vertex 8.17141 -2.36661 2
      vertex 6.13525 -5.89334 2
      vertex 6.51974 -6.00227 2
    endloop
  endfacet
  facet normal 0 0 1
    outer loop
      vertex 7.39177 0.986063 2
      vertex 4.54984 5.90843 2
      vertex 7.30126 0.596828 2
    endloop
  endfacet
  facet normal 0 0 1
    outer loop
      vertex 7.91844 -2.05725 2
      vertex 5.74085 -5.82895 2
      vertex 6.13525 -5.89334 2
    endloop
  endfacet
  facet normal 0 0 1
    outer loop
      vertex 4.1675 6.02466 2
      vertex 7.30126 0.596828 2
      vertex 4.54984 5.90843 2
    endloop
  endfacet
  facet normal 0 0 1
    outer loop
      vertex 7.70239 -1.72106 2
      vertex 5.34168 -5.80993 2
      vertex 5.74085 -5.82895 2
    endloop
  endfacet
  facet normal 0 0 1
    outer loop
      vertex 7.30126 0.596828 2
      vertex 4.1675 6.02466 2
      vertex 7.25571 0.19981 2
    endloop
  endfacet
  facet normal 0 0 1
    outer loop
      vertex 7.52607 -1.36244 2
      vertex 4.94295 -5.83654 2
      vertex 5.34168 -5.80993 2
    endloop
  endfacet
  facet normal 0 0 1
    outer loop
      vertex 3.80089 6.18372 2
      vertex 7.25571 0.19981 2
      vertex 4.1675 6.02466 2
    endloop
  endfacet
  facet normal 0 0 1
    outer loop
      vertex 7.39177 -0.986063 2
      vertex 4.54984 -5.90843 2
      vertex 4.94295 -5.83654 2
    endloop
  endfacet
  facet normal 0 0 1
    outer loop
      vertex 7.25571 0.19981 2
      vertex 3.80089 6.18372 2
      vertex 7.25571 -0.19981 2
    endloop
  endfacet
  facet normal 0 0 1
    outer loop
      vertex 7.30126 -0.596828 2
      vertex 4.1675 -6.02466 2
      vertex 4.54984 -5.90843 2
    endloop
  endfacet
  facet normal 0 0 1
    outer loop
      vertex 3.80089 -6.18372 2
      vertex 7.25571 -0.19981 2
      vertex 3.80089 6.18372 2
    endloop
  endfacet
  facet normal 0 0 1
    outer loop
      vertex 7.25571 -0.19981 2
      vertex 3.80089 -6.18372 2
      vertex 4.1675 -6.02466 2
    endloop
  endfacet
  facet normal 0 0 1
    outer loop
      vertex 3.45481 6.38353 2
      vertex 3.80089 -6.18372 2
      vertex 3.80089 6.18372 2
    endloop
  endfacet
  facet normal 0 0 1
    outer loop
      vertex 3.45481 6.38353 2
      vertex 3.45481 -6.38353 2
      vertex 3.80089 -6.18372 2
    endloop
  endfacet
  facet normal 0 0 1
    outer loop
      vertex 3.13376 6.62149 2
      vertex 3.45481 -6.38353 2
      vertex 3.45481 6.38353 2
    endloop
  endfacet
  facet normal 0 0 1
    outer loop
      vertex 3.13376 6.62149 2
      vertex 3.13376 -6.62149 2
      vertex 3.45481 -6.38353 2
    endloop
  endfacet
  facet normal 0 0 1
    outer loop
      vertex 2.17759 7.88619 2
      vertex -2.17759 7.88619 2
      vertex 2.36071 7.531 2
    endloop
  endfacet
  facet normal 0 0 1
    outer loop
      vertex -2.36071 7.531 2
      vertex 2.36071 7.531 2
      vertex -2.17759 7.88619 2
    endloop
  endfacet
  facet normal 0 0 1
    outer loop
      vertex 2.03616 8.25995 2
      vertex -2.03616 8.25995 2
      vertex 2.17759 7.88619 2
    endloop
  endfacet
  facet normal 0 0 1
    outer loop
      vertex -2.17759 7.88619 2
      vertex 2.17759 7.88619 2
      vertex -2.03616 8.25995 2
    endloop
  endfacet
  facet normal 0 0 1
    outer loop
      vertex -2.03616 8.25995 2
      vertex 2.03616 8.25995 2
      vertex -1.93825 8.64739 2
    endloop
  endfacet
  facet normal 0 0 1
    outer loop
      vertex 2.36071 7.531 2
      vertex -2.36071 7.531 2
      vertex 2.58312 7.19899 2
    endloop
  endfacet
  facet normal 0 0 1
    outer loop
      vertex 1.93825 8.64739 2
      vertex -1.93825 8.64739 2
      vertex 2.03616 8.25995 2
    endloop
  endfacet
  facet normal 0 0 1
    outer loop
      vertex 2.84193 -6.8945 2
      vertex -1.87754 -9.44302 2
      vertex 2.58312 -7.19899 2
    endloop
  endfacet
  facet normal 0 0 1
    outer loop
      vertex -1.93825 8.64739 2
      vertex 1.93825 8.64739 2
      vertex -1.88515 9.04347 2
    endloop
  endfacet
  facet normal 0 0 1
    outer loop
      vertex 2.58312 -7.19899 2
      vertex -1.87754 -9.44302 2
      vertex 2.36071 -7.531 2
    endloop
  endfacet
  facet normal 0 0 1
    outer loop
      vertex 1.88515 9.04347 2
      vertex -1.88515 9.04347 2
      vertex 1.93825 8.64739 2
    endloop
  endfacet
  facet normal 0 0 1
    outer loop
      vertex 2.36071 -7.531 2
      vertex -1.87754 -9.44302 2
      vertex 2.17759 -7.88619 2
    endloop
  endfacet
  facet normal 0 0 1
    outer loop
      vertex -1.88515 9.04347 2
      vertex 1.88515 9.04347 2
      vertex -1.87754 9.44302 2
    endloop
  endfacet
  facet normal 0 0 1
    outer loop
      vertex 2.17759 -7.88619 2
      vertex -1.87754 -9.44302 2
      vertex 2.03616 -8.25995 2
    endloop
  endfacet
  facet normal -0 0 1
    outer loop
      vertex -1.87754 9.44302 2
      vertex 1.88515 9.04347 2
      vertex 1.87754 9.44302 2
    endloop
  endfacet
  facet normal 0 0 1
    outer loop
      vertex 2.03616 -8.25995 2
      vertex -1.87754 -9.44302 2
      vertex 1.93825 -8.64739 2
    endloop
  endfacet
  facet normal 0 0 1
    outer loop
      vertex 14.25 0 2
      vertex 21.5 0 2
      vertex 21.4869 0.750339 2
    endloop
  endfacet
  facet normal 0 0 1
    outer loop
      vertex 14.2272 0.39897 2
      vertex 21.4869 0.750339 2
      vertex 21.4476 1.49976 2
    endloop
  endfacet
  facet normal 0 0 1
    outer loop
      vertex 21.5 0 2
      vertex 14.25 0 2
      vertex 21.4869 -0.750339 2
    endloop
  endfacet
  facet normal 0 0 1
    outer loop
      vertex 14.159 0.792738 2
      vertex 21.4476 1.49976 2
      vertex 21.3822 2.24736 2
    endloop
  endfacet
  facet normal -0 0 1
    outer loop
      vertex 14.2272 -0.39897 2
      vertex 21.4869 -0.750339 2
      vertex 14.25 0 2
    endloop
  endfacet
  facet normal 0 0 1
    outer loop
      vertex 14.0465 1.17617 2
      vertex 21.3822 2.24736 2
      vertex 21.2908 2.99222 2
    endloop
  endfacet
  facet normal 0 0 1
    outer loop
      vertex 21.4869 -0.750339 2
      vertex 14.2272 -0.39897 2
      vertex 21.4476 -1.49976 2
    endloop
  endfacet
  facet normal 0 0 1
    outer loop
      vertex 14.0465 1.17617 2
      vertex 21.2908 2.99222 2
      vertex 21.1734 3.73344 2
    endloop
  endfacet
  facet normal -0 0 1
    outer loop
      vertex 14.159 -0.792738 2
      vertex 21.4476 -1.49976 2
      vertex 14.2272 -0.39897 2
    endloop
  endfacet
  facet normal 0 0 1
    outer loop
      vertex 13.8909 1.54427 2
      vertex 21.1734 3.73344 2
      vertex 21.0302 4.4701 2
    endloop
  endfacet
  facet normal 0 0 1
    outer loop
      vertex 21.4476 -1.49976 2
      vertex 14.159 -0.792738 2
      vertex 21.3822 -2.24736 2
    endloop
  endfacet
  facet normal 0 0 1
    outer loop
      vertex 13.6944 1.89224 2
      vertex 21.0302 4.4701 2
      vertex 20.8614 5.20132 2
    endloop
  endfacet
  facet normal -0 0 1
    outer loop
      vertex 14.0465 -1.17617 2
      vertex 21.3822 -2.24736 2
      vertex 14.159 -0.792738 2
    endloop
  endfacet
  facet normal 0 0 1
    outer loop
      vertex 13.4595 2.21554 2
      vertex 20.8614 5.20132 2
      vertex 20.6671 5.9262 2
    endloop
  endfacet
  facet normal 0 0 1
    outer loop
      vertex 21.3822 -2.24736 2
      vertex 14.0465 -1.17617 2
      vertex 21.2908 -2.99222 2
    endloop
  endfacet
  facet normal 0 0 1
    outer loop
      vertex 13.4595 2.21554 2
      vertex 20.6671 5.9262 2
      vertex 20.4477 6.64386 2
    endloop
  endfacet
  facet normal 0 0 1
    outer loop
      vertex 21.2908 -2.99222 2
      vertex 14.0465 -1.17617 2
      vertex 21.1734 -3.73344 2
    endloop
  endfacet
  facet normal 0 0 1
    outer loop
      vertex 13.1893 2.50996 2
      vertex 20.4477 6.64386 2
      vertex 20.2034 7.35343 2
    endloop
  endfacet
  facet normal -0 0 1
    outer loop
      vertex 13.8909 -1.54427 2
      vertex 21.1734 -3.73344 2
      vertex 14.0465 -1.17617 2
    endloop
  endfacet
  facet normal 0 0 1
    outer loop
      vertex 12.8873 2.77166 2
      vertex 20.2034 7.35343 2
      vertex 19.9345 8.05404 2
    endloop
  endfacet
  facet normal 0 0 1
    outer loop
      vertex 21.1734 -3.73344 2
      vertex 13.8909 -1.54427 2
      vertex 21.0302 -4.4701 2
    endloop
  endfacet
  facet normal 0 0 1
    outer loop
      vertex 12.8873 2.77166 2
      vertex 19.9345 8.05404 2
      vertex 19.6412 8.74484 2
    endloop
  endfacet
  facet normal -0 0 1
    outer loop
      vertex 13.6944 -1.89224 2
      vertex 21.0302 -4.4701 2
      vertex 13.8909 -1.54427 2
    endloop
  endfacet
  facet normal 0 0 1
    outer loop
      vertex 12.5574 2.99722 2
      vertex 19.6412 8.74484 2
      vertex 19.3241 9.42498 2
    endloop
  endfacet
  facet normal 0 0 1
    outer loop
      vertex 21.0302 -4.4701 2
      vertex 13.6944 -1.89224 2
      vertex 20.8614 -5.20132 2
    endloop
  endfacet
  facet normal 0 0 1
    outer loop
      vertex 12.5574 2.99722 2
      vertex 19.3241 9.42498 2
      vertex 18.9834 10.0936 2
    endloop
  endfacet
  facet normal -0 0 1
    outer loop
      vertex 13.4595 -2.21554 2
      vertex 20.8614 -5.20132 2
      vertex 13.6944 -1.89224 2
    endloop
  endfacet
  facet normal 0 0 1
    outer loop
      vertex 12.204 3.18371 2
      vertex 18.9834 10.0936 2
      vertex 18.6195 10.75 2
    endloop
  endfacet
  facet normal 0 0 1
    outer loop
      vertex 20.8614 -5.20132 2
      vertex 13.4595 -2.21554 2
      vertex 20.6671 -5.9262 2
    endloop
  endfacet
  facet normal 0 0 1
    outer loop
      vertex 8.85915 8.97708 2
      vertex 18.6195 10.75 2
      vertex 18.233 11.3933 2
    endloop
  endfacet
  facet normal 0 0 1
    outer loop
      vertex 20.6671 -5.9262 2
      vertex 13.4595 -2.21554 2
      vertex 20.4477 -6.64386 2
    endloop
  endfacet
  facet normal 0 0 1
    outer loop
      vertex 8.85915 8.97708 2
      vertex 18.233 11.3933 2
      vertex 17.8243 12.0226 2
    endloop
  endfacet
  facet normal -0 0 1
    outer loop
      vertex 13.1893 -2.50996 2
      vertex 20.4477 -6.64386 2
      vertex 13.4595 -2.21554 2
    endloop
  endfacet
  facet normal 0 0 1
    outer loop
      vertex 8.87436 9.37641 2
      vertex 17.8243 12.0226 2
      vertex 17.3939 12.6374 2
    endloop
  endfacet
  facet normal 0 0 1
    outer loop
      vertex 20.4477 -6.64386 2
      vertex 13.1893 -2.50996 2
      vertex 20.2034 -7.35343 2
    endloop
  endfacet
  facet normal 0 0 1
    outer loop
      vertex 8.84396 9.77487 2
      vertex 17.3939 12.6374 2
      vertex 16.9422 13.2367 2
    endloop
  endfacet
  facet normal -0 0 1
    outer loop
      vertex 12.8873 -2.77166 2
      vertex 20.2034 -7.35343 2
      vertex 13.1893 -2.50996 2
    endloop
  endfacet
  facet normal 0 0 1
    outer loop
      vertex 8.84396 9.77487 2
      vertex 16.9422 13.2367 2
      vertex 16.47 13.8199 2
    endloop
  endfacet
  facet normal 0 0 1
    outer loop
      vertex 20.2034 -7.35343 2
      vertex 12.8873 -2.77166 2
      vertex 19.9345 -8.05404 2
    endloop
  endfacet
  facet normal 0 0 1
    outer loop
      vertex 8.76833 10.1673 2
      vertex 16.47 13.8199 2
      vertex 15.9776 14.3863 2
    endloop
  endfacet
  facet normal 0 0 1
    outer loop
      vertex 19.9345 -8.05404 2
      vertex 12.8873 -2.77166 2
      vertex 19.6412 -8.74484 2
    endloop
  endfacet
  facet normal 0 0 1
    outer loop
      vertex 8.64846 10.5485 2
      vertex 15.9776 14.3863 2
      vertex 15.4658 14.9352 2
    endloop
  endfacet
  facet normal -0 0 1
    outer loop
      vertex 12.5574 -2.99722 2
      vertex 19.6412 -8.74484 2
      vertex 12.8873 -2.77166 2
    endloop
  endfacet
  facet normal 0 0 1
    outer loop
      vertex 8.64846 10.5485 2
      vertex 15.4658 14.9352 2
      vertex 14.9352 15.4658 2
    endloop
  endfacet
  facet normal 0 0 1
    outer loop
      vertex 19.6412 -8.74484 2
      vertex 12.5574 -2.99722 2
      vertex 19.3241 -9.42498 2
    endloop
  endfacet
  facet normal 0 0 1
    outer loop
      vertex 8.48592 10.9136 2
      vertex 14.9352 15.4658 2
      vertex 14.3863 15.9776 2
    endloop
  endfacet
  facet normal 0 0 1
    outer loop
      vertex 19.3241 -9.42498 2
      vertex 12.5574 -2.99722 2
      vertex 18.9834 -10.0936 2
    endloop
  endfacet
  facet normal -0 0 1
    outer loop
      vertex 12.204 -3.18371 2
      vertex 18.9834 -10.0936 2
      vertex 12.5574 -2.99722 2
    endloop
  endfacet
  facet normal 0 0 1
    outer loop
      vertex 21.4869 0.750339 2
      vertex 14.2272 0.39897 2
      vertex 14.25 0 2
    endloop
  endfacet
  facet normal 0 0 1
    outer loop
      vertex 21.4476 1.49976 2
      vertex 14.159 0.792738 2
      vertex 14.2272 0.39897 2
    endloop
  endfacet
  facet normal 0 0 1
    outer loop
      vertex 21.3822 2.24736 2
      vertex 14.0465 1.17617 2
      vertex 14.159 0.792738 2
    endloop
  endfacet
  facet normal 0 0 1
    outer loop
      vertex 21.1734 3.73344 2
      vertex 13.8909 1.54427 2
      vertex 14.0465 1.17617 2
    endloop
  endfacet
  facet normal 0 0 1
    outer loop
      vertex 8.28283 11.2577 2
      vertex 14.3863 15.9776 2
      vertex 13.8199 16.47 2
    endloop
  endfacet
  facet normal 0 0 1
    outer loop
      vertex 21.0302 4.4701 2
      vertex 13.6944 1.89224 2
      vertex 13.8909 1.54427 2
    endloop
  endfacet
  facet normal 0 0 1
    outer loop
      vertex 20.8614 5.20132 2
      vertex 13.4595 2.21554 2
      vertex 13.6944 1.89224 2
    endloop
  endfacet
  facet normal 0 0 1
    outer loop
      vertex 8.04182 11.5765 2
      vertex 13.8199 16.47 2
      vertex 13.2367 16.9422 2
    endloop
  endfacet
  facet normal 0 0 1
    outer loop
      vertex 20.4477 6.64386 2
      vertex 13.1893 2.50996 2
      vertex 13.4595 2.21554 2
    endloop
  endfacet
  facet normal 0 0 1
    outer loop
      vertex 20.2034 7.35343 2
      vertex 12.8873 2.77166 2
      vertex 13.1893 2.50996 2
    endloop
  endfacet
  facet normal 0 0 1
    outer loop
      vertex 8.04182 11.5765 2
      vertex 13.2367 16.9422 2
      vertex 12.6374 17.3939 2
    endloop
  endfacet
  facet normal 0 0 1
    outer loop
      vertex 19.6412 8.74484 2
      vertex 12.5574 2.99722 2
      vertex 12.8873 2.77166 2
    endloop
  endfacet
  facet normal 0 0 1
    outer loop
      vertex 17.8243 12.0226 2
      vertex 8.87436 9.37641 2
      vertex 8.85915 8.97708 2
    endloop
  endfacet
  facet normal 0 0 1
    outer loop
      vertex 7.76605 11.8657 2
      vertex 12.6374 17.3939 2
      vertex 12.0226 17.8243 2
    endloop
  endfacet
  facet normal 0 0 1
    outer loop
      vertex 17.3939 12.6374 2
      vertex 8.84396 9.77487 2
      vertex 8.87436 9.37641 2
    endloop
  endfacet
  facet normal 0 0 1
    outer loop
      vertex 18.9834 10.0936 2
      vertex 12.204 3.18371 2
      vertex 12.5574 2.99722 2
    endloop
  endfacet
  facet normal 0 0 1
    outer loop
      vertex 7.45911 12.1216 2
      vertex 12.0226 17.8243 2
      vertex 11.3933 18.233 2
    endloop
  endfacet
  facet normal 0 0 1
    outer loop
      vertex 18.6195 10.75 2
      vertex 8.85915 8.97708 2
      vertex 12.204 3.18371 2
    endloop
  endfacet
  facet normal 0 0 1
    outer loop
      vertex 7.125 12.3409 2
      vertex 11.3933 18.233 2
      vertex 10.75 18.6195 2
    endloop
  endfacet
  facet normal 0 0 1
    outer loop
      vertex 12.204 3.18371 2
      vertex 8.85915 8.97708 2
      vertex 11.8316 3.3287 2
    endloop
  endfacet
  facet normal -0 0 1
    outer loop
      vertex 8.79852 8.58208 2
      vertex 11.8316 3.3287 2
      vertex 8.85915 8.97708 2
    endloop
  endfacet
  facet normal 0 0 1
    outer loop
      vertex 7.125 12.3409 2
      vertex 10.75 18.6195 2
      vertex 10.0936 18.9834 2
    endloop
  endfacet
  facet normal -0 0 1
    outer loop
      vertex 8.69325 8.19657 2
      vertex 11.4451 3.43029 2
      vertex 8.79852 8.58208 2
    endloop
  endfacet
  facet normal 0 0 1
    outer loop
      vertex 11.4451 3.43029 2
      vertex 8.69325 8.19657 2
      vertex 11.0495 3.48716 2
    endloop
  endfacet
  facet normal 0 0 1
    outer loop
      vertex 6.76807 12.5206 2
      vertex 10.0936 18.9834 2
      vertex 9.42498 19.3241 2
    endloop
  endfacet
  facet normal -0 0 1
    outer loop
      vertex 8.54473 7.82558 2
      vertex 11.0495 3.48716 2
      vertex 8.69325 8.19657 2
    endloop
  endfacet
  facet normal 0 0 1
    outer loop
      vertex 11.0495 3.48716 2
      vertex 8.54473 7.82558 2
      vertex 10.6501 3.49857 2
    endloop
  endfacet
  facet normal 0 0 1
    outer loop
      vertex 11.8316 3.3287 2
      vertex 8.79852 8.58208 2
      vertex 11.4451 3.43029 2
    endloop
  endfacet
  facet normal 0 0 1
    outer loop
      vertex 16.47 13.8199 2
      vertex 8.76833 10.1673 2
      vertex 8.84396 9.77487 2
    endloop
  endfacet
  facet normal 0 0 1
    outer loop
      vertex 6.39299 12.6585 2
      vertex 9.42498 19.3241 2
      vertex 8.74484 19.6412 2
    endloop
  endfacet
  facet normal 0 0 1
    outer loop
      vertex 15.9776 14.3863 2
      vertex 8.64846 10.5485 2
      vertex 8.76833 10.1673 2
    endloop
  endfacet
  facet normal 0 0 1
    outer loop
      vertex 14.9352 15.4658 2
      vertex 8.48592 10.9136 2
      vertex 8.64846 10.5485 2
    endloop
  endfacet
  facet normal 0 0 1
    outer loop
      vertex 14.3863 15.9776 2
      vertex 8.28283 11.2577 2
      vertex 8.48592 10.9136 2
    endloop
  endfacet
  facet normal 0 0 1
    outer loop
      vertex 3.8 17.5 2
      vertex 8.74484 19.6412 2
      vertex 8.05404 19.9345 2
    endloop
  endfacet
  facet normal 0 0 1
    outer loop
      vertex 13.8199 16.47 2
      vertex 8.04182 11.5765 2
      vertex 8.28283 11.2577 2
    endloop
  endfacet
  facet normal 0 0 1
    outer loop
      vertex 12.6374 17.3939 2
      vertex 7.76605 11.8657 2
      vertex 8.04182 11.5765 2
    endloop
  endfacet
  facet normal 0 0 1
    outer loop
      vertex 12.0226 17.8243 2
      vertex 7.45911 12.1216 2
      vertex 7.76605 11.8657 2
    endloop
  endfacet
  facet normal 0 0 1
    outer loop
      vertex 3.8 17.5 2
      vertex 8.05404 19.9345 2
      vertex 7.35343 20.2034 2
    endloop
  endfacet
  facet normal 0 0 1
    outer loop
      vertex 11.3933 18.233 2
      vertex 7.125 12.3409 2
      vertex 7.45911 12.1216 2
    endloop
  endfacet
  facet normal 0 0 1
    outer loop
      vertex 10.0936 18.9834 2
      vertex 6.76807 12.5206 2
      vertex 7.125 12.3409 2
    endloop
  endfacet
  facet normal 0 0 1
    outer loop
      vertex 3.8 17.5 2
      vertex 7.35343 20.2034 2
      vertex 6.64386 20.4477 2
    endloop
  endfacet
  facet normal 0 0 1
    outer loop
      vertex 9.42498 19.3241 2
      vertex 6.39299 12.6585 2
      vertex 6.76807 12.5206 2
    endloop
  endfacet
  facet normal 0 0 1
    outer loop
      vertex 8.74484 19.6412 2
      vertex 3.8 17.5 2
      vertex 6.39299 12.6585 2
    endloop
  endfacet
  facet normal 0 0 1
    outer loop
      vertex 3.8 17.5 2
      vertex 6.64386 20.4477 2
      vertex 5.9262 20.6671 2
    endloop
  endfacet
  facet normal 0 0 1
    outer loop
      vertex 6.39299 12.6585 2
      vertex 3.8 17.5 2
      vertex 6.00463 12.7527 2
    endloop
  endfacet
  facet normal 0 0 1
    outer loop
      vertex 6.00463 12.7527 2
      vertex 3.8 17.5 2
      vertex 5.60807 12.802 2
    endloop
  endfacet
  facet normal 0 0 1
    outer loop
      vertex 3.8 17.5 2
      vertex 5.9262 20.6671 2
      vertex 5.20132 20.8614 2
    endloop
  endfacet
  facet normal 0 0 1
    outer loop
      vertex 5.60807 12.802 2
      vertex 3.8 17.5 2
      vertex 5.20846 12.8058 2
    endloop
  endfacet
  facet normal 0 0 1
    outer loop
      vertex 3.8 17.5 2
      vertex 5.20132 20.8614 2
      vertex 4.4701 21.0302 2
    endloop
  endfacet
  facet normal 0 0 1
    outer loop
      vertex 5.20846 12.8058 2
      vertex 3.8 17.5 2
      vertex 4.81103 12.764 2
    endloop
  endfacet
  facet normal 0 0 1
    outer loop
      vertex 4.81103 12.764 2
      vertex 3.8 17.5 2
      vertex 4.42095 12.6772 2
    endloop
  endfacet
  facet normal 0 0 1
    outer loop
      vertex 3.8 17.5 2
      vertex 4.4701 21.0302 2
      vertex 3.8 21.1604 2
    endloop
  endfacet
  facet normal 0 0 1
    outer loop
      vertex 4.42095 12.6772 2
      vertex 3.8 17.5 2
      vertex 4.04331 12.5465 2
    endloop
  endfacet
  facet normal 0 0 1
    outer loop
      vertex 3.8 17.5 2
      vertex 3.68303 12.3736 2
      vertex 4.04331 12.5465 2
    endloop
  endfacet
  facet normal 0 0 1
    outer loop
      vertex 3.8 17.5 2
      vertex 3.3448 12.1608 2
      vertex 3.68303 12.3736 2
    endloop
  endfacet
  facet normal 0 0 1
    outer loop
      vertex 3.8 17.5 2
      vertex 3.03304 11.9108 2
      vertex 3.3448 12.1608 2
    endloop
  endfacet
  facet normal 0 0 1
    outer loop
      vertex -3.03304 11.9108 2
      vertex 3.03304 11.9108 2
      vertex 3.8 17.5 2
    endloop
  endfacet
  facet normal 0 0 1
    outer loop
      vertex 3.03304 11.9108 2
      vertex -3.03304 11.9108 2
      vertex 2.75182 11.6269 2
    endloop
  endfacet
  facet normal 0 -0 1
    outer loop
      vertex -2.75182 11.6269 2
      vertex 2.75182 11.6269 2
      vertex -3.03304 11.9108 2
    endloop
  endfacet
  facet normal 0 -0 1
    outer loop
      vertex -2.50479 11.3127 2
      vertex 2.50479 11.3127 2
      vertex -2.75182 11.6269 2
    endloop
  endfacet
  facet normal 0 0 1
    outer loop
      vertex 2.50479 11.3127 2
      vertex -2.50479 11.3127 2
      vertex 2.29517 10.9725 2
    endloop
  endfacet
  facet normal 0 0 1
    outer loop
      vertex 1.93825 -8.64739 2
      vertex -1.87754 -9.44302 2
      vertex 1.88515 -9.04347 2
    endloop
  endfacet
  facet normal 0 0 1
    outer loop
      vertex -2.50479 -11.3127 2
      vertex 2.50479 -11.3127 2
      vertex -2.29517 -10.9725 2
    endloop
  endfacet
  facet normal 0 0 1
    outer loop
      vertex -1.99861 -10.2317 2
      vertex 1.87754 -9.44302 2
      vertex -1.91552 -9.84083 2
    endloop
  endfacet
  facet normal 0 0 1
    outer loop
      vertex -1.91552 -9.84083 2
      vertex 1.87754 -9.44302 2
      vertex -1.87754 -9.44302 2
    endloop
  endfacet
  facet normal 0 0 1
    outer loop
      vertex -1.87754 -9.44302 2
      vertex 1.87754 -9.44302 2
      vertex 1.88515 -9.04347 2
    endloop
  endfacet
  facet normal 0 0 1
    outer loop
      vertex -1.87754 9.44302 2
      vertex 1.87754 9.44302 2
      vertex 1.91552 9.84083 2
    endloop
  endfacet
  facet normal 0 0 1
    outer loop
      vertex 3.03304 -11.9108 2
      vertex 0.750339 -21.4869 2
      vertex 1.49976 -21.4476 2
    endloop
  endfacet
  facet normal 0 0 1
    outer loop
      vertex -1.91552 9.84083 2
      vertex 1.91552 9.84083 2
      vertex 1.99861 10.2317 2
    endloop
  endfacet
  facet normal 0 -0 1
    outer loop
      vertex -2.29517 10.9725 2
      vertex 2.29517 10.9725 2
      vertex -2.50479 11.3127 2
    endloop
  endfacet
  facet normal 0 0 1
    outer loop
      vertex 1.91552 9.84083 2
      vertex -1.91552 9.84083 2
      vertex -1.87754 9.44302 2
    endloop
  endfacet
  facet normal 0 0 1
    outer loop
      vertex 1.99861 10.2317 2
      vertex -1.99861 10.2317 2
      vertex -1.91552 9.84083 2
    endloop
  endfacet
  facet normal 0 0 1
    outer loop
      vertex 1.99861 10.2317 2
      vertex -2.12571 10.6106 2
      vertex -1.99861 10.2317 2
    endloop
  endfacet
  facet normal 0 0 1
    outer loop
      vertex 2.12571 10.6106 2
      vertex -2.12571 10.6106 2
      vertex 1.99861 10.2317 2
    endloop
  endfacet
  facet normal 0 -0 1
    outer loop
      vertex -2.12571 10.6106 2
      vertex 2.12571 10.6106 2
      vertex -2.29517 10.9725 2
    endloop
  endfacet
  facet normal 0 0 1
    outer loop
      vertex 2.29517 10.9725 2
      vertex -2.29517 10.9725 2
      vertex 2.12571 10.6106 2
    endloop
  endfacet
  facet normal 0 0 1
    outer loop
      vertex 2.75182 11.6269 2
      vertex -2.75182 11.6269 2
      vertex 2.50479 11.3127 2
    endloop
  endfacet
  facet normal -0 0 1
    outer loop
      vertex -3.8 17.5 2
      vertex -3.03304 11.9108 2
      vertex 3.8 17.5 2
    endloop
  endfacet
  facet normal 0 0 1
    outer loop
      vertex -3.03304 11.9108 2
      vertex -3.8 17.5 2
      vertex -3.3448 12.1608 2
    endloop
  endfacet
  facet normal 0 0 1
    outer loop
      vertex -3.3448 12.1608 2
      vertex -3.8 17.5 2
      vertex -3.68303 12.3736 2
    endloop
  endfacet
  facet normal 0 0 1
    outer loop
      vertex -3.68303 12.3736 2
      vertex -3.8 17.5 2
      vertex -4.04331 12.5465 2
    endloop
  endfacet
  facet normal 0 0 1
    outer loop
      vertex 18.9834 -10.0936 2
      vertex 12.204 -3.18371 2
      vertex 18.6195 -10.75 2
    endloop
  endfacet
  facet normal -0 0 1
    outer loop
      vertex 8.85915 -8.97708 2
      vertex 18.6195 -10.75 2
      vertex 12.204 -3.18371 2
    endloop
  endfacet
  facet normal 0 0 1
    outer loop
      vertex 8.85915 -8.97708 2
      vertex 18.233 -11.3933 2
      vertex 18.6195 -10.75 2
    endloop
  endfacet
  facet normal 0 0 1
    outer loop
      vertex 18.233 -11.3933 2
      vertex 8.87436 -9.37641 2
      vertex 17.8243 -12.0226 2
    endloop
  endfacet
  facet normal 0 0 1
    outer loop
      vertex 17.8243 -12.0226 2
      vertex 8.87436 -9.37641 2
      vertex 17.3939 -12.6374 2
    endloop
  endfacet
  facet normal -0 0 1
    outer loop
      vertex 8.84396 -9.77487 2
      vertex 17.3939 -12.6374 2
      vertex 8.87436 -9.37641 2
    endloop
  endfacet
  facet normal 0 0 1
    outer loop
      vertex 17.3939 -12.6374 2
      vertex 8.84396 -9.77487 2
      vertex 16.9422 -13.2367 2
    endloop
  endfacet
  facet normal 0 0 1
    outer loop
      vertex 16.9422 -13.2367 2
      vertex 8.84396 -9.77487 2
      vertex 16.47 -13.8199 2
    endloop
  endfacet
  facet normal 0 0 1
    outer loop
      vertex 16.47 -13.8199 2
      vertex 8.76833 -10.1673 2
      vertex 15.9776 -14.3863 2
    endloop
  endfacet
  facet normal -0 0 1
    outer loop
      vertex 8.64846 -10.5485 2
      vertex 15.9776 -14.3863 2
      vertex 8.76833 -10.1673 2
    endloop
  endfacet
  facet normal 0 0 1
    outer loop
      vertex 15.9776 -14.3863 2
      vertex 8.64846 -10.5485 2
      vertex 15.4658 -14.9352 2
    endloop
  endfacet
  facet normal 0 0 1
    outer loop
      vertex 15.4658 -14.9352 2
      vertex 8.64846 -10.5485 2
      vertex 14.9352 -15.4658 2
    endloop
  endfacet
  facet normal -0 0 1
    outer loop
      vertex 8.76833 -10.1673 2
      vertex 16.47 -13.8199 2
      vertex 8.84396 -9.77487 2
    endloop
  endfacet
  facet normal -0 0 1
    outer loop
      vertex 8.48592 -10.9136 2
      vertex 14.9352 -15.4658 2
      vertex 8.64846 -10.5485 2
    endloop
  endfacet
  facet normal 0 0 1
    outer loop
      vertex 8.85915 -8.97708 2
      vertex 12.204 -3.18371 2
      vertex 11.8316 -3.3287 2
    endloop
  endfacet
  facet normal 0 0 1
    outer loop
      vertex 8.85915 -8.97708 2
      vertex 11.8316 -3.3287 2
      vertex 11.4451 -3.43029 2
    endloop
  endfacet
  facet normal -0 0 1
    outer loop
      vertex 8.28283 -11.2577 2
      vertex 14.3863 -15.9776 2
      vertex 8.48592 -10.9136 2
    endloop
  endfacet
  facet normal 0 0 1
    outer loop
      vertex 8.85915 -8.97708 2
      vertex 11.4451 -3.43029 2
      vertex 11.0495 -3.48716 2
    endloop
  endfacet
  facet normal 0 0 1
    outer loop
      vertex 14.3863 -15.9776 2
      vertex 8.28283 -11.2577 2
      vertex 13.8199 -16.47 2
    endloop
  endfacet
  facet normal 0 0 1
    outer loop
      vertex 8.85915 -8.97708 2
      vertex 11.0495 -3.48716 2
      vertex 10.6501 -3.49857 2
    endloop
  endfacet
  facet normal 0 0 1
    outer loop
      vertex 8.85915 -8.97708 2
      vertex 10.6501 -3.49857 2
      vertex 10.2519 -3.46437 2
    endloop
  endfacet
  facet normal 0 0 1
    outer loop
      vertex 14.9352 -15.4658 2
      vertex 8.48592 -10.9136 2
      vertex 14.3863 -15.9776 2
    endloop
  endfacet
  facet normal 0 0 1
    outer loop
      vertex 8.85915 -8.97708 2
      vertex 10.2519 -3.46437 2
      vertex 9.86024 -3.38501 2
    endloop
  endfacet
  facet normal 0 0 1
    outer loop
      vertex 8.85915 -8.97708 2
      vertex 9.86024 -3.38501 2
      vertex 9.48017 -3.26152 2
    endloop
  endfacet
  facet normal -0 0 1
    outer loop
      vertex 8.04182 -11.5765 2
      vertex 13.8199 -16.47 2
      vertex 8.28283 -11.2577 2
    endloop
  endfacet
  facet normal 0 0 1
    outer loop
      vertex 7.56465 -6.57931 2
      vertex 9.48017 -3.26152 2
      vertex 9.11666 -3.09552 2
    endloop
  endfacet
  facet normal 0 0 1
    outer loop
      vertex 13.8199 -16.47 2
      vertex 8.04182 -11.5765 2
      vertex 13.2367 -16.9422 2
    endloop
  endfacet
  facet normal 0 0 1
    outer loop
      vertex 13.2367 -16.9422 2
      vertex 8.04182 -11.5765 2
      vertex 12.6374 -17.3939 2
    endloop
  endfacet
  facet normal -0 0 1
    outer loop
      vertex 7.76605 -11.8657 2
      vertex 12.6374 -17.3939 2
      vertex 8.04182 -11.5765 2
    endloop
  endfacet
  facet normal 0 0 1
    outer loop
      vertex 12.6374 -17.3939 2
      vertex 7.76605 -11.8657 2
      vertex 12.0226 -17.8243 2
    endloop
  endfacet
  facet normal -0 0 1
    outer loop
      vertex 7.45911 -12.1216 2
      vertex 12.0226 -17.8243 2
      vertex 7.76605 -11.8657 2
    endloop
  endfacet
  facet normal 0 0 1
    outer loop
      vertex 12.0226 -17.8243 2
      vertex 7.45911 -12.1216 2
      vertex 11.3933 -18.233 2
    endloop
  endfacet
  facet normal -0 0 1
    outer loop
      vertex 7.125 -12.3409 2
      vertex 11.3933 -18.233 2
      vertex 7.45911 -12.1216 2
    endloop
  endfacet
  facet normal 0 0 1
    outer loop
      vertex 11.3933 -18.233 2
      vertex 7.125 -12.3409 2
      vertex 10.75 -18.6195 2
    endloop
  endfacet
  facet normal 0 0 1
    outer loop
      vertex 10.75 -18.6195 2
      vertex 7.125 -12.3409 2
      vertex 10.0936 -18.9834 2
    endloop
  endfacet
  facet normal -0 0 1
    outer loop
      vertex 6.76807 -12.5206 2
      vertex 10.0936 -18.9834 2
      vertex 7.125 -12.3409 2
    endloop
  endfacet
  facet normal 0 0 1
    outer loop
      vertex 10.0936 -18.9834 2
      vertex 6.76807 -12.5206 2
      vertex 9.42498 -19.3241 2
    endloop
  endfacet
  facet normal -0 0 1
    outer loop
      vertex 6.39299 -12.6585 2
      vertex 9.42498 -19.3241 2
      vertex 6.76807 -12.5206 2
    endloop
  endfacet
  facet normal 0 0 1
    outer loop
      vertex 9.42498 -19.3241 2
      vertex 6.39299 -12.6585 2
      vertex 8.74484 -19.6412 2
    endloop
  endfacet
  facet normal -0 0 1
    outer loop
      vertex 6.00463 -12.7527 2
      vertex 8.74484 -19.6412 2
      vertex 6.39299 -12.6585 2
    endloop
  endfacet
  facet normal 0 0 1
    outer loop
      vertex 8.74484 -19.6412 2
      vertex 6.00463 -12.7527 2
      vertex 8.05404 -19.9345 2
    endloop
  endfacet
  facet normal 0 0 1
    outer loop
      vertex 8.05404 -19.9345 2
      vertex 6.00463 -12.7527 2
      vertex 7.35343 -20.2034 2
    endloop
  endfacet
  facet normal -0 0 1
    outer loop
      vertex 5.60807 -12.802 2
      vertex 7.35343 -20.2034 2
      vertex 6.00463 -12.7527 2
    endloop
  endfacet
  facet normal 0 0 1
    outer loop
      vertex 7.35343 -20.2034 2
      vertex 5.60807 -12.802 2
      vertex 6.64386 -20.4477 2
    endloop
  endfacet
  facet normal -0 0 1
    outer loop
      vertex 5.20846 -12.8058 2
      vertex 6.64386 -20.4477 2
      vertex 5.60807 -12.802 2
    endloop
  endfacet
  facet normal 0 0 1
    outer loop
      vertex 6.64386 -20.4477 2
      vertex 5.20846 -12.8058 2
      vertex 5.9262 -20.6671 2
    endloop
  endfacet
  facet normal 0 0 1
    outer loop
      vertex 4.81103 -12.764 2
      vertex 5.9262 -20.6671 2
      vertex 5.20846 -12.8058 2
    endloop
  endfacet
  facet normal 0 0 1
    outer loop
      vertex 5.9262 -20.6671 2
      vertex 4.81103 -12.764 2
      vertex 5.20132 -20.8614 2
    endloop
  endfacet
  facet normal 0 0 1
    outer loop
      vertex 4.81103 -12.764 2
      vertex 4.4701 -21.0302 2
      vertex 5.20132 -20.8614 2
    endloop
  endfacet
  facet normal 0 0 1
    outer loop
      vertex 4.42095 -12.6772 2
      vertex 4.4701 -21.0302 2
      vertex 4.81103 -12.764 2
    endloop
  endfacet
  facet normal 0 0 1
    outer loop
      vertex 3.73344 -21.1734 2
      vertex 4.42095 -12.6772 2
      vertex 4.04331 -12.5465 2
    endloop
  endfacet
  facet normal 0 0 1
    outer loop
      vertex 4.42095 -12.6772 2
      vertex 3.73344 -21.1734 2
      vertex 4.4701 -21.0302 2
    endloop
  endfacet
  facet normal 0 0 1
    outer loop
      vertex 2.24736 -21.3822 2
      vertex 4.04331 -12.5465 2
      vertex 3.68303 -12.3736 2
    endloop
  endfacet
  facet normal 0 0 1
    outer loop
      vertex 1.49976 -21.4476 2
      vertex 3.68303 -12.3736 2
      vertex 3.3448 -12.1608 2
    endloop
  endfacet
  facet normal 0 0 1
    outer loop
      vertex 1.49976 -21.4476 2
      vertex 3.3448 -12.1608 2
      vertex 3.03304 -11.9108 2
    endloop
  endfacet
  facet normal 0 0 1
    outer loop
      vertex 4.04331 -12.5465 2
      vertex 2.99222 -21.2908 2
      vertex 3.73344 -21.1734 2
    endloop
  endfacet
  facet normal 0 0 1
    outer loop
      vertex 2.29517 -10.9725 2
      vertex -2.29517 -10.9725 2
      vertex 2.50479 -11.3127 2
    endloop
  endfacet
  facet normal 0 0 1
    outer loop
      vertex -2.29517 -10.9725 2
      vertex 2.29517 -10.9725 2
      vertex -2.12571 -10.6106 2
    endloop
  endfacet
  facet normal 0 0 1
    outer loop
      vertex 2.12571 -10.6106 2
      vertex -2.12571 -10.6106 2
      vertex 2.29517 -10.9725 2
    endloop
  endfacet
  facet normal 0 0 1
    outer loop
      vertex 4.04331 -12.5465 2
      vertex 2.24736 -21.3822 2
      vertex 2.99222 -21.2908 2
    endloop
  endfacet
  facet normal 0 0 1
    outer loop
      vertex -2.12571 -10.6106 2
      vertex 2.12571 -10.6106 2
      vertex -1.99861 -10.2317 2
    endloop
  endfacet
  facet normal -0 0 1
    outer loop
      vertex -1.99861 -10.2317 2
      vertex 2.12571 -10.6106 2
      vertex 1.99861 -10.2317 2
    endloop
  endfacet
  facet normal 0 0 1
    outer loop
      vertex -1.99861 -10.2317 2
      vertex 1.99861 -10.2317 2
      vertex 1.91552 -9.84083 2
    endloop
  endfacet
  facet normal 0 0 1
    outer loop
      vertex -1.99861 -10.2317 2
      vertex 1.91552 -9.84083 2
      vertex 1.87754 -9.44302 2
    endloop
  endfacet
  facet normal 0 0 1
    outer loop
      vertex 3.68303 -12.3736 2
      vertex 1.49976 -21.4476 2
      vertex 2.24736 -21.3822 2
    endloop
  endfacet
  facet normal -0 0 1
    outer loop
      vertex 8.35488 7.47393 2
      vertex 10.6501 3.49857 2
      vertex 8.54473 7.82558 2
    endloop
  endfacet
  facet normal 0 0 1
    outer loop
      vertex 10.6501 3.49857 2
      vertex 8.35488 7.47393 2
      vertex 10.2519 3.46437 2
    endloop
  endfacet
  facet normal -0 0 1
    outer loop
      vertex 8.12619 7.14622 2
      vertex 10.2519 3.46437 2
      vertex 8.35488 7.47393 2
    endloop
  endfacet
  facet normal 0 0 1
    outer loop
      vertex 10.2519 3.46437 2
      vertex 8.12619 7.14622 2
      vertex 9.86024 3.38501 2
    endloop
  endfacet
  facet normal -0 0 1
    outer loop
      vertex 7.86163 6.84671 2
      vertex 9.86024 3.38501 2
      vertex 8.12619 7.14622 2
    endloop
  endfacet
  facet normal 0 0 1
    outer loop
      vertex 9.86024 3.38501 2
      vertex 7.86163 6.84671 2
      vertex 9.48017 3.26152 2
    endloop
  endfacet
  facet normal -0 0 1
    outer loop
      vertex 7.56465 6.57931 2
      vertex 9.48017 3.26152 2
      vertex 7.86163 6.84671 2
    endloop
  endfacet
  facet normal 0 0 1
    outer loop
      vertex 9.48017 3.26152 2
      vertex 7.56465 6.57931 2
      vertex 9.11666 3.09552 2
    endloop
  endfacet
  facet normal -0 0 1
    outer loop
      vertex 7.23913 6.3475 2
      vertex 9.11666 3.09552 2
      vertex 7.56465 6.57931 2
    endloop
  endfacet
  facet normal 0 0 1
    outer loop
      vertex 9.11666 3.09552 2
      vertex 7.23913 6.3475 2
      vertex 8.77445 2.88915 2
    endloop
  endfacet
  facet normal -0 0 1
    outer loop
      vertex 6.8893 6.15432 2
      vertex 8.77445 2.88915 2
      vertex 7.23913 6.3475 2
    endloop
  endfacet
  facet normal 0 0 1
    outer loop
      vertex 8.77445 2.88915 2
      vertex 6.8893 6.15432 2
      vertex 8.45799 2.64512 2
    endloop
  endfacet
  facet normal -0 0 1
    outer loop
      vertex 6.51974 6.00227 2
      vertex 8.45799 2.64512 2
      vertex 6.8893 6.15432 2
    endloop
  endfacet
  facet normal 0 0 1
    outer loop
      vertex 8.45799 2.64512 2
      vertex 6.51974 6.00227 2
      vertex 8.17141 2.36661 2
    endloop
  endfacet
  facet normal -0 0 1
    outer loop
      vertex 6.13525 5.89334 2
      vertex 8.17141 2.36661 2
      vertex 6.51974 6.00227 2
    endloop
  endfacet
  facet normal 0 0 1
    outer loop
      vertex 8.17141 2.36661 2
      vertex 6.13525 5.89334 2
      vertex 7.91844 2.05725 2
    endloop
  endfacet
  facet normal -0 0 1
    outer loop
      vertex 5.74085 5.82895 2
      vertex 7.91844 2.05725 2
      vertex 6.13525 5.89334 2
    endloop
  endfacet
  facet normal -0 0 1
    outer loop
      vertex 5.34168 5.80993 2
      vertex 7.70239 1.72106 2
      vertex 5.74085 5.82895 2
    endloop
  endfacet
  facet normal 0 0 1
    outer loop
      vertex 7.91844 2.05725 2
      vertex 5.74085 5.82895 2
      vertex 7.70239 1.72106 2
    endloop
  endfacet
  facet normal -0.0174561 -0.999848 0
    outer loop
      vertex -0.750339 -21.4869 0
      vertex 0 -21.5 2
      vertex -0.750339 -21.4869 2
    endloop
  endfacet
  facet normal -0.0174561 -0.999848 -0
    outer loop
      vertex 0 -21.5 2
      vertex -0.750339 -21.4869 0
      vertex 0 -21.5 0
    endloop
  endfacet
  facet normal -0.454013 -0.890995 0
    outer loop
      vertex -10.0936 -18.9834 0
      vertex -9.42498 -19.3241 2
      vertex -10.0936 -18.9834 2
    endloop
  endfacet
  facet normal -0.454013 -0.890995 -0
    outer loop
      vertex -9.42498 -19.3241 2
      vertex -10.0936 -18.9834 0
      vertex -9.42498 -19.3241 0
    endloop
  endfacet
  facet normal 0.573498 -0.819207 0
    outer loop
      vertex 12.0226 -17.8243 0
      vertex 12.6374 -17.3939 2
      vertex 12.0226 -17.8243 2
    endloop
  endfacet
  facet normal 0.573498 -0.819207 0
    outer loop
      vertex 12.6374 -17.3939 2
      vertex 12.0226 -17.8243 0
      vertex 12.6374 -17.3939 0
    endloop
  endfacet
  facet normal -0.890995 -0.454013 0
    outer loop
      vertex -18.9834 -10.0936 0
      vertex -19.3241 -9.42498 2
      vertex -19.3241 -9.42498 0
    endloop
  endfacet
  facet normal -0.890995 -0.454013 0
    outer loop
      vertex -19.3241 -9.42498 2
      vertex -18.9834 -10.0936 0
      vertex -18.9834 -10.0936 2
    endloop
  endfacet
  facet normal -0.92047 -0.390813 0
    outer loop
      vertex -19.6412 -8.74484 0
      vertex -19.9345 -8.05404 2
      vertex -19.9345 -8.05404 0
    endloop
  endfacet
  facet normal -0.92047 -0.390813 0
    outer loop
      vertex -19.9345 -8.05404 2
      vertex -19.6412 -8.74484 0
      vertex -19.6412 -8.74484 2
    endloop
  endfacet
  facet normal -0.857187 -0.515005 0
    outer loop
      vertex -18.233 -11.3933 0
      vertex -18.6195 -10.75 2
      vertex -18.6195 -10.75 0
    endloop
  endfacet
  facet normal -0.857187 -0.515005 0
    outer loop
      vertex -18.6195 -10.75 2
      vertex -18.233 -11.3933 0
      vertex -18.233 -11.3933 2
    endloop
  endfacet
  facet normal -0.956309 -0.292359 0
    outer loop
      vertex -20.4477 -6.64386 0
      vertex -20.6671 -5.9262 2
      vertex -20.6671 -5.9262 0
    endloop
  endfacet
  facet normal -0.956309 -0.292359 0
    outer loop
      vertex -20.6671 -5.9262 2
      vertex -20.4477 -6.64386 0
      vertex -20.4477 -6.64386 2
    endloop
  endfacet
  facet normal 0.707107 -0.707107 0
    outer loop
      vertex 14.9352 -15.4658 2
      vertex 15.4658 -14.9352 0
      vertex 15.4658 -14.9352 2
    endloop
  endfacet
  facet normal 0.707107 -0.707107 0
    outer loop
      vertex 15.4658 -14.9352 0
      vertex 14.9352 -15.4658 2
      vertex 14.9352 -15.4658 0
    endloop
  endfacet
  facet normal 0 0 -1
    outer loop
      vertex -2.58312 -7.19899 0
      vertex 2.58312 -7.19899 0
      vertex -2.36071 -7.531 0
    endloop
  endfacet
  facet normal 0 0 -1
    outer loop
      vertex 2.84193 6.8945 0
      vertex -1.88515 9.04347 0
      vertex -1.87754 9.44302 0
    endloop
  endfacet
  facet normal 0 0 -1
    outer loop
      vertex 2.58312 -7.19899 0
      vertex -2.58312 -7.19899 0
      vertex 2.84193 -6.8945 0
    endloop
  endfacet
  facet normal 0 0 -1
    outer loop
      vertex 2.84193 6.8945 0
      vertex -1.93825 8.64739 0
      vertex -1.88515 9.04347 0
    endloop
  endfacet
  facet normal 0 0 -1
    outer loop
      vertex -2.84193 -6.8945 0
      vertex 2.84193 -6.8945 0
      vertex -2.58312 -7.19899 0
    endloop
  endfacet
  facet normal 0 0 -1
    outer loop
      vertex 2.84193 6.8945 0
      vertex -2.03616 8.25995 0
      vertex -1.93825 8.64739 0
    endloop
  endfacet
  facet normal 0 0 -1
    outer loop
      vertex 2.84193 -6.8945 0
      vertex -2.84193 -6.8945 0
      vertex 3.13376 -6.62149 0
    endloop
  endfacet
  facet normal 0 0 -1
    outer loop
      vertex 2.84193 6.8945 0
      vertex -2.17759 7.88619 0
      vertex -2.03616 8.25995 0
    endloop
  endfacet
  facet normal 0 0 -1
    outer loop
      vertex -3.13376 -6.62149 0
      vertex 3.13376 -6.62149 0
      vertex -2.84193 -6.8945 0
    endloop
  endfacet
  facet normal 0 0 -1
    outer loop
      vertex 2.84193 6.8945 0
      vertex -2.36071 7.531 0
      vertex -2.17759 7.88619 0
    endloop
  endfacet
  facet normal 0 0 -1
    outer loop
      vertex -3.45481 -6.38353 0
      vertex 3.13376 -6.62149 0
      vertex -3.13376 -6.62149 0
    endloop
  endfacet
  facet normal 0 0 -1
    outer loop
      vertex 2.84193 6.8945 0
      vertex -2.58312 7.19899 0
      vertex -2.36071 7.531 0
    endloop
  endfacet
  facet normal 0 0 -1
    outer loop
      vertex 3.13376 -6.62149 0
      vertex -3.45481 -6.38353 0
      vertex 3.13376 6.62149 0
    endloop
  endfacet
  facet normal 0 0 -1
    outer loop
      vertex 2.84193 6.8945 0
      vertex -2.84193 6.8945 0
      vertex -2.58312 7.19899 0
    endloop
  endfacet
  facet normal 0 0 -1
    outer loop
      vertex -3.45481 6.38353 0
      vertex 3.13376 6.62149 0
      vertex -3.45481 -6.38353 0
    endloop
  endfacet
  facet normal -0 0 -1
    outer loop
      vertex 2.84193 6.8945 0
      vertex -3.13376 6.62149 0
      vertex -2.84193 6.8945 0
    endloop
  endfacet
  facet normal 0 -0 -1
    outer loop
      vertex -3.13376 6.62149 0
      vertex 3.13376 6.62149 0
      vertex -3.45481 6.38353 0
    endloop
  endfacet
  facet normal 0 0 -1
    outer loop
      vertex 3.13376 6.62149 0
      vertex -3.13376 6.62149 0
      vertex 2.84193 6.8945 0
    endloop
  endfacet
  facet normal 0 0 -1
    outer loop
      vertex -3.80089 -6.18372 0
      vertex -3.45481 6.38353 0
      vertex -3.45481 -6.38353 0
    endloop
  endfacet
  facet normal 0 0 -1
    outer loop
      vertex -3.80089 -6.18372 0
      vertex -3.80089 6.18372 0
      vertex -3.45481 6.38353 0
    endloop
  endfacet
  facet normal 0 0 -1
    outer loop
      vertex -7.25571 -0.19981 0
      vertex -3.80089 -6.18372 0
      vertex -4.1675 -6.02466 0
    endloop
  endfacet
  facet normal 0 0 -1
    outer loop
      vertex -3.80089 -6.18372 0
      vertex -7.25571 -0.19981 0
      vertex -3.80089 6.18372 0
    endloop
  endfacet
  facet normal 0 0 -1
    outer loop
      vertex -7.30126 -0.596828 0
      vertex -4.1675 -6.02466 0
      vertex -4.54984 -5.90843 0
    endloop
  endfacet
  facet normal 0 0 -1
    outer loop
      vertex -7.25571 0.19981 0
      vertex -3.80089 6.18372 0
      vertex -7.25571 -0.19981 0
    endloop
  endfacet
  facet normal 0 0 -1
    outer loop
      vertex -7.39177 -0.986063 0
      vertex -4.54984 -5.90843 0
      vertex -4.94295 -5.83654 0
    endloop
  endfacet
  facet normal 0 0 -1
    outer loop
      vertex -3.80089 6.18372 0
      vertex -7.25571 0.19981 0
      vertex -4.1675 6.02466 0
    endloop
  endfacet
  facet normal 0 0 -1
    outer loop
      vertex -7.52607 -1.36244 0
      vertex -4.94295 -5.83654 0
      vertex -5.34168 -5.80993 0
    endloop
  endfacet
  facet normal 0 0 -1
    outer loop
      vertex -7.30126 0.596828 0
      vertex -4.1675 6.02466 0
      vertex -7.25571 0.19981 0
    endloop
  endfacet
  facet normal 0 0 -1
    outer loop
      vertex -7.70239 -1.72106 0
      vertex -5.34168 -5.80993 0
      vertex -5.74085 -5.82895 0
    endloop
  endfacet
  facet normal 0 0 -1
    outer loop
      vertex -4.1675 6.02466 0
      vertex -7.30126 0.596828 0
      vertex -4.54984 5.90843 0
    endloop
  endfacet
  facet normal 0 0 -1
    outer loop
      vertex -7.91844 -2.05725 0
      vertex -5.74085 -5.82895 0
      vertex -6.13525 -5.89334 0
    endloop
  endfacet
  facet normal 0 0 -1
    outer loop
      vertex -7.39177 0.986063 0
      vertex -4.54984 5.90843 0
      vertex -7.30126 0.596828 0
    endloop
  endfacet
  facet normal 0 0 -1
    outer loop
      vertex -8.17141 -2.36661 0
      vertex -6.13525 -5.89334 0
      vertex -6.51974 -6.00227 0
    endloop
  endfacet
  facet normal 0 0 -1
    outer loop
      vertex -4.54984 5.90843 0
      vertex -7.39177 0.986063 0
      vertex -4.94295 5.83654 0
    endloop
  endfacet
  facet normal 0 0 -1
    outer loop
      vertex -8.45799 -2.64512 0
      vertex -6.51974 -6.00227 0
      vertex -6.8893 -6.15432 0
    endloop
  endfacet
  facet normal 0 0 -1
    outer loop
      vertex -7.52607 1.36244 0
      vertex -4.94295 5.83654 0
      vertex -7.39177 0.986063 0
    endloop
  endfacet
  facet normal 0 0 -1
    outer loop
      vertex -8.77445 -2.88915 0
      vertex -6.8893 -6.15432 0
      vertex -7.23913 -6.3475 0
    endloop
  endfacet
  facet normal 0 0 -1
    outer loop
      vertex -4.94295 5.83654 0
      vertex -7.52607 1.36244 0
      vertex -5.34168 5.80993 0
    endloop
  endfacet
  facet normal 0 0 -1
    outer loop
      vertex -7.70239 1.72106 0
      vertex -5.34168 5.80993 0
      vertex -7.52607 1.36244 0
    endloop
  endfacet
  facet normal 0 0 -1
    outer loop
      vertex -4.1675 -6.02466 0
      vertex -7.30126 -0.596828 0
      vertex -7.25571 -0.19981 0
    endloop
  endfacet
  facet normal 0 0 -1
    outer loop
      vertex -4.54984 -5.90843 0
      vertex -7.39177 -0.986063 0
      vertex -7.30126 -0.596828 0
    endloop
  endfacet
  facet normal 0 0 -1
    outer loop
      vertex -4.94295 -5.83654 0
      vertex -7.52607 -1.36244 0
      vertex -7.39177 -0.986063 0
    endloop
  endfacet
  facet normal 0 0 -1
    outer loop
      vertex -9.11666 -3.09552 0
      vertex -7.23913 -6.3475 0
      vertex -7.56465 -6.57931 0
    endloop
  endfacet
  facet normal 0 0 -1
    outer loop
      vertex -5.34168 -5.80993 0
      vertex -7.70239 -1.72106 0
      vertex -7.52607 -1.36244 0
    endloop
  endfacet
  facet normal 0 0 -1
    outer loop
      vertex -9.48017 -3.26152 0
      vertex -7.56465 -6.57931 0
      vertex -7.86163 -6.84671 0
    endloop
  endfacet
  facet normal 0 0 -1
    outer loop
      vertex -5.74085 -5.82895 0
      vertex -7.91844 -2.05725 0
      vertex -7.70239 -1.72106 0
    endloop
  endfacet
  facet normal 0 0 -1
    outer loop
      vertex -9.86024 -3.38501 0
      vertex -7.86163 -6.84671 0
      vertex -8.12619 -7.14622 0
    endloop
  endfacet
  facet normal 0 0 -1
    outer loop
      vertex -6.13525 -5.89334 0
      vertex -8.17141 -2.36661 0
      vertex -7.91844 -2.05725 0
    endloop
  endfacet
  facet normal 0 0 -1
    outer loop
      vertex -10.2519 -3.46437 0
      vertex -8.12619 -7.14622 0
      vertex -8.35488 -7.47393 0
    endloop
  endfacet
  facet normal 0 0 -1
    outer loop
      vertex -6.51974 -6.00227 0
      vertex -8.45799 -2.64512 0
      vertex -8.17141 -2.36661 0
    endloop
  endfacet
  facet normal 0 0 -1
    outer loop
      vertex -10.6501 -3.49857 0
      vertex -8.35488 -7.47393 0
      vertex -8.54473 -7.82558 0
    endloop
  endfacet
  facet normal 0 0 -1
    outer loop
      vertex -11.0495 -3.48716 0
      vertex -8.54473 -7.82558 0
      vertex -8.69325 -8.19657 0
    endloop
  endfacet
  facet normal 0 0 -1
    outer loop
      vertex -6.8893 -6.15432 0
      vertex -8.77445 -2.88915 0
      vertex -8.45799 -2.64512 0
    endloop
  endfacet
  facet normal 0 0 -1
    outer loop
      vertex -11.4451 -3.43029 0
      vertex -8.69325 -8.19657 0
      vertex -8.79852 -8.58208 0
    endloop
  endfacet
  facet normal 0 0 -1
    outer loop
      vertex -11.8316 -3.3287 0
      vertex -8.79852 -8.58208 0
      vertex -8.85915 -8.97708 0
    endloop
  endfacet
  facet normal 0 0 -1
    outer loop
      vertex -18.233 -11.3933 0
      vertex -8.85915 -8.97708 0
      vertex -8.87436 -9.37641 0
    endloop
  endfacet
  facet normal 0 0 -1
    outer loop
      vertex -7.23913 -6.3475 0
      vertex -9.11666 -3.09552 0
      vertex -8.77445 -2.88915 0
    endloop
  endfacet
  facet normal 0 0 -1
    outer loop
      vertex 1.91552 -9.84083 0
      vertex -1.91552 -9.84083 0
      vertex -1.87754 -9.44302 0
    endloop
  endfacet
  facet normal 0 0 -1
    outer loop
      vertex -0.750339 -21.4869 0
      vertex -1.99861 -10.2317 0
      vertex -1.91552 -9.84083 0
    endloop
  endfacet
  facet normal 0 0 -1
    outer loop
      vertex -0.750339 -21.4869 0
      vertex -2.12571 -10.6106 0
      vertex -1.99861 -10.2317 0
    endloop
  endfacet
  facet normal 0 0 -1
    outer loop
      vertex -3.68303 -12.3736 0
      vertex -1.49976 -21.4476 0
      vertex -2.24736 -21.3822 0
    endloop
  endfacet
  facet normal 0 0 -1
    outer loop
      vertex -0.750339 -21.4869 0
      vertex -2.29517 -10.9725 0
      vertex -2.12571 -10.6106 0
    endloop
  endfacet
  facet normal 0 0 -1
    outer loop
      vertex -0.750339 -21.4869 0
      vertex -2.50479 -11.3127 0
      vertex -2.29517 -10.9725 0
    endloop
  endfacet
  facet normal 0 0 -1
    outer loop
      vertex -0.750339 -21.4869 0
      vertex -2.75182 -11.6269 0
      vertex -2.50479 -11.3127 0
    endloop
  endfacet
  facet normal 0 0 -1
    outer loop
      vertex -4.04331 -12.5465 0
      vertex -2.24736 -21.3822 0
      vertex -2.99222 -21.2908 0
    endloop
  endfacet
  facet normal 0 0 -1
    outer loop
      vertex -0.750339 -21.4869 0
      vertex -3.03304 -11.9108 0
      vertex -2.75182 -11.6269 0
    endloop
  endfacet
  facet normal 0 0 -1
    outer loop
      vertex -0.750339 -21.4869 0
      vertex -3.3448 -12.1608 0
      vertex -3.03304 -11.9108 0
    endloop
  endfacet
  facet normal 0 0 -1
    outer loop
      vertex -1.49976 -21.4476 0
      vertex -3.68303 -12.3736 0
      vertex -3.3448 -12.1608 0
    endloop
  endfacet
  facet normal 0 0 -1
    outer loop
      vertex -4.04331 -12.5465 0
      vertex -2.99222 -21.2908 0
      vertex -3.73344 -21.1734 0
    endloop
  endfacet
  facet normal 0 0 -1
    outer loop
      vertex -2.24736 -21.3822 0
      vertex -4.04331 -12.5465 0
      vertex -3.68303 -12.3736 0
    endloop
  endfacet
  facet normal 0 0 -1
    outer loop
      vertex -3.73344 -21.1734 0
      vertex -4.42095 -12.6772 0
      vertex -4.04331 -12.5465 0
    endloop
  endfacet
  facet normal 0 0 -1
    outer loop
      vertex -4.4701 -21.0302 0
      vertex -4.42095 -12.6772 0
      vertex -3.73344 -21.1734 0
    endloop
  endfacet
  facet normal 0 0 -1
    outer loop
      vertex -4.4701 -21.0302 0
      vertex -4.81103 -12.764 0
      vertex -4.42095 -12.6772 0
    endloop
  endfacet
  facet normal 0 0 -1
    outer loop
      vertex -5.20132 -20.8614 0
      vertex -4.81103 -12.764 0
      vertex -4.4701 -21.0302 0
    endloop
  endfacet
  facet normal 0 0 -1
    outer loop
      vertex -5.9262 -20.6671 0
      vertex -4.81103 -12.764 0
      vertex -5.20132 -20.8614 0
    endloop
  endfacet
  facet normal 0 0 -1
    outer loop
      vertex -4.81103 -12.764 0
      vertex -5.9262 -20.6671 0
      vertex -5.20846 -12.8058 0
    endloop
  endfacet
  facet normal 0 0 -1
    outer loop
      vertex -6.64386 -20.4477 0
      vertex -5.20846 -12.8058 0
      vertex -5.9262 -20.6671 0
    endloop
  endfacet
  facet normal -0 0 -1
    outer loop
      vertex -5.20846 -12.8058 0
      vertex -6.64386 -20.4477 0
      vertex -5.60807 -12.802 0
    endloop
  endfacet
  facet normal 0 0 -1
    outer loop
      vertex -7.35343 -20.2034 0
      vertex -5.60807 -12.802 0
      vertex -6.64386 -20.4477 0
    endloop
  endfacet
  facet normal -0 0 -1
    outer loop
      vertex -5.60807 -12.802 0
      vertex -7.35343 -20.2034 0
      vertex -6.00463 -12.7527 0
    endloop
  endfacet
  facet normal 0 0 -1
    outer loop
      vertex -8.05404 -19.9345 0
      vertex -6.00463 -12.7527 0
      vertex -7.35343 -20.2034 0
    endloop
  endfacet
  facet normal 0 0 -1
    outer loop
      vertex -8.74484 -19.6412 0
      vertex -6.00463 -12.7527 0
      vertex -8.05404 -19.9345 0
    endloop
  endfacet
  facet normal -0 0 -1
    outer loop
      vertex -6.00463 -12.7527 0
      vertex -8.74484 -19.6412 0
      vertex -6.39299 -12.6585 0
    endloop
  endfacet
  facet normal 0 0 -1
    outer loop
      vertex -9.42498 -19.3241 0
      vertex -6.39299 -12.6585 0
      vertex -8.74484 -19.6412 0
    endloop
  endfacet
  facet normal -0 0 -1
    outer loop
      vertex -6.39299 -12.6585 0
      vertex -9.42498 -19.3241 0
      vertex -6.76807 -12.5206 0
    endloop
  endfacet
  facet normal 0 0 -1
    outer loop
      vertex -10.0936 -18.9834 0
      vertex -6.76807 -12.5206 0
      vertex -9.42498 -19.3241 0
    endloop
  endfacet
  facet normal -0 0 -1
    outer loop
      vertex -6.76807 -12.5206 0
      vertex -10.0936 -18.9834 0
      vertex -7.125 -12.3409 0
    endloop
  endfacet
  facet normal 0 0 -1
    outer loop
      vertex -10.75 -18.6195 0
      vertex -7.125 -12.3409 0
      vertex -10.0936 -18.9834 0
    endloop
  endfacet
  facet normal 0 0 -1
    outer loop
      vertex -11.3933 -18.233 0
      vertex -7.125 -12.3409 0
      vertex -10.75 -18.6195 0
    endloop
  endfacet
  facet normal -0 0 -1
    outer loop
      vertex -7.125 -12.3409 0
      vertex -11.3933 -18.233 0
      vertex -7.45911 -12.1216 0
    endloop
  endfacet
  facet normal 0 0 -1
    outer loop
      vertex -12.0226 -17.8243 0
      vertex -7.45911 -12.1216 0
      vertex -11.3933 -18.233 0
    endloop
  endfacet
  facet normal -0 0 -1
    outer loop
      vertex -7.45911 -12.1216 0
      vertex -12.0226 -17.8243 0
      vertex -7.76605 -11.8657 0
    endloop
  endfacet
  facet normal 0 0 -1
    outer loop
      vertex -12.6374 -17.3939 0
      vertex -7.76605 -11.8657 0
      vertex -12.0226 -17.8243 0
    endloop
  endfacet
  facet normal -0 0 -1
    outer loop
      vertex -7.76605 -11.8657 0
      vertex -12.6374 -17.3939 0
      vertex -8.04182 -11.5765 0
    endloop
  endfacet
  facet normal 0 0 -1
    outer loop
      vertex -13.2367 -16.9422 0
      vertex -8.04182 -11.5765 0
      vertex -12.6374 -17.3939 0
    endloop
  endfacet
  facet normal 0 0 -1
    outer loop
      vertex -13.8199 -16.47 0
      vertex -8.04182 -11.5765 0
      vertex -13.2367 -16.9422 0
    endloop
  endfacet
  facet normal 0 0 -1
    outer loop
      vertex -7.56465 -6.57931 0
      vertex -9.48017 -3.26152 0
      vertex -9.11666 -3.09552 0
    endloop
  endfacet
  facet normal -0 0 -1
    outer loop
      vertex -8.04182 -11.5765 0
      vertex -13.8199 -16.47 0
      vertex -8.28283 -11.2577 0
    endloop
  endfacet
  facet normal 0 0 -1
    outer loop
      vertex -14.3863 -15.9776 0
      vertex -8.28283 -11.2577 0
      vertex -13.8199 -16.47 0
    endloop
  endfacet
  facet normal -0 0 -1
    outer loop
      vertex -8.28283 -11.2577 0
      vertex -14.3863 -15.9776 0
      vertex -8.48592 -10.9136 0
    endloop
  endfacet
  facet normal 0 0 -1
    outer loop
      vertex -7.86163 -6.84671 0
      vertex -9.86024 -3.38501 0
      vertex -9.48017 -3.26152 0
    endloop
  endfacet
  facet normal 0 0 -1
    outer loop
      vertex -14.9352 -15.4658 0
      vertex -8.48592 -10.9136 0
      vertex -14.3863 -15.9776 0
    endloop
  endfacet
  facet normal -0 0 -1
    outer loop
      vertex -8.48592 -10.9136 0
      vertex -14.9352 -15.4658 0
      vertex -8.64846 -10.5485 0
    endloop
  endfacet
  facet normal 0 0 -1
    outer loop
      vertex -15.4658 -14.9352 0
      vertex -8.64846 -10.5485 0
      vertex -14.9352 -15.4658 0
    endloop
  endfacet
  facet normal 0 0 -1
    outer loop
      vertex -8.12619 -7.14622 0
      vertex -10.2519 -3.46437 0
      vertex -9.86024 -3.38501 0
    endloop
  endfacet
  facet normal 0 0 -1
    outer loop
      vertex -15.9776 -14.3863 0
      vertex -8.64846 -10.5485 0
      vertex -15.4658 -14.9352 0
    endloop
  endfacet
  facet normal -0 0 -1
    outer loop
      vertex -8.64846 -10.5485 0
      vertex -15.9776 -14.3863 0
      vertex -8.76833 -10.1673 0
    endloop
  endfacet
  facet normal 0 0 -1
    outer loop
      vertex -8.35488 -7.47393 0
      vertex -10.6501 -3.49857 0
      vertex -10.2519 -3.46437 0
    endloop
  endfacet
  facet normal 0 0 -1
    outer loop
      vertex -16.47 -13.8199 0
      vertex -8.76833 -10.1673 0
      vertex -15.9776 -14.3863 0
    endloop
  endfacet
  facet normal -0 0 -1
    outer loop
      vertex -8.76833 -10.1673 0
      vertex -16.47 -13.8199 0
      vertex -8.84396 -9.77487 0
    endloop
  endfacet
  facet normal 0 0 -1
    outer loop
      vertex -16.9422 -13.2367 0
      vertex -8.84396 -9.77487 0
      vertex -16.47 -13.8199 0
    endloop
  endfacet
  facet normal 0 0 -1
    outer loop
      vertex -8.54473 -7.82558 0
      vertex -11.0495 -3.48716 0
      vertex -10.6501 -3.49857 0
    endloop
  endfacet
  facet normal 0 0 -1
    outer loop
      vertex -17.3939 -12.6374 0
      vertex -8.84396 -9.77487 0
      vertex -16.9422 -13.2367 0
    endloop
  endfacet
  facet normal -0 0 -1
    outer loop
      vertex -8.84396 -9.77487 0
      vertex -17.3939 -12.6374 0
      vertex -8.87436 -9.37641 0
    endloop
  endfacet
  facet normal 0 0 -1
    outer loop
      vertex -8.69325 -8.19657 0
      vertex -11.4451 -3.43029 0
      vertex -11.0495 -3.48716 0
    endloop
  endfacet
  facet normal 0 0 -1
    outer loop
      vertex -17.8243 -12.0226 0
      vertex -8.87436 -9.37641 0
      vertex -17.3939 -12.6374 0
    endloop
  endfacet
  facet normal 0 0 -1
    outer loop
      vertex -18.233 -11.3933 0
      vertex -8.87436 -9.37641 0
      vertex -17.8243 -12.0226 0
    endloop
  endfacet
  facet normal 0 0 -1
    outer loop
      vertex -8.79852 -8.58208 0
      vertex -11.8316 -3.3287 0
      vertex -11.4451 -3.43029 0
    endloop
  endfacet
  facet normal 0 0 -1
    outer loop
      vertex -8.85915 -8.97708 0
      vertex -18.233 -11.3933 0
      vertex -18.6195 -10.75 0
    endloop
  endfacet
  facet normal -0 0 -1
    outer loop
      vertex -8.85915 -8.97708 0
      vertex -18.6195 -10.75 0
      vertex -12.204 -3.18371 0
    endloop
  endfacet
  facet normal 0 0 -1
    outer loop
      vertex -8.85915 -8.97708 0
      vertex -12.204 -3.18371 0
      vertex -11.8316 -3.3287 0
    endloop
  endfacet
  facet normal 0 0 -1
    outer loop
      vertex -18.9834 -10.0936 0
      vertex -12.204 -3.18371 0
      vertex -18.6195 -10.75 0
    endloop
  endfacet
  facet normal -0 0 -1
    outer loop
      vertex -5.34168 5.80993 0
      vertex -7.70239 1.72106 0
      vertex -5.74085 5.82895 0
    endloop
  endfacet
  facet normal 0 0 -1
    outer loop
      vertex -7.91844 2.05725 0
      vertex -5.74085 5.82895 0
      vertex -7.70239 1.72106 0
    endloop
  endfacet
  facet normal -0 0 -1
    outer loop
      vertex -5.74085 5.82895 0
      vertex -7.91844 2.05725 0
      vertex -6.13525 5.89334 0
    endloop
  endfacet
  facet normal 0 0 -1
    outer loop
      vertex -8.17141 2.36661 0
      vertex -6.13525 5.89334 0
      vertex -7.91844 2.05725 0
    endloop
  endfacet
  facet normal -0 0 -1
    outer loop
      vertex -6.13525 5.89334 0
      vertex -8.17141 2.36661 0
      vertex -6.51974 6.00227 0
    endloop
  endfacet
  facet normal 0 0 -1
    outer loop
      vertex -8.45799 2.64512 0
      vertex -6.51974 6.00227 0
      vertex -8.17141 2.36661 0
    endloop
  endfacet
  facet normal -0 0 -1
    outer loop
      vertex -6.51974 6.00227 0
      vertex -8.45799 2.64512 0
      vertex -6.8893 6.15432 0
    endloop
  endfacet
  facet normal 0 0 -1
    outer loop
      vertex -8.77445 2.88915 0
      vertex -6.8893 6.15432 0
      vertex -8.45799 2.64512 0
    endloop
  endfacet
  facet normal -0 0 -1
    outer loop
      vertex -6.8893 6.15432 0
      vertex -8.77445 2.88915 0
      vertex -7.23913 6.3475 0
    endloop
  endfacet
  facet normal 0 0 -1
    outer loop
      vertex -9.11666 3.09552 0
      vertex -7.23913 6.3475 0
      vertex -8.77445 2.88915 0
    endloop
  endfacet
  facet normal -0 0 -1
    outer loop
      vertex -7.23913 6.3475 0
      vertex -9.11666 3.09552 0
      vertex -7.56465 6.57931 0
    endloop
  endfacet
  facet normal 0 0 -1
    outer loop
      vertex -9.48017 3.26152 0
      vertex -7.56465 6.57931 0
      vertex -9.11666 3.09552 0
    endloop
  endfacet
  facet normal -0 0 -1
    outer loop
      vertex -7.56465 6.57931 0
      vertex -9.48017 3.26152 0
      vertex -7.86163 6.84671 0
    endloop
  endfacet
  facet normal 0 0 -1
    outer loop
      vertex -9.86024 3.38501 0
      vertex -7.86163 6.84671 0
      vertex -9.48017 3.26152 0
    endloop
  endfacet
  facet normal -0 0 -1
    outer loop
      vertex -7.86163 6.84671 0
      vertex -9.86024 3.38501 0
      vertex -8.12619 7.14622 0
    endloop
  endfacet
  facet normal 0 0 -1
    outer loop
      vertex -10.2519 3.46437 0
      vertex -8.12619 7.14622 0
      vertex -9.86024 3.38501 0
    endloop
  endfacet
  facet normal -0 0 -1
    outer loop
      vertex -8.12619 7.14622 0
      vertex -10.2519 3.46437 0
      vertex -8.35488 7.47393 0
    endloop
  endfacet
  facet normal 0 0 -1
    outer loop
      vertex -10.6501 3.49857 0
      vertex -8.35488 7.47393 0
      vertex -10.2519 3.46437 0
    endloop
  endfacet
  facet normal -0 0 -1
    outer loop
      vertex -8.35488 7.47393 0
      vertex -10.6501 3.49857 0
      vertex -8.54473 7.82558 0
    endloop
  endfacet
  facet normal 0 0 -1
    outer loop
      vertex 3.68303 12.3736 0
      vertex 3.8 17.5 0
      vertex 4.04331 12.5465 0
    endloop
  endfacet
  facet normal 0 0 -1
    outer loop
      vertex 3.3448 12.1608 0
      vertex 3.8 17.5 0
      vertex 3.68303 12.3736 0
    endloop
  endfacet
  facet normal 0 0 -1
    outer loop
      vertex 3.03304 11.9108 0
      vertex 3.8 17.5 0
      vertex 3.3448 12.1608 0
    endloop
  endfacet
  facet normal 0 0 -1
    outer loop
      vertex -3.03304 11.9108 0
      vertex 3.03304 11.9108 0
      vertex 2.75182 11.6269 0
    endloop
  endfacet
  facet normal 0 0 -1
    outer loop
      vertex -2.75182 11.6269 0
      vertex 2.75182 11.6269 0
      vertex 2.50479 11.3127 0
    endloop
  endfacet
  facet normal 0 0 -1
    outer loop
      vertex -2.50479 11.3127 0
      vertex 2.50479 11.3127 0
      vertex 2.29517 10.9725 0
    endloop
  endfacet
  facet normal 0 0 -1
    outer loop
      vertex -2.29517 10.9725 0
      vertex 2.29517 10.9725 0
      vertex 2.12571 10.6106 0
    endloop
  endfacet
  facet normal 0 0 -1
    outer loop
      vertex -2.12571 10.6106 0
      vertex 2.12571 10.6106 0
      vertex 1.99861 10.2317 0
    endloop
  endfacet
  facet normal 0 0 -1
    outer loop
      vertex 2.03616 8.25995 0
      vertex -1.87754 9.44302 0
      vertex 1.93825 8.64739 0
    endloop
  endfacet
  facet normal 0 0 -1
    outer loop
      vertex -1.91552 -9.84083 0
      vertex 0.750339 -21.4869 0
      vertex 0 -21.5 0
    endloop
  endfacet
  facet normal 0 0 -1
    outer loop
      vertex -1.91552 -9.84083 0
      vertex 0 -21.5 0
      vertex -0.750339 -21.4869 0
    endloop
  endfacet
  facet normal 0 0 -1
    outer loop
      vertex -3.3448 -12.1608 0
      vertex -0.750339 -21.4869 0
      vertex -1.49976 -21.4476 0
    endloop
  endfacet
  facet normal 0 0 -1
    outer loop
      vertex 1.93825 8.64739 0
      vertex -1.87754 9.44302 0
      vertex 1.88515 9.04347 0
    endloop
  endfacet
  facet normal 0 0 -1
    outer loop
      vertex 1.88515 9.04347 0
      vertex -1.87754 9.44302 0
      vertex 1.87754 9.44302 0
    endloop
  endfacet
  facet normal 0 0 -1
    outer loop
      vertex 1.87754 9.44302 0
      vertex -1.87754 9.44302 0
      vertex 1.91552 9.84083 0
    endloop
  endfacet
  facet normal 0 0 -1
    outer loop
      vertex -1.91552 9.84083 0
      vertex 1.91552 9.84083 0
      vertex -1.87754 9.44302 0
    endloop
  endfacet
  facet normal 0 0 -1
    outer loop
      vertex 1.91552 9.84083 0
      vertex -1.91552 9.84083 0
      vertex 1.99861 10.2317 0
    endloop
  endfacet
  facet normal 0 0 -1
    outer loop
      vertex -1.99861 10.2317 0
      vertex 1.99861 10.2317 0
      vertex -1.91552 9.84083 0
    endloop
  endfacet
  facet normal 0 0 -1
    outer loop
      vertex -2.12571 10.6106 0
      vertex 1.99861 10.2317 0
      vertex -1.99861 10.2317 0
    endloop
  endfacet
  facet normal 0 0 -1
    outer loop
      vertex 2.12571 10.6106 0
      vertex -2.12571 10.6106 0
      vertex -2.29517 10.9725 0
    endloop
  endfacet
  facet normal 0 0 -1
    outer loop
      vertex 2.29517 10.9725 0
      vertex -2.29517 10.9725 0
      vertex -2.50479 11.3127 0
    endloop
  endfacet
  facet normal 0 0 -1
    outer loop
      vertex 2.50479 11.3127 0
      vertex -2.50479 11.3127 0
      vertex -2.75182 11.6269 0
    endloop
  endfacet
  facet normal 0 0 -1
    outer loop
      vertex 2.75182 11.6269 0
      vertex -2.75182 11.6269 0
      vertex -3.03304 11.9108 0
    endloop
  endfacet
  facet normal 0 0 -1
    outer loop
      vertex 3.03304 11.9108 0
      vertex -3.03304 11.9108 0
      vertex 3.8 17.5 0
    endloop
  endfacet
  facet normal 0 0 -1
    outer loop
      vertex -3.8 17.5 0
      vertex -3.03304 11.9108 0
      vertex -3.3448 12.1608 0
    endloop
  endfacet
  facet normal 0 0 -1
    outer loop
      vertex -3.8 17.5 0
      vertex -3.3448 12.1608 0
      vertex -3.68303 12.3736 0
    endloop
  endfacet
  facet normal 0 0 -1
    outer loop
      vertex -3.03304 11.9108 0
      vertex -3.8 17.5 0
      vertex 3.8 17.5 0
    endloop
  endfacet
  facet normal 0 0 -1
    outer loop
      vertex -4.04331 12.5465 0
      vertex -3.8 17.5 0
      vertex -3.68303 12.3736 0
    endloop
  endfacet
  facet normal 0 0 -1
    outer loop
      vertex -4.42095 12.6772 0
      vertex -3.8 17.5 0
      vertex -4.04331 12.5465 0
    endloop
  endfacet
  facet normal 0 0 -1
    outer loop
      vertex -4.81103 12.764 0
      vertex -3.8 17.5 0
      vertex -4.42095 12.6772 0
    endloop
  endfacet
  facet normal 0 0 -1
    outer loop
      vertex -3.8 17.5 0
      vertex -4.4701 21.0302 0
      vertex -3.8 21.1604 0
    endloop
  endfacet
  facet normal 0 0 -1
    outer loop
      vertex -5.20846 12.8058 0
      vertex -3.8 17.5 0
      vertex -4.81103 12.764 0
    endloop
  endfacet
  facet normal 0 0 -1
    outer loop
      vertex -3.8 17.5 0
      vertex -5.20132 20.8614 0
      vertex -4.4701 21.0302 0
    endloop
  endfacet
  facet normal 0 0 -1
    outer loop
      vertex -5.60807 12.802 0
      vertex -3.8 17.5 0
      vertex -5.20846 12.8058 0
    endloop
  endfacet
  facet normal 0 0 -1
    outer loop
      vertex -6.00463 12.7527 0
      vertex -3.8 17.5 0
      vertex -5.60807 12.802 0
    endloop
  endfacet
  facet normal 0 0 -1
    outer loop
      vertex -3.8 17.5 0
      vertex -5.9262 20.6671 0
      vertex -5.20132 20.8614 0
    endloop
  endfacet
  facet normal 0 0 -1
    outer loop
      vertex -6.39299 12.6585 0
      vertex -3.8 17.5 0
      vertex -6.00463 12.7527 0
    endloop
  endfacet
  facet normal -0 0 -1
    outer loop
      vertex -3.8 17.5 0
      vertex -6.39299 12.6585 0
      vertex -8.74484 19.6412 0
    endloop
  endfacet
  facet normal 0 0 -1
    outer loop
      vertex -3.8 17.5 0
      vertex -6.64386 20.4477 0
      vertex -5.9262 20.6671 0
    endloop
  endfacet
  facet normal 0 0 -1
    outer loop
      vertex -9.42498 19.3241 0
      vertex -6.39299 12.6585 0
      vertex -6.76807 12.5206 0
    endloop
  endfacet
  facet normal 0 0 -1
    outer loop
      vertex -10.0936 18.9834 0
      vertex -6.76807 12.5206 0
      vertex -7.125 12.3409 0
    endloop
  endfacet
  facet normal 0 0 -1
    outer loop
      vertex -3.8 17.5 0
      vertex -7.35343 20.2034 0
      vertex -6.64386 20.4477 0
    endloop
  endfacet
  facet normal 0 0 -1
    outer loop
      vertex -11.3933 18.233 0
      vertex -7.125 12.3409 0
      vertex -7.45911 12.1216 0
    endloop
  endfacet
  facet normal 0 0 -1
    outer loop
      vertex -12.0226 17.8243 0
      vertex -7.45911 12.1216 0
      vertex -7.76605 11.8657 0
    endloop
  endfacet
  facet normal 0 0 -1
    outer loop
      vertex -12.6374 17.3939 0
      vertex -7.76605 11.8657 0
      vertex -8.04182 11.5765 0
    endloop
  endfacet
  facet normal 0 0 -1
    outer loop
      vertex -3.8 17.5 0
      vertex -8.05404 19.9345 0
      vertex -7.35343 20.2034 0
    endloop
  endfacet
  facet normal 0 0 -1
    outer loop
      vertex -13.8199 16.47 0
      vertex -8.04182 11.5765 0
      vertex -8.28283 11.2577 0
    endloop
  endfacet
  facet normal 0 0 -1
    outer loop
      vertex -14.3863 15.9776 0
      vertex -8.28283 11.2577 0
      vertex -8.48592 10.9136 0
    endloop
  endfacet
  facet normal 0 0 -1
    outer loop
      vertex -14.9352 15.4658 0
      vertex -8.48592 10.9136 0
      vertex -8.64846 10.5485 0
    endloop
  endfacet
  facet normal 0 0 -1
    outer loop
      vertex -3.8 17.5 0
      vertex -8.74484 19.6412 0
      vertex -8.05404 19.9345 0
    endloop
  endfacet
  facet normal 0 0 -1
    outer loop
      vertex -15.9776 14.3863 0
      vertex -8.64846 10.5485 0
      vertex -8.76833 10.1673 0
    endloop
  endfacet
  facet normal 0 0 -1
    outer loop
      vertex -16.47 13.8199 0
      vertex -8.76833 10.1673 0
      vertex -8.84396 9.77487 0
    endloop
  endfacet
  facet normal 0 0 -1
    outer loop
      vertex -17.3939 12.6374 0
      vertex -8.84396 9.77487 0
      vertex -8.87436 9.37641 0
    endloop
  endfacet
  facet normal 0 0 -1
    outer loop
      vertex -11.0495 3.48716 0
      vertex -8.54473 7.82558 0
      vertex -10.6501 3.49857 0
    endloop
  endfacet
  facet normal 0 0 -1
    outer loop
      vertex -6.39299 12.6585 0
      vertex -9.42498 19.3241 0
      vertex -8.74484 19.6412 0
    endloop
  endfacet
  facet normal -0 0 -1
    outer loop
      vertex -8.54473 7.82558 0
      vertex -11.0495 3.48716 0
      vertex -8.69325 8.19657 0
    endloop
  endfacet
  facet normal 0 0 -1
    outer loop
      vertex -11.4451 3.43029 0
      vertex -8.69325 8.19657 0
      vertex -11.0495 3.48716 0
    endloop
  endfacet
  facet normal 0 0 -1
    outer loop
      vertex -6.76807 12.5206 0
      vertex -10.0936 18.9834 0
      vertex -9.42498 19.3241 0
    endloop
  endfacet
  facet normal -0 0 -1
    outer loop
      vertex -8.69325 8.19657 0
      vertex -11.4451 3.43029 0
      vertex -8.79852 8.58208 0
    endloop
  endfacet
  facet normal 0 0 -1
    outer loop
      vertex -11.8316 3.3287 0
      vertex -8.79852 8.58208 0
      vertex -11.4451 3.43029 0
    endloop
  endfacet
  facet normal 0 0 -1
    outer loop
      vertex -7.125 12.3409 0
      vertex -10.75 18.6195 0
      vertex -10.0936 18.9834 0
    endloop
  endfacet
  facet normal -0 0 -1
    outer loop
      vertex -8.79852 8.58208 0
      vertex -11.8316 3.3287 0
      vertex -8.85915 8.97708 0
    endloop
  endfacet
  facet normal 0 0 -1
    outer loop
      vertex -7.125 12.3409 0
      vertex -11.3933 18.233 0
      vertex -10.75 18.6195 0
    endloop
  endfacet
  facet normal 0 0 -1
    outer loop
      vertex -12.204 3.18371 0
      vertex -8.85915 8.97708 0
      vertex -11.8316 3.3287 0
    endloop
  endfacet
  facet normal 0 0 -1
    outer loop
      vertex -18.6195 10.75 0
      vertex -8.85915 8.97708 0
      vertex -12.204 3.18371 0
    endloop
  endfacet
  facet normal 0 0 -1
    outer loop
      vertex -7.45911 12.1216 0
      vertex -12.0226 17.8243 0
      vertex -11.3933 18.233 0
    endloop
  endfacet
  facet normal 0 -0 -1
    outer loop
      vertex -18.233 11.3933 0
      vertex -8.85915 8.97708 0
      vertex -18.6195 10.75 0
    endloop
  endfacet
  facet normal 0 0 -1
    outer loop
      vertex -18.9834 10.0936 0
      vertex -12.204 3.18371 0
      vertex -12.5574 2.99722 0
    endloop
  endfacet
  facet normal 0 0 -1
    outer loop
      vertex -7.76605 11.8657 0
      vertex -12.6374 17.3939 0
      vertex -12.0226 17.8243 0
    endloop
  endfacet
  facet normal 0 0 -1
    outer loop
      vertex -19.6412 8.74484 0
      vertex -12.5574 2.99722 0
      vertex -12.8873 2.77166 0
    endloop
  endfacet
  facet normal 0 0 -1
    outer loop
      vertex -20.2034 7.35343 0
      vertex -12.8873 2.77166 0
      vertex -13.1893 2.50996 0
    endloop
  endfacet
  facet normal 0 0 -1
    outer loop
      vertex -8.04182 11.5765 0
      vertex -13.2367 16.9422 0
      vertex -12.6374 17.3939 0
    endloop
  endfacet
  facet normal 0 0 -1
    outer loop
      vertex -20.4477 6.64386 0
      vertex -13.1893 2.50996 0
      vertex -13.4595 2.21554 0
    endloop
  endfacet
  facet normal 0 0 -1
    outer loop
      vertex -20.8614 5.20132 0
      vertex -13.4595 2.21554 0
      vertex -13.6944 1.89224 0
    endloop
  endfacet
  facet normal 0 0 -1
    outer loop
      vertex -8.04182 11.5765 0
      vertex -13.8199 16.47 0
      vertex -13.2367 16.9422 0
    endloop
  endfacet
  facet normal 0 0 -1
    outer loop
      vertex -21.0302 4.4701 0
      vertex -13.6944 1.89224 0
      vertex -13.8909 1.54427 0
    endloop
  endfacet
  facet normal 0 0 -1
    outer loop
      vertex -21.1734 3.73344 0
      vertex -13.8909 1.54427 0
      vertex -14.0465 1.17617 0
    endloop
  endfacet
  facet normal 0 0 -1
    outer loop
      vertex -21.3822 2.24736 0
      vertex -14.0465 1.17617 0
      vertex -14.159 0.792738 0
    endloop
  endfacet
  facet normal 0 0 -1
    outer loop
      vertex -21.4476 1.49976 0
      vertex -14.159 0.792738 0
      vertex -14.2272 0.39897 0
    endloop
  endfacet
  facet normal 0 0 -1
    outer loop
      vertex -21.4869 0.750339 0
      vertex -14.2272 0.39897 0
      vertex -14.25 0 0
    endloop
  endfacet
  facet normal 0 0 -1
    outer loop
      vertex -8.28283 11.2577 0
      vertex -14.3863 15.9776 0
      vertex -13.8199 16.47 0
    endloop
  endfacet
  facet normal -0 0 -1
    outer loop
      vertex -12.204 -3.18371 0
      vertex -18.9834 -10.0936 0
      vertex -12.5574 -2.99722 0
    endloop
  endfacet
  facet normal 0 0 -1
    outer loop
      vertex -19.3241 -9.42498 0
      vertex -12.5574 -2.99722 0
      vertex -18.9834 -10.0936 0
    endloop
  endfacet
  facet normal 0 0 -1
    outer loop
      vertex -8.48592 10.9136 0
      vertex -14.9352 15.4658 0
      vertex -14.3863 15.9776 0
    endloop
  endfacet
  facet normal 0 0 -1
    outer loop
      vertex -19.6412 -8.74484 0
      vertex -12.5574 -2.99722 0
      vertex -19.3241 -9.42498 0
    endloop
  endfacet
  facet normal 0 0 -1
    outer loop
      vertex -8.64846 10.5485 0
      vertex -15.4658 14.9352 0
      vertex -14.9352 15.4658 0
    endloop
  endfacet
  facet normal -0 0 -1
    outer loop
      vertex -12.5574 -2.99722 0
      vertex -19.6412 -8.74484 0
      vertex -12.8873 -2.77166 0
    endloop
  endfacet
  facet normal 0 0 -1
    outer loop
      vertex -8.64846 10.5485 0
      vertex -15.9776 14.3863 0
      vertex -15.4658 14.9352 0
    endloop
  endfacet
  facet normal 0 0 -1
    outer loop
      vertex -19.9345 -8.05404 0
      vertex -12.8873 -2.77166 0
      vertex -19.6412 -8.74484 0
    endloop
  endfacet
  facet normal 0 0 -1
    outer loop
      vertex -8.76833 10.1673 0
      vertex -16.47 13.8199 0
      vertex -15.9776 14.3863 0
    endloop
  endfacet
  facet normal 0 0 -1
    outer loop
      vertex -20.2034 -7.35343 0
      vertex -12.8873 -2.77166 0
      vertex -19.9345 -8.05404 0
    endloop
  endfacet
  facet normal 0 0 -1
    outer loop
      vertex -8.84396 9.77487 0
      vertex -16.9422 13.2367 0
      vertex -16.47 13.8199 0
    endloop
  endfacet
  facet normal -0 0 -1
    outer loop
      vertex -12.8873 -2.77166 0
      vertex -20.2034 -7.35343 0
      vertex -13.1893 -2.50996 0
    endloop
  endfacet
  facet normal 0 0 -1
    outer loop
      vertex -8.84396 9.77487 0
      vertex -17.3939 12.6374 0
      vertex -16.9422 13.2367 0
    endloop
  endfacet
  facet normal 0 0 -1
    outer loop
      vertex -20.4477 -6.64386 0
      vertex -13.1893 -2.50996 0
      vertex -20.2034 -7.35343 0
    endloop
  endfacet
  facet normal 0 0 -1
    outer loop
      vertex -8.87436 9.37641 0
      vertex -17.8243 12.0226 0
      vertex -17.3939 12.6374 0
    endloop
  endfacet
  facet normal -0 0 -1
    outer loop
      vertex -13.1893 -2.50996 0
      vertex -20.4477 -6.64386 0
      vertex -13.4595 -2.21554 0
    endloop
  endfacet
  facet normal 0 0 -1
    outer loop
      vertex -8.87436 9.37641 0
      vertex -18.233 11.3933 0
      vertex -17.8243 12.0226 0
    endloop
  endfacet
  facet normal 0 0 -1
    outer loop
      vertex -20.6671 -5.9262 0
      vertex -13.4595 -2.21554 0
      vertex -20.4477 -6.64386 0
    endloop
  endfacet
  facet normal 0 0 -1
    outer loop
      vertex -8.85915 8.97708 0
      vertex -18.233 11.3933 0
      vertex -8.87436 9.37641 0
    endloop
  endfacet
  facet normal 0 0 -1
    outer loop
      vertex -20.8614 -5.20132 0
      vertex -13.4595 -2.21554 0
      vertex -20.6671 -5.9262 0
    endloop
  endfacet
  facet normal 0 0 -1
    outer loop
      vertex -12.204 3.18371 0
      vertex -18.9834 10.0936 0
      vertex -18.6195 10.75 0
    endloop
  endfacet
  facet normal -0 0 -1
    outer loop
      vertex -13.4595 -2.21554 0
      vertex -20.8614 -5.20132 0
      vertex -13.6944 -1.89224 0
    endloop
  endfacet
  facet normal 0 0 -1
    outer loop
      vertex -12.5574 2.99722 0
      vertex -19.3241 9.42498 0
      vertex -18.9834 10.0936 0
    endloop
  endfacet
  facet normal 0 0 -1
    outer loop
      vertex -21.0302 -4.4701 0
      vertex -13.6944 -1.89224 0
      vertex -20.8614 -5.20132 0
    endloop
  endfacet
  facet normal 0 0 -1
    outer loop
      vertex -12.5574 2.99722 0
      vertex -19.6412 8.74484 0
      vertex -19.3241 9.42498 0
    endloop
  endfacet
  facet normal -0 0 -1
    outer loop
      vertex -13.6944 -1.89224 0
      vertex -21.0302 -4.4701 0
      vertex -13.8909 -1.54427 0
    endloop
  endfacet
  facet normal 0 0 -1
    outer loop
      vertex -12.8873 2.77166 0
      vertex -19.9345 8.05404 0
      vertex -19.6412 8.74484 0
    endloop
  endfacet
  facet normal 0 0 -1
    outer loop
      vertex -21.1734 -3.73344 0
      vertex -13.8909 -1.54427 0
      vertex -21.0302 -4.4701 0
    endloop
  endfacet
  facet normal 0 0 -1
    outer loop
      vertex -12.8873 2.77166 0
      vertex -20.2034 7.35343 0
      vertex -19.9345 8.05404 0
    endloop
  endfacet
  facet normal -0 0 -1
    outer loop
      vertex -13.8909 -1.54427 0
      vertex -21.1734 -3.73344 0
      vertex -14.0465 -1.17617 0
    endloop
  endfacet
  facet normal 0 0 -1
    outer loop
      vertex -13.1893 2.50996 0
      vertex -20.4477 6.64386 0
      vertex -20.2034 7.35343 0
    endloop
  endfacet
  facet normal 0 0 -1
    outer loop
      vertex -21.2908 -2.99222 0
      vertex -14.0465 -1.17617 0
      vertex -21.1734 -3.73344 0
    endloop
  endfacet
  facet normal 0 0 -1
    outer loop
      vertex -13.4595 2.21554 0
      vertex -20.6671 5.9262 0
      vertex -20.4477 6.64386 0
    endloop
  endfacet
  facet normal 0 0 -1
    outer loop
      vertex -21.3822 -2.24736 0
      vertex -14.0465 -1.17617 0
      vertex -21.2908 -2.99222 0
    endloop
  endfacet
  facet normal 0 0 -1
    outer loop
      vertex -13.4595 2.21554 0
      vertex -20.8614 5.20132 0
      vertex -20.6671 5.9262 0
    endloop
  endfacet
  facet normal -0 0 -1
    outer loop
      vertex -14.0465 -1.17617 0
      vertex -21.3822 -2.24736 0
      vertex -14.159 -0.792738 0
    endloop
  endfacet
  facet normal 0 0 -1
    outer loop
      vertex -13.6944 1.89224 0
      vertex -21.0302 4.4701 0
      vertex -20.8614 5.20132 0
    endloop
  endfacet
  facet normal 0 0 -1
    outer loop
      vertex -21.4476 -1.49976 0
      vertex -14.159 -0.792738 0
      vertex -21.3822 -2.24736 0
    endloop
  endfacet
  facet normal 0 0 -1
    outer loop
      vertex -13.8909 1.54427 0
      vertex -21.1734 3.73344 0
      vertex -21.0302 4.4701 0
    endloop
  endfacet
  facet normal -0 0 -1
    outer loop
      vertex -14.159 -0.792738 0
      vertex -21.4476 -1.49976 0
      vertex -14.2272 -0.39897 0
    endloop
  endfacet
  facet normal 0 0 -1
    outer loop
      vertex -14.0465 1.17617 0
      vertex -21.2908 2.99222 0
      vertex -21.1734 3.73344 0
    endloop
  endfacet
  facet normal 0 0 -1
    outer loop
      vertex -21.4869 -0.750339 0
      vertex -14.2272 -0.39897 0
      vertex -21.4476 -1.49976 0
    endloop
  endfacet
  facet normal 0 0 -1
    outer loop
      vertex -14.0465 1.17617 0
      vertex -21.3822 2.24736 0
      vertex -21.2908 2.99222 0
    endloop
  endfacet
  facet normal -0 0 -1
    outer loop
      vertex -14.2272 -0.39897 0
      vertex -21.4869 -0.750339 0
      vertex -14.25 0 0
    endloop
  endfacet
  facet normal 0 0 -1
    outer loop
      vertex -14.159 0.792738 0
      vertex -21.4476 1.49976 0
      vertex -21.3822 2.24736 0
    endloop
  endfacet
  facet normal 0 0 -1
    outer loop
      vertex -21.5 0 0
      vertex -14.25 0 0
      vertex -21.4869 -0.750339 0
    endloop
  endfacet
  facet normal 0 0 -1
    outer loop
      vertex -14.2272 0.39897 0
      vertex -21.4869 0.750339 0
      vertex -21.4476 1.49976 0
    endloop
  endfacet
  facet normal 0 0 -1
    outer loop
      vertex -14.25 0 0
      vertex -21.5 0 0
      vertex -21.4869 0.750339 0
    endloop
  endfacet
  facet normal 0 0 -1
    outer loop
      vertex 18.233 11.3933 0
      vertex 8.85915 8.97708 0
      vertex 8.87436 9.37641 0
    endloop
  endfacet
  facet normal 0 0 -1
    outer loop
      vertex 9.48017 3.26152 0
      vertex 8.79852 8.58208 0
      vertex 8.85915 8.97708 0
    endloop
  endfacet
  facet normal 0 0 -1
    outer loop
      vertex 7.23913 6.3475 0
      vertex 9.11666 3.09552 0
      vertex 8.77445 2.88915 0
    endloop
  endfacet
  facet normal 0 0 -1
    outer loop
      vertex 9.48017 3.26152 0
      vertex 8.69325 8.19657 0
      vertex 8.79852 8.58208 0
    endloop
  endfacet
  facet normal 0 0 -1
    outer loop
      vertex 9.48017 3.26152 0
      vertex 8.54473 7.82558 0
      vertex 8.69325 8.19657 0
    endloop
  endfacet
  facet normal 0 0 -1
    outer loop
      vertex 6.8893 6.15432 0
      vertex 8.77445 2.88915 0
      vertex 8.45799 2.64512 0
    endloop
  endfacet
  facet normal 0 0 -1
    outer loop
      vertex 9.48017 3.26152 0
      vertex 8.35488 7.47393 0
      vertex 8.54473 7.82558 0
    endloop
  endfacet
  facet normal 0 0 -1
    outer loop
      vertex 6.51974 6.00227 0
      vertex 8.45799 2.64512 0
      vertex 8.17141 2.36661 0
    endloop
  endfacet
  facet normal 0 0 -1
    outer loop
      vertex 9.48017 3.26152 0
      vertex 8.12619 7.14622 0
      vertex 8.35488 7.47393 0
    endloop
  endfacet
  facet normal 0 0 -1
    outer loop
      vertex 6.13525 5.89334 0
      vertex 8.17141 2.36661 0
      vertex 7.91844 2.05725 0
    endloop
  endfacet
  facet normal 0 0 -1
    outer loop
      vertex 9.48017 3.26152 0
      vertex 7.86163 6.84671 0
      vertex 8.12619 7.14622 0
    endloop
  endfacet
  facet normal 0 0 -1
    outer loop
      vertex 5.74085 5.82895 0
      vertex 7.91844 2.05725 0
      vertex 7.70239 1.72106 0
    endloop
  endfacet
  facet normal 0 0 -1
    outer loop
      vertex 9.48017 3.26152 0
      vertex 7.56465 6.57931 0
      vertex 7.86163 6.84671 0
    endloop
  endfacet
  facet normal 0 0 -1
    outer loop
      vertex 5.34168 5.80993 0
      vertex 7.70239 1.72106 0
      vertex 7.52607 1.36244 0
    endloop
  endfacet
  facet normal 0 0 -1
    outer loop
      vertex 4.94295 5.83654 0
      vertex 7.52607 1.36244 0
      vertex 7.39177 0.986063 0
    endloop
  endfacet
  facet normal 0 0 -1
    outer loop
      vertex 4.54984 5.90843 0
      vertex 7.39177 0.986063 0
      vertex 7.30126 0.596828 0
    endloop
  endfacet
  facet normal 0 0 -1
    outer loop
      vertex 4.1675 6.02466 0
      vertex 7.30126 0.596828 0
      vertex 7.25571 0.19981 0
    endloop
  endfacet
  facet normal 0 0 -1
    outer loop
      vertex 9.11666 3.09552 0
      vertex 7.23913 6.3475 0
      vertex 7.56465 6.57931 0
    endloop
  endfacet
  facet normal -0 0 -1
    outer loop
      vertex 7.70239 -1.72106 0
      vertex 5.34168 -5.80993 0
      vertex 7.52607 -1.36244 0
    endloop
  endfacet
  facet normal 0 0 -1
    outer loop
      vertex 4.94295 -5.83654 0
      vertex 7.52607 -1.36244 0
      vertex 5.34168 -5.80993 0
    endloop
  endfacet
  facet normal 0 0 -1
    outer loop
      vertex 8.77445 2.88915 0
      vertex 6.8893 6.15432 0
      vertex 7.23913 6.3475 0
    endloop
  endfacet
  facet normal -0 0 -1
    outer loop
      vertex 7.52607 -1.36244 0
      vertex 4.94295 -5.83654 0
      vertex 7.39177 -0.986063 0
    endloop
  endfacet
  facet normal 0 0 -1
    outer loop
      vertex 8.45799 2.64512 0
      vertex 6.51974 6.00227 0
      vertex 6.8893 6.15432 0
    endloop
  endfacet
  facet normal 0 0 -1
    outer loop
      vertex 4.54984 -5.90843 0
      vertex 7.39177 -0.986063 0
      vertex 4.94295 -5.83654 0
    endloop
  endfacet
  facet normal 0 0 -1
    outer loop
      vertex 8.17141 2.36661 0
      vertex 6.13525 5.89334 0
      vertex 6.51974 6.00227 0
    endloop
  endfacet
  facet normal -0 0 -1
    outer loop
      vertex 7.39177 -0.986063 0
      vertex 4.54984 -5.90843 0
      vertex 7.30126 -0.596828 0
    endloop
  endfacet
  facet normal 0 0 -1
    outer loop
      vertex 7.91844 2.05725 0
      vertex 5.74085 5.82895 0
      vertex 6.13525 5.89334 0
    endloop
  endfacet
  facet normal 0 0 -1
    outer loop
      vertex 4.1675 -6.02466 0
      vertex 7.30126 -0.596828 0
      vertex 4.54984 -5.90843 0
    endloop
  endfacet
  facet normal 0 0 -1
    outer loop
      vertex 7.70239 1.72106 0
      vertex 5.34168 5.80993 0
      vertex 5.74085 5.82895 0
    endloop
  endfacet
  facet normal -0 0 -1
    outer loop
      vertex 7.30126 -0.596828 0
      vertex 4.1675 -6.02466 0
      vertex 7.25571 -0.19981 0
    endloop
  endfacet
  facet normal 0 0 -1
    outer loop
      vertex 7.52607 1.36244 0
      vertex 4.94295 5.83654 0
      vertex 5.34168 5.80993 0
    endloop
  endfacet
  facet normal 0 0 -1
    outer loop
      vertex 3.80089 -6.18372 0
      vertex 7.25571 -0.19981 0
      vertex 4.1675 -6.02466 0
    endloop
  endfacet
  facet normal 0 0 -1
    outer loop
      vertex 7.39177 0.986063 0
      vertex 4.54984 5.90843 0
      vertex 4.94295 5.83654 0
    endloop
  endfacet
  facet normal -0 0 -1
    outer loop
      vertex 7.25571 -0.19981 0
      vertex 3.80089 -6.18372 0
      vertex 7.25571 0.19981 0
    endloop
  endfacet
  facet normal 0 0 -1
    outer loop
      vertex 7.30126 0.596828 0
      vertex 4.1675 6.02466 0
      vertex 4.54984 5.90843 0
    endloop
  endfacet
  facet normal 0 0 -1
    outer loop
      vertex 3.80089 6.18372 0
      vertex 7.25571 0.19981 0
      vertex 3.80089 -6.18372 0
    endloop
  endfacet
  facet normal 0 0 -1
    outer loop
      vertex 7.25571 0.19981 0
      vertex 3.80089 6.18372 0
      vertex 4.1675 6.02466 0
    endloop
  endfacet
  facet normal 0 0 -1
    outer loop
      vertex 3.45481 -6.38353 0
      vertex 3.80089 6.18372 0
      vertex 3.80089 -6.18372 0
    endloop
  endfacet
  facet normal 0 0 -1
    outer loop
      vertex 3.45481 -6.38353 0
      vertex 3.45481 6.38353 0
      vertex 3.80089 6.18372 0
    endloop
  endfacet
  facet normal 0 0 -1
    outer loop
      vertex 3.13376 -6.62149 0
      vertex 3.45481 6.38353 0
      vertex 3.45481 -6.38353 0
    endloop
  endfacet
  facet normal 0 0 -1
    outer loop
      vertex 3.13376 -6.62149 0
      vertex 3.13376 6.62149 0
      vertex 3.45481 6.38353 0
    endloop
  endfacet
  facet normal 0 0 -1
    outer loop
      vertex 2.17759 -7.88619 0
      vertex -2.17759 -7.88619 0
      vertex 2.36071 -7.531 0
    endloop
  endfacet
  facet normal 0 0 -1
    outer loop
      vertex -2.36071 -7.531 0
      vertex 2.36071 -7.531 0
      vertex -2.17759 -7.88619 0
    endloop
  endfacet
  facet normal 0 0 -1
    outer loop
      vertex 2.03616 -8.25995 0
      vertex -2.03616 -8.25995 0
      vertex 2.17759 -7.88619 0
    endloop
  endfacet
  facet normal 0 0 -1
    outer loop
      vertex -2.17759 -7.88619 0
      vertex 2.17759 -7.88619 0
      vertex -2.03616 -8.25995 0
    endloop
  endfacet
  facet normal 0 0 -1
    outer loop
      vertex -2.03616 -8.25995 0
      vertex 2.03616 -8.25995 0
      vertex -1.93825 -8.64739 0
    endloop
  endfacet
  facet normal 0 0 -1
    outer loop
      vertex 2.36071 -7.531 0
      vertex -2.36071 -7.531 0
      vertex 2.58312 -7.19899 0
    endloop
  endfacet
  facet normal 0 0 -1
    outer loop
      vertex 1.93825 -8.64739 0
      vertex -1.93825 -8.64739 0
      vertex 2.03616 -8.25995 0
    endloop
  endfacet
  facet normal 0 0 -1
    outer loop
      vertex 2.84193 6.8945 0
      vertex -1.87754 9.44302 0
      vertex 2.58312 7.19899 0
    endloop
  endfacet
  facet normal 0 0 -1
    outer loop
      vertex -1.93825 -8.64739 0
      vertex 1.93825 -8.64739 0
      vertex -1.88515 -9.04347 0
    endloop
  endfacet
  facet normal 0 0 -1
    outer loop
      vertex 2.58312 7.19899 0
      vertex -1.87754 9.44302 0
      vertex 2.36071 7.531 0
    endloop
  endfacet
  facet normal 0 0 -1
    outer loop
      vertex 1.88515 -9.04347 0
      vertex -1.88515 -9.04347 0
      vertex 1.93825 -8.64739 0
    endloop
  endfacet
  facet normal 0 0 -1
    outer loop
      vertex 2.36071 7.531 0
      vertex -1.87754 9.44302 0
      vertex 2.17759 7.88619 0
    endloop
  endfacet
  facet normal 0 0 -1
    outer loop
      vertex -1.88515 -9.04347 0
      vertex 1.88515 -9.04347 0
      vertex -1.87754 -9.44302 0
    endloop
  endfacet
  facet normal 0 0 -1
    outer loop
      vertex 2.17759 7.88619 0
      vertex -1.87754 9.44302 0
      vertex 2.03616 8.25995 0
    endloop
  endfacet
  facet normal 0 0 -1
    outer loop
      vertex 1.91552 -9.84083 0
      vertex -1.87754 -9.44302 0
      vertex 1.87754 -9.44302 0
    endloop
  endfacet
  facet normal 0 0 -1
    outer loop
      vertex 1.87754 -9.44302 0
      vertex -1.87754 -9.44302 0
      vertex 1.88515 -9.04347 0
    endloop
  endfacet
  facet normal 0 0 -1
    outer loop
      vertex 14.25 0 0
      vertex 21.5 0 0
      vertex 21.4869 -0.750339 0
    endloop
  endfacet
  facet normal 0 0 -1
    outer loop
      vertex 14.2272 -0.39897 0
      vertex 21.4869 -0.750339 0
      vertex 21.4476 -1.49976 0
    endloop
  endfacet
  facet normal 0 0 -1
    outer loop
      vertex 21.5 0 0
      vertex 14.25 0 0
      vertex 21.4869 0.750339 0
    endloop
  endfacet
  facet normal 0 0 -1
    outer loop
      vertex 14.159 -0.792738 0
      vertex 21.4476 -1.49976 0
      vertex 21.3822 -2.24736 0
    endloop
  endfacet
  facet normal 0 0 -1
    outer loop
      vertex 14.2272 0.39897 0
      vertex 21.4869 0.750339 0
      vertex 14.25 0 0
    endloop
  endfacet
  facet normal 0 0 -1
    outer loop
      vertex 14.0465 -1.17617 0
      vertex 21.3822 -2.24736 0
      vertex 21.2908 -2.99222 0
    endloop
  endfacet
  facet normal -0 0 -1
    outer loop
      vertex 21.4869 0.750339 0
      vertex 14.2272 0.39897 0
      vertex 21.4476 1.49976 0
    endloop
  endfacet
  facet normal 0 0 -1
    outer loop
      vertex 14.0465 -1.17617 0
      vertex 21.2908 -2.99222 0
      vertex 21.1734 -3.73344 0
    endloop
  endfacet
  facet normal 0 0 -1
    outer loop
      vertex 14.159 0.792738 0
      vertex 21.4476 1.49976 0
      vertex 14.2272 0.39897 0
    endloop
  endfacet
  facet normal 0 0 -1
    outer loop
      vertex 13.8909 -1.54427 0
      vertex 21.1734 -3.73344 0
      vertex 21.0302 -4.4701 0
    endloop
  endfacet
  facet normal -0 0 -1
    outer loop
      vertex 21.4476 1.49976 0
      vertex 14.159 0.792738 0
      vertex 21.3822 2.24736 0
    endloop
  endfacet
  facet normal 0 0 -1
    outer loop
      vertex 13.6944 -1.89224 0
      vertex 21.0302 -4.4701 0
      vertex 20.8614 -5.20132 0
    endloop
  endfacet
  facet normal 0 0 -1
    outer loop
      vertex 14.0465 1.17617 0
      vertex 21.3822 2.24736 0
      vertex 14.159 0.792738 0
    endloop
  endfacet
  facet normal 0 0 -1
    outer loop
      vertex 13.4595 -2.21554 0
      vertex 20.8614 -5.20132 0
      vertex 20.6671 -5.9262 0
    endloop
  endfacet
  facet normal -0 0 -1
    outer loop
      vertex 21.3822 2.24736 0
      vertex 14.0465 1.17617 0
      vertex 21.2908 2.99222 0
    endloop
  endfacet
  facet normal 0 0 -1
    outer loop
      vertex 13.4595 -2.21554 0
      vertex 20.6671 -5.9262 0
      vertex 20.4477 -6.64386 0
    endloop
  endfacet
  facet normal -0 0 -1
    outer loop
      vertex 21.2908 2.99222 0
      vertex 14.0465 1.17617 0
      vertex 21.1734 3.73344 0
    endloop
  endfacet
  facet normal 0 0 -1
    outer loop
      vertex 13.1893 -2.50996 0
      vertex 20.4477 -6.64386 0
      vertex 20.2034 -7.35343 0
    endloop
  endfacet
  facet normal 0 0 -1
    outer loop
      vertex 13.8909 1.54427 0
      vertex 21.1734 3.73344 0
      vertex 14.0465 1.17617 0
    endloop
  endfacet
  facet normal 0 0 -1
    outer loop
      vertex 12.8873 -2.77166 0
      vertex 20.2034 -7.35343 0
      vertex 19.9345 -8.05404 0
    endloop
  endfacet
  facet normal -0 0 -1
    outer loop
      vertex 21.1734 3.73344 0
      vertex 13.8909 1.54427 0
      vertex 21.0302 4.4701 0
    endloop
  endfacet
  facet normal 0 0 -1
    outer loop
      vertex 12.8873 -2.77166 0
      vertex 19.9345 -8.05404 0
      vertex 19.6412 -8.74484 0
    endloop
  endfacet
  facet normal 0 0 -1
    outer loop
      vertex 13.6944 1.89224 0
      vertex 21.0302 4.4701 0
      vertex 13.8909 1.54427 0
    endloop
  endfacet
  facet normal 0 0 -1
    outer loop
      vertex 12.5574 -2.99722 0
      vertex 19.6412 -8.74484 0
      vertex 19.3241 -9.42498 0
    endloop
  endfacet
  facet normal -0 0 -1
    outer loop
      vertex 21.0302 4.4701 0
      vertex 13.6944 1.89224 0
      vertex 20.8614 5.20132 0
    endloop
  endfacet
  facet normal 0 0 -1
    outer loop
      vertex 12.5574 -2.99722 0
      vertex 19.3241 -9.42498 0
      vertex 18.9834 -10.0936 0
    endloop
  endfacet
  facet normal 0 0 -1
    outer loop
      vertex 13.4595 2.21554 0
      vertex 20.8614 5.20132 0
      vertex 13.6944 1.89224 0
    endloop
  endfacet
  facet normal 0 0 -1
    outer loop
      vertex 12.204 -3.18371 0
      vertex 18.9834 -10.0936 0
      vertex 18.6195 -10.75 0
    endloop
  endfacet
  facet normal -0 0 -1
    outer loop
      vertex 20.8614 5.20132 0
      vertex 13.4595 2.21554 0
      vertex 20.6671 5.9262 0
    endloop
  endfacet
  facet normal 0 0 -1
    outer loop
      vertex 8.85915 -8.97708 0
      vertex 18.6195 -10.75 0
      vertex 18.233 -11.3933 0
    endloop
  endfacet
  facet normal -0 0 -1
    outer loop
      vertex 20.6671 5.9262 0
      vertex 13.4595 2.21554 0
      vertex 20.4477 6.64386 0
    endloop
  endfacet
  facet normal 0 0 -1
    outer loop
      vertex 8.85915 -8.97708 0
      vertex 18.233 -11.3933 0
      vertex 17.8243 -12.0226 0
    endloop
  endfacet
  facet normal 0 0 -1
    outer loop
      vertex 13.1893 2.50996 0
      vertex 20.4477 6.64386 0
      vertex 13.4595 2.21554 0
    endloop
  endfacet
  facet normal 0 0 -1
    outer loop
      vertex 8.87436 -9.37641 0
      vertex 17.8243 -12.0226 0
      vertex 17.3939 -12.6374 0
    endloop
  endfacet
  facet normal -0 0 -1
    outer loop
      vertex 20.4477 6.64386 0
      vertex 13.1893 2.50996 0
      vertex 20.2034 7.35343 0
    endloop
  endfacet
  facet normal 0 0 -1
    outer loop
      vertex 8.84396 -9.77487 0
      vertex 17.3939 -12.6374 0
      vertex 16.9422 -13.2367 0
    endloop
  endfacet
  facet normal 0 0 -1
    outer loop
      vertex 12.8873 2.77166 0
      vertex 20.2034 7.35343 0
      vertex 13.1893 2.50996 0
    endloop
  endfacet
  facet normal 0 0 -1
    outer loop
      vertex 8.84396 -9.77487 0
      vertex 16.9422 -13.2367 0
      vertex 16.47 -13.8199 0
    endloop
  endfacet
  facet normal -0 0 -1
    outer loop
      vertex 20.2034 7.35343 0
      vertex 12.8873 2.77166 0
      vertex 19.9345 8.05404 0
    endloop
  endfacet
  facet normal 0 0 -1
    outer loop
      vertex 8.76833 -10.1673 0
      vertex 16.47 -13.8199 0
      vertex 15.9776 -14.3863 0
    endloop
  endfacet
  facet normal -0 0 -1
    outer loop
      vertex 19.9345 8.05404 0
      vertex 12.8873 2.77166 0
      vertex 19.6412 8.74484 0
    endloop
  endfacet
  facet normal 0 0 -1
    outer loop
      vertex 8.64846 -10.5485 0
      vertex 15.9776 -14.3863 0
      vertex 15.4658 -14.9352 0
    endloop
  endfacet
  facet normal 0 0 -1
    outer loop
      vertex 12.5574 2.99722 0
      vertex 19.6412 8.74484 0
      vertex 12.8873 2.77166 0
    endloop
  endfacet
  facet normal 0 0 -1
    outer loop
      vertex 8.64846 -10.5485 0
      vertex 15.4658 -14.9352 0
      vertex 14.9352 -15.4658 0
    endloop
  endfacet
  facet normal -0 0 -1
    outer loop
      vertex 19.6412 8.74484 0
      vertex 12.5574 2.99722 0
      vertex 19.3241 9.42498 0
    endloop
  endfacet
  facet normal 0 0 -1
    outer loop
      vertex 8.48592 -10.9136 0
      vertex 14.9352 -15.4658 0
      vertex 14.3863 -15.9776 0
    endloop
  endfacet
  facet normal -0 0 -1
    outer loop
      vertex 19.3241 9.42498 0
      vertex 12.5574 2.99722 0
      vertex 18.9834 10.0936 0
    endloop
  endfacet
  facet normal 0 0 -1
    outer loop
      vertex 12.204 3.18371 0
      vertex 18.9834 10.0936 0
      vertex 12.5574 2.99722 0
    endloop
  endfacet
  facet normal 0 0 -1
    outer loop
      vertex 21.4869 -0.750339 0
      vertex 14.2272 -0.39897 0
      vertex 14.25 0 0
    endloop
  endfacet
  facet normal 0 0 -1
    outer loop
      vertex 21.4476 -1.49976 0
      vertex 14.159 -0.792738 0
      vertex 14.2272 -0.39897 0
    endloop
  endfacet
  facet normal 0 0 -1
    outer loop
      vertex 21.3822 -2.24736 0
      vertex 14.0465 -1.17617 0
      vertex 14.159 -0.792738 0
    endloop
  endfacet
  facet normal 0 0 -1
    outer loop
      vertex 21.1734 -3.73344 0
      vertex 13.8909 -1.54427 0
      vertex 14.0465 -1.17617 0
    endloop
  endfacet
  facet normal 0 0 -1
    outer loop
      vertex 8.28283 -11.2577 0
      vertex 14.3863 -15.9776 0
      vertex 13.8199 -16.47 0
    endloop
  endfacet
  facet normal 0 0 -1
    outer loop
      vertex 21.0302 -4.4701 0
      vertex 13.6944 -1.89224 0
      vertex 13.8909 -1.54427 0
    endloop
  endfacet
  facet normal 0 0 -1
    outer loop
      vertex 20.8614 -5.20132 0
      vertex 13.4595 -2.21554 0
      vertex 13.6944 -1.89224 0
    endloop
  endfacet
  facet normal 0 0 -1
    outer loop
      vertex 8.04182 -11.5765 0
      vertex 13.8199 -16.47 0
      vertex 13.2367 -16.9422 0
    endloop
  endfacet
  facet normal 0 0 -1
    outer loop
      vertex 20.4477 -6.64386 0
      vertex 13.1893 -2.50996 0
      vertex 13.4595 -2.21554 0
    endloop
  endfacet
  facet normal 0 0 -1
    outer loop
      vertex 20.2034 -7.35343 0
      vertex 12.8873 -2.77166 0
      vertex 13.1893 -2.50996 0
    endloop
  endfacet
  facet normal 0 0 -1
    outer loop
      vertex 8.04182 -11.5765 0
      vertex 13.2367 -16.9422 0
      vertex 12.6374 -17.3939 0
    endloop
  endfacet
  facet normal 0 0 -1
    outer loop
      vertex 19.6412 -8.74484 0
      vertex 12.5574 -2.99722 0
      vertex 12.8873 -2.77166 0
    endloop
  endfacet
  facet normal 0 0 -1
    outer loop
      vertex 17.8243 -12.0226 0
      vertex 8.87436 -9.37641 0
      vertex 8.85915 -8.97708 0
    endloop
  endfacet
  facet normal 0 0 -1
    outer loop
      vertex 7.76605 -11.8657 0
      vertex 12.6374 -17.3939 0
      vertex 12.0226 -17.8243 0
    endloop
  endfacet
  facet normal 0 0 -1
    outer loop
      vertex 17.3939 -12.6374 0
      vertex 8.84396 -9.77487 0
      vertex 8.87436 -9.37641 0
    endloop
  endfacet
  facet normal 0 0 -1
    outer loop
      vertex 18.9834 -10.0936 0
      vertex 12.204 -3.18371 0
      vertex 12.5574 -2.99722 0
    endloop
  endfacet
  facet normal 0 0 -1
    outer loop
      vertex 7.45911 -12.1216 0
      vertex 12.0226 -17.8243 0
      vertex 11.3933 -18.233 0
    endloop
  endfacet
  facet normal 0 0 -1
    outer loop
      vertex 18.6195 -10.75 0
      vertex 8.85915 -8.97708 0
      vertex 12.204 -3.18371 0
    endloop
  endfacet
  facet normal 0 0 -1
    outer loop
      vertex 7.125 -12.3409 0
      vertex 11.3933 -18.233 0
      vertex 10.75 -18.6195 0
    endloop
  endfacet
  facet normal 0 0 -1
    outer loop
      vertex 12.204 -3.18371 0
      vertex 8.85915 -8.97708 0
      vertex 11.8316 -3.3287 0
    endloop
  endfacet
  facet normal 0 0 -1
    outer loop
      vertex 8.79852 -8.58208 0
      vertex 11.8316 -3.3287 0
      vertex 8.85915 -8.97708 0
    endloop
  endfacet
  facet normal 0 0 -1
    outer loop
      vertex 7.125 -12.3409 0
      vertex 10.75 -18.6195 0
      vertex 10.0936 -18.9834 0
    endloop
  endfacet
  facet normal 0 0 -1
    outer loop
      vertex 8.69325 -8.19657 0
      vertex 11.4451 -3.43029 0
      vertex 8.79852 -8.58208 0
    endloop
  endfacet
  facet normal 0 0 -1
    outer loop
      vertex 11.4451 -3.43029 0
      vertex 8.69325 -8.19657 0
      vertex 11.0495 -3.48716 0
    endloop
  endfacet
  facet normal 0 0 -1
    outer loop
      vertex 6.76807 -12.5206 0
      vertex 10.0936 -18.9834 0
      vertex 9.42498 -19.3241 0
    endloop
  endfacet
  facet normal 0 0 -1
    outer loop
      vertex 8.54473 -7.82558 0
      vertex 11.0495 -3.48716 0
      vertex 8.69325 -8.19657 0
    endloop
  endfacet
  facet normal 0 0 -1
    outer loop
      vertex 11.0495 -3.48716 0
      vertex 8.54473 -7.82558 0
      vertex 10.6501 -3.49857 0
    endloop
  endfacet
  facet normal 0 0 -1
    outer loop
      vertex 11.8316 -3.3287 0
      vertex 8.79852 -8.58208 0
      vertex 11.4451 -3.43029 0
    endloop
  endfacet
  facet normal 0 0 -1
    outer loop
      vertex 16.47 -13.8199 0
      vertex 8.76833 -10.1673 0
      vertex 8.84396 -9.77487 0
    endloop
  endfacet
  facet normal 0 0 -1
    outer loop
      vertex 6.39299 -12.6585 0
      vertex 9.42498 -19.3241 0
      vertex 8.74484 -19.6412 0
    endloop
  endfacet
  facet normal 0 0 -1
    outer loop
      vertex 15.9776 -14.3863 0
      vertex 8.64846 -10.5485 0
      vertex 8.76833 -10.1673 0
    endloop
  endfacet
  facet normal 0 0 -1
    outer loop
      vertex 14.9352 -15.4658 0
      vertex 8.48592 -10.9136 0
      vertex 8.64846 -10.5485 0
    endloop
  endfacet
  facet normal 0 0 -1
    outer loop
      vertex 14.3863 -15.9776 0
      vertex 8.28283 -11.2577 0
      vertex 8.48592 -10.9136 0
    endloop
  endfacet
  facet normal 0 0 -1
    outer loop
      vertex 6.00463 -12.7527 0
      vertex 8.74484 -19.6412 0
      vertex 8.05404 -19.9345 0
    endloop
  endfacet
  facet normal 0 0 -1
    outer loop
      vertex 13.8199 -16.47 0
      vertex 8.04182 -11.5765 0
      vertex 8.28283 -11.2577 0
    endloop
  endfacet
  facet normal 0 0 -1
    outer loop
      vertex 12.6374 -17.3939 0
      vertex 7.76605 -11.8657 0
      vertex 8.04182 -11.5765 0
    endloop
  endfacet
  facet normal 0 0 -1
    outer loop
      vertex 12.0226 -17.8243 0
      vertex 7.45911 -12.1216 0
      vertex 7.76605 -11.8657 0
    endloop
  endfacet
  facet normal 0 0 -1
    outer loop
      vertex 6.00463 -12.7527 0
      vertex 8.05404 -19.9345 0
      vertex 7.35343 -20.2034 0
    endloop
  endfacet
  facet normal 0 0 -1
    outer loop
      vertex 11.3933 -18.233 0
      vertex 7.125 -12.3409 0
      vertex 7.45911 -12.1216 0
    endloop
  endfacet
  facet normal 0 0 -1
    outer loop
      vertex 10.0936 -18.9834 0
      vertex 6.76807 -12.5206 0
      vertex 7.125 -12.3409 0
    endloop
  endfacet
  facet normal 0 0 -1
    outer loop
      vertex 5.60807 -12.802 0
      vertex 7.35343 -20.2034 0
      vertex 6.64386 -20.4477 0
    endloop
  endfacet
  facet normal 0 0 -1
    outer loop
      vertex 9.42498 -19.3241 0
      vertex 6.39299 -12.6585 0
      vertex 6.76807 -12.5206 0
    endloop
  endfacet
  facet normal 0 0 -1
    outer loop
      vertex 8.74484 -19.6412 0
      vertex 6.00463 -12.7527 0
      vertex 6.39299 -12.6585 0
    endloop
  endfacet
  facet normal 0 0 -1
    outer loop
      vertex 5.20846 -12.8058 0
      vertex 6.64386 -20.4477 0
      vertex 5.9262 -20.6671 0
    endloop
  endfacet
  facet normal 0 0 -1
    outer loop
      vertex 7.35343 -20.2034 0
      vertex 5.60807 -12.802 0
      vertex 6.00463 -12.7527 0
    endloop
  endfacet
  facet normal 0 0 -1
    outer loop
      vertex 6.64386 -20.4477 0
      vertex 5.20846 -12.8058 0
      vertex 5.60807 -12.802 0
    endloop
  endfacet
  facet normal 0 0 -1
    outer loop
      vertex 4.81103 -12.764 0
      vertex 5.9262 -20.6671 0
      vertex 5.20132 -20.8614 0
    endloop
  endfacet
  facet normal 0 0 -1
    outer loop
      vertex 5.9262 -20.6671 0
      vertex 4.81103 -12.764 0
      vertex 5.20846 -12.8058 0
    endloop
  endfacet
  facet normal 0 0 -1
    outer loop
      vertex 4.4701 -21.0302 0
      vertex 4.81103 -12.764 0
      vertex 5.20132 -20.8614 0
    endloop
  endfacet
  facet normal 0 0 -1
    outer loop
      vertex 4.4701 -21.0302 0
      vertex 4.42095 -12.6772 0
      vertex 4.81103 -12.764 0
    endloop
  endfacet
  facet normal 0 0 -1
    outer loop
      vertex 3.73344 -21.1734 0
      vertex 4.42095 -12.6772 0
      vertex 4.4701 -21.0302 0
    endloop
  endfacet
  facet normal -0 0 -1
    outer loop
      vertex 4.42095 -12.6772 0
      vertex 3.73344 -21.1734 0
      vertex 4.04331 -12.5465 0
    endloop
  endfacet
  facet normal 0 0 -1
    outer loop
      vertex 2.99222 -21.2908 0
      vertex 4.04331 -12.5465 0
      vertex 3.73344 -21.1734 0
    endloop
  endfacet
  facet normal 0 0 -1
    outer loop
      vertex 2.24736 -21.3822 0
      vertex 4.04331 -12.5465 0
      vertex 2.99222 -21.2908 0
    endloop
  endfacet
  facet normal -0 0 -1
    outer loop
      vertex 4.04331 -12.5465 0
      vertex 2.24736 -21.3822 0
      vertex 3.68303 -12.3736 0
    endloop
  endfacet
  facet normal 0 0 -1
    outer loop
      vertex 1.49976 -21.4476 0
      vertex 3.68303 -12.3736 0
      vertex 2.24736 -21.3822 0
    endloop
  endfacet
  facet normal -0 0 -1
    outer loop
      vertex 3.68303 -12.3736 0
      vertex 1.49976 -21.4476 0
      vertex 3.3448 -12.1608 0
    endloop
  endfacet
  facet normal 0 0 -1
    outer loop
      vertex 0.750339 -21.4869 0
      vertex 3.3448 -12.1608 0
      vertex 1.49976 -21.4476 0
    endloop
  endfacet
  facet normal -0 0 -1
    outer loop
      vertex 3.3448 -12.1608 0
      vertex 0.750339 -21.4869 0
      vertex 3.03304 -11.9108 0
    endloop
  endfacet
  facet normal -0 0 -1
    outer loop
      vertex 3.03304 -11.9108 0
      vertex 0.750339 -21.4869 0
      vertex 2.75182 -11.6269 0
    endloop
  endfacet
  facet normal 0 0 -1
    outer loop
      vertex -1.91552 -9.84083 0
      vertex 2.75182 -11.6269 0
      vertex 0.750339 -21.4869 0
    endloop
  endfacet
  facet normal 0 0 -1
    outer loop
      vertex -1.91552 -9.84083 0
      vertex 2.50479 -11.3127 0
      vertex 2.75182 -11.6269 0
    endloop
  endfacet
  facet normal 0 0 -1
    outer loop
      vertex -1.91552 -9.84083 0
      vertex 2.29517 -10.9725 0
      vertex 2.50479 -11.3127 0
    endloop
  endfacet
  facet normal 0 0 -1
    outer loop
      vertex -1.91552 -9.84083 0
      vertex 2.12571 -10.6106 0
      vertex 2.29517 -10.9725 0
    endloop
  endfacet
  facet normal 0 0 -1
    outer loop
      vertex -1.91552 -9.84083 0
      vertex 1.91552 -9.84083 0
      vertex 1.99861 -10.2317 0
    endloop
  endfacet
  facet normal 0 0 -1
    outer loop
      vertex -1.91552 -9.84083 0
      vertex 1.99861 -10.2317 0
      vertex 2.12571 -10.6106 0
    endloop
  endfacet
  facet normal -0 0 -1
    outer loop
      vertex 18.9834 10.0936 0
      vertex 12.204 3.18371 0
      vertex 18.6195 10.75 0
    endloop
  endfacet
  facet normal 0 0 -1
    outer loop
      vertex 8.85915 8.97708 0
      vertex 18.6195 10.75 0
      vertex 12.204 3.18371 0
    endloop
  endfacet
  facet normal 0 0 -1
    outer loop
      vertex 8.85915 8.97708 0
      vertex 18.233 11.3933 0
      vertex 18.6195 10.75 0
    endloop
  endfacet
  facet normal -0 0 -1
    outer loop
      vertex 18.233 11.3933 0
      vertex 8.87436 9.37641 0
      vertex 17.8243 12.0226 0
    endloop
  endfacet
  facet normal -0 0 -1
    outer loop
      vertex 17.8243 12.0226 0
      vertex 8.87436 9.37641 0
      vertex 17.3939 12.6374 0
    endloop
  endfacet
  facet normal 0 0 -1
    outer loop
      vertex 8.84396 9.77487 0
      vertex 17.3939 12.6374 0
      vertex 8.87436 9.37641 0
    endloop
  endfacet
  facet normal -0 0 -1
    outer loop
      vertex 17.3939 12.6374 0
      vertex 8.84396 9.77487 0
      vertex 16.9422 13.2367 0
    endloop
  endfacet
  facet normal -0 0 -1
    outer loop
      vertex 16.9422 13.2367 0
      vertex 8.84396 9.77487 0
      vertex 16.47 13.8199 0
    endloop
  endfacet
  facet normal -0 0 -1
    outer loop
      vertex 16.47 13.8199 0
      vertex 8.76833 10.1673 0
      vertex 15.9776 14.3863 0
    endloop
  endfacet
  facet normal 0 0 -1
    outer loop
      vertex 8.64846 10.5485 0
      vertex 15.9776 14.3863 0
      vertex 8.76833 10.1673 0
    endloop
  endfacet
  facet normal -0 0 -1
    outer loop
      vertex 15.9776 14.3863 0
      vertex 8.64846 10.5485 0
      vertex 15.4658 14.9352 0
    endloop
  endfacet
  facet normal -0 0 -1
    outer loop
      vertex 15.4658 14.9352 0
      vertex 8.64846 10.5485 0
      vertex 14.9352 15.4658 0
    endloop
  endfacet
  facet normal 0 0 -1
    outer loop
      vertex 8.76833 10.1673 0
      vertex 16.47 13.8199 0
      vertex 8.84396 9.77487 0
    endloop
  endfacet
  facet normal 0 0 -1
    outer loop
      vertex 8.48592 10.9136 0
      vertex 14.9352 15.4658 0
      vertex 8.64846 10.5485 0
    endloop
  endfacet
  facet normal 0 0 -1
    outer loop
      vertex 8.85915 8.97708 0
      vertex 12.204 3.18371 0
      vertex 11.8316 3.3287 0
    endloop
  endfacet
  facet normal 0 0 -1
    outer loop
      vertex 8.85915 8.97708 0
      vertex 11.8316 3.3287 0
      vertex 11.4451 3.43029 0
    endloop
  endfacet
  facet normal 0 0 -1
    outer loop
      vertex 8.28283 11.2577 0
      vertex 14.3863 15.9776 0
      vertex 8.48592 10.9136 0
    endloop
  endfacet
  facet normal 0 0 -1
    outer loop
      vertex 8.85915 8.97708 0
      vertex 11.4451 3.43029 0
      vertex 11.0495 3.48716 0
    endloop
  endfacet
  facet normal -0 0 -1
    outer loop
      vertex 14.3863 15.9776 0
      vertex 8.28283 11.2577 0
      vertex 13.8199 16.47 0
    endloop
  endfacet
  facet normal 0 0 -1
    outer loop
      vertex 8.85915 8.97708 0
      vertex 11.0495 3.48716 0
      vertex 10.6501 3.49857 0
    endloop
  endfacet
  facet normal 0 0 -1
    outer loop
      vertex 8.85915 8.97708 0
      vertex 10.6501 3.49857 0
      vertex 10.2519 3.46437 0
    endloop
  endfacet
  facet normal -0 0 -1
    outer loop
      vertex 14.9352 15.4658 0
      vertex 8.48592 10.9136 0
      vertex 14.3863 15.9776 0
    endloop
  endfacet
  facet normal 0 0 -1
    outer loop
      vertex 8.85915 8.97708 0
      vertex 10.2519 3.46437 0
      vertex 9.86024 3.38501 0
    endloop
  endfacet
  facet normal 0 0 -1
    outer loop
      vertex 8.85915 8.97708 0
      vertex 9.86024 3.38501 0
      vertex 9.48017 3.26152 0
    endloop
  endfacet
  facet normal 0 0 -1
    outer loop
      vertex 8.04182 11.5765 0
      vertex 13.8199 16.47 0
      vertex 8.28283 11.2577 0
    endloop
  endfacet
  facet normal 0 0 -1
    outer loop
      vertex 7.56465 6.57931 0
      vertex 9.48017 3.26152 0
      vertex 9.11666 3.09552 0
    endloop
  endfacet
  facet normal -0 0 -1
    outer loop
      vertex 13.8199 16.47 0
      vertex 8.04182 11.5765 0
      vertex 13.2367 16.9422 0
    endloop
  endfacet
  facet normal -0 0 -1
    outer loop
      vertex 13.2367 16.9422 0
      vertex 8.04182 11.5765 0
      vertex 12.6374 17.3939 0
    endloop
  endfacet
  facet normal 0 0 -1
    outer loop
      vertex 7.76605 11.8657 0
      vertex 12.6374 17.3939 0
      vertex 8.04182 11.5765 0
    endloop
  endfacet
  facet normal -0 0 -1
    outer loop
      vertex 12.6374 17.3939 0
      vertex 7.76605 11.8657 0
      vertex 12.0226 17.8243 0
    endloop
  endfacet
  facet normal 0 0 -1
    outer loop
      vertex 7.45911 12.1216 0
      vertex 12.0226 17.8243 0
      vertex 7.76605 11.8657 0
    endloop
  endfacet
  facet normal -0 0 -1
    outer loop
      vertex 12.0226 17.8243 0
      vertex 7.45911 12.1216 0
      vertex 11.3933 18.233 0
    endloop
  endfacet
  facet normal 0 0 -1
    outer loop
      vertex 7.125 12.3409 0
      vertex 11.3933 18.233 0
      vertex 7.45911 12.1216 0
    endloop
  endfacet
  facet normal -0 0 -1
    outer loop
      vertex 11.3933 18.233 0
      vertex 7.125 12.3409 0
      vertex 10.75 18.6195 0
    endloop
  endfacet
  facet normal -0 0 -1
    outer loop
      vertex 10.75 18.6195 0
      vertex 7.125 12.3409 0
      vertex 10.0936 18.9834 0
    endloop
  endfacet
  facet normal 0 0 -1
    outer loop
      vertex 6.76807 12.5206 0
      vertex 10.0936 18.9834 0
      vertex 7.125 12.3409 0
    endloop
  endfacet
  facet normal -0 0 -1
    outer loop
      vertex 10.0936 18.9834 0
      vertex 6.76807 12.5206 0
      vertex 9.42498 19.3241 0
    endloop
  endfacet
  facet normal 0 0 -1
    outer loop
      vertex 6.39299 12.6585 0
      vertex 9.42498 19.3241 0
      vertex 6.76807 12.5206 0
    endloop
  endfacet
  facet normal -0 0 -1
    outer loop
      vertex 9.42498 19.3241 0
      vertex 6.39299 12.6585 0
      vertex 8.74484 19.6412 0
    endloop
  endfacet
  facet normal 0 0 -1
    outer loop
      vertex 3.8 17.5 0
      vertex 8.74484 19.6412 0
      vertex 6.39299 12.6585 0
    endloop
  endfacet
  facet normal -0 0 -1
    outer loop
      vertex 8.74484 19.6412 0
      vertex 3.8 17.5 0
      vertex 8.05404 19.9345 0
    endloop
  endfacet
  facet normal -0 0 -1
    outer loop
      vertex 8.05404 19.9345 0
      vertex 3.8 17.5 0
      vertex 7.35343 20.2034 0
    endloop
  endfacet
  facet normal 0 0 -1
    outer loop
      vertex 3.8 17.5 0
      vertex 6.39299 12.6585 0
      vertex 6.00463 12.7527 0
    endloop
  endfacet
  facet normal -0 0 -1
    outer loop
      vertex 7.35343 20.2034 0
      vertex 3.8 17.5 0
      vertex 6.64386 20.4477 0
    endloop
  endfacet
  facet normal 0 0 -1
    outer loop
      vertex 3.8 17.5 0
      vertex 6.00463 12.7527 0
      vertex 5.60807 12.802 0
    endloop
  endfacet
  facet normal 0 0 -1
    outer loop
      vertex 3.8 17.5 0
      vertex 5.60807 12.802 0
      vertex 5.20846 12.8058 0
    endloop
  endfacet
  facet normal -0 0 -1
    outer loop
      vertex 6.64386 20.4477 0
      vertex 3.8 17.5 0
      vertex 5.9262 20.6671 0
    endloop
  endfacet
  facet normal 0 0 -1
    outer loop
      vertex 3.8 17.5 0
      vertex 5.20846 12.8058 0
      vertex 4.81103 12.764 0
    endloop
  endfacet
  facet normal -0 0 -1
    outer loop
      vertex 5.9262 20.6671 0
      vertex 3.8 17.5 0
      vertex 5.20132 20.8614 0
    endloop
  endfacet
  facet normal 0 0 -1
    outer loop
      vertex 3.8 17.5 0
      vertex 4.81103 12.764 0
      vertex 4.42095 12.6772 0
    endloop
  endfacet
  facet normal 0 0 -1
    outer loop
      vertex 3.8 17.5 0
      vertex 4.42095 12.6772 0
      vertex 4.04331 12.5465 0
    endloop
  endfacet
  facet normal -0 0 -1
    outer loop
      vertex 5.20132 20.8614 0
      vertex 3.8 17.5 0
      vertex 4.4701 21.0302 0
    endloop
  endfacet
  facet normal -0 0 -1
    outer loop
      vertex 4.4701 21.0302 0
      vertex 3.8 17.5 0
      vertex 3.8 21.1604 0
    endloop
  endfacet
  facet normal 0 0 -1
    outer loop
      vertex 8.35488 -7.47393 0
      vertex 10.6501 -3.49857 0
      vertex 8.54473 -7.82558 0
    endloop
  endfacet
  facet normal -0 0 -1
    outer loop
      vertex 10.6501 -3.49857 0
      vertex 8.35488 -7.47393 0
      vertex 10.2519 -3.46437 0
    endloop
  endfacet
  facet normal 0 0 -1
    outer loop
      vertex 8.12619 -7.14622 0
      vertex 10.2519 -3.46437 0
      vertex 8.35488 -7.47393 0
    endloop
  endfacet
  facet normal -0 0 -1
    outer loop
      vertex 10.2519 -3.46437 0
      vertex 8.12619 -7.14622 0
      vertex 9.86024 -3.38501 0
    endloop
  endfacet
  facet normal 0 0 -1
    outer loop
      vertex 7.86163 -6.84671 0
      vertex 9.86024 -3.38501 0
      vertex 8.12619 -7.14622 0
    endloop
  endfacet
  facet normal -0 0 -1
    outer loop
      vertex 9.86024 -3.38501 0
      vertex 7.86163 -6.84671 0
      vertex 9.48017 -3.26152 0
    endloop
  endfacet
  facet normal 0 0 -1
    outer loop
      vertex 7.56465 -6.57931 0
      vertex 9.48017 -3.26152 0
      vertex 7.86163 -6.84671 0
    endloop
  endfacet
  facet normal -0 0 -1
    outer loop
      vertex 9.48017 -3.26152 0
      vertex 7.56465 -6.57931 0
      vertex 9.11666 -3.09552 0
    endloop
  endfacet
  facet normal 0 0 -1
    outer loop
      vertex 7.23913 -6.3475 0
      vertex 9.11666 -3.09552 0
      vertex 7.56465 -6.57931 0
    endloop
  endfacet
  facet normal -0 0 -1
    outer loop
      vertex 9.11666 -3.09552 0
      vertex 7.23913 -6.3475 0
      vertex 8.77445 -2.88915 0
    endloop
  endfacet
  facet normal 0 0 -1
    outer loop
      vertex 6.8893 -6.15432 0
      vertex 8.77445 -2.88915 0
      vertex 7.23913 -6.3475 0
    endloop
  endfacet
  facet normal -0 0 -1
    outer loop
      vertex 8.77445 -2.88915 0
      vertex 6.8893 -6.15432 0
      vertex 8.45799 -2.64512 0
    endloop
  endfacet
  facet normal 0 0 -1
    outer loop
      vertex 6.51974 -6.00227 0
      vertex 8.45799 -2.64512 0
      vertex 6.8893 -6.15432 0
    endloop
  endfacet
  facet normal -0 0 -1
    outer loop
      vertex 8.45799 -2.64512 0
      vertex 6.51974 -6.00227 0
      vertex 8.17141 -2.36661 0
    endloop
  endfacet
  facet normal 0 0 -1
    outer loop
      vertex 6.13525 -5.89334 0
      vertex 8.17141 -2.36661 0
      vertex 6.51974 -6.00227 0
    endloop
  endfacet
  facet normal -0 0 -1
    outer loop
      vertex 8.17141 -2.36661 0
      vertex 6.13525 -5.89334 0
      vertex 7.91844 -2.05725 0
    endloop
  endfacet
  facet normal 0 0 -1
    outer loop
      vertex 5.74085 -5.82895 0
      vertex 7.91844 -2.05725 0
      vertex 6.13525 -5.89334 0
    endloop
  endfacet
  facet normal 0 0 -1
    outer loop
      vertex 5.34168 -5.80993 0
      vertex 7.70239 -1.72106 0
      vertex 5.74085 -5.82895 0
    endloop
  endfacet
  facet normal -0 0 -1
    outer loop
      vertex 7.91844 -2.05725 0
      vertex 5.74085 -5.82895 0
      vertex 7.70239 -1.72106 0
    endloop
  endfacet
  facet normal -0.121794 -0.992555 0
    outer loop
      vertex -2.99222 -21.2908 0
      vertex -2.24736 -21.3822 2
      vertex -2.99222 -21.2908 2
    endloop
  endfacet
  facet normal -0.121794 -0.992555 -0
    outer loop
      vertex -2.24736 -21.3822 2
      vertex -2.99222 -21.2908 0
      vertex -2.24736 -21.3822 0
    endloop
  endfacet
  facet normal -0.601896 -0.798575 0
    outer loop
      vertex -13.2367 -16.9422 0
      vertex -12.6374 -17.3939 2
      vertex -13.2367 -16.9422 2
    endloop
  endfacet
  facet normal -0.601896 -0.798575 -0
    outer loop
      vertex -12.6374 -17.3939 2
      vertex -13.2367 -16.9422 0
      vertex -12.6374 -17.3939 0
    endloop
  endfacet
  facet normal -0.573498 -0.819207 0
    outer loop
      vertex -12.6374 -17.3939 0
      vertex -12.0226 -17.8243 2
      vertex -12.6374 -17.3939 2
    endloop
  endfacet
  facet normal -0.573498 -0.819207 -0
    outer loop
      vertex -12.0226 -17.8243 2
      vertex -12.6374 -17.3939 0
      vertex -12.0226 -17.8243 0
    endloop
  endfacet
  facet normal -1 0 0
    outer loop
      vertex 3.8 17.5 0
      vertex 3.8 21.1604 2
      vertex 3.8 21.1604 0
    endloop
  endfacet
  facet normal -1 -0 0
    outer loop
      vertex 3.8 21.1604 2
      vertex 3.8 17.5 0
      vertex 3.8 17.5 2
    endloop
  endfacet
  facet normal 1 -0 0
    outer loop
      vertex -3.8 17.5 2
      vertex -3.8 21.1604 0
      vertex -3.8 21.1604 2
    endloop
  endfacet
  facet normal 1 0 0
    outer loop
      vertex -3.8 21.1604 0
      vertex -3.8 17.5 2
      vertex -3.8 17.5 0
    endloop
  endfacet
  facet normal 0 1 -0
    outer loop
      vertex 3.8 17.5 0
      vertex -3.8 17.5 2
      vertex 3.8 17.5 2
    endloop
  endfacet
  facet normal 0 1 0
    outer loop
      vertex -3.8 17.5 2
      vertex 3.8 17.5 0
      vertex -3.8 17.5 0
    endloop
  endfacet
endsolid OpenSCAD_Model
