solid OpenSCAD_Model
  facet normal 0.239301 0.970945 -0
    outer loop
      vertex -16.1929 -17.5883 -1.5
      vertex -16.5674 -17.496 1.5
      vertex -16.1929 -17.5883 1.5
    endloop
  endfacet
  facet normal 0.239301 0.970945 0
    outer loop
      vertex -16.5674 -17.496 1.5
      vertex -16.1929 -17.5883 -1.5
      vertex -16.5674 -17.496 -1.5
    endloop
  endfacet
  facet normal -0.935012 -0.354615 0
    outer loop
      vertex -14.4465 -15.6171 -1.5
      vertex -14.5833 -15.2564 1.5
      vertex -14.5833 -15.2564 -1.5
    endloop
  endfacet
  facet normal -0.935012 -0.354615 0
    outer loop
      vertex -14.5833 -15.2564 1.5
      vertex -14.4465 -15.6171 -1.5
      vertex -14.4465 -15.6171 1.5
    endloop
  endfacet
  facet normal -0.992707 -0.120556 0
    outer loop
      vertex -14.4 -16 -1.5
      vertex -14.4465 -15.6171 1.5
      vertex -14.4465 -15.6171 -1.5
    endloop
  endfacet
  facet normal -0.992707 -0.120556 0
    outer loop
      vertex -14.4465 -15.6171 1.5
      vertex -14.4 -16 -1.5
      vertex -14.4 -16 1.5
    endloop
  endfacet
  facet normal -0.822966 -0.56809 0
    outer loop
      vertex -14.5833 -15.2564 -1.5
      vertex -14.8024 -14.939 1.5
      vertex -14.8024 -14.939 -1.5
    endloop
  endfacet
  facet normal -0.822966 -0.56809 0
    outer loop
      vertex -14.8024 -14.939 1.5
      vertex -14.5833 -15.2564 -1.5
      vertex -14.5833 -15.2564 1.5
    endloop
  endfacet
  facet normal 0.663172 0.748467 -0
    outer loop
      vertex -16.9089 -17.3168 -1.5
      vertex -17.1976 -17.061 1.5
      vertex -16.9089 -17.3168 1.5
    endloop
  endfacet
  facet normal 0.663172 0.748467 0
    outer loop
      vertex -17.1976 -17.061 1.5
      vertex -16.9089 -17.3168 -1.5
      vertex -17.1976 -17.061 -1.5
    endloop
  endfacet
  facet normal -0.992707 0.120556 0
    outer loop
      vertex -14.4465 -16.3829 -1.5
      vertex -14.4 -16 1.5
      vertex -14.4 -16 -1.5
    endloop
  endfacet
  facet normal -0.992707 0.120556 0
    outer loop
      vertex -14.4 -16 1.5
      vertex -14.4465 -16.3829 -1.5
      vertex -14.4465 -16.3829 1.5
    endloop
  endfacet
  facet normal -0.239301 0.970945 0
    outer loop
      vertex -15.4326 -17.496 -1.5
      vertex -15.8071 -17.5883 1.5
      vertex -15.4326 -17.496 1.5
    endloop
  endfacet
  facet normal -0.239301 0.970945 0
    outer loop
      vertex -15.8071 -17.5883 1.5
      vertex -15.4326 -17.496 -1.5
      vertex -15.8071 -17.5883 -1.5
    endloop
  endfacet
  facet normal 0.822966 -0.56809 0
    outer loop
      vertex -17.4167 -15.2564 1.5
      vertex -17.1976 -14.939 -1.5
      vertex -17.1976 -14.939 1.5
    endloop
  endfacet
  facet normal 0.822966 -0.56809 0
    outer loop
      vertex -17.1976 -14.939 -1.5
      vertex -17.4167 -15.2564 1.5
      vertex -17.4167 -15.2564 -1.5
    endloop
  endfacet
  facet normal -0.663172 -0.748467 0
    outer loop
      vertex -15.0911 -14.6832 -1.5
      vertex -14.8024 -14.939 1.5
      vertex -15.0911 -14.6832 1.5
    endloop
  endfacet
  facet normal -0.663172 -0.748467 -0
    outer loop
      vertex -14.8024 -14.939 1.5
      vertex -15.0911 -14.6832 -1.5
      vertex -14.8024 -14.939 -1.5
    endloop
  endfacet
  facet normal 0.992707 -0.120556 0
    outer loop
      vertex -17.6 -16 1.5
      vertex -17.5535 -15.6171 -1.5
      vertex -17.5535 -15.6171 1.5
    endloop
  endfacet
  facet normal 0.992707 -0.120556 0
    outer loop
      vertex -17.5535 -15.6171 -1.5
      vertex -17.6 -16 1.5
      vertex -17.6 -16 -1.5
    endloop
  endfacet
  facet normal -0.464656 0.885491 0
    outer loop
      vertex -15.0911 -17.3168 -1.5
      vertex -15.4326 -17.496 1.5
      vertex -15.0911 -17.3168 1.5
    endloop
  endfacet
  facet normal -0.464656 0.885491 0
    outer loop
      vertex -15.4326 -17.496 1.5
      vertex -15.0911 -17.3168 -1.5
      vertex -15.4326 -17.496 -1.5
    endloop
  endfacet
  facet normal 0.935012 -0.354615 0
    outer loop
      vertex -17.5535 -15.6171 1.5
      vertex -17.4167 -15.2564 -1.5
      vertex -17.4167 -15.2564 1.5
    endloop
  endfacet
  facet normal 0.935012 -0.354615 0
    outer loop
      vertex -17.4167 -15.2564 -1.5
      vertex -17.5535 -15.6171 1.5
      vertex -17.5535 -15.6171 -1.5
    endloop
  endfacet
  facet normal -0.822966 0.56809 0
    outer loop
      vertex -14.8024 -17.061 -1.5
      vertex -14.5833 -16.7436 1.5
      vertex -14.5833 -16.7436 -1.5
    endloop
  endfacet
  facet normal -0.822966 0.56809 0
    outer loop
      vertex -14.5833 -16.7436 1.5
      vertex -14.8024 -17.061 -1.5
      vertex -14.8024 -17.061 1.5
    endloop
  endfacet
  facet normal -0.663172 0.748467 0
    outer loop
      vertex -14.8024 -17.061 -1.5
      vertex -15.0911 -17.3168 1.5
      vertex -14.8024 -17.061 1.5
    endloop
  endfacet
  facet normal -0.663172 0.748467 0
    outer loop
      vertex -15.0911 -17.3168 1.5
      vertex -14.8024 -17.061 -1.5
      vertex -15.0911 -17.3168 -1.5
    endloop
  endfacet
  facet normal -0.239301 -0.970945 0
    outer loop
      vertex -15.8071 -14.4117 -1.5
      vertex -15.4326 -14.504 1.5
      vertex -15.8071 -14.4117 1.5
    endloop
  endfacet
  facet normal -0.239301 -0.970945 -0
    outer loop
      vertex -15.4326 -14.504 1.5
      vertex -15.8071 -14.4117 -1.5
      vertex -15.4326 -14.504 -1.5
    endloop
  endfacet
  facet normal 0 -1 0
    outer loop
      vertex -16.1929 -14.4117 -1.5
      vertex -15.8071 -14.4117 1.5
      vertex -16.1929 -14.4117 1.5
    endloop
  endfacet
  facet normal 0 -1 -0
    outer loop
      vertex -15.8071 -14.4117 1.5
      vertex -16.1929 -14.4117 -1.5
      vertex -15.8071 -14.4117 -1.5
    endloop
  endfacet
  facet normal 0.464656 -0.885491 0
    outer loop
      vertex -16.9089 -14.6832 -1.5
      vertex -16.5674 -14.504 1.5
      vertex -16.9089 -14.6832 1.5
    endloop
  endfacet
  facet normal 0.464656 -0.885491 0
    outer loop
      vertex -16.5674 -14.504 1.5
      vertex -16.9089 -14.6832 -1.5
      vertex -16.5674 -14.504 -1.5
    endloop
  endfacet
  facet normal -0.464656 -0.885491 0
    outer loop
      vertex -15.4326 -14.504 -1.5
      vertex -15.0911 -14.6832 1.5
      vertex -15.4326 -14.504 1.5
    endloop
  endfacet
  facet normal -0.464656 -0.885491 -0
    outer loop
      vertex -15.0911 -14.6832 1.5
      vertex -15.4326 -14.504 -1.5
      vertex -15.0911 -14.6832 -1.5
    endloop
  endfacet
  facet normal 0.239301 -0.970945 0
    outer loop
      vertex -16.5674 -14.504 -1.5
      vertex -16.1929 -14.4117 1.5
      vertex -16.5674 -14.504 1.5
    endloop
  endfacet
  facet normal 0.239301 -0.970945 0
    outer loop
      vertex -16.1929 -14.4117 1.5
      vertex -16.5674 -14.504 -1.5
      vertex -16.1929 -14.4117 -1.5
    endloop
  endfacet
  facet normal -0.935012 0.354615 0
    outer loop
      vertex -14.5833 -16.7436 -1.5
      vertex -14.4465 -16.3829 1.5
      vertex -14.4465 -16.3829 -1.5
    endloop
  endfacet
  facet normal -0.935012 0.354615 0
    outer loop
      vertex -14.4465 -16.3829 1.5
      vertex -14.5833 -16.7436 -1.5
      vertex -14.5833 -16.7436 1.5
    endloop
  endfacet
  facet normal 0.663172 -0.748467 0
    outer loop
      vertex -17.1976 -14.939 -1.5
      vertex -16.9089 -14.6832 1.5
      vertex -17.1976 -14.939 1.5
    endloop
  endfacet
  facet normal 0.663172 -0.748467 0
    outer loop
      vertex -16.9089 -14.6832 1.5
      vertex -17.1976 -14.939 -1.5
      vertex -16.9089 -14.6832 -1.5
    endloop
  endfacet
  facet normal 0.822966 0.56809 0
    outer loop
      vertex -17.1976 -17.061 1.5
      vertex -17.4167 -16.7436 -1.5
      vertex -17.4167 -16.7436 1.5
    endloop
  endfacet
  facet normal 0.822966 0.56809 0
    outer loop
      vertex -17.4167 -16.7436 -1.5
      vertex -17.1976 -17.061 1.5
      vertex -17.1976 -17.061 -1.5
    endloop
  endfacet
  facet normal 0.464656 0.885491 -0
    outer loop
      vertex -16.5674 -17.496 -1.5
      vertex -16.9089 -17.3168 1.5
      vertex -16.5674 -17.496 1.5
    endloop
  endfacet
  facet normal 0.464656 0.885491 0
    outer loop
      vertex -16.9089 -17.3168 1.5
      vertex -16.5674 -17.496 -1.5
      vertex -16.9089 -17.3168 -1.5
    endloop
  endfacet
  facet normal 0.992707 0.120556 0
    outer loop
      vertex -17.5535 -16.3829 1.5
      vertex -17.6 -16 -1.5
      vertex -17.6 -16 1.5
    endloop
  endfacet
  facet normal 0.992707 0.120556 0
    outer loop
      vertex -17.6 -16 -1.5
      vertex -17.5535 -16.3829 1.5
      vertex -17.5535 -16.3829 -1.5
    endloop
  endfacet
  facet normal 0 1 -0
    outer loop
      vertex -15.8071 -17.5883 -1.5
      vertex -16.1929 -17.5883 1.5
      vertex -15.8071 -17.5883 1.5
    endloop
  endfacet
  facet normal 0 1 0
    outer loop
      vertex -16.1929 -17.5883 1.5
      vertex -15.8071 -17.5883 -1.5
      vertex -16.1929 -17.5883 -1.5
    endloop
  endfacet
  facet normal 0.935012 0.354615 0
    outer loop
      vertex -17.4167 -16.7436 1.5
      vertex -17.5535 -16.3829 -1.5
      vertex -17.5535 -16.3829 1.5
    endloop
  endfacet
  facet normal 0.935012 0.354615 0
    outer loop
      vertex -17.5535 -16.3829 -1.5
      vertex -17.4167 -16.7436 1.5
      vertex -17.4167 -16.7436 -1.5
    endloop
  endfacet
  facet normal 0.239301 0.970945 -0
    outer loop
      vertex -12.1929 -13.5883 -1.5
      vertex -12.5674 -13.496 1.5
      vertex -12.1929 -13.5883 1.5
    endloop
  endfacet
  facet normal 0.239301 0.970945 0
    outer loop
      vertex -12.5674 -13.496 1.5
      vertex -12.1929 -13.5883 -1.5
      vertex -12.5674 -13.496 -1.5
    endloop
  endfacet
  facet normal -0.935012 -0.354615 0
    outer loop
      vertex -10.4465 -11.6171 -1.5
      vertex -10.5833 -11.2564 1.5
      vertex -10.5833 -11.2564 -1.5
    endloop
  endfacet
  facet normal -0.935012 -0.354615 0
    outer loop
      vertex -10.5833 -11.2564 1.5
      vertex -10.4465 -11.6171 -1.5
      vertex -10.4465 -11.6171 1.5
    endloop
  endfacet
  facet normal -0.992707 -0.120556 0
    outer loop
      vertex -10.4 -12 -1.5
      vertex -10.4465 -11.6171 1.5
      vertex -10.4465 -11.6171 -1.5
    endloop
  endfacet
  facet normal -0.992707 -0.120556 0
    outer loop
      vertex -10.4465 -11.6171 1.5
      vertex -10.4 -12 -1.5
      vertex -10.4 -12 1.5
    endloop
  endfacet
  facet normal -0.822966 -0.56809 0
    outer loop
      vertex -10.5833 -11.2564 -1.5
      vertex -10.8024 -10.939 1.5
      vertex -10.8024 -10.939 -1.5
    endloop
  endfacet
  facet normal -0.822966 -0.56809 0
    outer loop
      vertex -10.8024 -10.939 1.5
      vertex -10.5833 -11.2564 -1.5
      vertex -10.5833 -11.2564 1.5
    endloop
  endfacet
  facet normal 0.663172 0.748467 -0
    outer loop
      vertex -12.9089 -13.3168 -1.5
      vertex -13.1976 -13.061 1.5
      vertex -12.9089 -13.3168 1.5
    endloop
  endfacet
  facet normal 0.663172 0.748467 0
    outer loop
      vertex -13.1976 -13.061 1.5
      vertex -12.9089 -13.3168 -1.5
      vertex -13.1976 -13.061 -1.5
    endloop
  endfacet
  facet normal -0.992707 0.120556 0
    outer loop
      vertex -10.4465 -12.3829 -1.5
      vertex -10.4 -12 1.5
      vertex -10.4 -12 -1.5
    endloop
  endfacet
  facet normal -0.992707 0.120556 0
    outer loop
      vertex -10.4 -12 1.5
      vertex -10.4465 -12.3829 -1.5
      vertex -10.4465 -12.3829 1.5
    endloop
  endfacet
  facet normal -0.239301 0.970945 0
    outer loop
      vertex -11.4326 -13.496 -1.5
      vertex -11.8071 -13.5883 1.5
      vertex -11.4326 -13.496 1.5
    endloop
  endfacet
  facet normal -0.239301 0.970945 0
    outer loop
      vertex -11.8071 -13.5883 1.5
      vertex -11.4326 -13.496 -1.5
      vertex -11.8071 -13.5883 -1.5
    endloop
  endfacet
  facet normal 0.822966 -0.56809 0
    outer loop
      vertex -13.4167 -11.2564 1.5
      vertex -13.1976 -10.939 -1.5
      vertex -13.1976 -10.939 1.5
    endloop
  endfacet
  facet normal 0.822966 -0.56809 0
    outer loop
      vertex -13.1976 -10.939 -1.5
      vertex -13.4167 -11.2564 1.5
      vertex -13.4167 -11.2564 -1.5
    endloop
  endfacet
  facet normal -0.663172 -0.748467 0
    outer loop
      vertex -11.0911 -10.6832 -1.5
      vertex -10.8024 -10.939 1.5
      vertex -11.0911 -10.6832 1.5
    endloop
  endfacet
  facet normal -0.663172 -0.748467 -0
    outer loop
      vertex -10.8024 -10.939 1.5
      vertex -11.0911 -10.6832 -1.5
      vertex -10.8024 -10.939 -1.5
    endloop
  endfacet
  facet normal 0.992707 -0.120556 0
    outer loop
      vertex -13.6 -12 1.5
      vertex -13.5535 -11.6171 -1.5
      vertex -13.5535 -11.6171 1.5
    endloop
  endfacet
  facet normal 0.992707 -0.120556 0
    outer loop
      vertex -13.5535 -11.6171 -1.5
      vertex -13.6 -12 1.5
      vertex -13.6 -12 -1.5
    endloop
  endfacet
  facet normal -0.464656 0.885491 0
    outer loop
      vertex -11.0911 -13.3168 -1.5
      vertex -11.4326 -13.496 1.5
      vertex -11.0911 -13.3168 1.5
    endloop
  endfacet
  facet normal -0.464656 0.885491 0
    outer loop
      vertex -11.4326 -13.496 1.5
      vertex -11.0911 -13.3168 -1.5
      vertex -11.4326 -13.496 -1.5
    endloop
  endfacet
  facet normal 0.935012 -0.354615 0
    outer loop
      vertex -13.5535 -11.6171 1.5
      vertex -13.4167 -11.2564 -1.5
      vertex -13.4167 -11.2564 1.5
    endloop
  endfacet
  facet normal 0.935012 -0.354615 0
    outer loop
      vertex -13.4167 -11.2564 -1.5
      vertex -13.5535 -11.6171 1.5
      vertex -13.5535 -11.6171 -1.5
    endloop
  endfacet
  facet normal -0.822966 0.56809 0
    outer loop
      vertex -10.8024 -13.061 -1.5
      vertex -10.5833 -12.7436 1.5
      vertex -10.5833 -12.7436 -1.5
    endloop
  endfacet
  facet normal -0.822966 0.56809 0
    outer loop
      vertex -10.5833 -12.7436 1.5
      vertex -10.8024 -13.061 -1.5
      vertex -10.8024 -13.061 1.5
    endloop
  endfacet
  facet normal -0.663172 0.748467 0
    outer loop
      vertex -10.8024 -13.061 -1.5
      vertex -11.0911 -13.3168 1.5
      vertex -10.8024 -13.061 1.5
    endloop
  endfacet
  facet normal -0.663172 0.748467 0
    outer loop
      vertex -11.0911 -13.3168 1.5
      vertex -10.8024 -13.061 -1.5
      vertex -11.0911 -13.3168 -1.5
    endloop
  endfacet
  facet normal -0.239301 -0.970945 0
    outer loop
      vertex -11.8071 -10.4117 -1.5
      vertex -11.4326 -10.504 1.5
      vertex -11.8071 -10.4117 1.5
    endloop
  endfacet
  facet normal -0.239301 -0.970945 -0
    outer loop
      vertex -11.4326 -10.504 1.5
      vertex -11.8071 -10.4117 -1.5
      vertex -11.4326 -10.504 -1.5
    endloop
  endfacet
  facet normal 0 -1 0
    outer loop
      vertex -12.1929 -10.4117 -1.5
      vertex -11.8071 -10.4117 1.5
      vertex -12.1929 -10.4117 1.5
    endloop
  endfacet
  facet normal 0 -1 -0
    outer loop
      vertex -11.8071 -10.4117 1.5
      vertex -12.1929 -10.4117 -1.5
      vertex -11.8071 -10.4117 -1.5
    endloop
  endfacet
  facet normal 0.464656 -0.885491 0
    outer loop
      vertex -12.9089 -10.6832 -1.5
      vertex -12.5674 -10.504 1.5
      vertex -12.9089 -10.6832 1.5
    endloop
  endfacet
  facet normal 0.464656 -0.885491 0
    outer loop
      vertex -12.5674 -10.504 1.5
      vertex -12.9089 -10.6832 -1.5
      vertex -12.5674 -10.504 -1.5
    endloop
  endfacet
  facet normal -0.464656 -0.885491 0
    outer loop
      vertex -11.4326 -10.504 -1.5
      vertex -11.0911 -10.6832 1.5
      vertex -11.4326 -10.504 1.5
    endloop
  endfacet
  facet normal -0.464656 -0.885491 -0
    outer loop
      vertex -11.0911 -10.6832 1.5
      vertex -11.4326 -10.504 -1.5
      vertex -11.0911 -10.6832 -1.5
    endloop
  endfacet
  facet normal 0.239301 -0.970945 0
    outer loop
      vertex -12.5674 -10.504 -1.5
      vertex -12.1929 -10.4117 1.5
      vertex -12.5674 -10.504 1.5
    endloop
  endfacet
  facet normal 0.239301 -0.970945 0
    outer loop
      vertex -12.1929 -10.4117 1.5
      vertex -12.5674 -10.504 -1.5
      vertex -12.1929 -10.4117 -1.5
    endloop
  endfacet
  facet normal -0.935012 0.354615 0
    outer loop
      vertex -10.5833 -12.7436 -1.5
      vertex -10.4465 -12.3829 1.5
      vertex -10.4465 -12.3829 -1.5
    endloop
  endfacet
  facet normal -0.935012 0.354615 0
    outer loop
      vertex -10.4465 -12.3829 1.5
      vertex -10.5833 -12.7436 -1.5
      vertex -10.5833 -12.7436 1.5
    endloop
  endfacet
  facet normal 0.663172 -0.748467 0
    outer loop
      vertex -13.1976 -10.939 -1.5
      vertex -12.9089 -10.6832 1.5
      vertex -13.1976 -10.939 1.5
    endloop
  endfacet
  facet normal 0.663172 -0.748467 0
    outer loop
      vertex -12.9089 -10.6832 1.5
      vertex -13.1976 -10.939 -1.5
      vertex -12.9089 -10.6832 -1.5
    endloop
  endfacet
  facet normal 0.464656 0.885491 -0
    outer loop
      vertex -12.5674 -13.496 -1.5
      vertex -12.9089 -13.3168 1.5
      vertex -12.5674 -13.496 1.5
    endloop
  endfacet
  facet normal 0.464656 0.885491 0
    outer loop
      vertex -12.9089 -13.3168 1.5
      vertex -12.5674 -13.496 -1.5
      vertex -12.9089 -13.3168 -1.5
    endloop
  endfacet
  facet normal 0.992707 0.120556 0
    outer loop
      vertex -13.5535 -12.3829 1.5
      vertex -13.6 -12 -1.5
      vertex -13.6 -12 1.5
    endloop
  endfacet
  facet normal 0.992707 0.120556 0
    outer loop
      vertex -13.6 -12 -1.5
      vertex -13.5535 -12.3829 1.5
      vertex -13.5535 -12.3829 -1.5
    endloop
  endfacet
  facet normal 0 1 -0
    outer loop
      vertex -11.8071 -13.5883 -1.5
      vertex -12.1929 -13.5883 1.5
      vertex -11.8071 -13.5883 1.5
    endloop
  endfacet
  facet normal 0 1 0
    outer loop
      vertex -12.1929 -13.5883 1.5
      vertex -11.8071 -13.5883 -1.5
      vertex -12.1929 -13.5883 -1.5
    endloop
  endfacet
  facet normal 0.935012 0.354615 0
    outer loop
      vertex -13.4167 -12.7436 1.5
      vertex -13.5535 -12.3829 -1.5
      vertex -13.5535 -12.3829 1.5
    endloop
  endfacet
  facet normal 0.935012 0.354615 0
    outer loop
      vertex -13.5535 -12.3829 -1.5
      vertex -13.4167 -12.7436 1.5
      vertex -13.4167 -12.7436 -1.5
    endloop
  endfacet
  facet normal 0.822966 0.56809 0
    outer loop
      vertex -13.1976 -13.061 1.5
      vertex -13.4167 -12.7436 -1.5
      vertex -13.4167 -12.7436 1.5
    endloop
  endfacet
  facet normal 0.822966 0.56809 0
    outer loop
      vertex -13.4167 -12.7436 -1.5
      vertex -13.1976 -13.061 1.5
      vertex -13.1976 -13.061 -1.5
    endloop
  endfacet
  facet normal 0.992707 -0.120556 0
    outer loop
      vertex -17.6 16 1.5
      vertex -17.5535 16.3829 -1.5
      vertex -17.5535 16.3829 1.5
    endloop
  endfacet
  facet normal 0.992707 -0.120556 0
    outer loop
      vertex -17.5535 16.3829 -1.5
      vertex -17.6 16 1.5
      vertex -17.6 16 -1.5
    endloop
  endfacet
  facet normal -0.935012 -0.354615 0
    outer loop
      vertex -14.4465 16.3829 -1.5
      vertex -14.5833 16.7436 1.5
      vertex -14.5833 16.7436 -1.5
    endloop
  endfacet
  facet normal -0.935012 -0.354615 0
    outer loop
      vertex -14.5833 16.7436 1.5
      vertex -14.4465 16.3829 -1.5
      vertex -14.4465 16.3829 1.5
    endloop
  endfacet
  facet normal -0.992707 -0.120556 0
    outer loop
      vertex -14.4 16 -1.5
      vertex -14.4465 16.3829 1.5
      vertex -14.4465 16.3829 -1.5
    endloop
  endfacet
  facet normal -0.992707 -0.120556 0
    outer loop
      vertex -14.4465 16.3829 1.5
      vertex -14.4 16 -1.5
      vertex -14.4 16 1.5
    endloop
  endfacet
  facet normal -0.822966 -0.56809 0
    outer loop
      vertex -14.5833 16.7436 -1.5
      vertex -14.8024 17.061 1.5
      vertex -14.8024 17.061 -1.5
    endloop
  endfacet
  facet normal -0.822966 -0.56809 0
    outer loop
      vertex -14.8024 17.061 1.5
      vertex -14.5833 16.7436 -1.5
      vertex -14.5833 16.7436 1.5
    endloop
  endfacet
  facet normal 0.992707 0.120556 0
    outer loop
      vertex -17.5535 15.6171 1.5
      vertex -17.6 16 -1.5
      vertex -17.6 16 1.5
    endloop
  endfacet
  facet normal 0.992707 0.120556 0
    outer loop
      vertex -17.6 16 -1.5
      vertex -17.5535 15.6171 1.5
      vertex -17.5535 15.6171 -1.5
    endloop
  endfacet
  facet normal -0.992707 0.120556 0
    outer loop
      vertex -14.4465 15.6171 -1.5
      vertex -14.4 16 1.5
      vertex -14.4 16 -1.5
    endloop
  endfacet
  facet normal -0.992707 0.120556 0
    outer loop
      vertex -14.4 16 1.5
      vertex -14.4465 15.6171 -1.5
      vertex -14.4465 15.6171 1.5
    endloop
  endfacet
  facet normal -0.239301 -0.970945 0
    outer loop
      vertex -15.8071 17.5883 -1.5
      vertex -15.4326 17.496 1.5
      vertex -15.8071 17.5883 1.5
    endloop
  endfacet
  facet normal -0.239301 -0.970945 -0
    outer loop
      vertex -15.4326 17.496 1.5
      vertex -15.8071 17.5883 -1.5
      vertex -15.4326 17.496 -1.5
    endloop
  endfacet
  facet normal -0.663172 -0.748467 0
    outer loop
      vertex -15.0911 17.3168 -1.5
      vertex -14.8024 17.061 1.5
      vertex -15.0911 17.3168 1.5
    endloop
  endfacet
  facet normal -0.663172 -0.748467 -0
    outer loop
      vertex -14.8024 17.061 1.5
      vertex -15.0911 17.3168 -1.5
      vertex -14.8024 17.061 -1.5
    endloop
  endfacet
  facet normal 0 -1 0
    outer loop
      vertex -16.1929 17.5883 -1.5
      vertex -15.8071 17.5883 1.5
      vertex -16.1929 17.5883 1.5
    endloop
  endfacet
  facet normal 0 -1 -0
    outer loop
      vertex -15.8071 17.5883 1.5
      vertex -16.1929 17.5883 -1.5
      vertex -15.8071 17.5883 -1.5
    endloop
  endfacet
  facet normal 0.663172 -0.748467 0
    outer loop
      vertex -17.1976 17.061 -1.5
      vertex -16.9089 17.3168 1.5
      vertex -17.1976 17.061 1.5
    endloop
  endfacet
  facet normal 0.663172 -0.748467 0
    outer loop
      vertex -16.9089 17.3168 1.5
      vertex -17.1976 17.061 -1.5
      vertex -16.9089 17.3168 -1.5
    endloop
  endfacet
  facet normal 0.935012 0.354615 0
    outer loop
      vertex -17.4167 15.2564 1.5
      vertex -17.5535 15.6171 -1.5
      vertex -17.5535 15.6171 1.5
    endloop
  endfacet
  facet normal 0.935012 0.354615 0
    outer loop
      vertex -17.5535 15.6171 -1.5
      vertex -17.4167 15.2564 1.5
      vertex -17.4167 15.2564 -1.5
    endloop
  endfacet
  facet normal -0.663172 0.748467 0
    outer loop
      vertex -14.8024 14.939 -1.5
      vertex -15.0911 14.6832 1.5
      vertex -14.8024 14.939 1.5
    endloop
  endfacet
  facet normal -0.663172 0.748467 0
    outer loop
      vertex -15.0911 14.6832 1.5
      vertex -14.8024 14.939 -1.5
      vertex -15.0911 14.6832 -1.5
    endloop
  endfacet
  facet normal 0.822966 0.56809 0
    outer loop
      vertex -17.1976 14.939 1.5
      vertex -17.4167 15.2564 -1.5
      vertex -17.4167 15.2564 1.5
    endloop
  endfacet
  facet normal 0.822966 0.56809 0
    outer loop
      vertex -17.4167 15.2564 -1.5
      vertex -17.1976 14.939 1.5
      vertex -17.1976 14.939 -1.5
    endloop
  endfacet
  facet normal -0.239301 0.970945 0
    outer loop
      vertex -15.4326 14.504 -1.5
      vertex -15.8071 14.4117 1.5
      vertex -15.4326 14.504 1.5
    endloop
  endfacet
  facet normal -0.239301 0.970945 0
    outer loop
      vertex -15.8071 14.4117 1.5
      vertex -15.4326 14.504 -1.5
      vertex -15.8071 14.4117 -1.5
    endloop
  endfacet
  facet normal 0.464656 0.885491 -0
    outer loop
      vertex -16.5674 14.504 -1.5
      vertex -16.9089 14.6832 1.5
      vertex -16.5674 14.504 1.5
    endloop
  endfacet
  facet normal 0.464656 0.885491 0
    outer loop
      vertex -16.9089 14.6832 1.5
      vertex -16.5674 14.504 -1.5
      vertex -16.9089 14.6832 -1.5
    endloop
  endfacet
  facet normal 0.663172 0.748467 -0
    outer loop
      vertex -16.9089 14.6832 -1.5
      vertex -17.1976 14.939 1.5
      vertex -16.9089 14.6832 1.5
    endloop
  endfacet
  facet normal 0.663172 0.748467 0
    outer loop
      vertex -17.1976 14.939 1.5
      vertex -16.9089 14.6832 -1.5
      vertex -17.1976 14.939 -1.5
    endloop
  endfacet
  facet normal 0.239301 -0.970945 0
    outer loop
      vertex -16.5674 17.496 -1.5
      vertex -16.1929 17.5883 1.5
      vertex -16.5674 17.496 1.5
    endloop
  endfacet
  facet normal 0.239301 -0.970945 0
    outer loop
      vertex -16.1929 17.5883 1.5
      vertex -16.5674 17.496 -1.5
      vertex -16.1929 17.5883 -1.5
    endloop
  endfacet
  facet normal 0.464656 -0.885491 0
    outer loop
      vertex -16.9089 17.3168 -1.5
      vertex -16.5674 17.496 1.5
      vertex -16.9089 17.3168 1.5
    endloop
  endfacet
  facet normal 0.464656 -0.885491 0
    outer loop
      vertex -16.5674 17.496 1.5
      vertex -16.9089 17.3168 -1.5
      vertex -16.5674 17.496 -1.5
    endloop
  endfacet
  facet normal -0.464656 0.885491 0
    outer loop
      vertex -15.0911 14.6832 -1.5
      vertex -15.4326 14.504 1.5
      vertex -15.0911 14.6832 1.5
    endloop
  endfacet
  facet normal -0.464656 0.885491 0
    outer loop
      vertex -15.4326 14.504 1.5
      vertex -15.0911 14.6832 -1.5
      vertex -15.4326 14.504 -1.5
    endloop
  endfacet
  facet normal 0.935012 -0.354615 0
    outer loop
      vertex -17.5535 16.3829 1.5
      vertex -17.4167 16.7436 -1.5
      vertex -17.4167 16.7436 1.5
    endloop
  endfacet
  facet normal 0.935012 -0.354615 0
    outer loop
      vertex -17.4167 16.7436 -1.5
      vertex -17.5535 16.3829 1.5
      vertex -17.5535 16.3829 -1.5
    endloop
  endfacet
  facet normal -0.822966 0.56809 0
    outer loop
      vertex -14.8024 14.939 -1.5
      vertex -14.5833 15.2564 1.5
      vertex -14.5833 15.2564 -1.5
    endloop
  endfacet
  facet normal -0.822966 0.56809 0
    outer loop
      vertex -14.5833 15.2564 1.5
      vertex -14.8024 14.939 -1.5
      vertex -14.8024 14.939 1.5
    endloop
  endfacet
  facet normal -0.935012 0.354615 0
    outer loop
      vertex -14.5833 15.2564 -1.5
      vertex -14.4465 15.6171 1.5
      vertex -14.4465 15.6171 -1.5
    endloop
  endfacet
  facet normal -0.935012 0.354615 0
    outer loop
      vertex -14.4465 15.6171 1.5
      vertex -14.5833 15.2564 -1.5
      vertex -14.5833 15.2564 1.5
    endloop
  endfacet
  facet normal 0 1 -0
    outer loop
      vertex -15.8071 14.4117 -1.5
      vertex -16.1929 14.4117 1.5
      vertex -15.8071 14.4117 1.5
    endloop
  endfacet
  facet normal 0 1 0
    outer loop
      vertex -16.1929 14.4117 1.5
      vertex -15.8071 14.4117 -1.5
      vertex -16.1929 14.4117 -1.5
    endloop
  endfacet
  facet normal 0.822966 -0.56809 0
    outer loop
      vertex -17.4167 16.7436 1.5
      vertex -17.1976 17.061 -1.5
      vertex -17.1976 17.061 1.5
    endloop
  endfacet
  facet normal 0.822966 -0.56809 0
    outer loop
      vertex -17.1976 17.061 -1.5
      vertex -17.4167 16.7436 1.5
      vertex -17.4167 16.7436 -1.5
    endloop
  endfacet
  facet normal -0.464656 -0.885491 0
    outer loop
      vertex -15.4326 17.496 -1.5
      vertex -15.0911 17.3168 1.5
      vertex -15.4326 17.496 1.5
    endloop
  endfacet
  facet normal -0.464656 -0.885491 -0
    outer loop
      vertex -15.0911 17.3168 1.5
      vertex -15.4326 17.496 -1.5
      vertex -15.0911 17.3168 -1.5
    endloop
  endfacet
  facet normal 0.239301 0.970945 -0
    outer loop
      vertex -16.1929 14.4117 -1.5
      vertex -16.5674 14.504 1.5
      vertex -16.1929 14.4117 1.5
    endloop
  endfacet
  facet normal 0.239301 0.970945 0
    outer loop
      vertex -16.5674 14.504 1.5
      vertex -16.1929 14.4117 -1.5
      vertex -16.5674 14.504 -1.5
    endloop
  endfacet
  facet normal 0.992707 -0.120556 0
    outer loop
      vertex -13.6 12 1.5
      vertex -13.5535 12.3829 -1.5
      vertex -13.5535 12.3829 1.5
    endloop
  endfacet
  facet normal 0.992707 -0.120556 0
    outer loop
      vertex -13.5535 12.3829 -1.5
      vertex -13.6 12 1.5
      vertex -13.6 12 -1.5
    endloop
  endfacet
  facet normal -0.935012 -0.354615 0
    outer loop
      vertex -10.4465 12.3829 -1.5
      vertex -10.5833 12.7436 1.5
      vertex -10.5833 12.7436 -1.5
    endloop
  endfacet
  facet normal -0.935012 -0.354615 0
    outer loop
      vertex -10.5833 12.7436 1.5
      vertex -10.4465 12.3829 -1.5
      vertex -10.4465 12.3829 1.5
    endloop
  endfacet
  facet normal -0.992707 -0.120556 0
    outer loop
      vertex -10.4 12 -1.5
      vertex -10.4465 12.3829 1.5
      vertex -10.4465 12.3829 -1.5
    endloop
  endfacet
  facet normal -0.992707 -0.120556 0
    outer loop
      vertex -10.4465 12.3829 1.5
      vertex -10.4 12 -1.5
      vertex -10.4 12 1.5
    endloop
  endfacet
  facet normal -0.822966 -0.56809 0
    outer loop
      vertex -10.5833 12.7436 -1.5
      vertex -10.8024 13.061 1.5
      vertex -10.8024 13.061 -1.5
    endloop
  endfacet
  facet normal -0.822966 -0.56809 0
    outer loop
      vertex -10.8024 13.061 1.5
      vertex -10.5833 12.7436 -1.5
      vertex -10.5833 12.7436 1.5
    endloop
  endfacet
  facet normal 0.992707 0.120556 0
    outer loop
      vertex -13.5535 11.6171 1.5
      vertex -13.6 12 -1.5
      vertex -13.6 12 1.5
    endloop
  endfacet
  facet normal 0.992707 0.120556 0
    outer loop
      vertex -13.6 12 -1.5
      vertex -13.5535 11.6171 1.5
      vertex -13.5535 11.6171 -1.5
    endloop
  endfacet
  facet normal -0.992707 0.120556 0
    outer loop
      vertex -10.4465 11.6171 -1.5
      vertex -10.4 12 1.5
      vertex -10.4 12 -1.5
    endloop
  endfacet
  facet normal -0.992707 0.120556 0
    outer loop
      vertex -10.4 12 1.5
      vertex -10.4465 11.6171 -1.5
      vertex -10.4465 11.6171 1.5
    endloop
  endfacet
  facet normal -0.239301 -0.970945 0
    outer loop
      vertex -11.8071 13.5883 -1.5
      vertex -11.4326 13.496 1.5
      vertex -11.8071 13.5883 1.5
    endloop
  endfacet
  facet normal -0.239301 -0.970945 -0
    outer loop
      vertex -11.4326 13.496 1.5
      vertex -11.8071 13.5883 -1.5
      vertex -11.4326 13.496 -1.5
    endloop
  endfacet
  facet normal -0.663172 -0.748467 0
    outer loop
      vertex -11.0911 13.3168 -1.5
      vertex -10.8024 13.061 1.5
      vertex -11.0911 13.3168 1.5
    endloop
  endfacet
  facet normal -0.663172 -0.748467 -0
    outer loop
      vertex -10.8024 13.061 1.5
      vertex -11.0911 13.3168 -1.5
      vertex -10.8024 13.061 -1.5
    endloop
  endfacet
  facet normal 0 -1 0
    outer loop
      vertex -12.1929 13.5883 -1.5
      vertex -11.8071 13.5883 1.5
      vertex -12.1929 13.5883 1.5
    endloop
  endfacet
  facet normal 0 -1 -0
    outer loop
      vertex -11.8071 13.5883 1.5
      vertex -12.1929 13.5883 -1.5
      vertex -11.8071 13.5883 -1.5
    endloop
  endfacet
  facet normal 0.663172 -0.748467 0
    outer loop
      vertex -13.1976 13.061 -1.5
      vertex -12.9089 13.3168 1.5
      vertex -13.1976 13.061 1.5
    endloop
  endfacet
  facet normal 0.663172 -0.748467 0
    outer loop
      vertex -12.9089 13.3168 1.5
      vertex -13.1976 13.061 -1.5
      vertex -12.9089 13.3168 -1.5
    endloop
  endfacet
  facet normal 0.935012 0.354615 0
    outer loop
      vertex -13.4167 11.2564 1.5
      vertex -13.5535 11.6171 -1.5
      vertex -13.5535 11.6171 1.5
    endloop
  endfacet
  facet normal 0.935012 0.354615 0
    outer loop
      vertex -13.5535 11.6171 -1.5
      vertex -13.4167 11.2564 1.5
      vertex -13.4167 11.2564 -1.5
    endloop
  endfacet
  facet normal -0.663172 0.748467 0
    outer loop
      vertex -10.8024 10.939 -1.5
      vertex -11.0911 10.6832 1.5
      vertex -10.8024 10.939 1.5
    endloop
  endfacet
  facet normal -0.663172 0.748467 0
    outer loop
      vertex -11.0911 10.6832 1.5
      vertex -10.8024 10.939 -1.5
      vertex -11.0911 10.6832 -1.5
    endloop
  endfacet
  facet normal 0.822966 0.56809 0
    outer loop
      vertex -13.1976 10.939 1.5
      vertex -13.4167 11.2564 -1.5
      vertex -13.4167 11.2564 1.5
    endloop
  endfacet
  facet normal 0.822966 0.56809 0
    outer loop
      vertex -13.4167 11.2564 -1.5
      vertex -13.1976 10.939 1.5
      vertex -13.1976 10.939 -1.5
    endloop
  endfacet
  facet normal -0.239301 0.970945 0
    outer loop
      vertex -11.4326 10.504 -1.5
      vertex -11.8071 10.4117 1.5
      vertex -11.4326 10.504 1.5
    endloop
  endfacet
  facet normal -0.239301 0.970945 0
    outer loop
      vertex -11.8071 10.4117 1.5
      vertex -11.4326 10.504 -1.5
      vertex -11.8071 10.4117 -1.5
    endloop
  endfacet
  facet normal 0.464656 0.885491 -0
    outer loop
      vertex -12.5674 10.504 -1.5
      vertex -12.9089 10.6832 1.5
      vertex -12.5674 10.504 1.5
    endloop
  endfacet
  facet normal 0.464656 0.885491 0
    outer loop
      vertex -12.9089 10.6832 1.5
      vertex -12.5674 10.504 -1.5
      vertex -12.9089 10.6832 -1.5
    endloop
  endfacet
  facet normal 0.663172 0.748467 -0
    outer loop
      vertex -12.9089 10.6832 -1.5
      vertex -13.1976 10.939 1.5
      vertex -12.9089 10.6832 1.5
    endloop
  endfacet
  facet normal 0.663172 0.748467 0
    outer loop
      vertex -13.1976 10.939 1.5
      vertex -12.9089 10.6832 -1.5
      vertex -13.1976 10.939 -1.5
    endloop
  endfacet
  facet normal 0.239301 -0.970945 0
    outer loop
      vertex -12.5674 13.496 -1.5
      vertex -12.1929 13.5883 1.5
      vertex -12.5674 13.496 1.5
    endloop
  endfacet
  facet normal 0.239301 -0.970945 0
    outer loop
      vertex -12.1929 13.5883 1.5
      vertex -12.5674 13.496 -1.5
      vertex -12.1929 13.5883 -1.5
    endloop
  endfacet
  facet normal 0.464656 -0.885491 0
    outer loop
      vertex -12.9089 13.3168 -1.5
      vertex -12.5674 13.496 1.5
      vertex -12.9089 13.3168 1.5
    endloop
  endfacet
  facet normal 0.464656 -0.885491 0
    outer loop
      vertex -12.5674 13.496 1.5
      vertex -12.9089 13.3168 -1.5
      vertex -12.5674 13.496 -1.5
    endloop
  endfacet
  facet normal -0.464656 0.885491 0
    outer loop
      vertex -11.0911 10.6832 -1.5
      vertex -11.4326 10.504 1.5
      vertex -11.0911 10.6832 1.5
    endloop
  endfacet
  facet normal -0.464656 0.885491 0
    outer loop
      vertex -11.4326 10.504 1.5
      vertex -11.0911 10.6832 -1.5
      vertex -11.4326 10.504 -1.5
    endloop
  endfacet
  facet normal 0.935012 -0.354615 0
    outer loop
      vertex -13.5535 12.3829 1.5
      vertex -13.4167 12.7436 -1.5
      vertex -13.4167 12.7436 1.5
    endloop
  endfacet
  facet normal 0.935012 -0.354615 0
    outer loop
      vertex -13.4167 12.7436 -1.5
      vertex -13.5535 12.3829 1.5
      vertex -13.5535 12.3829 -1.5
    endloop
  endfacet
  facet normal -0.822966 0.56809 0
    outer loop
      vertex -10.8024 10.939 -1.5
      vertex -10.5833 11.2564 1.5
      vertex -10.5833 11.2564 -1.5
    endloop
  endfacet
  facet normal -0.822966 0.56809 0
    outer loop
      vertex -10.5833 11.2564 1.5
      vertex -10.8024 10.939 -1.5
      vertex -10.8024 10.939 1.5
    endloop
  endfacet
  facet normal -0.935012 0.354615 0
    outer loop
      vertex -10.5833 11.2564 -1.5
      vertex -10.4465 11.6171 1.5
      vertex -10.4465 11.6171 -1.5
    endloop
  endfacet
  facet normal -0.935012 0.354615 0
    outer loop
      vertex -10.4465 11.6171 1.5
      vertex -10.5833 11.2564 -1.5
      vertex -10.5833 11.2564 1.5
    endloop
  endfacet
  facet normal 0 1 -0
    outer loop
      vertex -11.8071 10.4117 -1.5
      vertex -12.1929 10.4117 1.5
      vertex -11.8071 10.4117 1.5
    endloop
  endfacet
  facet normal 0 1 0
    outer loop
      vertex -12.1929 10.4117 1.5
      vertex -11.8071 10.4117 -1.5
      vertex -12.1929 10.4117 -1.5
    endloop
  endfacet
  facet normal 0.822966 -0.56809 0
    outer loop
      vertex -13.4167 12.7436 1.5
      vertex -13.1976 13.061 -1.5
      vertex -13.1976 13.061 1.5
    endloop
  endfacet
  facet normal 0.822966 -0.56809 0
    outer loop
      vertex -13.1976 13.061 -1.5
      vertex -13.4167 12.7436 1.5
      vertex -13.4167 12.7436 -1.5
    endloop
  endfacet
  facet normal -0.464656 -0.885491 0
    outer loop
      vertex -11.4326 13.496 -1.5
      vertex -11.0911 13.3168 1.5
      vertex -11.4326 13.496 1.5
    endloop
  endfacet
  facet normal -0.464656 -0.885491 -0
    outer loop
      vertex -11.0911 13.3168 1.5
      vertex -11.4326 13.496 -1.5
      vertex -11.0911 13.3168 -1.5
    endloop
  endfacet
  facet normal 0.239301 0.970945 -0
    outer loop
      vertex -12.1929 10.4117 -1.5
      vertex -12.5674 10.504 1.5
      vertex -12.1929 10.4117 1.5
    endloop
  endfacet
  facet normal 0.239301 0.970945 0
    outer loop
      vertex -12.5674 10.504 1.5
      vertex -12.1929 10.4117 -1.5
      vertex -12.5674 10.504 -1.5
    endloop
  endfacet
  facet normal 0.239301 0.970945 -0
    outer loop
      vertex 15.8071 -17.5883 -1.5
      vertex 15.4326 -17.496 1.5
      vertex 15.8071 -17.5883 1.5
    endloop
  endfacet
  facet normal 0.239301 0.970945 0
    outer loop
      vertex 15.4326 -17.496 1.5
      vertex 15.8071 -17.5883 -1.5
      vertex 15.4326 -17.496 -1.5
    endloop
  endfacet
  facet normal -0.935012 -0.354615 0
    outer loop
      vertex 17.5535 -15.6171 -1.5
      vertex 17.4167 -15.2564 1.5
      vertex 17.4167 -15.2564 -1.5
    endloop
  endfacet
  facet normal -0.935012 -0.354615 0
    outer loop
      vertex 17.4167 -15.2564 1.5
      vertex 17.5535 -15.6171 -1.5
      vertex 17.5535 -15.6171 1.5
    endloop
  endfacet
  facet normal -0.992707 -0.120556 0
    outer loop
      vertex 17.6 -16 -1.5
      vertex 17.5535 -15.6171 1.5
      vertex 17.5535 -15.6171 -1.5
    endloop
  endfacet
  facet normal -0.992707 -0.120556 0
    outer loop
      vertex 17.5535 -15.6171 1.5
      vertex 17.6 -16 -1.5
      vertex 17.6 -16 1.5
    endloop
  endfacet
  facet normal -0.822966 -0.56809 0
    outer loop
      vertex 17.4167 -15.2564 -1.5
      vertex 17.1976 -14.939 1.5
      vertex 17.1976 -14.939 -1.5
    endloop
  endfacet
  facet normal -0.822966 -0.56809 0
    outer loop
      vertex 17.1976 -14.939 1.5
      vertex 17.4167 -15.2564 -1.5
      vertex 17.4167 -15.2564 1.5
    endloop
  endfacet
  facet normal 0.663172 0.748467 -0
    outer loop
      vertex 15.0911 -17.3168 -1.5
      vertex 14.8024 -17.061 1.5
      vertex 15.0911 -17.3168 1.5
    endloop
  endfacet
  facet normal 0.663172 0.748467 0
    outer loop
      vertex 14.8024 -17.061 1.5
      vertex 15.0911 -17.3168 -1.5
      vertex 14.8024 -17.061 -1.5
    endloop
  endfacet
  facet normal -0.992707 0.120556 0
    outer loop
      vertex 17.5535 -16.3829 -1.5
      vertex 17.6 -16 1.5
      vertex 17.6 -16 -1.5
    endloop
  endfacet
  facet normal -0.992707 0.120556 0
    outer loop
      vertex 17.6 -16 1.5
      vertex 17.5535 -16.3829 -1.5
      vertex 17.5535 -16.3829 1.5
    endloop
  endfacet
  facet normal -0.239301 0.970945 0
    outer loop
      vertex 16.5674 -17.496 -1.5
      vertex 16.1929 -17.5883 1.5
      vertex 16.5674 -17.496 1.5
    endloop
  endfacet
  facet normal -0.239301 0.970945 0
    outer loop
      vertex 16.1929 -17.5883 1.5
      vertex 16.5674 -17.496 -1.5
      vertex 16.1929 -17.5883 -1.5
    endloop
  endfacet
  facet normal 0.822966 -0.56809 0
    outer loop
      vertex 14.5833 -15.2564 1.5
      vertex 14.8024 -14.939 -1.5
      vertex 14.8024 -14.939 1.5
    endloop
  endfacet
  facet normal 0.822966 -0.56809 0
    outer loop
      vertex 14.8024 -14.939 -1.5
      vertex 14.5833 -15.2564 1.5
      vertex 14.5833 -15.2564 -1.5
    endloop
  endfacet
  facet normal -0.663172 -0.748467 0
    outer loop
      vertex 16.9089 -14.6832 -1.5
      vertex 17.1976 -14.939 1.5
      vertex 16.9089 -14.6832 1.5
    endloop
  endfacet
  facet normal -0.663172 -0.748467 -0
    outer loop
      vertex 17.1976 -14.939 1.5
      vertex 16.9089 -14.6832 -1.5
      vertex 17.1976 -14.939 -1.5
    endloop
  endfacet
  facet normal 0.992707 -0.120556 0
    outer loop
      vertex 14.4 -16 1.5
      vertex 14.4465 -15.6171 -1.5
      vertex 14.4465 -15.6171 1.5
    endloop
  endfacet
  facet normal 0.992707 -0.120556 0
    outer loop
      vertex 14.4465 -15.6171 -1.5
      vertex 14.4 -16 1.5
      vertex 14.4 -16 -1.5
    endloop
  endfacet
  facet normal -0.464656 0.885491 0
    outer loop
      vertex 16.9089 -17.3168 -1.5
      vertex 16.5674 -17.496 1.5
      vertex 16.9089 -17.3168 1.5
    endloop
  endfacet
  facet normal -0.464656 0.885491 0
    outer loop
      vertex 16.5674 -17.496 1.5
      vertex 16.9089 -17.3168 -1.5
      vertex 16.5674 -17.496 -1.5
    endloop
  endfacet
  facet normal 0.935012 -0.354615 0
    outer loop
      vertex 14.4465 -15.6171 1.5
      vertex 14.5833 -15.2564 -1.5
      vertex 14.5833 -15.2564 1.5
    endloop
  endfacet
  facet normal 0.935012 -0.354615 0
    outer loop
      vertex 14.5833 -15.2564 -1.5
      vertex 14.4465 -15.6171 1.5
      vertex 14.4465 -15.6171 -1.5
    endloop
  endfacet
  facet normal -0.822966 0.56809 0
    outer loop
      vertex 17.1976 -17.061 -1.5
      vertex 17.4167 -16.7436 1.5
      vertex 17.4167 -16.7436 -1.5
    endloop
  endfacet
  facet normal -0.822966 0.56809 0
    outer loop
      vertex 17.4167 -16.7436 1.5
      vertex 17.1976 -17.061 -1.5
      vertex 17.1976 -17.061 1.5
    endloop
  endfacet
  facet normal -0.663172 0.748467 0
    outer loop
      vertex 17.1976 -17.061 -1.5
      vertex 16.9089 -17.3168 1.5
      vertex 17.1976 -17.061 1.5
    endloop
  endfacet
  facet normal -0.663172 0.748467 0
    outer loop
      vertex 16.9089 -17.3168 1.5
      vertex 17.1976 -17.061 -1.5
      vertex 16.9089 -17.3168 -1.5
    endloop
  endfacet
  facet normal -0.239301 -0.970945 0
    outer loop
      vertex 16.1929 -14.4117 -1.5
      vertex 16.5674 -14.504 1.5
      vertex 16.1929 -14.4117 1.5
    endloop
  endfacet
  facet normal -0.239301 -0.970945 -0
    outer loop
      vertex 16.5674 -14.504 1.5
      vertex 16.1929 -14.4117 -1.5
      vertex 16.5674 -14.504 -1.5
    endloop
  endfacet
  facet normal 0 -1 0
    outer loop
      vertex 15.8071 -14.4117 -1.5
      vertex 16.1929 -14.4117 1.5
      vertex 15.8071 -14.4117 1.5
    endloop
  endfacet
  facet normal 0 -1 -0
    outer loop
      vertex 16.1929 -14.4117 1.5
      vertex 15.8071 -14.4117 -1.5
      vertex 16.1929 -14.4117 -1.5
    endloop
  endfacet
  facet normal 0.464656 -0.885491 0
    outer loop
      vertex 15.0911 -14.6832 -1.5
      vertex 15.4326 -14.504 1.5
      vertex 15.0911 -14.6832 1.5
    endloop
  endfacet
  facet normal 0.464656 -0.885491 0
    outer loop
      vertex 15.4326 -14.504 1.5
      vertex 15.0911 -14.6832 -1.5
      vertex 15.4326 -14.504 -1.5
    endloop
  endfacet
  facet normal -0.464656 -0.885491 0
    outer loop
      vertex 16.5674 -14.504 -1.5
      vertex 16.9089 -14.6832 1.5
      vertex 16.5674 -14.504 1.5
    endloop
  endfacet
  facet normal -0.464656 -0.885491 -0
    outer loop
      vertex 16.9089 -14.6832 1.5
      vertex 16.5674 -14.504 -1.5
      vertex 16.9089 -14.6832 -1.5
    endloop
  endfacet
  facet normal 0.239301 -0.970945 0
    outer loop
      vertex 15.4326 -14.504 -1.5
      vertex 15.8071 -14.4117 1.5
      vertex 15.4326 -14.504 1.5
    endloop
  endfacet
  facet normal 0.239301 -0.970945 0
    outer loop
      vertex 15.8071 -14.4117 1.5
      vertex 15.4326 -14.504 -1.5
      vertex 15.8071 -14.4117 -1.5
    endloop
  endfacet
  facet normal -0.935012 0.354615 0
    outer loop
      vertex 17.4167 -16.7436 -1.5
      vertex 17.5535 -16.3829 1.5
      vertex 17.5535 -16.3829 -1.5
    endloop
  endfacet
  facet normal -0.935012 0.354615 0
    outer loop
      vertex 17.5535 -16.3829 1.5
      vertex 17.4167 -16.7436 -1.5
      vertex 17.4167 -16.7436 1.5
    endloop
  endfacet
  facet normal 0.663172 -0.748467 0
    outer loop
      vertex 14.8024 -14.939 -1.5
      vertex 15.0911 -14.6832 1.5
      vertex 14.8024 -14.939 1.5
    endloop
  endfacet
  facet normal 0.663172 -0.748467 0
    outer loop
      vertex 15.0911 -14.6832 1.5
      vertex 14.8024 -14.939 -1.5
      vertex 15.0911 -14.6832 -1.5
    endloop
  endfacet
  facet normal 0.464656 0.885491 -0
    outer loop
      vertex 15.4326 -17.496 -1.5
      vertex 15.0911 -17.3168 1.5
      vertex 15.4326 -17.496 1.5
    endloop
  endfacet
  facet normal 0.464656 0.885491 0
    outer loop
      vertex 15.0911 -17.3168 1.5
      vertex 15.4326 -17.496 -1.5
      vertex 15.0911 -17.3168 -1.5
    endloop
  endfacet
  facet normal 0.992707 0.120556 0
    outer loop
      vertex 14.4465 -16.3829 1.5
      vertex 14.4 -16 -1.5
      vertex 14.4 -16 1.5
    endloop
  endfacet
  facet normal 0.992707 0.120556 0
    outer loop
      vertex 14.4 -16 -1.5
      vertex 14.4465 -16.3829 1.5
      vertex 14.4465 -16.3829 -1.5
    endloop
  endfacet
  facet normal 0 1 -0
    outer loop
      vertex 16.1929 -17.5883 -1.5
      vertex 15.8071 -17.5883 1.5
      vertex 16.1929 -17.5883 1.5
    endloop
  endfacet
  facet normal 0 1 0
    outer loop
      vertex 15.8071 -17.5883 1.5
      vertex 16.1929 -17.5883 -1.5
      vertex 15.8071 -17.5883 -1.5
    endloop
  endfacet
  facet normal 0.935012 0.354615 0
    outer loop
      vertex 14.5833 -16.7436 1.5
      vertex 14.4465 -16.3829 -1.5
      vertex 14.4465 -16.3829 1.5
    endloop
  endfacet
  facet normal 0.935012 0.354615 0
    outer loop
      vertex 14.4465 -16.3829 -1.5
      vertex 14.5833 -16.7436 1.5
      vertex 14.5833 -16.7436 -1.5
    endloop
  endfacet
  facet normal 0.822966 0.56809 0
    outer loop
      vertex 14.8024 -17.061 1.5
      vertex 14.5833 -16.7436 -1.5
      vertex 14.5833 -16.7436 1.5
    endloop
  endfacet
  facet normal 0.822966 0.56809 0
    outer loop
      vertex 14.5833 -16.7436 -1.5
      vertex 14.8024 -17.061 1.5
      vertex 14.8024 -17.061 -1.5
    endloop
  endfacet
  facet normal 0.239301 0.970945 -0
    outer loop
      vertex 11.8071 -13.5883 -1.5
      vertex 11.4326 -13.496 1.5
      vertex 11.8071 -13.5883 1.5
    endloop
  endfacet
  facet normal 0.239301 0.970945 0
    outer loop
      vertex 11.4326 -13.496 1.5
      vertex 11.8071 -13.5883 -1.5
      vertex 11.4326 -13.496 -1.5
    endloop
  endfacet
  facet normal -0.935012 -0.354615 0
    outer loop
      vertex 13.5535 -11.6171 -1.5
      vertex 13.4167 -11.2564 1.5
      vertex 13.4167 -11.2564 -1.5
    endloop
  endfacet
  facet normal -0.935012 -0.354615 0
    outer loop
      vertex 13.4167 -11.2564 1.5
      vertex 13.5535 -11.6171 -1.5
      vertex 13.5535 -11.6171 1.5
    endloop
  endfacet
  facet normal -0.992707 -0.120556 0
    outer loop
      vertex 13.6 -12 -1.5
      vertex 13.5535 -11.6171 1.5
      vertex 13.5535 -11.6171 -1.5
    endloop
  endfacet
  facet normal -0.992707 -0.120556 0
    outer loop
      vertex 13.5535 -11.6171 1.5
      vertex 13.6 -12 -1.5
      vertex 13.6 -12 1.5
    endloop
  endfacet
  facet normal -0.822966 -0.56809 0
    outer loop
      vertex 13.4167 -11.2564 -1.5
      vertex 13.1976 -10.939 1.5
      vertex 13.1976 -10.939 -1.5
    endloop
  endfacet
  facet normal -0.822966 -0.56809 0
    outer loop
      vertex 13.1976 -10.939 1.5
      vertex 13.4167 -11.2564 -1.5
      vertex 13.4167 -11.2564 1.5
    endloop
  endfacet
  facet normal 0.663172 0.748467 -0
    outer loop
      vertex 11.0911 -13.3168 -1.5
      vertex 10.8024 -13.061 1.5
      vertex 11.0911 -13.3168 1.5
    endloop
  endfacet
  facet normal 0.663172 0.748467 0
    outer loop
      vertex 10.8024 -13.061 1.5
      vertex 11.0911 -13.3168 -1.5
      vertex 10.8024 -13.061 -1.5
    endloop
  endfacet
  facet normal -0.992707 0.120556 0
    outer loop
      vertex 13.5535 -12.3829 -1.5
      vertex 13.6 -12 1.5
      vertex 13.6 -12 -1.5
    endloop
  endfacet
  facet normal -0.992707 0.120556 0
    outer loop
      vertex 13.6 -12 1.5
      vertex 13.5535 -12.3829 -1.5
      vertex 13.5535 -12.3829 1.5
    endloop
  endfacet
  facet normal -0.239301 0.970945 0
    outer loop
      vertex 12.5674 -13.496 -1.5
      vertex 12.1929 -13.5883 1.5
      vertex 12.5674 -13.496 1.5
    endloop
  endfacet
  facet normal -0.239301 0.970945 0
    outer loop
      vertex 12.1929 -13.5883 1.5
      vertex 12.5674 -13.496 -1.5
      vertex 12.1929 -13.5883 -1.5
    endloop
  endfacet
  facet normal 0.822966 -0.56809 0
    outer loop
      vertex 10.5833 -11.2564 1.5
      vertex 10.8024 -10.939 -1.5
      vertex 10.8024 -10.939 1.5
    endloop
  endfacet
  facet normal 0.822966 -0.56809 0
    outer loop
      vertex 10.8024 -10.939 -1.5
      vertex 10.5833 -11.2564 1.5
      vertex 10.5833 -11.2564 -1.5
    endloop
  endfacet
  facet normal -0.663172 -0.748467 0
    outer loop
      vertex 12.9089 -10.6832 -1.5
      vertex 13.1976 -10.939 1.5
      vertex 12.9089 -10.6832 1.5
    endloop
  endfacet
  facet normal -0.663172 -0.748467 -0
    outer loop
      vertex 13.1976 -10.939 1.5
      vertex 12.9089 -10.6832 -1.5
      vertex 13.1976 -10.939 -1.5
    endloop
  endfacet
  facet normal 0.992707 -0.120556 0
    outer loop
      vertex 10.4 -12 1.5
      vertex 10.4465 -11.6171 -1.5
      vertex 10.4465 -11.6171 1.5
    endloop
  endfacet
  facet normal 0.992707 -0.120556 0
    outer loop
      vertex 10.4465 -11.6171 -1.5
      vertex 10.4 -12 1.5
      vertex 10.4 -12 -1.5
    endloop
  endfacet
  facet normal -0.464656 0.885491 0
    outer loop
      vertex 12.9089 -13.3168 -1.5
      vertex 12.5674 -13.496 1.5
      vertex 12.9089 -13.3168 1.5
    endloop
  endfacet
  facet normal -0.464656 0.885491 0
    outer loop
      vertex 12.5674 -13.496 1.5
      vertex 12.9089 -13.3168 -1.5
      vertex 12.5674 -13.496 -1.5
    endloop
  endfacet
  facet normal 0.935012 -0.354615 0
    outer loop
      vertex 10.4465 -11.6171 1.5
      vertex 10.5833 -11.2564 -1.5
      vertex 10.5833 -11.2564 1.5
    endloop
  endfacet
  facet normal 0.935012 -0.354615 0
    outer loop
      vertex 10.5833 -11.2564 -1.5
      vertex 10.4465 -11.6171 1.5
      vertex 10.4465 -11.6171 -1.5
    endloop
  endfacet
  facet normal -0.822966 0.56809 0
    outer loop
      vertex 13.1976 -13.061 -1.5
      vertex 13.4167 -12.7436 1.5
      vertex 13.4167 -12.7436 -1.5
    endloop
  endfacet
  facet normal -0.822966 0.56809 0
    outer loop
      vertex 13.4167 -12.7436 1.5
      vertex 13.1976 -13.061 -1.5
      vertex 13.1976 -13.061 1.5
    endloop
  endfacet
  facet normal -0.663172 0.748467 0
    outer loop
      vertex 13.1976 -13.061 -1.5
      vertex 12.9089 -13.3168 1.5
      vertex 13.1976 -13.061 1.5
    endloop
  endfacet
  facet normal -0.663172 0.748467 0
    outer loop
      vertex 12.9089 -13.3168 1.5
      vertex 13.1976 -13.061 -1.5
      vertex 12.9089 -13.3168 -1.5
    endloop
  endfacet
  facet normal -0.239301 -0.970945 0
    outer loop
      vertex 12.1929 -10.4117 -1.5
      vertex 12.5674 -10.504 1.5
      vertex 12.1929 -10.4117 1.5
    endloop
  endfacet
  facet normal -0.239301 -0.970945 -0
    outer loop
      vertex 12.5674 -10.504 1.5
      vertex 12.1929 -10.4117 -1.5
      vertex 12.5674 -10.504 -1.5
    endloop
  endfacet
  facet normal 0 -1 0
    outer loop
      vertex 11.8071 -10.4117 -1.5
      vertex 12.1929 -10.4117 1.5
      vertex 11.8071 -10.4117 1.5
    endloop
  endfacet
  facet normal 0 -1 -0
    outer loop
      vertex 12.1929 -10.4117 1.5
      vertex 11.8071 -10.4117 -1.5
      vertex 12.1929 -10.4117 -1.5
    endloop
  endfacet
  facet normal 0.464656 -0.885491 0
    outer loop
      vertex 11.0911 -10.6832 -1.5
      vertex 11.4326 -10.504 1.5
      vertex 11.0911 -10.6832 1.5
    endloop
  endfacet
  facet normal 0.464656 -0.885491 0
    outer loop
      vertex 11.4326 -10.504 1.5
      vertex 11.0911 -10.6832 -1.5
      vertex 11.4326 -10.504 -1.5
    endloop
  endfacet
  facet normal -0.464656 -0.885491 0
    outer loop
      vertex 12.5674 -10.504 -1.5
      vertex 12.9089 -10.6832 1.5
      vertex 12.5674 -10.504 1.5
    endloop
  endfacet
  facet normal -0.464656 -0.885491 -0
    outer loop
      vertex 12.9089 -10.6832 1.5
      vertex 12.5674 -10.504 -1.5
      vertex 12.9089 -10.6832 -1.5
    endloop
  endfacet
  facet normal 0.239301 -0.970945 0
    outer loop
      vertex 11.4326 -10.504 -1.5
      vertex 11.8071 -10.4117 1.5
      vertex 11.4326 -10.504 1.5
    endloop
  endfacet
  facet normal 0.239301 -0.970945 0
    outer loop
      vertex 11.8071 -10.4117 1.5
      vertex 11.4326 -10.504 -1.5
      vertex 11.8071 -10.4117 -1.5
    endloop
  endfacet
  facet normal -0.935012 0.354615 0
    outer loop
      vertex 13.4167 -12.7436 -1.5
      vertex 13.5535 -12.3829 1.5
      vertex 13.5535 -12.3829 -1.5
    endloop
  endfacet
  facet normal -0.935012 0.354615 0
    outer loop
      vertex 13.5535 -12.3829 1.5
      vertex 13.4167 -12.7436 -1.5
      vertex 13.4167 -12.7436 1.5
    endloop
  endfacet
  facet normal 0.663172 -0.748467 0
    outer loop
      vertex 10.8024 -10.939 -1.5
      vertex 11.0911 -10.6832 1.5
      vertex 10.8024 -10.939 1.5
    endloop
  endfacet
  facet normal 0.663172 -0.748467 0
    outer loop
      vertex 11.0911 -10.6832 1.5
      vertex 10.8024 -10.939 -1.5
      vertex 11.0911 -10.6832 -1.5
    endloop
  endfacet
  facet normal 0.822966 0.56809 0
    outer loop
      vertex 10.8024 -13.061 1.5
      vertex 10.5833 -12.7436 -1.5
      vertex 10.5833 -12.7436 1.5
    endloop
  endfacet
  facet normal 0.822966 0.56809 0
    outer loop
      vertex 10.5833 -12.7436 -1.5
      vertex 10.8024 -13.061 1.5
      vertex 10.8024 -13.061 -1.5
    endloop
  endfacet
  facet normal 0.464656 0.885491 -0
    outer loop
      vertex 11.4326 -13.496 -1.5
      vertex 11.0911 -13.3168 1.5
      vertex 11.4326 -13.496 1.5
    endloop
  endfacet
  facet normal 0.464656 0.885491 0
    outer loop
      vertex 11.0911 -13.3168 1.5
      vertex 11.4326 -13.496 -1.5
      vertex 11.0911 -13.3168 -1.5
    endloop
  endfacet
  facet normal 0.992707 0.120556 0
    outer loop
      vertex 10.4465 -12.3829 1.5
      vertex 10.4 -12 -1.5
      vertex 10.4 -12 1.5
    endloop
  endfacet
  facet normal 0.992707 0.120556 0
    outer loop
      vertex 10.4 -12 -1.5
      vertex 10.4465 -12.3829 1.5
      vertex 10.4465 -12.3829 -1.5
    endloop
  endfacet
  facet normal 0 1 -0
    outer loop
      vertex 12.1929 -13.5883 -1.5
      vertex 11.8071 -13.5883 1.5
      vertex 12.1929 -13.5883 1.5
    endloop
  endfacet
  facet normal 0 1 0
    outer loop
      vertex 11.8071 -13.5883 1.5
      vertex 12.1929 -13.5883 -1.5
      vertex 11.8071 -13.5883 -1.5
    endloop
  endfacet
  facet normal 0.935012 0.354615 0
    outer loop
      vertex 10.5833 -12.7436 1.5
      vertex 10.4465 -12.3829 -1.5
      vertex 10.4465 -12.3829 1.5
    endloop
  endfacet
  facet normal 0.935012 0.354615 0
    outer loop
      vertex 10.4465 -12.3829 -1.5
      vertex 10.5833 -12.7436 1.5
      vertex 10.5833 -12.7436 -1.5
    endloop
  endfacet
  facet normal 0.992707 -0.120556 0
    outer loop
      vertex 14.4 16 1.5
      vertex 14.4465 16.3829 -1.5
      vertex 14.4465 16.3829 1.5
    endloop
  endfacet
  facet normal 0.992707 -0.120556 0
    outer loop
      vertex 14.4465 16.3829 -1.5
      vertex 14.4 16 1.5
      vertex 14.4 16 -1.5
    endloop
  endfacet
  facet normal -0.935012 -0.354615 0
    outer loop
      vertex 17.5535 16.3829 -1.5
      vertex 17.4167 16.7436 1.5
      vertex 17.4167 16.7436 -1.5
    endloop
  endfacet
  facet normal -0.935012 -0.354615 0
    outer loop
      vertex 17.4167 16.7436 1.5
      vertex 17.5535 16.3829 -1.5
      vertex 17.5535 16.3829 1.5
    endloop
  endfacet
  facet normal -0.992707 -0.120556 0
    outer loop
      vertex 17.6 16 -1.5
      vertex 17.5535 16.3829 1.5
      vertex 17.5535 16.3829 -1.5
    endloop
  endfacet
  facet normal -0.992707 -0.120556 0
    outer loop
      vertex 17.5535 16.3829 1.5
      vertex 17.6 16 -1.5
      vertex 17.6 16 1.5
    endloop
  endfacet
  facet normal -0.822966 -0.56809 0
    outer loop
      vertex 17.4167 16.7436 -1.5
      vertex 17.1976 17.061 1.5
      vertex 17.1976 17.061 -1.5
    endloop
  endfacet
  facet normal -0.822966 -0.56809 0
    outer loop
      vertex 17.1976 17.061 1.5
      vertex 17.4167 16.7436 -1.5
      vertex 17.4167 16.7436 1.5
    endloop
  endfacet
  facet normal 0.992707 0.120556 0
    outer loop
      vertex 14.4465 15.6171 1.5
      vertex 14.4 16 -1.5
      vertex 14.4 16 1.5
    endloop
  endfacet
  facet normal 0.992707 0.120556 0
    outer loop
      vertex 14.4 16 -1.5
      vertex 14.4465 15.6171 1.5
      vertex 14.4465 15.6171 -1.5
    endloop
  endfacet
  facet normal -0.992707 0.120556 0
    outer loop
      vertex 17.5535 15.6171 -1.5
      vertex 17.6 16 1.5
      vertex 17.6 16 -1.5
    endloop
  endfacet
  facet normal -0.992707 0.120556 0
    outer loop
      vertex 17.6 16 1.5
      vertex 17.5535 15.6171 -1.5
      vertex 17.5535 15.6171 1.5
    endloop
  endfacet
  facet normal -0.239301 -0.970945 0
    outer loop
      vertex 16.1929 17.5883 -1.5
      vertex 16.5674 17.496 1.5
      vertex 16.1929 17.5883 1.5
    endloop
  endfacet
  facet normal -0.239301 -0.970945 -0
    outer loop
      vertex 16.5674 17.496 1.5
      vertex 16.1929 17.5883 -1.5
      vertex 16.5674 17.496 -1.5
    endloop
  endfacet
  facet normal -0.663172 -0.748467 0
    outer loop
      vertex 16.9089 17.3168 -1.5
      vertex 17.1976 17.061 1.5
      vertex 16.9089 17.3168 1.5
    endloop
  endfacet
  facet normal -0.663172 -0.748467 -0
    outer loop
      vertex 17.1976 17.061 1.5
      vertex 16.9089 17.3168 -1.5
      vertex 17.1976 17.061 -1.5
    endloop
  endfacet
  facet normal 0 -1 0
    outer loop
      vertex 15.8071 17.5883 -1.5
      vertex 16.1929 17.5883 1.5
      vertex 15.8071 17.5883 1.5
    endloop
  endfacet
  facet normal 0 -1 -0
    outer loop
      vertex 16.1929 17.5883 1.5
      vertex 15.8071 17.5883 -1.5
      vertex 16.1929 17.5883 -1.5
    endloop
  endfacet
  facet normal 0.663172 -0.748467 0
    outer loop
      vertex 14.8024 17.061 -1.5
      vertex 15.0911 17.3168 1.5
      vertex 14.8024 17.061 1.5
    endloop
  endfacet
  facet normal 0.663172 -0.748467 0
    outer loop
      vertex 15.0911 17.3168 1.5
      vertex 14.8024 17.061 -1.5
      vertex 15.0911 17.3168 -1.5
    endloop
  endfacet
  facet normal 0.935012 0.354615 0
    outer loop
      vertex 14.5833 15.2564 1.5
      vertex 14.4465 15.6171 -1.5
      vertex 14.4465 15.6171 1.5
    endloop
  endfacet
  facet normal 0.935012 0.354615 0
    outer loop
      vertex 14.4465 15.6171 -1.5
      vertex 14.5833 15.2564 1.5
      vertex 14.5833 15.2564 -1.5
    endloop
  endfacet
  facet normal -0.663172 0.748467 0
    outer loop
      vertex 17.1976 14.939 -1.5
      vertex 16.9089 14.6832 1.5
      vertex 17.1976 14.939 1.5
    endloop
  endfacet
  facet normal -0.663172 0.748467 0
    outer loop
      vertex 16.9089 14.6832 1.5
      vertex 17.1976 14.939 -1.5
      vertex 16.9089 14.6832 -1.5
    endloop
  endfacet
  facet normal 0.822966 0.56809 0
    outer loop
      vertex 14.8024 14.939 1.5
      vertex 14.5833 15.2564 -1.5
      vertex 14.5833 15.2564 1.5
    endloop
  endfacet
  facet normal 0.822966 0.56809 0
    outer loop
      vertex 14.5833 15.2564 -1.5
      vertex 14.8024 14.939 1.5
      vertex 14.8024 14.939 -1.5
    endloop
  endfacet
  facet normal -0.239301 0.970945 0
    outer loop
      vertex 16.5674 14.504 -1.5
      vertex 16.1929 14.4117 1.5
      vertex 16.5674 14.504 1.5
    endloop
  endfacet
  facet normal -0.239301 0.970945 0
    outer loop
      vertex 16.1929 14.4117 1.5
      vertex 16.5674 14.504 -1.5
      vertex 16.1929 14.4117 -1.5
    endloop
  endfacet
  facet normal 0.464656 0.885491 -0
    outer loop
      vertex 15.4326 14.504 -1.5
      vertex 15.0911 14.6832 1.5
      vertex 15.4326 14.504 1.5
    endloop
  endfacet
  facet normal 0.464656 0.885491 0
    outer loop
      vertex 15.0911 14.6832 1.5
      vertex 15.4326 14.504 -1.5
      vertex 15.0911 14.6832 -1.5
    endloop
  endfacet
  facet normal 0.663172 0.748467 -0
    outer loop
      vertex 15.0911 14.6832 -1.5
      vertex 14.8024 14.939 1.5
      vertex 15.0911 14.6832 1.5
    endloop
  endfacet
  facet normal 0.663172 0.748467 0
    outer loop
      vertex 14.8024 14.939 1.5
      vertex 15.0911 14.6832 -1.5
      vertex 14.8024 14.939 -1.5
    endloop
  endfacet
  facet normal 0.239301 -0.970945 0
    outer loop
      vertex 15.4326 17.496 -1.5
      vertex 15.8071 17.5883 1.5
      vertex 15.4326 17.496 1.5
    endloop
  endfacet
  facet normal 0.239301 -0.970945 0
    outer loop
      vertex 15.8071 17.5883 1.5
      vertex 15.4326 17.496 -1.5
      vertex 15.8071 17.5883 -1.5
    endloop
  endfacet
  facet normal 0.464656 -0.885491 0
    outer loop
      vertex 15.0911 17.3168 -1.5
      vertex 15.4326 17.496 1.5
      vertex 15.0911 17.3168 1.5
    endloop
  endfacet
  facet normal 0.464656 -0.885491 0
    outer loop
      vertex 15.4326 17.496 1.5
      vertex 15.0911 17.3168 -1.5
      vertex 15.4326 17.496 -1.5
    endloop
  endfacet
  facet normal -0.464656 0.885491 0
    outer loop
      vertex 16.9089 14.6832 -1.5
      vertex 16.5674 14.504 1.5
      vertex 16.9089 14.6832 1.5
    endloop
  endfacet
  facet normal -0.464656 0.885491 0
    outer loop
      vertex 16.5674 14.504 1.5
      vertex 16.9089 14.6832 -1.5
      vertex 16.5674 14.504 -1.5
    endloop
  endfacet
  facet normal 0.935012 -0.354615 0
    outer loop
      vertex 14.4465 16.3829 1.5
      vertex 14.5833 16.7436 -1.5
      vertex 14.5833 16.7436 1.5
    endloop
  endfacet
  facet normal 0.935012 -0.354615 0
    outer loop
      vertex 14.5833 16.7436 -1.5
      vertex 14.4465 16.3829 1.5
      vertex 14.4465 16.3829 -1.5
    endloop
  endfacet
  facet normal -0.822966 0.56809 0
    outer loop
      vertex 17.1976 14.939 -1.5
      vertex 17.4167 15.2564 1.5
      vertex 17.4167 15.2564 -1.5
    endloop
  endfacet
  facet normal -0.822966 0.56809 0
    outer loop
      vertex 17.4167 15.2564 1.5
      vertex 17.1976 14.939 -1.5
      vertex 17.1976 14.939 1.5
    endloop
  endfacet
  facet normal -0.935012 0.354615 0
    outer loop
      vertex 17.4167 15.2564 -1.5
      vertex 17.5535 15.6171 1.5
      vertex 17.5535 15.6171 -1.5
    endloop
  endfacet
  facet normal -0.935012 0.354615 0
    outer loop
      vertex 17.5535 15.6171 1.5
      vertex 17.4167 15.2564 -1.5
      vertex 17.4167 15.2564 1.5
    endloop
  endfacet
  facet normal 0 1 -0
    outer loop
      vertex 16.1929 14.4117 -1.5
      vertex 15.8071 14.4117 1.5
      vertex 16.1929 14.4117 1.5
    endloop
  endfacet
  facet normal 0 1 0
    outer loop
      vertex 15.8071 14.4117 1.5
      vertex 16.1929 14.4117 -1.5
      vertex 15.8071 14.4117 -1.5
    endloop
  endfacet
  facet normal 0.822966 -0.56809 0
    outer loop
      vertex 14.5833 16.7436 1.5
      vertex 14.8024 17.061 -1.5
      vertex 14.8024 17.061 1.5
    endloop
  endfacet
  facet normal 0.822966 -0.56809 0
    outer loop
      vertex 14.8024 17.061 -1.5
      vertex 14.5833 16.7436 1.5
      vertex 14.5833 16.7436 -1.5
    endloop
  endfacet
  facet normal -0.464656 -0.885491 0
    outer loop
      vertex 16.5674 17.496 -1.5
      vertex 16.9089 17.3168 1.5
      vertex 16.5674 17.496 1.5
    endloop
  endfacet
  facet normal -0.464656 -0.885491 -0
    outer loop
      vertex 16.9089 17.3168 1.5
      vertex 16.5674 17.496 -1.5
      vertex 16.9089 17.3168 -1.5
    endloop
  endfacet
  facet normal 0.239301 0.970945 -0
    outer loop
      vertex 15.8071 14.4117 -1.5
      vertex 15.4326 14.504 1.5
      vertex 15.8071 14.4117 1.5
    endloop
  endfacet
  facet normal 0.239301 0.970945 0
    outer loop
      vertex 15.4326 14.504 1.5
      vertex 15.8071 14.4117 -1.5
      vertex 15.4326 14.504 -1.5
    endloop
  endfacet
  facet normal 0.992707 -0.120556 0
    outer loop
      vertex 10.4 12 1.5
      vertex 10.4465 12.3829 -1.5
      vertex 10.4465 12.3829 1.5
    endloop
  endfacet
  facet normal 0.992707 -0.120556 0
    outer loop
      vertex 10.4465 12.3829 -1.5
      vertex 10.4 12 1.5
      vertex 10.4 12 -1.5
    endloop
  endfacet
  facet normal -0.935012 -0.354615 0
    outer loop
      vertex 13.5535 12.3829 -1.5
      vertex 13.4167 12.7436 1.5
      vertex 13.4167 12.7436 -1.5
    endloop
  endfacet
  facet normal -0.935012 -0.354615 0
    outer loop
      vertex 13.4167 12.7436 1.5
      vertex 13.5535 12.3829 -1.5
      vertex 13.5535 12.3829 1.5
    endloop
  endfacet
  facet normal -0.992707 -0.120556 0
    outer loop
      vertex 13.6 12 -1.5
      vertex 13.5535 12.3829 1.5
      vertex 13.5535 12.3829 -1.5
    endloop
  endfacet
  facet normal -0.992707 -0.120556 0
    outer loop
      vertex 13.5535 12.3829 1.5
      vertex 13.6 12 -1.5
      vertex 13.6 12 1.5
    endloop
  endfacet
  facet normal -0.822966 -0.56809 0
    outer loop
      vertex 13.4167 12.7436 -1.5
      vertex 13.1976 13.061 1.5
      vertex 13.1976 13.061 -1.5
    endloop
  endfacet
  facet normal -0.822966 -0.56809 0
    outer loop
      vertex 13.1976 13.061 1.5
      vertex 13.4167 12.7436 -1.5
      vertex 13.4167 12.7436 1.5
    endloop
  endfacet
  facet normal 0.992707 0.120556 0
    outer loop
      vertex 10.4465 11.6171 1.5
      vertex 10.4 12 -1.5
      vertex 10.4 12 1.5
    endloop
  endfacet
  facet normal 0.992707 0.120556 0
    outer loop
      vertex 10.4 12 -1.5
      vertex 10.4465 11.6171 1.5
      vertex 10.4465 11.6171 -1.5
    endloop
  endfacet
  facet normal -0.992707 0.120556 0
    outer loop
      vertex 13.5535 11.6171 -1.5
      vertex 13.6 12 1.5
      vertex 13.6 12 -1.5
    endloop
  endfacet
  facet normal -0.992707 0.120556 0
    outer loop
      vertex 13.6 12 1.5
      vertex 13.5535 11.6171 -1.5
      vertex 13.5535 11.6171 1.5
    endloop
  endfacet
  facet normal -0.239301 -0.970945 0
    outer loop
      vertex 12.1929 13.5883 -1.5
      vertex 12.5674 13.496 1.5
      vertex 12.1929 13.5883 1.5
    endloop
  endfacet
  facet normal -0.239301 -0.970945 -0
    outer loop
      vertex 12.5674 13.496 1.5
      vertex 12.1929 13.5883 -1.5
      vertex 12.5674 13.496 -1.5
    endloop
  endfacet
  facet normal -0.663172 -0.748467 0
    outer loop
      vertex 12.9089 13.3168 -1.5
      vertex 13.1976 13.061 1.5
      vertex 12.9089 13.3168 1.5
    endloop
  endfacet
  facet normal -0.663172 -0.748467 -0
    outer loop
      vertex 13.1976 13.061 1.5
      vertex 12.9089 13.3168 -1.5
      vertex 13.1976 13.061 -1.5
    endloop
  endfacet
  facet normal 0 -1 0
    outer loop
      vertex 11.8071 13.5883 -1.5
      vertex 12.1929 13.5883 1.5
      vertex 11.8071 13.5883 1.5
    endloop
  endfacet
  facet normal 0 -1 -0
    outer loop
      vertex 12.1929 13.5883 1.5
      vertex 11.8071 13.5883 -1.5
      vertex 12.1929 13.5883 -1.5
    endloop
  endfacet
  facet normal 0.663172 -0.748467 0
    outer loop
      vertex 10.8024 13.061 -1.5
      vertex 11.0911 13.3168 1.5
      vertex 10.8024 13.061 1.5
    endloop
  endfacet
  facet normal 0.663172 -0.748467 0
    outer loop
      vertex 11.0911 13.3168 1.5
      vertex 10.8024 13.061 -1.5
      vertex 11.0911 13.3168 -1.5
    endloop
  endfacet
  facet normal 0.935012 0.354615 0
    outer loop
      vertex 10.5833 11.2564 1.5
      vertex 10.4465 11.6171 -1.5
      vertex 10.4465 11.6171 1.5
    endloop
  endfacet
  facet normal 0.935012 0.354615 0
    outer loop
      vertex 10.4465 11.6171 -1.5
      vertex 10.5833 11.2564 1.5
      vertex 10.5833 11.2564 -1.5
    endloop
  endfacet
  facet normal -0.663172 0.748467 0
    outer loop
      vertex 13.1976 10.939 -1.5
      vertex 12.9089 10.6832 1.5
      vertex 13.1976 10.939 1.5
    endloop
  endfacet
  facet normal -0.663172 0.748467 0
    outer loop
      vertex 12.9089 10.6832 1.5
      vertex 13.1976 10.939 -1.5
      vertex 12.9089 10.6832 -1.5
    endloop
  endfacet
  facet normal 0.822966 0.56809 0
    outer loop
      vertex 10.8024 10.939 1.5
      vertex 10.5833 11.2564 -1.5
      vertex 10.5833 11.2564 1.5
    endloop
  endfacet
  facet normal 0.822966 0.56809 0
    outer loop
      vertex 10.5833 11.2564 -1.5
      vertex 10.8024 10.939 1.5
      vertex 10.8024 10.939 -1.5
    endloop
  endfacet
  facet normal -0.239301 0.970945 0
    outer loop
      vertex 12.5674 10.504 -1.5
      vertex 12.1929 10.4117 1.5
      vertex 12.5674 10.504 1.5
    endloop
  endfacet
  facet normal -0.239301 0.970945 0
    outer loop
      vertex 12.1929 10.4117 1.5
      vertex 12.5674 10.504 -1.5
      vertex 12.1929 10.4117 -1.5
    endloop
  endfacet
  facet normal 0.464656 0.885491 -0
    outer loop
      vertex 11.4326 10.504 -1.5
      vertex 11.0911 10.6832 1.5
      vertex 11.4326 10.504 1.5
    endloop
  endfacet
  facet normal 0.464656 0.885491 0
    outer loop
      vertex 11.0911 10.6832 1.5
      vertex 11.4326 10.504 -1.5
      vertex 11.0911 10.6832 -1.5
    endloop
  endfacet
  facet normal 0.663172 0.748467 -0
    outer loop
      vertex 11.0911 10.6832 -1.5
      vertex 10.8024 10.939 1.5
      vertex 11.0911 10.6832 1.5
    endloop
  endfacet
  facet normal 0.663172 0.748467 0
    outer loop
      vertex 10.8024 10.939 1.5
      vertex 11.0911 10.6832 -1.5
      vertex 10.8024 10.939 -1.5
    endloop
  endfacet
  facet normal 0.239301 -0.970945 0
    outer loop
      vertex 11.4326 13.496 -1.5
      vertex 11.8071 13.5883 1.5
      vertex 11.4326 13.496 1.5
    endloop
  endfacet
  facet normal 0.239301 -0.970945 0
    outer loop
      vertex 11.8071 13.5883 1.5
      vertex 11.4326 13.496 -1.5
      vertex 11.8071 13.5883 -1.5
    endloop
  endfacet
  facet normal 0.464656 -0.885491 0
    outer loop
      vertex 11.0911 13.3168 -1.5
      vertex 11.4326 13.496 1.5
      vertex 11.0911 13.3168 1.5
    endloop
  endfacet
  facet normal 0.464656 -0.885491 0
    outer loop
      vertex 11.4326 13.496 1.5
      vertex 11.0911 13.3168 -1.5
      vertex 11.4326 13.496 -1.5
    endloop
  endfacet
  facet normal -0.464656 0.885491 0
    outer loop
      vertex 12.9089 10.6832 -1.5
      vertex 12.5674 10.504 1.5
      vertex 12.9089 10.6832 1.5
    endloop
  endfacet
  facet normal -0.464656 0.885491 0
    outer loop
      vertex 12.5674 10.504 1.5
      vertex 12.9089 10.6832 -1.5
      vertex 12.5674 10.504 -1.5
    endloop
  endfacet
  facet normal 0.935012 -0.354615 0
    outer loop
      vertex 10.4465 12.3829 1.5
      vertex 10.5833 12.7436 -1.5
      vertex 10.5833 12.7436 1.5
    endloop
  endfacet
  facet normal 0.935012 -0.354615 0
    outer loop
      vertex 10.5833 12.7436 -1.5
      vertex 10.4465 12.3829 1.5
      vertex 10.4465 12.3829 -1.5
    endloop
  endfacet
  facet normal -0.822966 0.56809 0
    outer loop
      vertex 13.1976 10.939 -1.5
      vertex 13.4167 11.2564 1.5
      vertex 13.4167 11.2564 -1.5
    endloop
  endfacet
  facet normal -0.822966 0.56809 0
    outer loop
      vertex 13.4167 11.2564 1.5
      vertex 13.1976 10.939 -1.5
      vertex 13.1976 10.939 1.5
    endloop
  endfacet
  facet normal -0.935012 0.354615 0
    outer loop
      vertex 13.4167 11.2564 -1.5
      vertex 13.5535 11.6171 1.5
      vertex 13.5535 11.6171 -1.5
    endloop
  endfacet
  facet normal -0.935012 0.354615 0
    outer loop
      vertex 13.5535 11.6171 1.5
      vertex 13.4167 11.2564 -1.5
      vertex 13.4167 11.2564 1.5
    endloop
  endfacet
  facet normal 0 1 -0
    outer loop
      vertex 12.1929 10.4117 -1.5
      vertex 11.8071 10.4117 1.5
      vertex 12.1929 10.4117 1.5
    endloop
  endfacet
  facet normal 0 1 0
    outer loop
      vertex 11.8071 10.4117 1.5
      vertex 12.1929 10.4117 -1.5
      vertex 11.8071 10.4117 -1.5
    endloop
  endfacet
  facet normal 0.822966 -0.56809 0
    outer loop
      vertex 10.5833 12.7436 1.5
      vertex 10.8024 13.061 -1.5
      vertex 10.8024 13.061 1.5
    endloop
  endfacet
  facet normal 0.822966 -0.56809 0
    outer loop
      vertex 10.8024 13.061 -1.5
      vertex 10.5833 12.7436 1.5
      vertex 10.5833 12.7436 -1.5
    endloop
  endfacet
  facet normal -0.464656 -0.885491 0
    outer loop
      vertex 12.5674 13.496 -1.5
      vertex 12.9089 13.3168 1.5
      vertex 12.5674 13.496 1.5
    endloop
  endfacet
  facet normal -0.464656 -0.885491 -0
    outer loop
      vertex 12.9089 13.3168 1.5
      vertex 12.5674 13.496 -1.5
      vertex 12.9089 13.3168 -1.5
    endloop
  endfacet
  facet normal 0.239301 0.970945 -0
    outer loop
      vertex 11.8071 10.4117 -1.5
      vertex 11.4326 10.504 1.5
      vertex 11.8071 10.4117 1.5
    endloop
  endfacet
  facet normal 0.239301 0.970945 0
    outer loop
      vertex 11.4326 10.504 1.5
      vertex 11.8071 10.4117 -1.5
      vertex 11.4326 10.504 -1.5
    endloop
  endfacet
  facet normal 1 -0 0
    outer loop
      vertex 21 -21 1.5
      vertex 21 21 -1.5
      vertex 21 21 1.5
    endloop
  endfacet
  facet normal 1 0 0
    outer loop
      vertex 21 21 -1.5
      vertex 21 -21 1.5
      vertex 21 -21 -1.5
    endloop
  endfacet
  facet normal 0 0 1
    outer loop
      vertex -12.4964 3.58329 1.5
      vertex -16.9089 14.6832 1.5
      vertex -12.6138 3.14498 1.5
    endloop
  endfacet
  facet normal 0 0 1
    outer loop
      vertex -13 0 1.5
      vertex -14.4465 -15.6171 1.5
      vertex -14.4 -16 1.5
    endloop
  endfacet
  facet normal 0 0 1
    outer loop
      vertex -12.6138 3.14498 1.5
      vertex -16.9089 14.6832 1.5
      vertex -12.7159 2.70285 1.5
    endloop
  endfacet
  facet normal 0 0 1
    outer loop
      vertex -13 0 1.5
      vertex -14.5833 -15.2564 1.5
      vertex -14.4465 -15.6171 1.5
    endloop
  endfacet
  facet normal 0 0 1
    outer loop
      vertex -12.7159 2.70285 1.5
      vertex -16.9089 14.6832 1.5
      vertex -12.8025 2.25743 1.5
    endloop
  endfacet
  facet normal 0 0 1
    outer loop
      vertex -13 0 1.5
      vertex -14.8024 -14.939 1.5
      vertex -14.5833 -15.2564 1.5
    endloop
  endfacet
  facet normal 0 0 1
    outer loop
      vertex -17.1976 14.939 1.5
      vertex -12.8025 2.25743 1.5
      vertex -16.9089 14.6832 1.5
    endloop
  endfacet
  facet normal 0 0 1
    outer loop
      vertex -13 0 1.5
      vertex -15.0911 -14.6832 1.5
      vertex -14.8024 -14.939 1.5
    endloop
  endfacet
  facet normal 0 0 1
    outer loop
      vertex -12.8025 2.25743 1.5
      vertex -17.1976 14.939 1.5
      vertex -12.8735 1.80925 1.5
    endloop
  endfacet
  facet normal 0 0 1
    outer loop
      vertex -13 0 1.5
      vertex -15.4326 -14.504 1.5
      vertex -15.0911 -14.6832 1.5
    endloop
  endfacet
  facet normal 0 0 1
    outer loop
      vertex -12.8735 1.80925 1.5
      vertex -17.1976 14.939 1.5
      vertex -12.9288 1.35887 1.5
    endloop
  endfacet
  facet normal 0 0 1
    outer loop
      vertex -13 0 1.5
      vertex -15.8071 -14.4117 1.5
      vertex -15.4326 -14.504 1.5
    endloop
  endfacet
  facet normal 0 0 1
    outer loop
      vertex -12.9288 1.35887 1.5
      vertex -17.1976 14.939 1.5
      vertex -12.9683 0.906834 1.5
    endloop
  endfacet
  facet normal 0 0 1
    outer loop
      vertex -13 0 1.5
      vertex -16.1929 -14.4117 1.5
      vertex -15.8071 -14.4117 1.5
    endloop
  endfacet
  facet normal 0 0 1
    outer loop
      vertex -12.9683 0.906834 1.5
      vertex -17.1976 14.939 1.5
      vertex -12.9921 0.453693 1.5
    endloop
  endfacet
  facet normal 0 0 1
    outer loop
      vertex -13 0 1.5
      vertex -16.5674 -14.504 1.5
      vertex -16.1929 -14.4117 1.5
    endloop
  endfacet
  facet normal 0 0 1
    outer loop
      vertex -17.4167 15.2564 1.5
      vertex -12.9921 0.453693 1.5
      vertex -17.1976 14.939 1.5
    endloop
  endfacet
  facet normal 0 0 1
    outer loop
      vertex -13 0 1.5
      vertex -16.9089 -14.6832 1.5
      vertex -16.5674 -14.504 1.5
    endloop
  endfacet
  facet normal 0 0 1
    outer loop
      vertex -12.9921 0.453693 1.5
      vertex -17.4167 15.2564 1.5
      vertex -13 0 1.5
    endloop
  endfacet
  facet normal 0 0 1
    outer loop
      vertex -13 0 1.5
      vertex -17.1976 -14.939 1.5
      vertex -16.9089 -14.6832 1.5
    endloop
  endfacet
  facet normal 0 0 1
    outer loop
      vertex -17.4167 -15.2564 1.5
      vertex -13 0 1.5
      vertex -17.4167 15.2564 1.5
    endloop
  endfacet
  facet normal 0 0 1
    outer loop
      vertex -13 0 1.5
      vertex -17.4167 -15.2564 1.5
      vertex -17.1976 -14.939 1.5
    endloop
  endfacet
  facet normal 0 0 1
    outer loop
      vertex -21 21 1.5
      vertex -17.4167 15.2564 1.5
      vertex -17.5535 15.6171 1.5
    endloop
  endfacet
  facet normal 0 0 1
    outer loop
      vertex -17.4167 15.2564 1.5
      vertex -21 21 1.5
      vertex -17.4167 -15.2564 1.5
    endloop
  endfacet
  facet normal 0 0 1
    outer loop
      vertex -21 21 1.5
      vertex -17.5535 15.6171 1.5
      vertex -17.6 16 1.5
    endloop
  endfacet
  facet normal 0 0 1
    outer loop
      vertex -21 -21 1.5
      vertex -17.4167 -15.2564 1.5
      vertex -21 21 1.5
    endloop
  endfacet
  facet normal 0 0 1
    outer loop
      vertex -8.0036 -10.2441 1.5
      vertex -10.4465 -11.6171 1.5
      vertex -10.4 -12 1.5
    endloop
  endfacet
  facet normal 0 0 1
    outer loop
      vertex -11.8071 -10.4117 1.5
      vertex -10.2441 -8.0036 1.5
      vertex -10.5172 -7.64121 1.5
    endloop
  endfacet
  facet normal 0 0 1
    outer loop
      vertex -9.95858 -8.35624 1.5
      vertex -10.5833 -11.2564 1.5
      vertex -10.4465 -11.6171 1.5
    endloop
  endfacet
  facet normal 0 0 1
    outer loop
      vertex -12.1929 -10.4117 1.5
      vertex -10.5172 -7.64121 1.5
      vertex -10.7775 -7.26951 1.5
    endloop
  endfacet
  facet normal 0 0 1
    outer loop
      vertex -9.95858 -8.35624 1.5
      vertex -10.8024 -10.939 1.5
      vertex -10.5833 -11.2564 1.5
    endloop
  endfacet
  facet normal 0 0 1
    outer loop
      vertex -12.1929 -10.4117 1.5
      vertex -10.7775 -7.26951 1.5
      vertex -11.0246 -6.88895 1.5
    endloop
  endfacet
  facet normal 0 0 1
    outer loop
      vertex -9.95858 -8.35624 1.5
      vertex -11.0911 -10.6832 1.5
      vertex -10.8024 -10.939 1.5
    endloop
  endfacet
  facet normal 0 0 1
    outer loop
      vertex -12.5674 -10.504 1.5
      vertex -11.0246 -6.88895 1.5
      vertex -11.2583 -6.5 1.5
    endloop
  endfacet
  facet normal 0 0 1
    outer loop
      vertex -9.95858 -8.35624 1.5
      vertex -11.4326 -10.504 1.5
      vertex -11.0911 -10.6832 1.5
    endloop
  endfacet
  facet normal 0 0 1
    outer loop
      vertex -12.5674 -10.504 1.5
      vertex -11.2583 -6.5 1.5
      vertex -11.4783 -6.10313 1.5
    endloop
  endfacet
  facet normal 0 0 1
    outer loop
      vertex -12.9089 -10.6832 1.5
      vertex -11.4783 -6.10313 1.5
      vertex -11.6843 -5.69882 1.5
    endloop
  endfacet
  facet normal 0 0 1
    outer loop
      vertex -10.2441 -8.0036 1.5
      vertex -11.8071 -10.4117 1.5
      vertex -11.4326 -10.504 1.5
    endloop
  endfacet
  facet normal 0 0 1
    outer loop
      vertex -12.9089 -10.6832 1.5
      vertex -11.6843 -5.69882 1.5
      vertex -11.8761 -5.28758 1.5
    endloop
  endfacet
  facet normal 0 0 1
    outer loop
      vertex -13.1976 -10.939 1.5
      vertex -11.8761 -5.28758 1.5
      vertex -12.0534 -4.86989 1.5
    endloop
  endfacet
  facet normal 0 0 1
    outer loop
      vertex -10.5172 -7.64121 1.5
      vertex -12.1929 -10.4117 1.5
      vertex -11.8071 -10.4117 1.5
    endloop
  endfacet
  facet normal 0 0 1
    outer loop
      vertex -13.1976 -10.939 1.5
      vertex -12.0534 -4.86989 1.5
      vertex -12.216 -4.44626 1.5
    endloop
  endfacet
  facet normal 0 0 1
    outer loop
      vertex -13.1976 -10.939 1.5
      vertex -12.216 -4.44626 1.5
      vertex -12.3637 -4.01722 1.5
    endloop
  endfacet
  facet normal 0 0 1
    outer loop
      vertex -13.4167 -11.2564 1.5
      vertex -12.3637 -4.01722 1.5
      vertex -12.4964 -3.58329 1.5
    endloop
  endfacet
  facet normal 0 0 1
    outer loop
      vertex -11.0246 -6.88895 1.5
      vertex -12.5674 -10.504 1.5
      vertex -12.1929 -10.4117 1.5
    endloop
  endfacet
  facet normal 0 0 1
    outer loop
      vertex -13.4167 -11.2564 1.5
      vertex -12.4964 -3.58329 1.5
      vertex -12.6138 -3.14498 1.5
    endloop
  endfacet
  facet normal 0 0 1
    outer loop
      vertex -13.4167 -11.2564 1.5
      vertex -12.6138 -3.14498 1.5
      vertex -12.7159 -2.70285 1.5
    endloop
  endfacet
  facet normal 0 0 1
    outer loop
      vertex -13.4167 -11.2564 1.5
      vertex -12.7159 -2.70285 1.5
      vertex -12.8025 -2.25743 1.5
    endloop
  endfacet
  facet normal 0 0 1
    outer loop
      vertex -13.5535 -11.6171 1.5
      vertex -12.8025 -2.25743 1.5
      vertex -12.8735 -1.80925 1.5
    endloop
  endfacet
  facet normal 0 0 1
    outer loop
      vertex -11.4783 -6.10313 1.5
      vertex -12.9089 -10.6832 1.5
      vertex -12.5674 -10.504 1.5
    endloop
  endfacet
  facet normal 0 0 1
    outer loop
      vertex -13.5535 -11.6171 1.5
      vertex -12.8735 -1.80925 1.5
      vertex -12.9288 -1.35887 1.5
    endloop
  endfacet
  facet normal 0 0 1
    outer loop
      vertex -13.5535 -11.6171 1.5
      vertex -12.9288 -1.35887 1.5
      vertex -12.9683 -0.906834 1.5
    endloop
  endfacet
  facet normal 0 0 1
    outer loop
      vertex -13.5535 -11.6171 1.5
      vertex -12.9683 -0.906834 1.5
      vertex -12.9921 -0.453693 1.5
    endloop
  endfacet
  facet normal 0 0 1
    outer loop
      vertex -14.4 -16 1.5
      vertex -12.9921 -0.453693 1.5
      vertex -13 0 1.5
    endloop
  endfacet
  facet normal -0 0 1
    outer loop
      vertex -15.4326 14.504 1.5
      vertex -13.4167 12.7436 1.5
      vertex -15.0911 14.6832 1.5
    endloop
  endfacet
  facet normal 0 0 1
    outer loop
      vertex -11.8761 -5.28758 1.5
      vertex -13.1976 -10.939 1.5
      vertex -12.9089 -10.6832 1.5
    endloop
  endfacet
  facet normal 0 0 1
    outer loop
      vertex -13.1976 13.061 1.5
      vertex -15.0911 14.6832 1.5
      vertex -13.4167 12.7436 1.5
    endloop
  endfacet
  facet normal 0 0 1
    outer loop
      vertex -12.3637 -4.01722 1.5
      vertex -13.4167 -11.2564 1.5
      vertex -13.1976 -10.939 1.5
    endloop
  endfacet
  facet normal 0 0 1
    outer loop
      vertex -16.9089 14.6832 1.5
      vertex -13.4167 11.2564 1.5
      vertex -16.5674 14.504 1.5
    endloop
  endfacet
  facet normal 0 0 1
    outer loop
      vertex -12.8025 -2.25743 1.5
      vertex -13.5535 -11.6171 1.5
      vertex -13.4167 -11.2564 1.5
    endloop
  endfacet
  facet normal -0 0 1
    outer loop
      vertex -15.0911 14.6832 1.5
      vertex -13.1976 13.061 1.5
      vertex -14.8024 14.939 1.5
    endloop
  endfacet
  facet normal 0 0 1
    outer loop
      vertex -13.4167 11.2564 1.5
      vertex -16.9089 14.6832 1.5
      vertex -12.4964 3.58329 1.5
    endloop
  endfacet
  facet normal -0 0 1
    outer loop
      vertex -11.0911 10.6832 1.5
      vertex -9.35142 9.03056 1.5
      vertex -10.8024 10.939 1.5
    endloop
  endfacet
  facet normal 0 0 1
    outer loop
      vertex -9.35142 9.03056 1.5
      vertex -11.0911 10.6832 1.5
      vertex -9.66088 8.6987 1.5
    endloop
  endfacet
  facet normal -0 0 1
    outer loop
      vertex -11.4326 10.504 1.5
      vertex -9.66088 8.6987 1.5
      vertex -11.0911 10.6832 1.5
    endloop
  endfacet
  facet normal 0 0 1
    outer loop
      vertex -9.66088 8.6987 1.5
      vertex -11.4326 10.504 1.5
      vertex -9.95858 8.35624 1.5
    endloop
  endfacet
  facet normal 0 0 1
    outer loop
      vertex -9.95858 8.35624 1.5
      vertex -11.4326 10.504 1.5
      vertex -10.2441 8.0036 1.5
    endloop
  endfacet
  facet normal -0 0 1
    outer loop
      vertex -11.8071 10.4117 1.5
      vertex -10.2441 8.0036 1.5
      vertex -11.4326 10.504 1.5
    endloop
  endfacet
  facet normal 0 0 1
    outer loop
      vertex -10.2441 8.0036 1.5
      vertex -11.8071 10.4117 1.5
      vertex -10.5172 7.64121 1.5
    endloop
  endfacet
  facet normal -0 0 1
    outer loop
      vertex -12.1929 10.4117 1.5
      vertex -10.5172 7.64121 1.5
      vertex -11.8071 10.4117 1.5
    endloop
  endfacet
  facet normal 0 0 1
    outer loop
      vertex -10.5172 7.64121 1.5
      vertex -12.1929 10.4117 1.5
      vertex -10.7775 7.26951 1.5
    endloop
  endfacet
  facet normal 0 0 1
    outer loop
      vertex -10.7775 7.26951 1.5
      vertex -12.1929 10.4117 1.5
      vertex -11.0246 6.88895 1.5
    endloop
  endfacet
  facet normal 0 0 1
    outer loop
      vertex -12.5674 10.504 1.5
      vertex -11.0246 6.88895 1.5
      vertex -12.1929 10.4117 1.5
    endloop
  endfacet
  facet normal 0 0 1
    outer loop
      vertex -11.0246 6.88895 1.5
      vertex -12.5674 10.504 1.5
      vertex -11.2583 6.5 1.5
    endloop
  endfacet
  facet normal 0 0 1
    outer loop
      vertex -11.2583 6.5 1.5
      vertex -12.5674 10.504 1.5
      vertex -11.4783 6.10313 1.5
    endloop
  endfacet
  facet normal 0 0 1
    outer loop
      vertex -12.9089 10.6832 1.5
      vertex -11.4783 6.10313 1.5
      vertex -12.5674 10.504 1.5
    endloop
  endfacet
  facet normal 0 0 1
    outer loop
      vertex -11.4783 6.10313 1.5
      vertex -12.9089 10.6832 1.5
      vertex -11.6843 5.69882 1.5
    endloop
  endfacet
  facet normal 0 0 1
    outer loop
      vertex -11.6843 5.69882 1.5
      vertex -12.9089 10.6832 1.5
      vertex -11.8761 5.28758 1.5
    endloop
  endfacet
  facet normal 0 0 1
    outer loop
      vertex -13.1976 10.939 1.5
      vertex -11.8761 5.28758 1.5
      vertex -12.9089 10.6832 1.5
    endloop
  endfacet
  facet normal 0 0 1
    outer loop
      vertex -11.8761 5.28758 1.5
      vertex -13.1976 10.939 1.5
      vertex -12.0534 4.86989 1.5
    endloop
  endfacet
  facet normal 0 0 1
    outer loop
      vertex -12.0534 4.86989 1.5
      vertex -13.1976 10.939 1.5
      vertex -12.216 4.44626 1.5
    endloop
  endfacet
  facet normal 0 0 1
    outer loop
      vertex -12.216 4.44626 1.5
      vertex -13.1976 10.939 1.5
      vertex -12.3637 4.01722 1.5
    endloop
  endfacet
  facet normal 0 0 1
    outer loop
      vertex -13.4167 11.2564 1.5
      vertex -12.3637 4.01722 1.5
      vertex -13.1976 10.939 1.5
    endloop
  endfacet
  facet normal 0 0 1
    outer loop
      vertex -12.3637 4.01722 1.5
      vertex -13.4167 11.2564 1.5
      vertex -12.4964 3.58329 1.5
    endloop
  endfacet
  facet normal 0 0 1
    outer loop
      vertex -13.5535 11.6171 1.5
      vertex -16.5674 14.504 1.5
      vertex -13.4167 11.2564 1.5
    endloop
  endfacet
  facet normal 0 0 1
    outer loop
      vertex -16.5674 14.504 1.5
      vertex -13.5535 11.6171 1.5
      vertex -16.1929 14.4117 1.5
    endloop
  endfacet
  facet normal 0 0 1
    outer loop
      vertex -13.6 12 1.5
      vertex -16.1929 14.4117 1.5
      vertex -13.5535 11.6171 1.5
    endloop
  endfacet
  facet normal -0 0 1
    outer loop
      vertex -16.1929 14.4117 1.5
      vertex -13.6 12 1.5
      vertex -15.8071 14.4117 1.5
    endloop
  endfacet
  facet normal 0 0 1
    outer loop
      vertex -13.5535 12.3829 1.5
      vertex -15.8071 14.4117 1.5
      vertex -13.6 12 1.5
    endloop
  endfacet
  facet normal -0 0 1
    outer loop
      vertex -15.8071 14.4117 1.5
      vertex -13.5535 12.3829 1.5
      vertex -15.4326 14.504 1.5
    endloop
  endfacet
  facet normal 0 0 1
    outer loop
      vertex -13.4167 12.7436 1.5
      vertex -15.4326 14.504 1.5
      vertex -13.5535 12.3829 1.5
    endloop
  endfacet
  facet normal 0 0 1
    outer loop
      vertex 17.4167 15.2564 1.5
      vertex 13 0 1.5
      vertex 17.4167 -15.2564 1.5
    endloop
  endfacet
  facet normal -0 0 1
    outer loop
      vertex 12.9683 -0.906834 1.5
      vertex 17.1976 -14.939 1.5
      vertex 12.9921 -0.453693 1.5
    endloop
  endfacet
  facet normal 0 0 1
    outer loop
      vertex 12.8025 2.25743 1.5
      vertex 13.5535 11.6171 1.5
      vertex 13.4167 11.2564 1.5
    endloop
  endfacet
  facet normal 0 0 1
    outer loop
      vertex 16.9089 -14.6832 1.5
      vertex 13.5535 -11.6171 1.5
      vertex 13.6 -12 1.5
    endloop
  endfacet
  facet normal 0 0 1
    outer loop
      vertex 12.3637 4.01722 1.5
      vertex 13.4167 11.2564 1.5
      vertex 13.1976 10.939 1.5
    endloop
  endfacet
  facet normal -0 0 1
    outer loop
      vertex 12.9288 -1.35887 1.5
      vertex 17.1976 -14.939 1.5
      vertex 12.9683 -0.906834 1.5
    endloop
  endfacet
  facet normal -0 0 1
    outer loop
      vertex 12.8735 -1.80925 1.5
      vertex 17.1976 -14.939 1.5
      vertex 12.9288 -1.35887 1.5
    endloop
  endfacet
  facet normal 0 0 1
    outer loop
      vertex 17.4167 -15.2564 1.5
      vertex 12.9921 -0.453693 1.5
      vertex 17.1976 -14.939 1.5
    endloop
  endfacet
  facet normal -0 0 1
    outer loop
      vertex 12.9921 -0.453693 1.5
      vertex 17.4167 -15.2564 1.5
      vertex 13 0 1.5
    endloop
  endfacet
  facet normal 0 0 1
    outer loop
      vertex 13.5535 11.6171 1.5
      vertex 12.9288 1.35887 1.5
      vertex 12.9683 0.906834 1.5
    endloop
  endfacet
  facet normal 0 0 1
    outer loop
      vertex 11.8761 5.28758 1.5
      vertex 13.1976 10.939 1.5
      vertex 12.9089 10.6832 1.5
    endloop
  endfacet
  facet normal 0 0 1
    outer loop
      vertex 13.5535 11.6171 1.5
      vertex 12.8735 1.80925 1.5
      vertex 12.9288 1.35887 1.5
    endloop
  endfacet
  facet normal 0 0 1
    outer loop
      vertex 13.5535 11.6171 1.5
      vertex 12.8025 2.25743 1.5
      vertex 12.8735 1.80925 1.5
    endloop
  endfacet
  facet normal 0 0 1
    outer loop
      vertex 13.4167 11.2564 1.5
      vertex 12.7159 2.70285 1.5
      vertex 12.8025 2.25743 1.5
    endloop
  endfacet
  facet normal 0 0 1
    outer loop
      vertex 13.4167 11.2564 1.5
      vertex 12.6138 3.14498 1.5
      vertex 12.7159 2.70285 1.5
    endloop
  endfacet
  facet normal 0 0 1
    outer loop
      vertex 11.4783 6.10313 1.5
      vertex 12.9089 10.6832 1.5
      vertex 12.5674 10.504 1.5
    endloop
  endfacet
  facet normal 0 0 1
    outer loop
      vertex 13.4167 11.2564 1.5
      vertex 12.4964 3.58329 1.5
      vertex 12.6138 3.14498 1.5
    endloop
  endfacet
  facet normal 0 0 1
    outer loop
      vertex 13.4167 11.2564 1.5
      vertex 12.3637 4.01722 1.5
      vertex 12.4964 3.58329 1.5
    endloop
  endfacet
  facet normal 0 0 1
    outer loop
      vertex 13.1976 10.939 1.5
      vertex 12.216 4.44626 1.5
      vertex 12.3637 4.01722 1.5
    endloop
  endfacet
  facet normal 0 0 1
    outer loop
      vertex 11.0246 6.88895 1.5
      vertex 12.5674 10.504 1.5
      vertex 12.1929 10.4117 1.5
    endloop
  endfacet
  facet normal 0 0 1
    outer loop
      vertex 13.1976 10.939 1.5
      vertex 12.0534 4.86989 1.5
      vertex 12.216 4.44626 1.5
    endloop
  endfacet
  facet normal 0 0 1
    outer loop
      vertex 13.1976 10.939 1.5
      vertex 11.8761 5.28758 1.5
      vertex 12.0534 4.86989 1.5
    endloop
  endfacet
  facet normal 0 0 1
    outer loop
      vertex 10.5172 7.64121 1.5
      vertex 12.1929 10.4117 1.5
      vertex 11.8071 10.4117 1.5
    endloop
  endfacet
  facet normal 0 0 1
    outer loop
      vertex 12.9089 10.6832 1.5
      vertex 11.6843 5.69882 1.5
      vertex 11.8761 5.28758 1.5
    endloop
  endfacet
  facet normal 0 0 1
    outer loop
      vertex 12.9089 10.6832 1.5
      vertex 11.4783 6.10313 1.5
      vertex 11.6843 5.69882 1.5
    endloop
  endfacet
  facet normal 0 0 1
    outer loop
      vertex 10.2441 8.0036 1.5
      vertex 11.8071 10.4117 1.5
      vertex 11.4326 10.504 1.5
    endloop
  endfacet
  facet normal 0 0 1
    outer loop
      vertex 12.5674 10.504 1.5
      vertex 11.2583 6.5 1.5
      vertex 11.4783 6.10313 1.5
    endloop
  endfacet
  facet normal 0 0 1
    outer loop
      vertex 9.66088 8.6987 1.5
      vertex 11.4326 10.504 1.5
      vertex 11.0911 10.6832 1.5
    endloop
  endfacet
  facet normal 0 0 1
    outer loop
      vertex 12.5674 10.504 1.5
      vertex 11.0246 6.88895 1.5
      vertex 11.2583 6.5 1.5
    endloop
  endfacet
  facet normal 0 0 1
    outer loop
      vertex 9.35142 9.03056 1.5
      vertex 11.0911 10.6832 1.5
      vertex 10.8024 10.939 1.5
    endloop
  endfacet
  facet normal 0 0 1
    outer loop
      vertex 12.1929 10.4117 1.5
      vertex 10.7775 7.26951 1.5
      vertex 11.0246 6.88895 1.5
    endloop
  endfacet
  facet normal 0 0 1
    outer loop
      vertex 9.03056 9.35142 1.5
      vertex 10.8024 10.939 1.5
      vertex 10.5833 11.2564 1.5
    endloop
  endfacet
  facet normal 0 0 1
    outer loop
      vertex 12.1929 10.4117 1.5
      vertex 10.5172 7.64121 1.5
      vertex 10.7775 7.26951 1.5
    endloop
  endfacet
  facet normal 0 0 1
    outer loop
      vertex 8.35624 9.95858 1.5
      vertex 10.5833 11.2564 1.5
      vertex 10.4465 11.6171 1.5
    endloop
  endfacet
  facet normal 0 0 1
    outer loop
      vertex 8.0036 10.2441 1.5
      vertex 10.4465 11.6171 1.5
      vertex 10.4 12 1.5
    endloop
  endfacet
  facet normal 0 0 1
    outer loop
      vertex 11.8071 10.4117 1.5
      vertex 10.2441 8.0036 1.5
      vertex 10.5172 7.64121 1.5
    endloop
  endfacet
  facet normal 0 0 1
    outer loop
      vertex 21 21 1.5
      vertex 17.4167 15.2564 1.5
      vertex 21 -21 1.5
    endloop
  endfacet
  facet normal 0 0 1
    outer loop
      vertex 21 -21 1.5
      vertex 17.5535 -15.6171 1.5
      vertex 17.6 -16 1.5
    endloop
  endfacet
  facet normal -0 0 1
    outer loop
      vertex 17.4167 -15.2564 1.5
      vertex 21 -21 1.5
      vertex 17.4167 15.2564 1.5
    endloop
  endfacet
  facet normal 0 0 1
    outer loop
      vertex 21 -21 1.5
      vertex 17.4167 -15.2564 1.5
      vertex 17.5535 -15.6171 1.5
    endloop
  endfacet
  facet normal 0 -0 1
    outer loop
      vertex 12.9921 0.453693 1.5
      vertex 17.1976 14.939 1.5
      vertex 12.9683 0.906834 1.5
    endloop
  endfacet
  facet normal -0 0 1
    outer loop
      vertex 17.1976 14.939 1.5
      vertex 12.9921 0.453693 1.5
      vertex 17.4167 15.2564 1.5
    endloop
  endfacet
  facet normal 0 0 1
    outer loop
      vertex 12.9683 0.906834 1.5
      vertex 17.1976 14.939 1.5
      vertex 16.9089 14.6832 1.5
    endloop
  endfacet
  facet normal 0 -0 1
    outer loop
      vertex 13 0 1.5
      vertex 17.4167 15.2564 1.5
      vertex 12.9921 0.453693 1.5
    endloop
  endfacet
  facet normal -0 0 1
    outer loop
      vertex 16.1929 14.4117 1.5
      vertex 13.5535 11.6171 1.5
      vertex 16.5674 14.504 1.5
    endloop
  endfacet
  facet normal -0 0 1
    outer loop
      vertex 16.5674 14.504 1.5
      vertex 13.5535 11.6171 1.5
      vertex 16.9089 14.6832 1.5
    endloop
  endfacet
  facet normal 0 0 1
    outer loop
      vertex 13.5535 11.6171 1.5
      vertex 16.1929 14.4117 1.5
      vertex 13.6 12 1.5
    endloop
  endfacet
  facet normal 0 0 1
    outer loop
      vertex 12.9683 0.906834 1.5
      vertex 16.9089 14.6832 1.5
      vertex 13.5535 11.6171 1.5
    endloop
  endfacet
  facet normal 0 0 1
    outer loop
      vertex 13.6 12 1.5
      vertex 16.1929 14.4117 1.5
      vertex 15.8071 14.4117 1.5
    endloop
  endfacet
  facet normal 0 0 1
    outer loop
      vertex 16.9089 -14.6832 1.5
      vertex 13.6 -12 1.5
      vertex 16.5674 -14.504 1.5
    endloop
  endfacet
  facet normal 0 0 1
    outer loop
      vertex 13.5535 12.3829 1.5
      vertex 15.8071 14.4117 1.5
      vertex 15.4326 14.504 1.5
    endloop
  endfacet
  facet normal 0 0 1
    outer loop
      vertex 16.5674 -14.504 1.5
      vertex 13.6 -12 1.5
      vertex 16.1929 -14.4117 1.5
    endloop
  endfacet
  facet normal 0 0 1
    outer loop
      vertex 13.4167 12.7436 1.5
      vertex 15.4326 14.504 1.5
      vertex 15.0911 14.6832 1.5
    endloop
  endfacet
  facet normal 0 0 1
    outer loop
      vertex 16.1929 -14.4117 1.5
      vertex 13.6 -12 1.5
      vertex 15.8071 -14.4117 1.5
    endloop
  endfacet
  facet normal 0 0 1
    outer loop
      vertex 13.1976 13.061 1.5
      vertex 15.0911 14.6832 1.5
      vertex 14.8024 14.939 1.5
    endloop
  endfacet
  facet normal -0 0 1
    outer loop
      vertex 13.5535 -12.3829 1.5
      vertex 15.8071 -14.4117 1.5
      vertex 13.6 -12 1.5
    endloop
  endfacet
  facet normal 0 0 1
    outer loop
      vertex 12.9089 13.3168 1.5
      vertex 14.8024 14.939 1.5
      vertex 14.5833 15.2564 1.5
    endloop
  endfacet
  facet normal 0 0 1
    outer loop
      vertex 15.8071 -14.4117 1.5
      vertex 13.5535 -12.3829 1.5
      vertex 15.4326 -14.504 1.5
    endloop
  endfacet
  facet normal 0 0 1
    outer loop
      vertex 12.5674 13.496 1.5
      vertex 14.5833 15.2564 1.5
      vertex 14.4465 15.6171 1.5
    endloop
  endfacet
  facet normal -0 0 1
    outer loop
      vertex 13.4167 -12.7436 1.5
      vertex 15.4326 -14.504 1.5
      vertex 13.5535 -12.3829 1.5
    endloop
  endfacet
  facet normal 0 0 1
    outer loop
      vertex 12.1929 13.5883 1.5
      vertex 14.4465 15.6171 1.5
      vertex 14.4 16 1.5
    endloop
  endfacet
  facet normal 0 0 1
    outer loop
      vertex 15.4326 -14.504 1.5
      vertex 13.4167 -12.7436 1.5
      vertex 15.0911 -14.6832 1.5
    endloop
  endfacet
  facet normal 0 0 1
    outer loop
      vertex 17.5535 15.6171 1.5
      vertex 21 21 1.5
      vertex 17.6 16 1.5
    endloop
  endfacet
  facet normal 0 0 1
    outer loop
      vertex 21 21 1.5
      vertex 17.5535 16.3829 1.5
      vertex 17.6 16 1.5
    endloop
  endfacet
  facet normal 0 0 1
    outer loop
      vertex 21 21 1.5
      vertex 17.4167 16.7436 1.5
      vertex 17.5535 16.3829 1.5
    endloop
  endfacet
  facet normal 0 0 1
    outer loop
      vertex 21 21 1.5
      vertex 17.1976 17.061 1.5
      vertex 17.4167 16.7436 1.5
    endloop
  endfacet
  facet normal 0 0 1
    outer loop
      vertex 21 21 1.5
      vertex 16.9089 17.3168 1.5
      vertex 17.1976 17.061 1.5
    endloop
  endfacet
  facet normal 0 0 1
    outer loop
      vertex 21 21 1.5
      vertex 16.5674 17.496 1.5
      vertex 16.9089 17.3168 1.5
    endloop
  endfacet
  facet normal 0 0 1
    outer loop
      vertex 21 21 1.5
      vertex 16.1929 17.5883 1.5
      vertex 16.5674 17.496 1.5
    endloop
  endfacet
  facet normal 0 0 1
    outer loop
      vertex 21 21 1.5
      vertex 15.8071 17.5883 1.5
      vertex 16.1929 17.5883 1.5
    endloop
  endfacet
  facet normal 0 0 1
    outer loop
      vertex 21 21 1.5
      vertex 15.4326 17.496 1.5
      vertex 15.8071 17.5883 1.5
    endloop
  endfacet
  facet normal 0 0 1
    outer loop
      vertex -15.4326 17.496 1.5
      vertex 15.4326 17.496 1.5
      vertex 21 21 1.5
    endloop
  endfacet
  facet normal -0 0 1
    outer loop
      vertex 13.1976 -13.061 1.5
      vertex 15.0911 -14.6832 1.5
      vertex 13.4167 -12.7436 1.5
    endloop
  endfacet
  facet normal 0 0 1
    outer loop
      vertex 11.8071 13.5883 1.5
      vertex 14.4 16 1.5
      vertex 14.4465 16.3829 1.5
    endloop
  endfacet
  facet normal 0 0 1
    outer loop
      vertex 15.8071 14.4117 1.5
      vertex 13.5535 12.3829 1.5
      vertex 13.6 12 1.5
    endloop
  endfacet
  facet normal 0 0 1
    outer loop
      vertex 15.4326 14.504 1.5
      vertex 13.4167 12.7436 1.5
      vertex 13.5535 12.3829 1.5
    endloop
  endfacet
  facet normal 0 0 1
    outer loop
      vertex 15.0911 14.6832 1.5
      vertex 13.1976 13.061 1.5
      vertex 13.4167 12.7436 1.5
    endloop
  endfacet
  facet normal 0 0 1
    outer loop
      vertex 14.8024 14.939 1.5
      vertex 12.9089 13.3168 1.5
      vertex 13.1976 13.061 1.5
    endloop
  endfacet
  facet normal 0 0 1
    outer loop
      vertex 11.4326 13.496 1.5
      vertex 14.4465 16.3829 1.5
      vertex 14.5833 16.7436 1.5
    endloop
  endfacet
  facet normal 0 0 1
    outer loop
      vertex 14.5833 15.2564 1.5
      vertex 12.5674 13.496 1.5
      vertex 12.9089 13.3168 1.5
    endloop
  endfacet
  facet normal 0 0 1
    outer loop
      vertex 14.4465 15.6171 1.5
      vertex 12.1929 13.5883 1.5
      vertex 12.5674 13.496 1.5
    endloop
  endfacet
  facet normal 0 0 1
    outer loop
      vertex 3.14498 12.6138 1.5
      vertex 14.5833 16.7436 1.5
      vertex 14.8024 17.061 1.5
    endloop
  endfacet
  facet normal 0 0 1
    outer loop
      vertex 14.4 16 1.5
      vertex 11.8071 13.5883 1.5
      vertex 12.1929 13.5883 1.5
    endloop
  endfacet
  facet normal 0 0 1
    outer loop
      vertex 14.4465 16.3829 1.5
      vertex 11.4326 13.496 1.5
      vertex 11.8071 13.5883 1.5
    endloop
  endfacet
  facet normal 0 0 1
    outer loop
      vertex 14.5833 16.7436 1.5
      vertex 11.0911 13.3168 1.5
      vertex 11.4326 13.496 1.5
    endloop
  endfacet
  facet normal 0 0 1
    outer loop
      vertex 14.5833 16.7436 1.5
      vertex 3.58329 12.4964 1.5
      vertex 11.0911 13.3168 1.5
    endloop
  endfacet
  facet normal 0 0 1
    outer loop
      vertex 11.4326 10.504 1.5
      vertex 9.95858 8.35624 1.5
      vertex 10.2441 8.0036 1.5
    endloop
  endfacet
  facet normal 0 0 1
    outer loop
      vertex 11.4326 10.504 1.5
      vertex 9.66088 8.6987 1.5
      vertex 9.95858 8.35624 1.5
    endloop
  endfacet
  facet normal 0 0 1
    outer loop
      vertex 7.26951 10.7775 1.5
      vertex 10.4 12 1.5
      vertex 10.4465 12.3829 1.5
    endloop
  endfacet
  facet normal 0 0 1
    outer loop
      vertex 11.0911 10.6832 1.5
      vertex 9.35142 9.03056 1.5
      vertex 9.66088 8.6987 1.5
    endloop
  endfacet
  facet normal 0 0 1
    outer loop
      vertex 10.8024 10.939 1.5
      vertex 9.03056 9.35142 1.5
      vertex 9.35142 9.03056 1.5
    endloop
  endfacet
  facet normal 0 0 1
    outer loop
      vertex 6.5 11.2583 1.5
      vertex 10.4465 12.3829 1.5
      vertex 10.5833 12.7436 1.5
    endloop
  endfacet
  facet normal 0 0 1
    outer loop
      vertex 10.5833 11.2564 1.5
      vertex 8.6987 9.66088 1.5
      vertex 9.03056 9.35142 1.5
    endloop
  endfacet
  facet normal 0 0 1
    outer loop
      vertex 10.5833 11.2564 1.5
      vertex 8.35624 9.95858 1.5
      vertex 8.6987 9.66088 1.5
    endloop
  endfacet
  facet normal 0 0 1
    outer loop
      vertex 5.69882 11.6843 1.5
      vertex 10.5833 12.7436 1.5
      vertex 10.8024 13.061 1.5
    endloop
  endfacet
  facet normal 0 0 1
    outer loop
      vertex 10.4465 11.6171 1.5
      vertex 8.0036 10.2441 1.5
      vertex 8.35624 9.95858 1.5
    endloop
  endfacet
  facet normal 0 0 1
    outer loop
      vertex 10.4 12 1.5
      vertex 7.64121 10.5172 1.5
      vertex 8.0036 10.2441 1.5
    endloop
  endfacet
  facet normal 0 -0 1
    outer loop
      vertex 4.44626 12.216 1.5
      vertex 11.0911 13.3168 1.5
      vertex 4.01722 12.3637 1.5
    endloop
  endfacet
  facet normal 0 0 1
    outer loop
      vertex 10.4 12 1.5
      vertex 7.26951 10.7775 1.5
      vertex 7.64121 10.5172 1.5
    endloop
  endfacet
  facet normal 0 0 1
    outer loop
      vertex 1.35887 12.9288 1.5
      vertex 14.8024 17.061 1.5
      vertex 15.0911 17.3168 1.5
    endloop
  endfacet
  facet normal 0 0 1
    outer loop
      vertex 10.4465 12.3829 1.5
      vertex 6.88895 11.0246 1.5
      vertex 7.26951 10.7775 1.5
    endloop
  endfacet
  facet normal 0 0 1
    outer loop
      vertex 10.4465 12.3829 1.5
      vertex 6.5 11.2583 1.5
      vertex 6.88895 11.0246 1.5
    endloop
  endfacet
  facet normal 0 0 1
    outer loop
      vertex 10.5833 12.7436 1.5
      vertex 6.10313 11.4783 1.5
      vertex 6.5 11.2583 1.5
    endloop
  endfacet
  facet normal 0 0 1
    outer loop
      vertex 10.5833 12.7436 1.5
      vertex 5.69882 11.6843 1.5
      vertex 6.10313 11.4783 1.5
    endloop
  endfacet
  facet normal 0 0 1
    outer loop
      vertex 15.4326 17.496 1.5
      vertex -15.4326 17.496 1.5
      vertex 15.0911 17.3168 1.5
    endloop
  endfacet
  facet normal 0 0 1
    outer loop
      vertex 10.8024 13.061 1.5
      vertex 5.28758 11.8761 1.5
      vertex 5.69882 11.6843 1.5
    endloop
  endfacet
  facet normal 0 0 1
    outer loop
      vertex 10.8024 13.061 1.5
      vertex 4.86989 12.0534 1.5
      vertex 5.28758 11.8761 1.5
    endloop
  endfacet
  facet normal 0 0 1
    outer loop
      vertex 11.0911 13.3168 1.5
      vertex 4.86989 12.0534 1.5
      vertex 10.8024 13.061 1.5
    endloop
  endfacet
  facet normal 0 -0 1
    outer loop
      vertex 4.86989 12.0534 1.5
      vertex 11.0911 13.3168 1.5
      vertex 4.44626 12.216 1.5
    endloop
  endfacet
  facet normal 0 0 1
    outer loop
      vertex 11.0911 13.3168 1.5
      vertex 3.58329 12.4964 1.5
      vertex 4.01722 12.3637 1.5
    endloop
  endfacet
  facet normal 0 0 1
    outer loop
      vertex 14.5833 16.7436 1.5
      vertex 3.14498 12.6138 1.5
      vertex 3.58329 12.4964 1.5
    endloop
  endfacet
  facet normal 0 0 1
    outer loop
      vertex 14.8024 17.061 1.5
      vertex 2.70285 12.7159 1.5
      vertex 3.14498 12.6138 1.5
    endloop
  endfacet
  facet normal 0 0 1
    outer loop
      vertex 14.8024 17.061 1.5
      vertex 2.25743 12.8025 1.5
      vertex 2.70285 12.7159 1.5
    endloop
  endfacet
  facet normal 0 0 1
    outer loop
      vertex 14.8024 17.061 1.5
      vertex 1.80925 12.8735 1.5
      vertex 2.25743 12.8025 1.5
    endloop
  endfacet
  facet normal 0 0 1
    outer loop
      vertex 14.8024 17.061 1.5
      vertex 1.35887 12.9288 1.5
      vertex 1.80925 12.8735 1.5
    endloop
  endfacet
  facet normal 0 0 1
    outer loop
      vertex 15.0911 17.3168 1.5
      vertex 0.906834 12.9683 1.5
      vertex 1.35887 12.9288 1.5
    endloop
  endfacet
  facet normal 0 0 1
    outer loop
      vertex 15.0911 17.3168 1.5
      vertex 0.453693 12.9921 1.5
      vertex 0.906834 12.9683 1.5
    endloop
  endfacet
  facet normal 0 0 1
    outer loop
      vertex 15.0911 17.3168 1.5
      vertex 0 13 1.5
      vertex 0.453693 12.9921 1.5
    endloop
  endfacet
  facet normal 0 0 1
    outer loop
      vertex 15.0911 17.3168 1.5
      vertex -15.0911 17.3168 1.5
      vertex 0 13 1.5
    endloop
  endfacet
  facet normal 0 0 1
    outer loop
      vertex 0 13 1.5
      vertex -15.0911 17.3168 1.5
      vertex -0.453693 12.9921 1.5
    endloop
  endfacet
  facet normal 0 0 1
    outer loop
      vertex -0.453693 12.9921 1.5
      vertex -15.0911 17.3168 1.5
      vertex -0.906834 12.9683 1.5
    endloop
  endfacet
  facet normal 0 0 1
    outer loop
      vertex -0.906834 12.9683 1.5
      vertex -15.0911 17.3168 1.5
      vertex -1.35887 12.9288 1.5
    endloop
  endfacet
  facet normal -0 -0 1
    outer loop
      vertex -14.8024 17.061 1.5
      vertex -1.35887 12.9288 1.5
      vertex -15.0911 17.3168 1.5
    endloop
  endfacet
  facet normal 0 0 1
    outer loop
      vertex -1.35887 12.9288 1.5
      vertex -14.8024 17.061 1.5
      vertex -1.80925 12.8735 1.5
    endloop
  endfacet
  facet normal 0 0 1
    outer loop
      vertex -1.80925 12.8735 1.5
      vertex -14.8024 17.061 1.5
      vertex -2.25743 12.8025 1.5
    endloop
  endfacet
  facet normal 0 0 1
    outer loop
      vertex -2.25743 12.8025 1.5
      vertex -14.8024 17.061 1.5
      vertex -2.70285 12.7159 1.5
    endloop
  endfacet
  facet normal 0 0 1
    outer loop
      vertex -2.70285 12.7159 1.5
      vertex -14.8024 17.061 1.5
      vertex -3.14498 12.6138 1.5
    endloop
  endfacet
  facet normal -0 -0 1
    outer loop
      vertex -14.5833 16.7436 1.5
      vertex -3.14498 12.6138 1.5
      vertex -14.8024 17.061 1.5
    endloop
  endfacet
  facet normal 0 0 1
    outer loop
      vertex -9.03056 9.35142 1.5
      vertex -10.8024 10.939 1.5
      vertex -9.35142 9.03056 1.5
    endloop
  endfacet
  facet normal -0 0 1
    outer loop
      vertex -10.8024 10.939 1.5
      vertex -9.03056 9.35142 1.5
      vertex -10.5833 11.2564 1.5
    endloop
  endfacet
  facet normal 0 0 1
    outer loop
      vertex -8.6987 9.66088 1.5
      vertex -10.5833 11.2564 1.5
      vertex -9.03056 9.35142 1.5
    endloop
  endfacet
  facet normal 0 0 1
    outer loop
      vertex -8.35624 9.95858 1.5
      vertex -10.5833 11.2564 1.5
      vertex -8.6987 9.66088 1.5
    endloop
  endfacet
  facet normal -0 0 1
    outer loop
      vertex -10.5833 11.2564 1.5
      vertex -8.35624 9.95858 1.5
      vertex -10.4465 11.6171 1.5
    endloop
  endfacet
  facet normal 0 0 1
    outer loop
      vertex -8.0036 10.2441 1.5
      vertex -10.4465 11.6171 1.5
      vertex -8.35624 9.95858 1.5
    endloop
  endfacet
  facet normal -0 0 1
    outer loop
      vertex -10.4465 11.6171 1.5
      vertex -8.0036 10.2441 1.5
      vertex -10.4 12 1.5
    endloop
  endfacet
  facet normal 0 0 1
    outer loop
      vertex -7.64121 10.5172 1.5
      vertex -10.4 12 1.5
      vertex -8.0036 10.2441 1.5
    endloop
  endfacet
  facet normal 0 0 1
    outer loop
      vertex -7.26951 10.7775 1.5
      vertex -10.4 12 1.5
      vertex -7.64121 10.5172 1.5
    endloop
  endfacet
  facet normal 0 0 1
    outer loop
      vertex -10.4465 12.3829 1.5
      vertex -7.26951 10.7775 1.5
      vertex -6.88895 11.0246 1.5
    endloop
  endfacet
  facet normal 0 0 1
    outer loop
      vertex -10.4465 12.3829 1.5
      vertex -6.88895 11.0246 1.5
      vertex -6.5 11.2583 1.5
    endloop
  endfacet
  facet normal 0 0 1
    outer loop
      vertex -10.5833 12.7436 1.5
      vertex -6.5 11.2583 1.5
      vertex -6.10313 11.4783 1.5
    endloop
  endfacet
  facet normal 0 0 1
    outer loop
      vertex -10.5833 12.7436 1.5
      vertex -6.10313 11.4783 1.5
      vertex -5.69882 11.6843 1.5
    endloop
  endfacet
  facet normal 0 0 1
    outer loop
      vertex -10.8024 13.061 1.5
      vertex -5.69882 11.6843 1.5
      vertex -5.28758 11.8761 1.5
    endloop
  endfacet
  facet normal 0 0 1
    outer loop
      vertex -10.8024 13.061 1.5
      vertex -5.28758 11.8761 1.5
      vertex -4.86989 12.0534 1.5
    endloop
  endfacet
  facet normal 0 0 1
    outer loop
      vertex -11.0911 13.3168 1.5
      vertex -4.86989 12.0534 1.5
      vertex -4.44626 12.216 1.5
    endloop
  endfacet
  facet normal 0 0 1
    outer loop
      vertex -3.14498 12.6138 1.5
      vertex -14.5833 16.7436 1.5
      vertex -3.58329 12.4964 1.5
    endloop
  endfacet
  facet normal 0 0 1
    outer loop
      vertex -7.26951 10.7775 1.5
      vertex -10.4465 12.3829 1.5
      vertex -10.4 12 1.5
    endloop
  endfacet
  facet normal 0 0 1
    outer loop
      vertex -6.5 11.2583 1.5
      vertex -10.5833 12.7436 1.5
      vertex -10.4465 12.3829 1.5
    endloop
  endfacet
  facet normal 0 0 1
    outer loop
      vertex -5.69882 11.6843 1.5
      vertex -10.8024 13.061 1.5
      vertex -10.5833 12.7436 1.5
    endloop
  endfacet
  facet normal 0 0 1
    outer loop
      vertex -4.86989 12.0534 1.5
      vertex -11.0911 13.3168 1.5
      vertex -10.8024 13.061 1.5
    endloop
  endfacet
  facet normal 0 0 1
    outer loop
      vertex -3.58329 12.4964 1.5
      vertex -11.0911 13.3168 1.5
      vertex -4.01722 12.3637 1.5
    endloop
  endfacet
  facet normal 0 0 1
    outer loop
      vertex -4.01722 12.3637 1.5
      vertex -11.0911 13.3168 1.5
      vertex -4.44626 12.216 1.5
    endloop
  endfacet
  facet normal -0 -0 1
    outer loop
      vertex -14.4465 16.3829 1.5
      vertex -11.4326 13.496 1.5
      vertex -14.5833 16.7436 1.5
    endloop
  endfacet
  facet normal 0 0 1
    outer loop
      vertex -12.9921 -0.453693 1.5
      vertex -14.4 -16 1.5
      vertex -13.5535 -11.6171 1.5
    endloop
  endfacet
  facet normal 0 0 1
    outer loop
      vertex -12.9089 13.3168 1.5
      vertex -14.8024 14.939 1.5
      vertex -13.1976 13.061 1.5
    endloop
  endfacet
  facet normal -0 0 1
    outer loop
      vertex -14.8024 14.939 1.5
      vertex -12.9089 13.3168 1.5
      vertex -14.5833 15.2564 1.5
    endloop
  endfacet
  facet normal 0 0 1
    outer loop
      vertex -12.5674 13.496 1.5
      vertex -14.5833 15.2564 1.5
      vertex -12.9089 13.3168 1.5
    endloop
  endfacet
  facet normal -0 0 1
    outer loop
      vertex -14.5833 15.2564 1.5
      vertex -12.5674 13.496 1.5
      vertex -14.4465 15.6171 1.5
    endloop
  endfacet
  facet normal 0 0 1
    outer loop
      vertex -12.1929 13.5883 1.5
      vertex -14.4465 15.6171 1.5
      vertex -12.5674 13.496 1.5
    endloop
  endfacet
  facet normal -0 0 1
    outer loop
      vertex -14.4465 15.6171 1.5
      vertex -12.1929 13.5883 1.5
      vertex -14.4 16 1.5
    endloop
  endfacet
  facet normal 0 0 1
    outer loop
      vertex -11.4326 13.496 1.5
      vertex -14.4465 16.3829 1.5
      vertex -11.8071 13.5883 1.5
    endloop
  endfacet
  facet normal 0 0 1
    outer loop
      vertex -11.8071 13.5883 1.5
      vertex -14.4 16 1.5
      vertex -12.1929 13.5883 1.5
    endloop
  endfacet
  facet normal -0 -0 1
    outer loop
      vertex -14.4 16 1.5
      vertex -11.8071 13.5883 1.5
      vertex -14.4465 16.3829 1.5
    endloop
  endfacet
  facet normal 0 0 1
    outer loop
      vertex -11.0911 13.3168 1.5
      vertex -14.5833 16.7436 1.5
      vertex -11.4326 13.496 1.5
    endloop
  endfacet
  facet normal -0 -0 1
    outer loop
      vertex -11.0911 13.3168 1.5
      vertex -3.58329 12.4964 1.5
      vertex -14.5833 16.7436 1.5
    endloop
  endfacet
  facet normal 0 0 1
    outer loop
      vertex 15.0911 17.3168 1.5
      vertex -15.4326 17.496 1.5
      vertex -15.0911 17.3168 1.5
    endloop
  endfacet
  facet normal -0 0 1
    outer loop
      vertex -21 21 1.5
      vertex -15.4326 17.496 1.5
      vertex 21 21 1.5
    endloop
  endfacet
  facet normal 0 0 1
    outer loop
      vertex -15.4326 17.496 1.5
      vertex -21 21 1.5
      vertex -15.8071 17.5883 1.5
    endloop
  endfacet
  facet normal 0 0 1
    outer loop
      vertex -17.4167 -15.2564 1.5
      vertex -21 -21 1.5
      vertex -17.5535 -15.6171 1.5
    endloop
  endfacet
  facet normal 0 0 1
    outer loop
      vertex -17.5535 16.3829 1.5
      vertex -21 21 1.5
      vertex -17.6 16 1.5
    endloop
  endfacet
  facet normal 0 0 1
    outer loop
      vertex -17.4167 16.7436 1.5
      vertex -21 21 1.5
      vertex -17.5535 16.3829 1.5
    endloop
  endfacet
  facet normal 0 0 1
    outer loop
      vertex -17.1976 17.061 1.5
      vertex -21 21 1.5
      vertex -17.4167 16.7436 1.5
    endloop
  endfacet
  facet normal 0 0 1
    outer loop
      vertex -16.9089 17.3168 1.5
      vertex -21 21 1.5
      vertex -17.1976 17.061 1.5
    endloop
  endfacet
  facet normal 0 0 1
    outer loop
      vertex -16.5674 17.496 1.5
      vertex -21 21 1.5
      vertex -16.9089 17.3168 1.5
    endloop
  endfacet
  facet normal 0 0 1
    outer loop
      vertex -16.1929 17.5883 1.5
      vertex -21 21 1.5
      vertex -16.5674 17.496 1.5
    endloop
  endfacet
  facet normal 0 0 1
    outer loop
      vertex -15.8071 17.5883 1.5
      vertex -21 21 1.5
      vertex -16.1929 17.5883 1.5
    endloop
  endfacet
  facet normal 0 0 1
    outer loop
      vertex 17.4167 15.2564 1.5
      vertex 21 21 1.5
      vertex 17.5535 15.6171 1.5
    endloop
  endfacet
  facet normal -0 0 1
    outer loop
      vertex 17.5535 -16.3829 1.5
      vertex 21 -21 1.5
      vertex 17.6 -16 1.5
    endloop
  endfacet
  facet normal -0 0 1
    outer loop
      vertex 17.4167 -16.7436 1.5
      vertex 21 -21 1.5
      vertex 17.5535 -16.3829 1.5
    endloop
  endfacet
  facet normal -0 0 1
    outer loop
      vertex 17.1976 -17.061 1.5
      vertex 21 -21 1.5
      vertex 17.4167 -16.7436 1.5
    endloop
  endfacet
  facet normal -0 0 1
    outer loop
      vertex 16.9089 -17.3168 1.5
      vertex 21 -21 1.5
      vertex 17.1976 -17.061 1.5
    endloop
  endfacet
  facet normal -0 0 1
    outer loop
      vertex 16.5674 -17.496 1.5
      vertex 21 -21 1.5
      vertex 16.9089 -17.3168 1.5
    endloop
  endfacet
  facet normal -0 0 1
    outer loop
      vertex 16.1929 -17.5883 1.5
      vertex 21 -21 1.5
      vertex 16.5674 -17.496 1.5
    endloop
  endfacet
  facet normal -0 0 1
    outer loop
      vertex 15.8071 -17.5883 1.5
      vertex 21 -21 1.5
      vertex 16.1929 -17.5883 1.5
    endloop
  endfacet
  facet normal 0 0 1
    outer loop
      vertex 15.4326 -17.496 1.5
      vertex 21 -21 1.5
      vertex 15.8071 -17.5883 1.5
    endloop
  endfacet
  facet normal 0 0 1
    outer loop
      vertex -15.4326 -17.496 1.5
      vertex 15.4326 -17.496 1.5
      vertex 15.0911 -17.3168 1.5
    endloop
  endfacet
  facet normal 0 0 1
    outer loop
      vertex 15.0911 -14.6832 1.5
      vertex 13.1976 -13.061 1.5
      vertex 14.8024 -14.939 1.5
    endloop
  endfacet
  facet normal -0 0 1
    outer loop
      vertex 12.9089 -13.3168 1.5
      vertex 14.8024 -14.939 1.5
      vertex 13.1976 -13.061 1.5
    endloop
  endfacet
  facet normal 0 0 1
    outer loop
      vertex 14.8024 -14.939 1.5
      vertex 12.9089 -13.3168 1.5
      vertex 14.5833 -15.2564 1.5
    endloop
  endfacet
  facet normal -0 0 1
    outer loop
      vertex 12.5674 -13.496 1.5
      vertex 14.5833 -15.2564 1.5
      vertex 12.9089 -13.3168 1.5
    endloop
  endfacet
  facet normal 0 0 1
    outer loop
      vertex 14.5833 -15.2564 1.5
      vertex 12.5674 -13.496 1.5
      vertex 14.4465 -15.6171 1.5
    endloop
  endfacet
  facet normal -0 0 1
    outer loop
      vertex 12.1929 -13.5883 1.5
      vertex 14.4465 -15.6171 1.5
      vertex 12.5674 -13.496 1.5
    endloop
  endfacet
  facet normal 0 0 1
    outer loop
      vertex 14.4465 -15.6171 1.5
      vertex 12.1929 -13.5883 1.5
      vertex 14.4 -16 1.5
    endloop
  endfacet
  facet normal -0 0 1
    outer loop
      vertex 11.8071 -13.5883 1.5
      vertex 14.4 -16 1.5
      vertex 12.1929 -13.5883 1.5
    endloop
  endfacet
  facet normal 0 0 1
    outer loop
      vertex 14.4 -16 1.5
      vertex 11.8071 -13.5883 1.5
      vertex 14.4465 -16.3829 1.5
    endloop
  endfacet
  facet normal 0 0 1
    outer loop
      vertex 11.4326 -13.496 1.5
      vertex 14.4465 -16.3829 1.5
      vertex 11.8071 -13.5883 1.5
    endloop
  endfacet
  facet normal 0 0 1
    outer loop
      vertex 14.4465 -16.3829 1.5
      vertex 11.4326 -13.496 1.5
      vertex 14.5833 -16.7436 1.5
    endloop
  endfacet
  facet normal 0 0 1
    outer loop
      vertex 11.0911 -13.3168 1.5
      vertex 14.5833 -16.7436 1.5
      vertex 11.4326 -13.496 1.5
    endloop
  endfacet
  facet normal 0 0 1
    outer loop
      vertex 3.58329 -12.4964 1.5
      vertex 14.5833 -16.7436 1.5
      vertex 11.0911 -13.3168 1.5
    endloop
  endfacet
  facet normal 0 0 1
    outer loop
      vertex 4.86989 -12.0534 1.5
      vertex 11.0911 -13.3168 1.5
      vertex 10.8024 -13.061 1.5
    endloop
  endfacet
  facet normal -0 0 1
    outer loop
      vertex 9.03056 -9.35142 1.5
      vertex 10.8024 -10.939 1.5
      vertex 9.35142 -9.03056 1.5
    endloop
  endfacet
  facet normal 0 0 1
    outer loop
      vertex 10.8024 -10.939 1.5
      vertex 9.03056 -9.35142 1.5
      vertex 10.5833 -11.2564 1.5
    endloop
  endfacet
  facet normal -0 0 1
    outer loop
      vertex 8.6987 -9.66088 1.5
      vertex 10.5833 -11.2564 1.5
      vertex 9.03056 -9.35142 1.5
    endloop
  endfacet
  facet normal -0 0 1
    outer loop
      vertex 8.35624 -9.95858 1.5
      vertex 10.5833 -11.2564 1.5
      vertex 8.6987 -9.66088 1.5
    endloop
  endfacet
  facet normal 0 0 1
    outer loop
      vertex 10.5833 -11.2564 1.5
      vertex 8.35624 -9.95858 1.5
      vertex 10.4465 -11.6171 1.5
    endloop
  endfacet
  facet normal -0 0 1
    outer loop
      vertex 8.0036 -10.2441 1.5
      vertex 10.4465 -11.6171 1.5
      vertex 8.35624 -9.95858 1.5
    endloop
  endfacet
  facet normal 0 0 1
    outer loop
      vertex 10.4465 -11.6171 1.5
      vertex 8.0036 -10.2441 1.5
      vertex 10.4 -12 1.5
    endloop
  endfacet
  facet normal -0 0 1
    outer loop
      vertex 7.64121 -10.5172 1.5
      vertex 10.4 -12 1.5
      vertex 8.0036 -10.2441 1.5
    endloop
  endfacet
  facet normal -0 0 1
    outer loop
      vertex 7.26951 -10.7775 1.5
      vertex 10.4 -12 1.5
      vertex 7.64121 -10.5172 1.5
    endloop
  endfacet
  facet normal 0 0 1
    outer loop
      vertex 10.4 -12 1.5
      vertex 7.26951 -10.7775 1.5
      vertex 10.4465 -12.3829 1.5
    endloop
  endfacet
  facet normal -0 0 1
    outer loop
      vertex 6.88895 -11.0246 1.5
      vertex 10.4465 -12.3829 1.5
      vertex 7.26951 -10.7775 1.5
    endloop
  endfacet
  facet normal -0 0 1
    outer loop
      vertex 6.5 -11.2583 1.5
      vertex 10.4465 -12.3829 1.5
      vertex 6.88895 -11.0246 1.5
    endloop
  endfacet
  facet normal 0 0 1
    outer loop
      vertex 10.4465 -12.3829 1.5
      vertex 6.5 -11.2583 1.5
      vertex 10.5833 -12.7436 1.5
    endloop
  endfacet
  facet normal -0 0 1
    outer loop
      vertex 6.10313 -11.4783 1.5
      vertex 10.5833 -12.7436 1.5
      vertex 6.5 -11.2583 1.5
    endloop
  endfacet
  facet normal -0 0 1
    outer loop
      vertex 5.69882 -11.6843 1.5
      vertex 10.5833 -12.7436 1.5
      vertex 6.10313 -11.4783 1.5
    endloop
  endfacet
  facet normal 0 0 1
    outer loop
      vertex 10.5833 -12.7436 1.5
      vertex 5.69882 -11.6843 1.5
      vertex 10.8024 -13.061 1.5
    endloop
  endfacet
  facet normal -0 0 1
    outer loop
      vertex 5.28758 -11.8761 1.5
      vertex 10.8024 -13.061 1.5
      vertex 5.69882 -11.6843 1.5
    endloop
  endfacet
  facet normal -0 0 1
    outer loop
      vertex 4.86989 -12.0534 1.5
      vertex 10.8024 -13.061 1.5
      vertex 5.28758 -11.8761 1.5
    endloop
  endfacet
  facet normal 0 0 1
    outer loop
      vertex 11.0911 -13.3168 1.5
      vertex 4.86989 -12.0534 1.5
      vertex 4.44626 -12.216 1.5
    endloop
  endfacet
  facet normal 0 0 1
    outer loop
      vertex 11.0911 -13.3168 1.5
      vertex 4.44626 -12.216 1.5
      vertex 4.01722 -12.3637 1.5
    endloop
  endfacet
  facet normal -0 0 1
    outer loop
      vertex 3.58329 -12.4964 1.5
      vertex 11.0911 -13.3168 1.5
      vertex 4.01722 -12.3637 1.5
    endloop
  endfacet
  facet normal -0 0 1
    outer loop
      vertex 3.14498 -12.6138 1.5
      vertex 14.5833 -16.7436 1.5
      vertex 3.58329 -12.4964 1.5
    endloop
  endfacet
  facet normal 0 0 1
    outer loop
      vertex 14.5833 -16.7436 1.5
      vertex 3.14498 -12.6138 1.5
      vertex 14.8024 -17.061 1.5
    endloop
  endfacet
  facet normal -0 0 1
    outer loop
      vertex 2.70285 -12.7159 1.5
      vertex 14.8024 -17.061 1.5
      vertex 3.14498 -12.6138 1.5
    endloop
  endfacet
  facet normal -0 0 1
    outer loop
      vertex 2.25743 -12.8025 1.5
      vertex 14.8024 -17.061 1.5
      vertex 2.70285 -12.7159 1.5
    endloop
  endfacet
  facet normal -0 0 1
    outer loop
      vertex 1.80925 -12.8735 1.5
      vertex 14.8024 -17.061 1.5
      vertex 2.25743 -12.8025 1.5
    endloop
  endfacet
  facet normal -0 0 1
    outer loop
      vertex 1.35887 -12.9288 1.5
      vertex 14.8024 -17.061 1.5
      vertex 1.80925 -12.8735 1.5
    endloop
  endfacet
  facet normal 0 0 1
    outer loop
      vertex 14.8024 -17.061 1.5
      vertex 1.35887 -12.9288 1.5
      vertex 15.0911 -17.3168 1.5
    endloop
  endfacet
  facet normal -0 0 1
    outer loop
      vertex 0.906834 -12.9683 1.5
      vertex 15.0911 -17.3168 1.5
      vertex 1.35887 -12.9288 1.5
    endloop
  endfacet
  facet normal -0 0 1
    outer loop
      vertex 0.453693 -12.9921 1.5
      vertex 15.0911 -17.3168 1.5
      vertex 0.906834 -12.9683 1.5
    endloop
  endfacet
  facet normal -0 0 1
    outer loop
      vertex 0 -13 1.5
      vertex 15.0911 -17.3168 1.5
      vertex 0.453693 -12.9921 1.5
    endloop
  endfacet
  facet normal 0 0 1
    outer loop
      vertex -15.0911 -17.3168 1.5
      vertex 15.0911 -17.3168 1.5
      vertex 0 -13 1.5
    endloop
  endfacet
  facet normal 0 0 1
    outer loop
      vertex -15.0911 -17.3168 1.5
      vertex 0 -13 1.5
      vertex -0.453693 -12.9921 1.5
    endloop
  endfacet
  facet normal 0 0 1
    outer loop
      vertex -15.0911 -17.3168 1.5
      vertex -0.453693 -12.9921 1.5
      vertex -0.906834 -12.9683 1.5
    endloop
  endfacet
  facet normal 0 0 1
    outer loop
      vertex -15.0911 -17.3168 1.5
      vertex -0.906834 -12.9683 1.5
      vertex -1.35887 -12.9288 1.5
    endloop
  endfacet
  facet normal 0 0 1
    outer loop
      vertex -14.8024 -17.061 1.5
      vertex -1.35887 -12.9288 1.5
      vertex -1.80925 -12.8735 1.5
    endloop
  endfacet
  facet normal 0 0 1
    outer loop
      vertex -14.8024 -17.061 1.5
      vertex -1.80925 -12.8735 1.5
      vertex -2.25743 -12.8025 1.5
    endloop
  endfacet
  facet normal 0 0 1
    outer loop
      vertex -14.8024 -17.061 1.5
      vertex -2.25743 -12.8025 1.5
      vertex -2.70285 -12.7159 1.5
    endloop
  endfacet
  facet normal 0 0 1
    outer loop
      vertex -14.8024 -17.061 1.5
      vertex -2.70285 -12.7159 1.5
      vertex -3.14498 -12.6138 1.5
    endloop
  endfacet
  facet normal 0 0 1
    outer loop
      vertex -14.5833 -16.7436 1.5
      vertex -3.14498 -12.6138 1.5
      vertex -3.58329 -12.4964 1.5
    endloop
  endfacet
  facet normal 0 0 1
    outer loop
      vertex -11.0911 -13.3168 1.5
      vertex -3.58329 -12.4964 1.5
      vertex -4.01722 -12.3637 1.5
    endloop
  endfacet
  facet normal 0 0 1
    outer loop
      vertex -11.0911 -13.3168 1.5
      vertex -4.01722 -12.3637 1.5
      vertex -4.44626 -12.216 1.5
    endloop
  endfacet
  facet normal 0 0 1
    outer loop
      vertex -11.4326 -10.504 1.5
      vertex -9.95858 -8.35624 1.5
      vertex -10.2441 -8.0036 1.5
    endloop
  endfacet
  facet normal 0 0 1
    outer loop
      vertex -10.4465 -11.6171 1.5
      vertex -9.66088 -8.6987 1.5
      vertex -9.95858 -8.35624 1.5
    endloop
  endfacet
  facet normal 0 0 1
    outer loop
      vertex -10.4465 -11.6171 1.5
      vertex -9.35142 -9.03056 1.5
      vertex -9.66088 -8.6987 1.5
    endloop
  endfacet
  facet normal 0 0 1
    outer loop
      vertex -10.4465 -11.6171 1.5
      vertex -9.03056 -9.35142 1.5
      vertex -9.35142 -9.03056 1.5
    endloop
  endfacet
  facet normal 0 0 1
    outer loop
      vertex -10.4465 -11.6171 1.5
      vertex -8.6987 -9.66088 1.5
      vertex -9.03056 -9.35142 1.5
    endloop
  endfacet
  facet normal 0 0 1
    outer loop
      vertex -10.4465 -11.6171 1.5
      vertex -8.35624 -9.95858 1.5
      vertex -8.6987 -9.66088 1.5
    endloop
  endfacet
  facet normal 0 0 1
    outer loop
      vertex -10.4465 -11.6171 1.5
      vertex -8.0036 -10.2441 1.5
      vertex -8.35624 -9.95858 1.5
    endloop
  endfacet
  facet normal 0 0 1
    outer loop
      vertex -10.4 -12 1.5
      vertex -7.64121 -10.5172 1.5
      vertex -8.0036 -10.2441 1.5
    endloop
  endfacet
  facet normal 0 0 1
    outer loop
      vertex -10.4 -12 1.5
      vertex -7.26951 -10.7775 1.5
      vertex -7.64121 -10.5172 1.5
    endloop
  endfacet
  facet normal 0 0 1
    outer loop
      vertex -10.4465 -12.3829 1.5
      vertex -7.26951 -10.7775 1.5
      vertex -10.4 -12 1.5
    endloop
  endfacet
  facet normal 0 0 1
    outer loop
      vertex -7.26951 -10.7775 1.5
      vertex -10.4465 -12.3829 1.5
      vertex -6.88895 -11.0246 1.5
    endloop
  endfacet
  facet normal 0 0 1
    outer loop
      vertex -6.88895 -11.0246 1.5
      vertex -10.4465 -12.3829 1.5
      vertex -6.5 -11.2583 1.5
    endloop
  endfacet
  facet normal 0 0 1
    outer loop
      vertex -10.5833 -12.7436 1.5
      vertex -6.5 -11.2583 1.5
      vertex -10.4465 -12.3829 1.5
    endloop
  endfacet
  facet normal 0 0 1
    outer loop
      vertex -6.5 -11.2583 1.5
      vertex -10.5833 -12.7436 1.5
      vertex -6.10313 -11.4783 1.5
    endloop
  endfacet
  facet normal 0 0 1
    outer loop
      vertex -6.10313 -11.4783 1.5
      vertex -10.5833 -12.7436 1.5
      vertex -5.69882 -11.6843 1.5
    endloop
  endfacet
  facet normal 0 0 1
    outer loop
      vertex -10.8024 -13.061 1.5
      vertex -5.69882 -11.6843 1.5
      vertex -10.5833 -12.7436 1.5
    endloop
  endfacet
  facet normal 0 0 1
    outer loop
      vertex -5.69882 -11.6843 1.5
      vertex -10.8024 -13.061 1.5
      vertex -5.28758 -11.8761 1.5
    endloop
  endfacet
  facet normal 0 0 1
    outer loop
      vertex -5.28758 -11.8761 1.5
      vertex -10.8024 -13.061 1.5
      vertex -4.86989 -12.0534 1.5
    endloop
  endfacet
  facet normal 0 0 1
    outer loop
      vertex -11.0911 -13.3168 1.5
      vertex -4.86989 -12.0534 1.5
      vertex -10.8024 -13.061 1.5
    endloop
  endfacet
  facet normal 0 0 1
    outer loop
      vertex -4.86989 -12.0534 1.5
      vertex -11.0911 -13.3168 1.5
      vertex -4.44626 -12.216 1.5
    endloop
  endfacet
  facet normal 0 0 1
    outer loop
      vertex -3.58329 -12.4964 1.5
      vertex -11.0911 -13.3168 1.5
      vertex -14.5833 -16.7436 1.5
    endloop
  endfacet
  facet normal 0 0 1
    outer loop
      vertex -14.5833 -16.7436 1.5
      vertex -11.0911 -13.3168 1.5
      vertex -11.4326 -13.496 1.5
    endloop
  endfacet
  facet normal 0 0 1
    outer loop
      vertex -14.4465 -16.3829 1.5
      vertex -11.4326 -13.496 1.5
      vertex -11.8071 -13.5883 1.5
    endloop
  endfacet
  facet normal 0 0 1
    outer loop
      vertex -14.4 -16 1.5
      vertex -11.8071 -13.5883 1.5
      vertex -12.1929 -13.5883 1.5
    endloop
  endfacet
  facet normal 0 0 1
    outer loop
      vertex -13.5535 -11.6171 1.5
      vertex -14.4 -16 1.5
      vertex -13.6 -12 1.5
    endloop
  endfacet
  facet normal 0 0 1
    outer loop
      vertex -14.4 -16 1.5
      vertex -13.5535 -12.3829 1.5
      vertex -13.6 -12 1.5
    endloop
  endfacet
  facet normal 0 0 1
    outer loop
      vertex -14.4 -16 1.5
      vertex -13.4167 -12.7436 1.5
      vertex -13.5535 -12.3829 1.5
    endloop
  endfacet
  facet normal 0 0 1
    outer loop
      vertex -14.4 -16 1.5
      vertex -13.1976 -13.061 1.5
      vertex -13.4167 -12.7436 1.5
    endloop
  endfacet
  facet normal 0 0 1
    outer loop
      vertex -14.4 -16 1.5
      vertex -12.9089 -13.3168 1.5
      vertex -13.1976 -13.061 1.5
    endloop
  endfacet
  facet normal 0 0 1
    outer loop
      vertex -14.4 -16 1.5
      vertex -12.5674 -13.496 1.5
      vertex -12.9089 -13.3168 1.5
    endloop
  endfacet
  facet normal 0 0 1
    outer loop
      vertex -14.4 -16 1.5
      vertex -12.1929 -13.5883 1.5
      vertex -12.5674 -13.496 1.5
    endloop
  endfacet
  facet normal 0 0 1
    outer loop
      vertex -11.8071 -13.5883 1.5
      vertex -14.4 -16 1.5
      vertex -14.4465 -16.3829 1.5
    endloop
  endfacet
  facet normal 0 0 1
    outer loop
      vertex -11.4326 -13.496 1.5
      vertex -14.4465 -16.3829 1.5
      vertex -14.5833 -16.7436 1.5
    endloop
  endfacet
  facet normal 0 0 1
    outer loop
      vertex -3.14498 -12.6138 1.5
      vertex -14.5833 -16.7436 1.5
      vertex -14.8024 -17.061 1.5
    endloop
  endfacet
  facet normal 0 0 1
    outer loop
      vertex -1.35887 -12.9288 1.5
      vertex -14.8024 -17.061 1.5
      vertex -15.0911 -17.3168 1.5
    endloop
  endfacet
  facet normal 0 0 1
    outer loop
      vertex -15.4326 -17.496 1.5
      vertex 15.0911 -17.3168 1.5
      vertex -15.0911 -17.3168 1.5
    endloop
  endfacet
  facet normal 0 0 1
    outer loop
      vertex 15.4326 -17.496 1.5
      vertex -15.4326 -17.496 1.5
      vertex 21 -21 1.5
    endloop
  endfacet
  facet normal 0 0 1
    outer loop
      vertex -21 -21 1.5
      vertex -15.4326 -17.496 1.5
      vertex -15.8071 -17.5883 1.5
    endloop
  endfacet
  facet normal 0 0 1
    outer loop
      vertex -21 -21 1.5
      vertex -15.8071 -17.5883 1.5
      vertex -16.1929 -17.5883 1.5
    endloop
  endfacet
  facet normal 0 0 1
    outer loop
      vertex -15.4326 -17.496 1.5
      vertex -21 -21 1.5
      vertex 21 -21 1.5
    endloop
  endfacet
  facet normal 0 0 1
    outer loop
      vertex -16.5674 -17.496 1.5
      vertex -21 -21 1.5
      vertex -16.1929 -17.5883 1.5
    endloop
  endfacet
  facet normal 0 0 1
    outer loop
      vertex -16.9089 -17.3168 1.5
      vertex -21 -21 1.5
      vertex -16.5674 -17.496 1.5
    endloop
  endfacet
  facet normal 0 0 1
    outer loop
      vertex -17.1976 -17.061 1.5
      vertex -21 -21 1.5
      vertex -16.9089 -17.3168 1.5
    endloop
  endfacet
  facet normal 0 0 1
    outer loop
      vertex -17.4167 -16.7436 1.5
      vertex -21 -21 1.5
      vertex -17.1976 -17.061 1.5
    endloop
  endfacet
  facet normal 0 0 1
    outer loop
      vertex -17.5535 -16.3829 1.5
      vertex -21 -21 1.5
      vertex -17.4167 -16.7436 1.5
    endloop
  endfacet
  facet normal 0 0 1
    outer loop
      vertex -17.6 -16 1.5
      vertex -21 -21 1.5
      vertex -17.5535 -16.3829 1.5
    endloop
  endfacet
  facet normal 0 0 1
    outer loop
      vertex -17.5535 -15.6171 1.5
      vertex -21 -21 1.5
      vertex -17.6 -16 1.5
    endloop
  endfacet
  facet normal -0 0 1
    outer loop
      vertex 12.8025 -2.25743 1.5
      vertex 17.1976 -14.939 1.5
      vertex 12.8735 -1.80925 1.5
    endloop
  endfacet
  facet normal 0 0 1
    outer loop
      vertex 17.1976 -14.939 1.5
      vertex 12.8025 -2.25743 1.5
      vertex 16.9089 -14.6832 1.5
    endloop
  endfacet
  facet normal -0 0 1
    outer loop
      vertex 12.7159 -2.70285 1.5
      vertex 16.9089 -14.6832 1.5
      vertex 12.8025 -2.25743 1.5
    endloop
  endfacet
  facet normal 0 0 1
    outer loop
      vertex 16.9089 -14.6832 1.5
      vertex 13.4167 -11.2564 1.5
      vertex 13.5535 -11.6171 1.5
    endloop
  endfacet
  facet normal -0 0 1
    outer loop
      vertex 12.6138 -3.14498 1.5
      vertex 16.9089 -14.6832 1.5
      vertex 12.7159 -2.70285 1.5
    endloop
  endfacet
  facet normal -0 0 1
    outer loop
      vertex 12.4964 -3.58329 1.5
      vertex 16.9089 -14.6832 1.5
      vertex 12.6138 -3.14498 1.5
    endloop
  endfacet
  facet normal 0 0 1
    outer loop
      vertex 16.9089 -14.6832 1.5
      vertex 12.4964 -3.58329 1.5
      vertex 13.4167 -11.2564 1.5
    endloop
  endfacet
  facet normal -0 0 1
    outer loop
      vertex 12.3637 -4.01722 1.5
      vertex 13.4167 -11.2564 1.5
      vertex 12.4964 -3.58329 1.5
    endloop
  endfacet
  facet normal 0 0 1
    outer loop
      vertex 13.4167 -11.2564 1.5
      vertex 12.3637 -4.01722 1.5
      vertex 13.1976 -10.939 1.5
    endloop
  endfacet
  facet normal -0 0 1
    outer loop
      vertex 12.216 -4.44626 1.5
      vertex 13.1976 -10.939 1.5
      vertex 12.3637 -4.01722 1.5
    endloop
  endfacet
  facet normal -0 0 1
    outer loop
      vertex 12.0534 -4.86989 1.5
      vertex 13.1976 -10.939 1.5
      vertex 12.216 -4.44626 1.5
    endloop
  endfacet
  facet normal -0 0 1
    outer loop
      vertex 11.8761 -5.28758 1.5
      vertex 13.1976 -10.939 1.5
      vertex 12.0534 -4.86989 1.5
    endloop
  endfacet
  facet normal 0 0 1
    outer loop
      vertex 13.1976 -10.939 1.5
      vertex 11.8761 -5.28758 1.5
      vertex 12.9089 -10.6832 1.5
    endloop
  endfacet
  facet normal -0 0 1
    outer loop
      vertex 11.6843 -5.69882 1.5
      vertex 12.9089 -10.6832 1.5
      vertex 11.8761 -5.28758 1.5
    endloop
  endfacet
  facet normal -0 0 1
    outer loop
      vertex 11.4783 -6.10313 1.5
      vertex 12.9089 -10.6832 1.5
      vertex 11.6843 -5.69882 1.5
    endloop
  endfacet
  facet normal 0 0 1
    outer loop
      vertex 12.9089 -10.6832 1.5
      vertex 11.4783 -6.10313 1.5
      vertex 12.5674 -10.504 1.5
    endloop
  endfacet
  facet normal -0 0 1
    outer loop
      vertex 11.2583 -6.5 1.5
      vertex 12.5674 -10.504 1.5
      vertex 11.4783 -6.10313 1.5
    endloop
  endfacet
  facet normal -0 0 1
    outer loop
      vertex 11.0246 -6.88895 1.5
      vertex 12.5674 -10.504 1.5
      vertex 11.2583 -6.5 1.5
    endloop
  endfacet
  facet normal 0 0 1
    outer loop
      vertex 12.5674 -10.504 1.5
      vertex 11.0246 -6.88895 1.5
      vertex 12.1929 -10.4117 1.5
    endloop
  endfacet
  facet normal -0 0 1
    outer loop
      vertex 10.7775 -7.26951 1.5
      vertex 12.1929 -10.4117 1.5
      vertex 11.0246 -6.88895 1.5
    endloop
  endfacet
  facet normal -0 0 1
    outer loop
      vertex 10.5172 -7.64121 1.5
      vertex 12.1929 -10.4117 1.5
      vertex 10.7775 -7.26951 1.5
    endloop
  endfacet
  facet normal 0 0 1
    outer loop
      vertex 12.1929 -10.4117 1.5
      vertex 10.5172 -7.64121 1.5
      vertex 11.8071 -10.4117 1.5
    endloop
  endfacet
  facet normal -0 0 1
    outer loop
      vertex 10.2441 -8.0036 1.5
      vertex 11.8071 -10.4117 1.5
      vertex 10.5172 -7.64121 1.5
    endloop
  endfacet
  facet normal 0 0 1
    outer loop
      vertex 11.8071 -10.4117 1.5
      vertex 10.2441 -8.0036 1.5
      vertex 11.4326 -10.504 1.5
    endloop
  endfacet
  facet normal -0 0 1
    outer loop
      vertex 9.95858 -8.35624 1.5
      vertex 11.4326 -10.504 1.5
      vertex 10.2441 -8.0036 1.5
    endloop
  endfacet
  facet normal -0 0 1
    outer loop
      vertex 9.66088 -8.6987 1.5
      vertex 11.4326 -10.504 1.5
      vertex 9.95858 -8.35624 1.5
    endloop
  endfacet
  facet normal 0 0 1
    outer loop
      vertex 11.4326 -10.504 1.5
      vertex 9.66088 -8.6987 1.5
      vertex 11.0911 -10.6832 1.5
    endloop
  endfacet
  facet normal -0 0 1
    outer loop
      vertex 9.35142 -9.03056 1.5
      vertex 11.0911 -10.6832 1.5
      vertex 9.66088 -8.6987 1.5
    endloop
  endfacet
  facet normal 0 0 1
    outer loop
      vertex 11.0911 -10.6832 1.5
      vertex 9.35142 -9.03056 1.5
      vertex 10.8024 -10.939 1.5
    endloop
  endfacet
  facet normal -0 0 -1
    outer loop
      vertex -12.4964 -3.58329 -1.5
      vertex -16.9089 -14.6832 -1.5
      vertex -12.6138 -3.14498 -1.5
    endloop
  endfacet
  facet normal 0 0 -1
    outer loop
      vertex -13 0 -1.5
      vertex -14.4465 15.6171 -1.5
      vertex -14.4 16 -1.5
    endloop
  endfacet
  facet normal -0 0 -1
    outer loop
      vertex -12.6138 -3.14498 -1.5
      vertex -16.9089 -14.6832 -1.5
      vertex -12.7159 -2.70285 -1.5
    endloop
  endfacet
  facet normal 0 0 -1
    outer loop
      vertex -13 0 -1.5
      vertex -14.5833 15.2564 -1.5
      vertex -14.4465 15.6171 -1.5
    endloop
  endfacet
  facet normal -0 0 -1
    outer loop
      vertex -12.7159 -2.70285 -1.5
      vertex -16.9089 -14.6832 -1.5
      vertex -12.8025 -2.25743 -1.5
    endloop
  endfacet
  facet normal 0 0 -1
    outer loop
      vertex -13 0 -1.5
      vertex -14.8024 14.939 -1.5
      vertex -14.5833 15.2564 -1.5
    endloop
  endfacet
  facet normal 0 0 -1
    outer loop
      vertex -17.1976 -14.939 -1.5
      vertex -12.8025 -2.25743 -1.5
      vertex -16.9089 -14.6832 -1.5
    endloop
  endfacet
  facet normal 0 0 -1
    outer loop
      vertex -13 0 -1.5
      vertex -15.0911 14.6832 -1.5
      vertex -14.8024 14.939 -1.5
    endloop
  endfacet
  facet normal -0 0 -1
    outer loop
      vertex -12.8025 -2.25743 -1.5
      vertex -17.1976 -14.939 -1.5
      vertex -12.8735 -1.80925 -1.5
    endloop
  endfacet
  facet normal 0 0 -1
    outer loop
      vertex -13 0 -1.5
      vertex -15.4326 14.504 -1.5
      vertex -15.0911 14.6832 -1.5
    endloop
  endfacet
  facet normal -0 0 -1
    outer loop
      vertex -12.8735 -1.80925 -1.5
      vertex -17.1976 -14.939 -1.5
      vertex -12.9288 -1.35887 -1.5
    endloop
  endfacet
  facet normal 0 0 -1
    outer loop
      vertex -13 0 -1.5
      vertex -15.8071 14.4117 -1.5
      vertex -15.4326 14.504 -1.5
    endloop
  endfacet
  facet normal -0 0 -1
    outer loop
      vertex -12.9288 -1.35887 -1.5
      vertex -17.1976 -14.939 -1.5
      vertex -12.9683 -0.906834 -1.5
    endloop
  endfacet
  facet normal 0 0 -1
    outer loop
      vertex -13 0 -1.5
      vertex -16.1929 14.4117 -1.5
      vertex -15.8071 14.4117 -1.5
    endloop
  endfacet
  facet normal -0 0 -1
    outer loop
      vertex -12.9683 -0.906834 -1.5
      vertex -17.1976 -14.939 -1.5
      vertex -12.9921 -0.453693 -1.5
    endloop
  endfacet
  facet normal 0 0 -1
    outer loop
      vertex -13 0 -1.5
      vertex -16.5674 14.504 -1.5
      vertex -16.1929 14.4117 -1.5
    endloop
  endfacet
  facet normal 0 0 -1
    outer loop
      vertex -17.4167 -15.2564 -1.5
      vertex -12.9921 -0.453693 -1.5
      vertex -17.1976 -14.939 -1.5
    endloop
  endfacet
  facet normal 0 0 -1
    outer loop
      vertex -13 0 -1.5
      vertex -16.9089 14.6832 -1.5
      vertex -16.5674 14.504 -1.5
    endloop
  endfacet
  facet normal -0 0 -1
    outer loop
      vertex -12.9921 -0.453693 -1.5
      vertex -17.4167 -15.2564 -1.5
      vertex -13 0 -1.5
    endloop
  endfacet
  facet normal 0 0 -1
    outer loop
      vertex -13 0 -1.5
      vertex -17.1976 14.939 -1.5
      vertex -16.9089 14.6832 -1.5
    endloop
  endfacet
  facet normal 0 0 -1
    outer loop
      vertex -17.4167 15.2564 -1.5
      vertex -13 0 -1.5
      vertex -17.4167 -15.2564 -1.5
    endloop
  endfacet
  facet normal 0 0 -1
    outer loop
      vertex -13 0 -1.5
      vertex -17.4167 15.2564 -1.5
      vertex -17.1976 14.939 -1.5
    endloop
  endfacet
  facet normal 0 0 -1
    outer loop
      vertex -21 -21 -1.5
      vertex -17.4167 -15.2564 -1.5
      vertex -17.5535 -15.6171 -1.5
    endloop
  endfacet
  facet normal -0 0 -1
    outer loop
      vertex -17.4167 -15.2564 -1.5
      vertex -21 -21 -1.5
      vertex -17.4167 15.2564 -1.5
    endloop
  endfacet
  facet normal 0 0 -1
    outer loop
      vertex -21 -21 -1.5
      vertex -17.5535 -15.6171 -1.5
      vertex -17.6 -16 -1.5
    endloop
  endfacet
  facet normal 0 0 -1
    outer loop
      vertex -21 21 -1.5
      vertex -17.4167 15.2564 -1.5
      vertex -21 -21 -1.5
    endloop
  endfacet
  facet normal 0 0 -1
    outer loop
      vertex -8.0036 10.2441 -1.5
      vertex -10.4465 11.6171 -1.5
      vertex -10.4 12 -1.5
    endloop
  endfacet
  facet normal 0 0 -1
    outer loop
      vertex -11.8071 10.4117 -1.5
      vertex -10.2441 8.0036 -1.5
      vertex -10.5172 7.64121 -1.5
    endloop
  endfacet
  facet normal 0 0 -1
    outer loop
      vertex -9.95858 8.35624 -1.5
      vertex -10.5833 11.2564 -1.5
      vertex -10.4465 11.6171 -1.5
    endloop
  endfacet
  facet normal 0 0 -1
    outer loop
      vertex -12.1929 10.4117 -1.5
      vertex -10.5172 7.64121 -1.5
      vertex -10.7775 7.26951 -1.5
    endloop
  endfacet
  facet normal 0 0 -1
    outer loop
      vertex -9.95858 8.35624 -1.5
      vertex -10.8024 10.939 -1.5
      vertex -10.5833 11.2564 -1.5
    endloop
  endfacet
  facet normal 0 0 -1
    outer loop
      vertex -12.1929 10.4117 -1.5
      vertex -10.7775 7.26951 -1.5
      vertex -11.0246 6.88895 -1.5
    endloop
  endfacet
  facet normal 0 0 -1
    outer loop
      vertex -9.95858 8.35624 -1.5
      vertex -11.0911 10.6832 -1.5
      vertex -10.8024 10.939 -1.5
    endloop
  endfacet
  facet normal 0 0 -1
    outer loop
      vertex -12.5674 10.504 -1.5
      vertex -11.0246 6.88895 -1.5
      vertex -11.2583 6.5 -1.5
    endloop
  endfacet
  facet normal 0 0 -1
    outer loop
      vertex -9.95858 8.35624 -1.5
      vertex -11.4326 10.504 -1.5
      vertex -11.0911 10.6832 -1.5
    endloop
  endfacet
  facet normal 0 0 -1
    outer loop
      vertex -12.5674 10.504 -1.5
      vertex -11.2583 6.5 -1.5
      vertex -11.4783 6.10313 -1.5
    endloop
  endfacet
  facet normal 0 0 -1
    outer loop
      vertex -12.9089 10.6832 -1.5
      vertex -11.4783 6.10313 -1.5
      vertex -11.6843 5.69882 -1.5
    endloop
  endfacet
  facet normal 0 0 -1
    outer loop
      vertex -10.2441 8.0036 -1.5
      vertex -11.8071 10.4117 -1.5
      vertex -11.4326 10.504 -1.5
    endloop
  endfacet
  facet normal 0 0 -1
    outer loop
      vertex -12.9089 10.6832 -1.5
      vertex -11.6843 5.69882 -1.5
      vertex -11.8761 5.28758 -1.5
    endloop
  endfacet
  facet normal 0 0 -1
    outer loop
      vertex -13.1976 10.939 -1.5
      vertex -11.8761 5.28758 -1.5
      vertex -12.0534 4.86989 -1.5
    endloop
  endfacet
  facet normal 0 0 -1
    outer loop
      vertex -10.5172 7.64121 -1.5
      vertex -12.1929 10.4117 -1.5
      vertex -11.8071 10.4117 -1.5
    endloop
  endfacet
  facet normal 0 0 -1
    outer loop
      vertex -13.1976 10.939 -1.5
      vertex -12.0534 4.86989 -1.5
      vertex -12.216 4.44626 -1.5
    endloop
  endfacet
  facet normal 0 0 -1
    outer loop
      vertex -13.1976 10.939 -1.5
      vertex -12.216 4.44626 -1.5
      vertex -12.3637 4.01722 -1.5
    endloop
  endfacet
  facet normal 0 0 -1
    outer loop
      vertex -13.4167 11.2564 -1.5
      vertex -12.3637 4.01722 -1.5
      vertex -12.4964 3.58329 -1.5
    endloop
  endfacet
  facet normal 0 0 -1
    outer loop
      vertex -11.0246 6.88895 -1.5
      vertex -12.5674 10.504 -1.5
      vertex -12.1929 10.4117 -1.5
    endloop
  endfacet
  facet normal 0 0 -1
    outer loop
      vertex -13.4167 11.2564 -1.5
      vertex -12.4964 3.58329 -1.5
      vertex -12.6138 3.14498 -1.5
    endloop
  endfacet
  facet normal 0 0 -1
    outer loop
      vertex -13.4167 11.2564 -1.5
      vertex -12.6138 3.14498 -1.5
      vertex -12.7159 2.70285 -1.5
    endloop
  endfacet
  facet normal 0 0 -1
    outer loop
      vertex -13.4167 11.2564 -1.5
      vertex -12.7159 2.70285 -1.5
      vertex -12.8025 2.25743 -1.5
    endloop
  endfacet
  facet normal 0 0 -1
    outer loop
      vertex -13.5535 11.6171 -1.5
      vertex -12.8025 2.25743 -1.5
      vertex -12.8735 1.80925 -1.5
    endloop
  endfacet
  facet normal 0 0 -1
    outer loop
      vertex -11.4783 6.10313 -1.5
      vertex -12.9089 10.6832 -1.5
      vertex -12.5674 10.504 -1.5
    endloop
  endfacet
  facet normal 0 0 -1
    outer loop
      vertex -13.5535 11.6171 -1.5
      vertex -12.8735 1.80925 -1.5
      vertex -12.9288 1.35887 -1.5
    endloop
  endfacet
  facet normal 0 0 -1
    outer loop
      vertex -13.5535 11.6171 -1.5
      vertex -12.9288 1.35887 -1.5
      vertex -12.9683 0.906834 -1.5
    endloop
  endfacet
  facet normal 0 0 -1
    outer loop
      vertex -13.5535 11.6171 -1.5
      vertex -12.9683 0.906834 -1.5
      vertex -12.9921 0.453693 -1.5
    endloop
  endfacet
  facet normal 0 0 -1
    outer loop
      vertex -14.4 16 -1.5
      vertex -12.9921 0.453693 -1.5
      vertex -13 0 -1.5
    endloop
  endfacet
  facet normal 0 0 -1
    outer loop
      vertex -15.4326 -14.504 -1.5
      vertex -13.4167 -12.7436 -1.5
      vertex -15.0911 -14.6832 -1.5
    endloop
  endfacet
  facet normal 0 0 -1
    outer loop
      vertex -11.8761 5.28758 -1.5
      vertex -13.1976 10.939 -1.5
      vertex -12.9089 10.6832 -1.5
    endloop
  endfacet
  facet normal -0 0 -1
    outer loop
      vertex -13.1976 -13.061 -1.5
      vertex -15.0911 -14.6832 -1.5
      vertex -13.4167 -12.7436 -1.5
    endloop
  endfacet
  facet normal 0 0 -1
    outer loop
      vertex -12.3637 4.01722 -1.5
      vertex -13.4167 11.2564 -1.5
      vertex -13.1976 10.939 -1.5
    endloop
  endfacet
  facet normal 0 0 -1
    outer loop
      vertex -16.9089 -14.6832 -1.5
      vertex -13.4167 -11.2564 -1.5
      vertex -16.5674 -14.504 -1.5
    endloop
  endfacet
  facet normal 0 0 -1
    outer loop
      vertex -12.8025 2.25743 -1.5
      vertex -13.5535 11.6171 -1.5
      vertex -13.4167 11.2564 -1.5
    endloop
  endfacet
  facet normal 0 0 -1
    outer loop
      vertex -15.0911 -14.6832 -1.5
      vertex -13.1976 -13.061 -1.5
      vertex -14.8024 -14.939 -1.5
    endloop
  endfacet
  facet normal -0 0 -1
    outer loop
      vertex -13.4167 -11.2564 -1.5
      vertex -16.9089 -14.6832 -1.5
      vertex -12.4964 -3.58329 -1.5
    endloop
  endfacet
  facet normal 0 0 -1
    outer loop
      vertex -11.0911 -10.6832 -1.5
      vertex -9.35142 -9.03056 -1.5
      vertex -10.8024 -10.939 -1.5
    endloop
  endfacet
  facet normal -0 0 -1
    outer loop
      vertex -9.35142 -9.03056 -1.5
      vertex -11.0911 -10.6832 -1.5
      vertex -9.66088 -8.6987 -1.5
    endloop
  endfacet
  facet normal 0 0 -1
    outer loop
      vertex -11.4326 -10.504 -1.5
      vertex -9.66088 -8.6987 -1.5
      vertex -11.0911 -10.6832 -1.5
    endloop
  endfacet
  facet normal -0 0 -1
    outer loop
      vertex -9.66088 -8.6987 -1.5
      vertex -11.4326 -10.504 -1.5
      vertex -9.95858 -8.35624 -1.5
    endloop
  endfacet
  facet normal -0 0 -1
    outer loop
      vertex -9.95858 -8.35624 -1.5
      vertex -11.4326 -10.504 -1.5
      vertex -10.2441 -8.0036 -1.5
    endloop
  endfacet
  facet normal 0 0 -1
    outer loop
      vertex -11.8071 -10.4117 -1.5
      vertex -10.2441 -8.0036 -1.5
      vertex -11.4326 -10.504 -1.5
    endloop
  endfacet
  facet normal -0 0 -1
    outer loop
      vertex -10.2441 -8.0036 -1.5
      vertex -11.8071 -10.4117 -1.5
      vertex -10.5172 -7.64121 -1.5
    endloop
  endfacet
  facet normal 0 0 -1
    outer loop
      vertex -12.1929 -10.4117 -1.5
      vertex -10.5172 -7.64121 -1.5
      vertex -11.8071 -10.4117 -1.5
    endloop
  endfacet
  facet normal -0 0 -1
    outer loop
      vertex -10.5172 -7.64121 -1.5
      vertex -12.1929 -10.4117 -1.5
      vertex -10.7775 -7.26951 -1.5
    endloop
  endfacet
  facet normal -0 0 -1
    outer loop
      vertex -10.7775 -7.26951 -1.5
      vertex -12.1929 -10.4117 -1.5
      vertex -11.0246 -6.88895 -1.5
    endloop
  endfacet
  facet normal 0 0 -1
    outer loop
      vertex -12.5674 -10.504 -1.5
      vertex -11.0246 -6.88895 -1.5
      vertex -12.1929 -10.4117 -1.5
    endloop
  endfacet
  facet normal -0 0 -1
    outer loop
      vertex -11.0246 -6.88895 -1.5
      vertex -12.5674 -10.504 -1.5
      vertex -11.2583 -6.5 -1.5
    endloop
  endfacet
  facet normal -0 0 -1
    outer loop
      vertex -11.2583 -6.5 -1.5
      vertex -12.5674 -10.504 -1.5
      vertex -11.4783 -6.10313 -1.5
    endloop
  endfacet
  facet normal 0 0 -1
    outer loop
      vertex -12.9089 -10.6832 -1.5
      vertex -11.4783 -6.10313 -1.5
      vertex -12.5674 -10.504 -1.5
    endloop
  endfacet
  facet normal -0 0 -1
    outer loop
      vertex -11.4783 -6.10313 -1.5
      vertex -12.9089 -10.6832 -1.5
      vertex -11.6843 -5.69882 -1.5
    endloop
  endfacet
  facet normal -0 0 -1
    outer loop
      vertex -11.6843 -5.69882 -1.5
      vertex -12.9089 -10.6832 -1.5
      vertex -11.8761 -5.28758 -1.5
    endloop
  endfacet
  facet normal 0 0 -1
    outer loop
      vertex -13.1976 -10.939 -1.5
      vertex -11.8761 -5.28758 -1.5
      vertex -12.9089 -10.6832 -1.5
    endloop
  endfacet
  facet normal -0 0 -1
    outer loop
      vertex -11.8761 -5.28758 -1.5
      vertex -13.1976 -10.939 -1.5
      vertex -12.0534 -4.86989 -1.5
    endloop
  endfacet
  facet normal -0 0 -1
    outer loop
      vertex -12.0534 -4.86989 -1.5
      vertex -13.1976 -10.939 -1.5
      vertex -12.216 -4.44626 -1.5
    endloop
  endfacet
  facet normal -0 0 -1
    outer loop
      vertex -12.216 -4.44626 -1.5
      vertex -13.1976 -10.939 -1.5
      vertex -12.3637 -4.01722 -1.5
    endloop
  endfacet
  facet normal 0 0 -1
    outer loop
      vertex -13.4167 -11.2564 -1.5
      vertex -12.3637 -4.01722 -1.5
      vertex -13.1976 -10.939 -1.5
    endloop
  endfacet
  facet normal -0 0 -1
    outer loop
      vertex -12.3637 -4.01722 -1.5
      vertex -13.4167 -11.2564 -1.5
      vertex -12.4964 -3.58329 -1.5
    endloop
  endfacet
  facet normal -0 0 -1
    outer loop
      vertex -13.5535 -11.6171 -1.5
      vertex -16.5674 -14.504 -1.5
      vertex -13.4167 -11.2564 -1.5
    endloop
  endfacet
  facet normal 0 0 -1
    outer loop
      vertex -16.5674 -14.504 -1.5
      vertex -13.5535 -11.6171 -1.5
      vertex -16.1929 -14.4117 -1.5
    endloop
  endfacet
  facet normal -0 0 -1
    outer loop
      vertex -13.6 -12 -1.5
      vertex -16.1929 -14.4117 -1.5
      vertex -13.5535 -11.6171 -1.5
    endloop
  endfacet
  facet normal 0 0 -1
    outer loop
      vertex -16.1929 -14.4117 -1.5
      vertex -13.6 -12 -1.5
      vertex -15.8071 -14.4117 -1.5
    endloop
  endfacet
  facet normal -0 0 -1
    outer loop
      vertex -13.5535 -12.3829 -1.5
      vertex -15.8071 -14.4117 -1.5
      vertex -13.6 -12 -1.5
    endloop
  endfacet
  facet normal 0 0 -1
    outer loop
      vertex -15.8071 -14.4117 -1.5
      vertex -13.5535 -12.3829 -1.5
      vertex -15.4326 -14.504 -1.5
    endloop
  endfacet
  facet normal -0 0 -1
    outer loop
      vertex -13.4167 -12.7436 -1.5
      vertex -15.4326 -14.504 -1.5
      vertex -13.5535 -12.3829 -1.5
    endloop
  endfacet
  facet normal 0 0 -1
    outer loop
      vertex 17.4167 -15.2564 -1.5
      vertex 13 0 -1.5
      vertex 17.4167 15.2564 -1.5
    endloop
  endfacet
  facet normal 0 0 -1
    outer loop
      vertex 12.9683 0.906834 -1.5
      vertex 17.1976 14.939 -1.5
      vertex 12.9921 0.453693 -1.5
    endloop
  endfacet
  facet normal 0 0 -1
    outer loop
      vertex 12.8025 -2.25743 -1.5
      vertex 13.5535 -11.6171 -1.5
      vertex 13.4167 -11.2564 -1.5
    endloop
  endfacet
  facet normal 0 0 -1
    outer loop
      vertex 16.9089 14.6832 -1.5
      vertex 13.5535 11.6171 -1.5
      vertex 13.6 12 -1.5
    endloop
  endfacet
  facet normal 0 0 -1
    outer loop
      vertex 12.3637 -4.01722 -1.5
      vertex 13.4167 -11.2564 -1.5
      vertex 13.1976 -10.939 -1.5
    endloop
  endfacet
  facet normal 0 0 -1
    outer loop
      vertex 12.9288 1.35887 -1.5
      vertex 17.1976 14.939 -1.5
      vertex 12.9683 0.906834 -1.5
    endloop
  endfacet
  facet normal 0 0 -1
    outer loop
      vertex 12.8735 1.80925 -1.5
      vertex 17.1976 14.939 -1.5
      vertex 12.9288 1.35887 -1.5
    endloop
  endfacet
  facet normal 0 0 -1
    outer loop
      vertex 17.4167 15.2564 -1.5
      vertex 12.9921 0.453693 -1.5
      vertex 17.1976 14.939 -1.5
    endloop
  endfacet
  facet normal 0 0 -1
    outer loop
      vertex 12.9921 0.453693 -1.5
      vertex 17.4167 15.2564 -1.5
      vertex 13 0 -1.5
    endloop
  endfacet
  facet normal 0 0 -1
    outer loop
      vertex 13.5535 -11.6171 -1.5
      vertex 12.9288 -1.35887 -1.5
      vertex 12.9683 -0.906834 -1.5
    endloop
  endfacet
  facet normal 0 0 -1
    outer loop
      vertex 11.8761 -5.28758 -1.5
      vertex 13.1976 -10.939 -1.5
      vertex 12.9089 -10.6832 -1.5
    endloop
  endfacet
  facet normal 0 0 -1
    outer loop
      vertex 13.5535 -11.6171 -1.5
      vertex 12.8735 -1.80925 -1.5
      vertex 12.9288 -1.35887 -1.5
    endloop
  endfacet
  facet normal 0 0 -1
    outer loop
      vertex 13.5535 -11.6171 -1.5
      vertex 12.8025 -2.25743 -1.5
      vertex 12.8735 -1.80925 -1.5
    endloop
  endfacet
  facet normal 0 0 -1
    outer loop
      vertex 13.4167 -11.2564 -1.5
      vertex 12.7159 -2.70285 -1.5
      vertex 12.8025 -2.25743 -1.5
    endloop
  endfacet
  facet normal 0 0 -1
    outer loop
      vertex 13.4167 -11.2564 -1.5
      vertex 12.6138 -3.14498 -1.5
      vertex 12.7159 -2.70285 -1.5
    endloop
  endfacet
  facet normal 0 0 -1
    outer loop
      vertex 11.4783 -6.10313 -1.5
      vertex 12.9089 -10.6832 -1.5
      vertex 12.5674 -10.504 -1.5
    endloop
  endfacet
  facet normal 0 0 -1
    outer loop
      vertex 13.4167 -11.2564 -1.5
      vertex 12.4964 -3.58329 -1.5
      vertex 12.6138 -3.14498 -1.5
    endloop
  endfacet
  facet normal 0 0 -1
    outer loop
      vertex 13.4167 -11.2564 -1.5
      vertex 12.3637 -4.01722 -1.5
      vertex 12.4964 -3.58329 -1.5
    endloop
  endfacet
  facet normal 0 0 -1
    outer loop
      vertex 13.1976 -10.939 -1.5
      vertex 12.216 -4.44626 -1.5
      vertex 12.3637 -4.01722 -1.5
    endloop
  endfacet
  facet normal 0 0 -1
    outer loop
      vertex 11.0246 -6.88895 -1.5
      vertex 12.5674 -10.504 -1.5
      vertex 12.1929 -10.4117 -1.5
    endloop
  endfacet
  facet normal 0 0 -1
    outer loop
      vertex 13.1976 -10.939 -1.5
      vertex 12.0534 -4.86989 -1.5
      vertex 12.216 -4.44626 -1.5
    endloop
  endfacet
  facet normal 0 0 -1
    outer loop
      vertex 13.1976 -10.939 -1.5
      vertex 11.8761 -5.28758 -1.5
      vertex 12.0534 -4.86989 -1.5
    endloop
  endfacet
  facet normal 0 0 -1
    outer loop
      vertex 10.5172 -7.64121 -1.5
      vertex 12.1929 -10.4117 -1.5
      vertex 11.8071 -10.4117 -1.5
    endloop
  endfacet
  facet normal 0 0 -1
    outer loop
      vertex 12.9089 -10.6832 -1.5
      vertex 11.6843 -5.69882 -1.5
      vertex 11.8761 -5.28758 -1.5
    endloop
  endfacet
  facet normal 0 0 -1
    outer loop
      vertex 12.9089 -10.6832 -1.5
      vertex 11.4783 -6.10313 -1.5
      vertex 11.6843 -5.69882 -1.5
    endloop
  endfacet
  facet normal 0 0 -1
    outer loop
      vertex 10.2441 -8.0036 -1.5
      vertex 11.8071 -10.4117 -1.5
      vertex 11.4326 -10.504 -1.5
    endloop
  endfacet
  facet normal 0 0 -1
    outer loop
      vertex 12.5674 -10.504 -1.5
      vertex 11.2583 -6.5 -1.5
      vertex 11.4783 -6.10313 -1.5
    endloop
  endfacet
  facet normal 0 0 -1
    outer loop
      vertex 9.66088 -8.6987 -1.5
      vertex 11.4326 -10.504 -1.5
      vertex 11.0911 -10.6832 -1.5
    endloop
  endfacet
  facet normal 0 0 -1
    outer loop
      vertex 12.5674 -10.504 -1.5
      vertex 11.0246 -6.88895 -1.5
      vertex 11.2583 -6.5 -1.5
    endloop
  endfacet
  facet normal 0 0 -1
    outer loop
      vertex 9.35142 -9.03056 -1.5
      vertex 11.0911 -10.6832 -1.5
      vertex 10.8024 -10.939 -1.5
    endloop
  endfacet
  facet normal 0 0 -1
    outer loop
      vertex 12.1929 -10.4117 -1.5
      vertex 10.7775 -7.26951 -1.5
      vertex 11.0246 -6.88895 -1.5
    endloop
  endfacet
  facet normal 0 0 -1
    outer loop
      vertex 9.03056 -9.35142 -1.5
      vertex 10.8024 -10.939 -1.5
      vertex 10.5833 -11.2564 -1.5
    endloop
  endfacet
  facet normal 0 0 -1
    outer loop
      vertex 12.1929 -10.4117 -1.5
      vertex 10.5172 -7.64121 -1.5
      vertex 10.7775 -7.26951 -1.5
    endloop
  endfacet
  facet normal 0 0 -1
    outer loop
      vertex 8.35624 -9.95858 -1.5
      vertex 10.5833 -11.2564 -1.5
      vertex 10.4465 -11.6171 -1.5
    endloop
  endfacet
  facet normal 0 0 -1
    outer loop
      vertex 8.0036 -10.2441 -1.5
      vertex 10.4465 -11.6171 -1.5
      vertex 10.4 -12 -1.5
    endloop
  endfacet
  facet normal 0 0 -1
    outer loop
      vertex 11.8071 -10.4117 -1.5
      vertex 10.2441 -8.0036 -1.5
      vertex 10.5172 -7.64121 -1.5
    endloop
  endfacet
  facet normal 0 0 -1
    outer loop
      vertex 21 -21 -1.5
      vertex 17.4167 -15.2564 -1.5
      vertex 21 21 -1.5
    endloop
  endfacet
  facet normal 0 0 -1
    outer loop
      vertex 21 21 -1.5
      vertex 17.5535 15.6171 -1.5
      vertex 17.6 16 -1.5
    endloop
  endfacet
  facet normal 0 0 -1
    outer loop
      vertex 17.4167 15.2564 -1.5
      vertex 21 21 -1.5
      vertex 17.4167 -15.2564 -1.5
    endloop
  endfacet
  facet normal 0 0 -1
    outer loop
      vertex 21 21 -1.5
      vertex 17.4167 15.2564 -1.5
      vertex 17.5535 15.6171 -1.5
    endloop
  endfacet
  facet normal 0 -0 -1
    outer loop
      vertex 12.9921 -0.453693 -1.5
      vertex 17.1976 -14.939 -1.5
      vertex 12.9683 -0.906834 -1.5
    endloop
  endfacet
  facet normal 0 0 -1
    outer loop
      vertex 17.1976 -14.939 -1.5
      vertex 12.9921 -0.453693 -1.5
      vertex 17.4167 -15.2564 -1.5
    endloop
  endfacet
  facet normal 0 0 -1
    outer loop
      vertex 12.9683 -0.906834 -1.5
      vertex 17.1976 -14.939 -1.5
      vertex 16.9089 -14.6832 -1.5
    endloop
  endfacet
  facet normal 0 -0 -1
    outer loop
      vertex 13 0 -1.5
      vertex 17.4167 -15.2564 -1.5
      vertex 12.9921 -0.453693 -1.5
    endloop
  endfacet
  facet normal 0 0 -1
    outer loop
      vertex 16.1929 -14.4117 -1.5
      vertex 13.5535 -11.6171 -1.5
      vertex 16.5674 -14.504 -1.5
    endloop
  endfacet
  facet normal 0 0 -1
    outer loop
      vertex 16.5674 -14.504 -1.5
      vertex 13.5535 -11.6171 -1.5
      vertex 16.9089 -14.6832 -1.5
    endloop
  endfacet
  facet normal 0 0 -1
    outer loop
      vertex 13.5535 -11.6171 -1.5
      vertex 16.1929 -14.4117 -1.5
      vertex 13.6 -12 -1.5
    endloop
  endfacet
  facet normal 0 0 -1
    outer loop
      vertex 12.9683 -0.906834 -1.5
      vertex 16.9089 -14.6832 -1.5
      vertex 13.5535 -11.6171 -1.5
    endloop
  endfacet
  facet normal 0 0 -1
    outer loop
      vertex 13.6 -12 -1.5
      vertex 16.1929 -14.4117 -1.5
      vertex 15.8071 -14.4117 -1.5
    endloop
  endfacet
  facet normal 0 0 -1
    outer loop
      vertex 16.9089 14.6832 -1.5
      vertex 13.6 12 -1.5
      vertex 16.5674 14.504 -1.5
    endloop
  endfacet
  facet normal 0 0 -1
    outer loop
      vertex 13.5535 -12.3829 -1.5
      vertex 15.8071 -14.4117 -1.5
      vertex 15.4326 -14.504 -1.5
    endloop
  endfacet
  facet normal 0 0 -1
    outer loop
      vertex 16.5674 14.504 -1.5
      vertex 13.6 12 -1.5
      vertex 16.1929 14.4117 -1.5
    endloop
  endfacet
  facet normal 0 0 -1
    outer loop
      vertex 13.4167 -12.7436 -1.5
      vertex 15.4326 -14.504 -1.5
      vertex 15.0911 -14.6832 -1.5
    endloop
  endfacet
  facet normal -0 0 -1
    outer loop
      vertex 16.1929 14.4117 -1.5
      vertex 13.6 12 -1.5
      vertex 15.8071 14.4117 -1.5
    endloop
  endfacet
  facet normal 0 0 -1
    outer loop
      vertex 13.1976 -13.061 -1.5
      vertex 15.0911 -14.6832 -1.5
      vertex 14.8024 -14.939 -1.5
    endloop
  endfacet
  facet normal 0 0 -1
    outer loop
      vertex 13.5535 12.3829 -1.5
      vertex 15.8071 14.4117 -1.5
      vertex 13.6 12 -1.5
    endloop
  endfacet
  facet normal 0 0 -1
    outer loop
      vertex 12.9089 -13.3168 -1.5
      vertex 14.8024 -14.939 -1.5
      vertex 14.5833 -15.2564 -1.5
    endloop
  endfacet
  facet normal -0 0 -1
    outer loop
      vertex 15.8071 14.4117 -1.5
      vertex 13.5535 12.3829 -1.5
      vertex 15.4326 14.504 -1.5
    endloop
  endfacet
  facet normal 0 0 -1
    outer loop
      vertex 12.5674 -13.496 -1.5
      vertex 14.5833 -15.2564 -1.5
      vertex 14.4465 -15.6171 -1.5
    endloop
  endfacet
  facet normal 0 0 -1
    outer loop
      vertex 13.4167 12.7436 -1.5
      vertex 15.4326 14.504 -1.5
      vertex 13.5535 12.3829 -1.5
    endloop
  endfacet
  facet normal 0 0 -1
    outer loop
      vertex 12.1929 -13.5883 -1.5
      vertex 14.4465 -15.6171 -1.5
      vertex 14.4 -16 -1.5
    endloop
  endfacet
  facet normal -0 0 -1
    outer loop
      vertex 15.4326 14.504 -1.5
      vertex 13.4167 12.7436 -1.5
      vertex 15.0911 14.6832 -1.5
    endloop
  endfacet
  facet normal 0 0 -1
    outer loop
      vertex 17.5535 -15.6171 -1.5
      vertex 21 -21 -1.5
      vertex 17.6 -16 -1.5
    endloop
  endfacet
  facet normal 0 0 -1
    outer loop
      vertex 21 -21 -1.5
      vertex 17.5535 -16.3829 -1.5
      vertex 17.6 -16 -1.5
    endloop
  endfacet
  facet normal 0 0 -1
    outer loop
      vertex 21 -21 -1.5
      vertex 17.4167 -16.7436 -1.5
      vertex 17.5535 -16.3829 -1.5
    endloop
  endfacet
  facet normal 0 0 -1
    outer loop
      vertex 21 -21 -1.5
      vertex 17.1976 -17.061 -1.5
      vertex 17.4167 -16.7436 -1.5
    endloop
  endfacet
  facet normal 0 0 -1
    outer loop
      vertex 21 -21 -1.5
      vertex 16.9089 -17.3168 -1.5
      vertex 17.1976 -17.061 -1.5
    endloop
  endfacet
  facet normal 0 0 -1
    outer loop
      vertex 21 -21 -1.5
      vertex 16.5674 -17.496 -1.5
      vertex 16.9089 -17.3168 -1.5
    endloop
  endfacet
  facet normal 0 0 -1
    outer loop
      vertex 21 -21 -1.5
      vertex 16.1929 -17.5883 -1.5
      vertex 16.5674 -17.496 -1.5
    endloop
  endfacet
  facet normal 0 0 -1
    outer loop
      vertex 21 -21 -1.5
      vertex 15.8071 -17.5883 -1.5
      vertex 16.1929 -17.5883 -1.5
    endloop
  endfacet
  facet normal 0 0 -1
    outer loop
      vertex 21 -21 -1.5
      vertex 15.4326 -17.496 -1.5
      vertex 15.8071 -17.5883 -1.5
    endloop
  endfacet
  facet normal 0 0 -1
    outer loop
      vertex -15.4326 -17.496 -1.5
      vertex 15.4326 -17.496 -1.5
      vertex 21 -21 -1.5
    endloop
  endfacet
  facet normal 0 0 -1
    outer loop
      vertex 13.1976 13.061 -1.5
      vertex 15.0911 14.6832 -1.5
      vertex 13.4167 12.7436 -1.5
    endloop
  endfacet
  facet normal 0 0 -1
    outer loop
      vertex 11.8071 -13.5883 -1.5
      vertex 14.4 -16 -1.5
      vertex 14.4465 -16.3829 -1.5
    endloop
  endfacet
  facet normal 0 0 -1
    outer loop
      vertex 15.8071 -14.4117 -1.5
      vertex 13.5535 -12.3829 -1.5
      vertex 13.6 -12 -1.5
    endloop
  endfacet
  facet normal 0 0 -1
    outer loop
      vertex 15.4326 -14.504 -1.5
      vertex 13.4167 -12.7436 -1.5
      vertex 13.5535 -12.3829 -1.5
    endloop
  endfacet
  facet normal 0 0 -1
    outer loop
      vertex 15.0911 -14.6832 -1.5
      vertex 13.1976 -13.061 -1.5
      vertex 13.4167 -12.7436 -1.5
    endloop
  endfacet
  facet normal 0 0 -1
    outer loop
      vertex 14.8024 -14.939 -1.5
      vertex 12.9089 -13.3168 -1.5
      vertex 13.1976 -13.061 -1.5
    endloop
  endfacet
  facet normal 0 0 -1
    outer loop
      vertex 11.4326 -13.496 -1.5
      vertex 14.4465 -16.3829 -1.5
      vertex 14.5833 -16.7436 -1.5
    endloop
  endfacet
  facet normal 0 0 -1
    outer loop
      vertex 14.5833 -15.2564 -1.5
      vertex 12.5674 -13.496 -1.5
      vertex 12.9089 -13.3168 -1.5
    endloop
  endfacet
  facet normal 0 0 -1
    outer loop
      vertex 14.4465 -15.6171 -1.5
      vertex 12.1929 -13.5883 -1.5
      vertex 12.5674 -13.496 -1.5
    endloop
  endfacet
  facet normal 0 0 -1
    outer loop
      vertex 3.14498 -12.6138 -1.5
      vertex 14.5833 -16.7436 -1.5
      vertex 14.8024 -17.061 -1.5
    endloop
  endfacet
  facet normal 0 0 -1
    outer loop
      vertex 14.4 -16 -1.5
      vertex 11.8071 -13.5883 -1.5
      vertex 12.1929 -13.5883 -1.5
    endloop
  endfacet
  facet normal 0 0 -1
    outer loop
      vertex 14.4465 -16.3829 -1.5
      vertex 11.4326 -13.496 -1.5
      vertex 11.8071 -13.5883 -1.5
    endloop
  endfacet
  facet normal 0 0 -1
    outer loop
      vertex 14.5833 -16.7436 -1.5
      vertex 11.0911 -13.3168 -1.5
      vertex 11.4326 -13.496 -1.5
    endloop
  endfacet
  facet normal 0 0 -1
    outer loop
      vertex 14.5833 -16.7436 -1.5
      vertex 3.58329 -12.4964 -1.5
      vertex 11.0911 -13.3168 -1.5
    endloop
  endfacet
  facet normal 0 0 -1
    outer loop
      vertex 11.4326 -10.504 -1.5
      vertex 9.95858 -8.35624 -1.5
      vertex 10.2441 -8.0036 -1.5
    endloop
  endfacet
  facet normal 0 0 -1
    outer loop
      vertex 11.4326 -10.504 -1.5
      vertex 9.66088 -8.6987 -1.5
      vertex 9.95858 -8.35624 -1.5
    endloop
  endfacet
  facet normal 0 0 -1
    outer loop
      vertex 7.26951 -10.7775 -1.5
      vertex 10.4 -12 -1.5
      vertex 10.4465 -12.3829 -1.5
    endloop
  endfacet
  facet normal 0 0 -1
    outer loop
      vertex 11.0911 -10.6832 -1.5
      vertex 9.35142 -9.03056 -1.5
      vertex 9.66088 -8.6987 -1.5
    endloop
  endfacet
  facet normal 0 0 -1
    outer loop
      vertex 10.8024 -10.939 -1.5
      vertex 9.03056 -9.35142 -1.5
      vertex 9.35142 -9.03056 -1.5
    endloop
  endfacet
  facet normal 0 0 -1
    outer loop
      vertex 6.5 -11.2583 -1.5
      vertex 10.4465 -12.3829 -1.5
      vertex 10.5833 -12.7436 -1.5
    endloop
  endfacet
  facet normal 0 0 -1
    outer loop
      vertex 10.5833 -11.2564 -1.5
      vertex 8.6987 -9.66088 -1.5
      vertex 9.03056 -9.35142 -1.5
    endloop
  endfacet
  facet normal 0 0 -1
    outer loop
      vertex 10.5833 -11.2564 -1.5
      vertex 8.35624 -9.95858 -1.5
      vertex 8.6987 -9.66088 -1.5
    endloop
  endfacet
  facet normal 0 0 -1
    outer loop
      vertex 5.69882 -11.6843 -1.5
      vertex 10.5833 -12.7436 -1.5
      vertex 10.8024 -13.061 -1.5
    endloop
  endfacet
  facet normal 0 0 -1
    outer loop
      vertex 10.4465 -11.6171 -1.5
      vertex 8.0036 -10.2441 -1.5
      vertex 8.35624 -9.95858 -1.5
    endloop
  endfacet
  facet normal 0 0 -1
    outer loop
      vertex 10.4 -12 -1.5
      vertex 7.64121 -10.5172 -1.5
      vertex 8.0036 -10.2441 -1.5
    endloop
  endfacet
  facet normal 0 -0 -1
    outer loop
      vertex 4.44626 -12.216 -1.5
      vertex 11.0911 -13.3168 -1.5
      vertex 4.01722 -12.3637 -1.5
    endloop
  endfacet
  facet normal 0 0 -1
    outer loop
      vertex 10.4 -12 -1.5
      vertex 7.26951 -10.7775 -1.5
      vertex 7.64121 -10.5172 -1.5
    endloop
  endfacet
  facet normal 0 0 -1
    outer loop
      vertex 1.35887 -12.9288 -1.5
      vertex 14.8024 -17.061 -1.5
      vertex 15.0911 -17.3168 -1.5
    endloop
  endfacet
  facet normal 0 0 -1
    outer loop
      vertex 10.4465 -12.3829 -1.5
      vertex 6.88895 -11.0246 -1.5
      vertex 7.26951 -10.7775 -1.5
    endloop
  endfacet
  facet normal 0 0 -1
    outer loop
      vertex 10.4465 -12.3829 -1.5
      vertex 6.5 -11.2583 -1.5
      vertex 6.88895 -11.0246 -1.5
    endloop
  endfacet
  facet normal 0 0 -1
    outer loop
      vertex 10.5833 -12.7436 -1.5
      vertex 6.10313 -11.4783 -1.5
      vertex 6.5 -11.2583 -1.5
    endloop
  endfacet
  facet normal 0 0 -1
    outer loop
      vertex 10.5833 -12.7436 -1.5
      vertex 5.69882 -11.6843 -1.5
      vertex 6.10313 -11.4783 -1.5
    endloop
  endfacet
  facet normal 0 0 -1
    outer loop
      vertex 15.4326 -17.496 -1.5
      vertex -15.4326 -17.496 -1.5
      vertex 15.0911 -17.3168 -1.5
    endloop
  endfacet
  facet normal 0 0 -1
    outer loop
      vertex 10.8024 -13.061 -1.5
      vertex 5.28758 -11.8761 -1.5
      vertex 5.69882 -11.6843 -1.5
    endloop
  endfacet
  facet normal 0 0 -1
    outer loop
      vertex 10.8024 -13.061 -1.5
      vertex 4.86989 -12.0534 -1.5
      vertex 5.28758 -11.8761 -1.5
    endloop
  endfacet
  facet normal 0 0 -1
    outer loop
      vertex 11.0911 -13.3168 -1.5
      vertex 4.86989 -12.0534 -1.5
      vertex 10.8024 -13.061 -1.5
    endloop
  endfacet
  facet normal 0 -0 -1
    outer loop
      vertex 4.86989 -12.0534 -1.5
      vertex 11.0911 -13.3168 -1.5
      vertex 4.44626 -12.216 -1.5
    endloop
  endfacet
  facet normal 0 0 -1
    outer loop
      vertex 11.0911 -13.3168 -1.5
      vertex 3.58329 -12.4964 -1.5
      vertex 4.01722 -12.3637 -1.5
    endloop
  endfacet
  facet normal 0 0 -1
    outer loop
      vertex 14.5833 -16.7436 -1.5
      vertex 3.14498 -12.6138 -1.5
      vertex 3.58329 -12.4964 -1.5
    endloop
  endfacet
  facet normal 0 0 -1
    outer loop
      vertex 14.8024 -17.061 -1.5
      vertex 2.70285 -12.7159 -1.5
      vertex 3.14498 -12.6138 -1.5
    endloop
  endfacet
  facet normal 0 0 -1
    outer loop
      vertex 14.8024 -17.061 -1.5
      vertex 2.25743 -12.8025 -1.5
      vertex 2.70285 -12.7159 -1.5
    endloop
  endfacet
  facet normal 0 0 -1
    outer loop
      vertex 14.8024 -17.061 -1.5
      vertex 1.80925 -12.8735 -1.5
      vertex 2.25743 -12.8025 -1.5
    endloop
  endfacet
  facet normal 0 0 -1
    outer loop
      vertex 14.8024 -17.061 -1.5
      vertex 1.35887 -12.9288 -1.5
      vertex 1.80925 -12.8735 -1.5
    endloop
  endfacet
  facet normal 0 0 -1
    outer loop
      vertex 15.0911 -17.3168 -1.5
      vertex 0.906834 -12.9683 -1.5
      vertex 1.35887 -12.9288 -1.5
    endloop
  endfacet
  facet normal 0 0 -1
    outer loop
      vertex 15.0911 -17.3168 -1.5
      vertex 0.453693 -12.9921 -1.5
      vertex 0.906834 -12.9683 -1.5
    endloop
  endfacet
  facet normal 0 0 -1
    outer loop
      vertex 15.0911 -17.3168 -1.5
      vertex 0 -13 -1.5
      vertex 0.453693 -12.9921 -1.5
    endloop
  endfacet
  facet normal 0 0 -1
    outer loop
      vertex 15.0911 -17.3168 -1.5
      vertex -15.0911 -17.3168 -1.5
      vertex 0 -13 -1.5
    endloop
  endfacet
  facet normal -0 0 -1
    outer loop
      vertex 0 -13 -1.5
      vertex -15.0911 -17.3168 -1.5
      vertex -0.453693 -12.9921 -1.5
    endloop
  endfacet
  facet normal -0 0 -1
    outer loop
      vertex -0.453693 -12.9921 -1.5
      vertex -15.0911 -17.3168 -1.5
      vertex -0.906834 -12.9683 -1.5
    endloop
  endfacet
  facet normal -0 0 -1
    outer loop
      vertex -0.906834 -12.9683 -1.5
      vertex -15.0911 -17.3168 -1.5
      vertex -1.35887 -12.9288 -1.5
    endloop
  endfacet
  facet normal 0 -0 -1
    outer loop
      vertex -14.8024 -17.061 -1.5
      vertex -1.35887 -12.9288 -1.5
      vertex -15.0911 -17.3168 -1.5
    endloop
  endfacet
  facet normal -0 0 -1
    outer loop
      vertex -1.35887 -12.9288 -1.5
      vertex -14.8024 -17.061 -1.5
      vertex -1.80925 -12.8735 -1.5
    endloop
  endfacet
  facet normal -0 0 -1
    outer loop
      vertex -1.80925 -12.8735 -1.5
      vertex -14.8024 -17.061 -1.5
      vertex -2.25743 -12.8025 -1.5
    endloop
  endfacet
  facet normal -0 0 -1
    outer loop
      vertex -2.25743 -12.8025 -1.5
      vertex -14.8024 -17.061 -1.5
      vertex -2.70285 -12.7159 -1.5
    endloop
  endfacet
  facet normal -0 0 -1
    outer loop
      vertex -2.70285 -12.7159 -1.5
      vertex -14.8024 -17.061 -1.5
      vertex -3.14498 -12.6138 -1.5
    endloop
  endfacet
  facet normal 0 -0 -1
    outer loop
      vertex -14.5833 -16.7436 -1.5
      vertex -3.14498 -12.6138 -1.5
      vertex -14.8024 -17.061 -1.5
    endloop
  endfacet
  facet normal -0 0 -1
    outer loop
      vertex -9.03056 -9.35142 -1.5
      vertex -10.8024 -10.939 -1.5
      vertex -9.35142 -9.03056 -1.5
    endloop
  endfacet
  facet normal 0 0 -1
    outer loop
      vertex -10.8024 -10.939 -1.5
      vertex -9.03056 -9.35142 -1.5
      vertex -10.5833 -11.2564 -1.5
    endloop
  endfacet
  facet normal -0 0 -1
    outer loop
      vertex -8.6987 -9.66088 -1.5
      vertex -10.5833 -11.2564 -1.5
      vertex -9.03056 -9.35142 -1.5
    endloop
  endfacet
  facet normal -0 0 -1
    outer loop
      vertex -8.35624 -9.95858 -1.5
      vertex -10.5833 -11.2564 -1.5
      vertex -8.6987 -9.66088 -1.5
    endloop
  endfacet
  facet normal 0 0 -1
    outer loop
      vertex -10.5833 -11.2564 -1.5
      vertex -8.35624 -9.95858 -1.5
      vertex -10.4465 -11.6171 -1.5
    endloop
  endfacet
  facet normal -0 0 -1
    outer loop
      vertex -8.0036 -10.2441 -1.5
      vertex -10.4465 -11.6171 -1.5
      vertex -8.35624 -9.95858 -1.5
    endloop
  endfacet
  facet normal 0 0 -1
    outer loop
      vertex -10.4465 -11.6171 -1.5
      vertex -8.0036 -10.2441 -1.5
      vertex -10.4 -12 -1.5
    endloop
  endfacet
  facet normal -0 0 -1
    outer loop
      vertex -7.64121 -10.5172 -1.5
      vertex -10.4 -12 -1.5
      vertex -8.0036 -10.2441 -1.5
    endloop
  endfacet
  facet normal -0 0 -1
    outer loop
      vertex -7.26951 -10.7775 -1.5
      vertex -10.4 -12 -1.5
      vertex -7.64121 -10.5172 -1.5
    endloop
  endfacet
  facet normal 0 0 -1
    outer loop
      vertex -10.4465 -12.3829 -1.5
      vertex -7.26951 -10.7775 -1.5
      vertex -6.88895 -11.0246 -1.5
    endloop
  endfacet
  facet normal 0 0 -1
    outer loop
      vertex -10.4465 -12.3829 -1.5
      vertex -6.88895 -11.0246 -1.5
      vertex -6.5 -11.2583 -1.5
    endloop
  endfacet
  facet normal 0 0 -1
    outer loop
      vertex -10.5833 -12.7436 -1.5
      vertex -6.5 -11.2583 -1.5
      vertex -6.10313 -11.4783 -1.5
    endloop
  endfacet
  facet normal 0 0 -1
    outer loop
      vertex -10.5833 -12.7436 -1.5
      vertex -6.10313 -11.4783 -1.5
      vertex -5.69882 -11.6843 -1.5
    endloop
  endfacet
  facet normal 0 0 -1
    outer loop
      vertex -10.8024 -13.061 -1.5
      vertex -5.69882 -11.6843 -1.5
      vertex -5.28758 -11.8761 -1.5
    endloop
  endfacet
  facet normal 0 0 -1
    outer loop
      vertex -10.8024 -13.061 -1.5
      vertex -5.28758 -11.8761 -1.5
      vertex -4.86989 -12.0534 -1.5
    endloop
  endfacet
  facet normal 0 0 -1
    outer loop
      vertex -11.0911 -13.3168 -1.5
      vertex -4.86989 -12.0534 -1.5
      vertex -4.44626 -12.216 -1.5
    endloop
  endfacet
  facet normal -0 0 -1
    outer loop
      vertex -3.14498 -12.6138 -1.5
      vertex -14.5833 -16.7436 -1.5
      vertex -3.58329 -12.4964 -1.5
    endloop
  endfacet
  facet normal 0 0 -1
    outer loop
      vertex -7.26951 -10.7775 -1.5
      vertex -10.4465 -12.3829 -1.5
      vertex -10.4 -12 -1.5
    endloop
  endfacet
  facet normal 0 0 -1
    outer loop
      vertex -6.5 -11.2583 -1.5
      vertex -10.5833 -12.7436 -1.5
      vertex -10.4465 -12.3829 -1.5
    endloop
  endfacet
  facet normal 0 0 -1
    outer loop
      vertex -5.69882 -11.6843 -1.5
      vertex -10.8024 -13.061 -1.5
      vertex -10.5833 -12.7436 -1.5
    endloop
  endfacet
  facet normal 0 0 -1
    outer loop
      vertex -4.86989 -12.0534 -1.5
      vertex -11.0911 -13.3168 -1.5
      vertex -10.8024 -13.061 -1.5
    endloop
  endfacet
  facet normal -0 0 -1
    outer loop
      vertex -3.58329 -12.4964 -1.5
      vertex -11.0911 -13.3168 -1.5
      vertex -4.01722 -12.3637 -1.5
    endloop
  endfacet
  facet normal -0 0 -1
    outer loop
      vertex -4.01722 -12.3637 -1.5
      vertex -11.0911 -13.3168 -1.5
      vertex -4.44626 -12.216 -1.5
    endloop
  endfacet
  facet normal 0 -0 -1
    outer loop
      vertex -14.4465 -16.3829 -1.5
      vertex -11.4326 -13.496 -1.5
      vertex -14.5833 -16.7436 -1.5
    endloop
  endfacet
  facet normal 0 0 -1
    outer loop
      vertex -12.9921 0.453693 -1.5
      vertex -14.4 16 -1.5
      vertex -13.5535 11.6171 -1.5
    endloop
  endfacet
  facet normal -0 0 -1
    outer loop
      vertex -12.9089 -13.3168 -1.5
      vertex -14.8024 -14.939 -1.5
      vertex -13.1976 -13.061 -1.5
    endloop
  endfacet
  facet normal 0 0 -1
    outer loop
      vertex -14.8024 -14.939 -1.5
      vertex -12.9089 -13.3168 -1.5
      vertex -14.5833 -15.2564 -1.5
    endloop
  endfacet
  facet normal -0 0 -1
    outer loop
      vertex -12.5674 -13.496 -1.5
      vertex -14.5833 -15.2564 -1.5
      vertex -12.9089 -13.3168 -1.5
    endloop
  endfacet
  facet normal 0 0 -1
    outer loop
      vertex -14.5833 -15.2564 -1.5
      vertex -12.5674 -13.496 -1.5
      vertex -14.4465 -15.6171 -1.5
    endloop
  endfacet
  facet normal -0 0 -1
    outer loop
      vertex -12.1929 -13.5883 -1.5
      vertex -14.4465 -15.6171 -1.5
      vertex -12.5674 -13.496 -1.5
    endloop
  endfacet
  facet normal 0 0 -1
    outer loop
      vertex -14.4465 -15.6171 -1.5
      vertex -12.1929 -13.5883 -1.5
      vertex -14.4 -16 -1.5
    endloop
  endfacet
  facet normal 0 0 -1
    outer loop
      vertex -11.4326 -13.496 -1.5
      vertex -14.4465 -16.3829 -1.5
      vertex -11.8071 -13.5883 -1.5
    endloop
  endfacet
  facet normal -0 0 -1
    outer loop
      vertex -11.8071 -13.5883 -1.5
      vertex -14.4 -16 -1.5
      vertex -12.1929 -13.5883 -1.5
    endloop
  endfacet
  facet normal 0 -0 -1
    outer loop
      vertex -14.4 -16 -1.5
      vertex -11.8071 -13.5883 -1.5
      vertex -14.4465 -16.3829 -1.5
    endloop
  endfacet
  facet normal 0 0 -1
    outer loop
      vertex -11.0911 -13.3168 -1.5
      vertex -14.5833 -16.7436 -1.5
      vertex -11.4326 -13.496 -1.5
    endloop
  endfacet
  facet normal 0 -0 -1
    outer loop
      vertex -11.0911 -13.3168 -1.5
      vertex -3.58329 -12.4964 -1.5
      vertex -14.5833 -16.7436 -1.5
    endloop
  endfacet
  facet normal -0 0 -1
    outer loop
      vertex 15.0911 -17.3168 -1.5
      vertex -15.4326 -17.496 -1.5
      vertex -15.0911 -17.3168 -1.5
    endloop
  endfacet
  facet normal 0 0 -1
    outer loop
      vertex -21 -21 -1.5
      vertex -15.4326 -17.496 -1.5
      vertex 21 -21 -1.5
    endloop
  endfacet
  facet normal 0 0 -1
    outer loop
      vertex -15.4326 -17.496 -1.5
      vertex -21 -21 -1.5
      vertex -15.8071 -17.5883 -1.5
    endloop
  endfacet
  facet normal 0 0 -1
    outer loop
      vertex -17.4167 15.2564 -1.5
      vertex -21 21 -1.5
      vertex -17.5535 15.6171 -1.5
    endloop
  endfacet
  facet normal -0 0 -1
    outer loop
      vertex -17.5535 -16.3829 -1.5
      vertex -21 -21 -1.5
      vertex -17.6 -16 -1.5
    endloop
  endfacet
  facet normal -0 0 -1
    outer loop
      vertex -17.4167 -16.7436 -1.5
      vertex -21 -21 -1.5
      vertex -17.5535 -16.3829 -1.5
    endloop
  endfacet
  facet normal -0 0 -1
    outer loop
      vertex -17.1976 -17.061 -1.5
      vertex -21 -21 -1.5
      vertex -17.4167 -16.7436 -1.5
    endloop
  endfacet
  facet normal -0 0 -1
    outer loop
      vertex -16.9089 -17.3168 -1.5
      vertex -21 -21 -1.5
      vertex -17.1976 -17.061 -1.5
    endloop
  endfacet
  facet normal -0 0 -1
    outer loop
      vertex -16.5674 -17.496 -1.5
      vertex -21 -21 -1.5
      vertex -16.9089 -17.3168 -1.5
    endloop
  endfacet
  facet normal -0 0 -1
    outer loop
      vertex -16.1929 -17.5883 -1.5
      vertex -21 -21 -1.5
      vertex -16.5674 -17.496 -1.5
    endloop
  endfacet
  facet normal -0 0 -1
    outer loop
      vertex -15.8071 -17.5883 -1.5
      vertex -21 -21 -1.5
      vertex -16.1929 -17.5883 -1.5
    endloop
  endfacet
  facet normal 0 0 -1
    outer loop
      vertex 17.4167 -15.2564 -1.5
      vertex 21 -21 -1.5
      vertex 17.5535 -15.6171 -1.5
    endloop
  endfacet
  facet normal 0 0 -1
    outer loop
      vertex 17.5535 16.3829 -1.5
      vertex 21 21 -1.5
      vertex 17.6 16 -1.5
    endloop
  endfacet
  facet normal 0 0 -1
    outer loop
      vertex 17.4167 16.7436 -1.5
      vertex 21 21 -1.5
      vertex 17.5535 16.3829 -1.5
    endloop
  endfacet
  facet normal 0 0 -1
    outer loop
      vertex 17.1976 17.061 -1.5
      vertex 21 21 -1.5
      vertex 17.4167 16.7436 -1.5
    endloop
  endfacet
  facet normal 0 0 -1
    outer loop
      vertex 16.9089 17.3168 -1.5
      vertex 21 21 -1.5
      vertex 17.1976 17.061 -1.5
    endloop
  endfacet
  facet normal 0 0 -1
    outer loop
      vertex 16.5674 17.496 -1.5
      vertex 21 21 -1.5
      vertex 16.9089 17.3168 -1.5
    endloop
  endfacet
  facet normal 0 0 -1
    outer loop
      vertex 16.1929 17.5883 -1.5
      vertex 21 21 -1.5
      vertex 16.5674 17.496 -1.5
    endloop
  endfacet
  facet normal 0 0 -1
    outer loop
      vertex 15.8071 17.5883 -1.5
      vertex 21 21 -1.5
      vertex 16.1929 17.5883 -1.5
    endloop
  endfacet
  facet normal 0 0 -1
    outer loop
      vertex 15.4326 17.496 -1.5
      vertex 21 21 -1.5
      vertex 15.8071 17.5883 -1.5
    endloop
  endfacet
  facet normal 0 0 -1
    outer loop
      vertex -15.4326 17.496 -1.5
      vertex 15.4326 17.496 -1.5
      vertex 15.0911 17.3168 -1.5
    endloop
  endfacet
  facet normal -0 0 -1
    outer loop
      vertex 15.0911 14.6832 -1.5
      vertex 13.1976 13.061 -1.5
      vertex 14.8024 14.939 -1.5
    endloop
  endfacet
  facet normal 0 0 -1
    outer loop
      vertex 12.9089 13.3168 -1.5
      vertex 14.8024 14.939 -1.5
      vertex 13.1976 13.061 -1.5
    endloop
  endfacet
  facet normal -0 0 -1
    outer loop
      vertex 14.8024 14.939 -1.5
      vertex 12.9089 13.3168 -1.5
      vertex 14.5833 15.2564 -1.5
    endloop
  endfacet
  facet normal 0 0 -1
    outer loop
      vertex 12.5674 13.496 -1.5
      vertex 14.5833 15.2564 -1.5
      vertex 12.9089 13.3168 -1.5
    endloop
  endfacet
  facet normal -0 0 -1
    outer loop
      vertex 14.5833 15.2564 -1.5
      vertex 12.5674 13.496 -1.5
      vertex 14.4465 15.6171 -1.5
    endloop
  endfacet
  facet normal 0 0 -1
    outer loop
      vertex 12.1929 13.5883 -1.5
      vertex 14.4465 15.6171 -1.5
      vertex 12.5674 13.496 -1.5
    endloop
  endfacet
  facet normal -0 0 -1
    outer loop
      vertex 14.4465 15.6171 -1.5
      vertex 12.1929 13.5883 -1.5
      vertex 14.4 16 -1.5
    endloop
  endfacet
  facet normal 0 0 -1
    outer loop
      vertex 11.8071 13.5883 -1.5
      vertex 14.4 16 -1.5
      vertex 12.1929 13.5883 -1.5
    endloop
  endfacet
  facet normal -0 0 -1
    outer loop
      vertex 14.4 16 -1.5
      vertex 11.8071 13.5883 -1.5
      vertex 14.4465 16.3829 -1.5
    endloop
  endfacet
  facet normal 0 0 -1
    outer loop
      vertex 11.4326 13.496 -1.5
      vertex 14.4465 16.3829 -1.5
      vertex 11.8071 13.5883 -1.5
    endloop
  endfacet
  facet normal -0 0 -1
    outer loop
      vertex 14.4465 16.3829 -1.5
      vertex 11.4326 13.496 -1.5
      vertex 14.5833 16.7436 -1.5
    endloop
  endfacet
  facet normal 0 0 -1
    outer loop
      vertex 11.0911 13.3168 -1.5
      vertex 14.5833 16.7436 -1.5
      vertex 11.4326 13.496 -1.5
    endloop
  endfacet
  facet normal 0 0 -1
    outer loop
      vertex 3.58329 12.4964 -1.5
      vertex 14.5833 16.7436 -1.5
      vertex 11.0911 13.3168 -1.5
    endloop
  endfacet
  facet normal 0 0 -1
    outer loop
      vertex 4.86989 12.0534 -1.5
      vertex 11.0911 13.3168 -1.5
      vertex 10.8024 13.061 -1.5
    endloop
  endfacet
  facet normal 0 0 -1
    outer loop
      vertex 9.03056 9.35142 -1.5
      vertex 10.8024 10.939 -1.5
      vertex 9.35142 9.03056 -1.5
    endloop
  endfacet
  facet normal -0 0 -1
    outer loop
      vertex 10.8024 10.939 -1.5
      vertex 9.03056 9.35142 -1.5
      vertex 10.5833 11.2564 -1.5
    endloop
  endfacet
  facet normal 0 0 -1
    outer loop
      vertex 8.6987 9.66088 -1.5
      vertex 10.5833 11.2564 -1.5
      vertex 9.03056 9.35142 -1.5
    endloop
  endfacet
  facet normal 0 0 -1
    outer loop
      vertex 8.35624 9.95858 -1.5
      vertex 10.5833 11.2564 -1.5
      vertex 8.6987 9.66088 -1.5
    endloop
  endfacet
  facet normal -0 0 -1
    outer loop
      vertex 10.5833 11.2564 -1.5
      vertex 8.35624 9.95858 -1.5
      vertex 10.4465 11.6171 -1.5
    endloop
  endfacet
  facet normal 0 0 -1
    outer loop
      vertex 8.0036 10.2441 -1.5
      vertex 10.4465 11.6171 -1.5
      vertex 8.35624 9.95858 -1.5
    endloop
  endfacet
  facet normal -0 0 -1
    outer loop
      vertex 10.4465 11.6171 -1.5
      vertex 8.0036 10.2441 -1.5
      vertex 10.4 12 -1.5
    endloop
  endfacet
  facet normal 0 0 -1
    outer loop
      vertex 7.64121 10.5172 -1.5
      vertex 10.4 12 -1.5
      vertex 8.0036 10.2441 -1.5
    endloop
  endfacet
  facet normal 0 0 -1
    outer loop
      vertex 7.26951 10.7775 -1.5
      vertex 10.4 12 -1.5
      vertex 7.64121 10.5172 -1.5
    endloop
  endfacet
  facet normal -0 0 -1
    outer loop
      vertex 10.4 12 -1.5
      vertex 7.26951 10.7775 -1.5
      vertex 10.4465 12.3829 -1.5
    endloop
  endfacet
  facet normal 0 0 -1
    outer loop
      vertex 6.88895 11.0246 -1.5
      vertex 10.4465 12.3829 -1.5
      vertex 7.26951 10.7775 -1.5
    endloop
  endfacet
  facet normal 0 0 -1
    outer loop
      vertex 6.5 11.2583 -1.5
      vertex 10.4465 12.3829 -1.5
      vertex 6.88895 11.0246 -1.5
    endloop
  endfacet
  facet normal -0 0 -1
    outer loop
      vertex 10.4465 12.3829 -1.5
      vertex 6.5 11.2583 -1.5
      vertex 10.5833 12.7436 -1.5
    endloop
  endfacet
  facet normal 0 0 -1
    outer loop
      vertex 6.10313 11.4783 -1.5
      vertex 10.5833 12.7436 -1.5
      vertex 6.5 11.2583 -1.5
    endloop
  endfacet
  facet normal 0 0 -1
    outer loop
      vertex 5.69882 11.6843 -1.5
      vertex 10.5833 12.7436 -1.5
      vertex 6.10313 11.4783 -1.5
    endloop
  endfacet
  facet normal -0 0 -1
    outer loop
      vertex 10.5833 12.7436 -1.5
      vertex 5.69882 11.6843 -1.5
      vertex 10.8024 13.061 -1.5
    endloop
  endfacet
  facet normal 0 0 -1
    outer loop
      vertex 5.28758 11.8761 -1.5
      vertex 10.8024 13.061 -1.5
      vertex 5.69882 11.6843 -1.5
    endloop
  endfacet
  facet normal 0 0 -1
    outer loop
      vertex 4.86989 12.0534 -1.5
      vertex 10.8024 13.061 -1.5
      vertex 5.28758 11.8761 -1.5
    endloop
  endfacet
  facet normal 0 0 -1
    outer loop
      vertex 11.0911 13.3168 -1.5
      vertex 4.86989 12.0534 -1.5
      vertex 4.44626 12.216 -1.5
    endloop
  endfacet
  facet normal 0 0 -1
    outer loop
      vertex 11.0911 13.3168 -1.5
      vertex 4.44626 12.216 -1.5
      vertex 4.01722 12.3637 -1.5
    endloop
  endfacet
  facet normal 0 0 -1
    outer loop
      vertex 3.58329 12.4964 -1.5
      vertex 11.0911 13.3168 -1.5
      vertex 4.01722 12.3637 -1.5
    endloop
  endfacet
  facet normal 0 0 -1
    outer loop
      vertex 3.14498 12.6138 -1.5
      vertex 14.5833 16.7436 -1.5
      vertex 3.58329 12.4964 -1.5
    endloop
  endfacet
  facet normal -0 0 -1
    outer loop
      vertex 14.5833 16.7436 -1.5
      vertex 3.14498 12.6138 -1.5
      vertex 14.8024 17.061 -1.5
    endloop
  endfacet
  facet normal 0 0 -1
    outer loop
      vertex 2.70285 12.7159 -1.5
      vertex 14.8024 17.061 -1.5
      vertex 3.14498 12.6138 -1.5
    endloop
  endfacet
  facet normal 0 0 -1
    outer loop
      vertex 2.25743 12.8025 -1.5
      vertex 14.8024 17.061 -1.5
      vertex 2.70285 12.7159 -1.5
    endloop
  endfacet
  facet normal 0 0 -1
    outer loop
      vertex 1.80925 12.8735 -1.5
      vertex 14.8024 17.061 -1.5
      vertex 2.25743 12.8025 -1.5
    endloop
  endfacet
  facet normal 0 0 -1
    outer loop
      vertex 1.35887 12.9288 -1.5
      vertex 14.8024 17.061 -1.5
      vertex 1.80925 12.8735 -1.5
    endloop
  endfacet
  facet normal -0 0 -1
    outer loop
      vertex 14.8024 17.061 -1.5
      vertex 1.35887 12.9288 -1.5
      vertex 15.0911 17.3168 -1.5
    endloop
  endfacet
  facet normal 0 0 -1
    outer loop
      vertex 0.906834 12.9683 -1.5
      vertex 15.0911 17.3168 -1.5
      vertex 1.35887 12.9288 -1.5
    endloop
  endfacet
  facet normal 0 0 -1
    outer loop
      vertex 0.453693 12.9921 -1.5
      vertex 15.0911 17.3168 -1.5
      vertex 0.906834 12.9683 -1.5
    endloop
  endfacet
  facet normal 0 0 -1
    outer loop
      vertex 0 13 -1.5
      vertex 15.0911 17.3168 -1.5
      vertex 0.453693 12.9921 -1.5
    endloop
  endfacet
  facet normal 0 0 -1
    outer loop
      vertex -15.0911 17.3168 -1.5
      vertex 15.0911 17.3168 -1.5
      vertex 0 13 -1.5
    endloop
  endfacet
  facet normal 0 0 -1
    outer loop
      vertex -15.0911 17.3168 -1.5
      vertex 0 13 -1.5
      vertex -0.453693 12.9921 -1.5
    endloop
  endfacet
  facet normal 0 0 -1
    outer loop
      vertex -15.0911 17.3168 -1.5
      vertex -0.453693 12.9921 -1.5
      vertex -0.906834 12.9683 -1.5
    endloop
  endfacet
  facet normal 0 0 -1
    outer loop
      vertex -15.0911 17.3168 -1.5
      vertex -0.906834 12.9683 -1.5
      vertex -1.35887 12.9288 -1.5
    endloop
  endfacet
  facet normal 0 0 -1
    outer loop
      vertex -14.8024 17.061 -1.5
      vertex -1.35887 12.9288 -1.5
      vertex -1.80925 12.8735 -1.5
    endloop
  endfacet
  facet normal 0 0 -1
    outer loop
      vertex -14.8024 17.061 -1.5
      vertex -1.80925 12.8735 -1.5
      vertex -2.25743 12.8025 -1.5
    endloop
  endfacet
  facet normal 0 0 -1
    outer loop
      vertex -14.8024 17.061 -1.5
      vertex -2.25743 12.8025 -1.5
      vertex -2.70285 12.7159 -1.5
    endloop
  endfacet
  facet normal 0 0 -1
    outer loop
      vertex -14.8024 17.061 -1.5
      vertex -2.70285 12.7159 -1.5
      vertex -3.14498 12.6138 -1.5
    endloop
  endfacet
  facet normal 0 0 -1
    outer loop
      vertex -14.5833 16.7436 -1.5
      vertex -3.14498 12.6138 -1.5
      vertex -3.58329 12.4964 -1.5
    endloop
  endfacet
  facet normal 0 0 -1
    outer loop
      vertex -11.0911 13.3168 -1.5
      vertex -3.58329 12.4964 -1.5
      vertex -4.01722 12.3637 -1.5
    endloop
  endfacet
  facet normal 0 0 -1
    outer loop
      vertex -11.0911 13.3168 -1.5
      vertex -4.01722 12.3637 -1.5
      vertex -4.44626 12.216 -1.5
    endloop
  endfacet
  facet normal 0 0 -1
    outer loop
      vertex -11.4326 10.504 -1.5
      vertex -9.95858 8.35624 -1.5
      vertex -10.2441 8.0036 -1.5
    endloop
  endfacet
  facet normal 0 0 -1
    outer loop
      vertex -10.4465 11.6171 -1.5
      vertex -9.66088 8.6987 -1.5
      vertex -9.95858 8.35624 -1.5
    endloop
  endfacet
  facet normal 0 0 -1
    outer loop
      vertex -10.4465 11.6171 -1.5
      vertex -9.35142 9.03056 -1.5
      vertex -9.66088 8.6987 -1.5
    endloop
  endfacet
  facet normal 0 0 -1
    outer loop
      vertex -10.4465 11.6171 -1.5
      vertex -9.03056 9.35142 -1.5
      vertex -9.35142 9.03056 -1.5
    endloop
  endfacet
  facet normal 0 0 -1
    outer loop
      vertex -10.4465 11.6171 -1.5
      vertex -8.6987 9.66088 -1.5
      vertex -9.03056 9.35142 -1.5
    endloop
  endfacet
  facet normal 0 0 -1
    outer loop
      vertex -10.4465 11.6171 -1.5
      vertex -8.35624 9.95858 -1.5
      vertex -8.6987 9.66088 -1.5
    endloop
  endfacet
  facet normal 0 0 -1
    outer loop
      vertex -10.4465 11.6171 -1.5
      vertex -8.0036 10.2441 -1.5
      vertex -8.35624 9.95858 -1.5
    endloop
  endfacet
  facet normal 0 0 -1
    outer loop
      vertex -10.4 12 -1.5
      vertex -7.64121 10.5172 -1.5
      vertex -8.0036 10.2441 -1.5
    endloop
  endfacet
  facet normal 0 0 -1
    outer loop
      vertex -10.4 12 -1.5
      vertex -7.26951 10.7775 -1.5
      vertex -7.64121 10.5172 -1.5
    endloop
  endfacet
  facet normal 0 0 -1
    outer loop
      vertex -10.4465 12.3829 -1.5
      vertex -7.26951 10.7775 -1.5
      vertex -10.4 12 -1.5
    endloop
  endfacet
  facet normal 0 0 -1
    outer loop
      vertex -7.26951 10.7775 -1.5
      vertex -10.4465 12.3829 -1.5
      vertex -6.88895 11.0246 -1.5
    endloop
  endfacet
  facet normal 0 0 -1
    outer loop
      vertex -6.88895 11.0246 -1.5
      vertex -10.4465 12.3829 -1.5
      vertex -6.5 11.2583 -1.5
    endloop
  endfacet
  facet normal 0 0 -1
    outer loop
      vertex -10.5833 12.7436 -1.5
      vertex -6.5 11.2583 -1.5
      vertex -10.4465 12.3829 -1.5
    endloop
  endfacet
  facet normal 0 0 -1
    outer loop
      vertex -6.5 11.2583 -1.5
      vertex -10.5833 12.7436 -1.5
      vertex -6.10313 11.4783 -1.5
    endloop
  endfacet
  facet normal 0 0 -1
    outer loop
      vertex -6.10313 11.4783 -1.5
      vertex -10.5833 12.7436 -1.5
      vertex -5.69882 11.6843 -1.5
    endloop
  endfacet
  facet normal 0 0 -1
    outer loop
      vertex -10.8024 13.061 -1.5
      vertex -5.69882 11.6843 -1.5
      vertex -10.5833 12.7436 -1.5
    endloop
  endfacet
  facet normal 0 0 -1
    outer loop
      vertex -5.69882 11.6843 -1.5
      vertex -10.8024 13.061 -1.5
      vertex -5.28758 11.8761 -1.5
    endloop
  endfacet
  facet normal 0 0 -1
    outer loop
      vertex -5.28758 11.8761 -1.5
      vertex -10.8024 13.061 -1.5
      vertex -4.86989 12.0534 -1.5
    endloop
  endfacet
  facet normal 0 0 -1
    outer loop
      vertex -11.0911 13.3168 -1.5
      vertex -4.86989 12.0534 -1.5
      vertex -10.8024 13.061 -1.5
    endloop
  endfacet
  facet normal 0 0 -1
    outer loop
      vertex -4.86989 12.0534 -1.5
      vertex -11.0911 13.3168 -1.5
      vertex -4.44626 12.216 -1.5
    endloop
  endfacet
  facet normal 0 0 -1
    outer loop
      vertex -3.58329 12.4964 -1.5
      vertex -11.0911 13.3168 -1.5
      vertex -14.5833 16.7436 -1.5
    endloop
  endfacet
  facet normal 0 0 -1
    outer loop
      vertex -14.5833 16.7436 -1.5
      vertex -11.0911 13.3168 -1.5
      vertex -11.4326 13.496 -1.5
    endloop
  endfacet
  facet normal 0 0 -1
    outer loop
      vertex -14.4465 16.3829 -1.5
      vertex -11.4326 13.496 -1.5
      vertex -11.8071 13.5883 -1.5
    endloop
  endfacet
  facet normal 0 0 -1
    outer loop
      vertex -14.4 16 -1.5
      vertex -11.8071 13.5883 -1.5
      vertex -12.1929 13.5883 -1.5
    endloop
  endfacet
  facet normal 0 0 -1
    outer loop
      vertex -13.5535 11.6171 -1.5
      vertex -14.4 16 -1.5
      vertex -13.6 12 -1.5
    endloop
  endfacet
  facet normal 0 0 -1
    outer loop
      vertex -14.4 16 -1.5
      vertex -13.5535 12.3829 -1.5
      vertex -13.6 12 -1.5
    endloop
  endfacet
  facet normal 0 0 -1
    outer loop
      vertex -14.4 16 -1.5
      vertex -13.4167 12.7436 -1.5
      vertex -13.5535 12.3829 -1.5
    endloop
  endfacet
  facet normal 0 0 -1
    outer loop
      vertex -14.4 16 -1.5
      vertex -13.1976 13.061 -1.5
      vertex -13.4167 12.7436 -1.5
    endloop
  endfacet
  facet normal 0 0 -1
    outer loop
      vertex -14.4 16 -1.5
      vertex -12.9089 13.3168 -1.5
      vertex -13.1976 13.061 -1.5
    endloop
  endfacet
  facet normal 0 0 -1
    outer loop
      vertex -14.4 16 -1.5
      vertex -12.5674 13.496 -1.5
      vertex -12.9089 13.3168 -1.5
    endloop
  endfacet
  facet normal 0 0 -1
    outer loop
      vertex -14.4 16 -1.5
      vertex -12.1929 13.5883 -1.5
      vertex -12.5674 13.496 -1.5
    endloop
  endfacet
  facet normal 0 0 -1
    outer loop
      vertex -11.8071 13.5883 -1.5
      vertex -14.4 16 -1.5
      vertex -14.4465 16.3829 -1.5
    endloop
  endfacet
  facet normal 0 0 -1
    outer loop
      vertex -11.4326 13.496 -1.5
      vertex -14.4465 16.3829 -1.5
      vertex -14.5833 16.7436 -1.5
    endloop
  endfacet
  facet normal 0 0 -1
    outer loop
      vertex -3.14498 12.6138 -1.5
      vertex -14.5833 16.7436 -1.5
      vertex -14.8024 17.061 -1.5
    endloop
  endfacet
  facet normal 0 0 -1
    outer loop
      vertex -1.35887 12.9288 -1.5
      vertex -14.8024 17.061 -1.5
      vertex -15.0911 17.3168 -1.5
    endloop
  endfacet
  facet normal 0 0 -1
    outer loop
      vertex -15.4326 17.496 -1.5
      vertex 15.0911 17.3168 -1.5
      vertex -15.0911 17.3168 -1.5
    endloop
  endfacet
  facet normal 0 0 -1
    outer loop
      vertex 15.4326 17.496 -1.5
      vertex -15.4326 17.496 -1.5
      vertex 21 21 -1.5
    endloop
  endfacet
  facet normal 0 0 -1
    outer loop
      vertex -21 21 -1.5
      vertex -15.4326 17.496 -1.5
      vertex -15.8071 17.5883 -1.5
    endloop
  endfacet
  facet normal 0 0 -1
    outer loop
      vertex -21 21 -1.5
      vertex -15.8071 17.5883 -1.5
      vertex -16.1929 17.5883 -1.5
    endloop
  endfacet
  facet normal 0 0 -1
    outer loop
      vertex -15.4326 17.496 -1.5
      vertex -21 21 -1.5
      vertex 21 21 -1.5
    endloop
  endfacet
  facet normal 0 0 -1
    outer loop
      vertex -16.5674 17.496 -1.5
      vertex -21 21 -1.5
      vertex -16.1929 17.5883 -1.5
    endloop
  endfacet
  facet normal 0 0 -1
    outer loop
      vertex -16.9089 17.3168 -1.5
      vertex -21 21 -1.5
      vertex -16.5674 17.496 -1.5
    endloop
  endfacet
  facet normal 0 0 -1
    outer loop
      vertex -17.1976 17.061 -1.5
      vertex -21 21 -1.5
      vertex -16.9089 17.3168 -1.5
    endloop
  endfacet
  facet normal 0 0 -1
    outer loop
      vertex -17.4167 16.7436 -1.5
      vertex -21 21 -1.5
      vertex -17.1976 17.061 -1.5
    endloop
  endfacet
  facet normal 0 0 -1
    outer loop
      vertex -17.5535 16.3829 -1.5
      vertex -21 21 -1.5
      vertex -17.4167 16.7436 -1.5
    endloop
  endfacet
  facet normal 0 0 -1
    outer loop
      vertex -17.6 16 -1.5
      vertex -21 21 -1.5
      vertex -17.5535 16.3829 -1.5
    endloop
  endfacet
  facet normal 0 0 -1
    outer loop
      vertex -17.5535 15.6171 -1.5
      vertex -21 21 -1.5
      vertex -17.6 16 -1.5
    endloop
  endfacet
  facet normal 0 0 -1
    outer loop
      vertex 12.8025 2.25743 -1.5
      vertex 17.1976 14.939 -1.5
      vertex 12.8735 1.80925 -1.5
    endloop
  endfacet
  facet normal 0 0 -1
    outer loop
      vertex 17.1976 14.939 -1.5
      vertex 12.8025 2.25743 -1.5
      vertex 16.9089 14.6832 -1.5
    endloop
  endfacet
  facet normal 0 0 -1
    outer loop
      vertex 12.7159 2.70285 -1.5
      vertex 16.9089 14.6832 -1.5
      vertex 12.8025 2.25743 -1.5
    endloop
  endfacet
  facet normal 0 0 -1
    outer loop
      vertex 16.9089 14.6832 -1.5
      vertex 13.4167 11.2564 -1.5
      vertex 13.5535 11.6171 -1.5
    endloop
  endfacet
  facet normal 0 0 -1
    outer loop
      vertex 12.6138 3.14498 -1.5
      vertex 16.9089 14.6832 -1.5
      vertex 12.7159 2.70285 -1.5
    endloop
  endfacet
  facet normal 0 0 -1
    outer loop
      vertex 12.4964 3.58329 -1.5
      vertex 16.9089 14.6832 -1.5
      vertex 12.6138 3.14498 -1.5
    endloop
  endfacet
  facet normal 0 0 -1
    outer loop
      vertex 16.9089 14.6832 -1.5
      vertex 12.4964 3.58329 -1.5
      vertex 13.4167 11.2564 -1.5
    endloop
  endfacet
  facet normal 0 0 -1
    outer loop
      vertex 12.3637 4.01722 -1.5
      vertex 13.4167 11.2564 -1.5
      vertex 12.4964 3.58329 -1.5
    endloop
  endfacet
  facet normal 0 0 -1
    outer loop
      vertex 13.4167 11.2564 -1.5
      vertex 12.3637 4.01722 -1.5
      vertex 13.1976 10.939 -1.5
    endloop
  endfacet
  facet normal 0 0 -1
    outer loop
      vertex 12.216 4.44626 -1.5
      vertex 13.1976 10.939 -1.5
      vertex 12.3637 4.01722 -1.5
    endloop
  endfacet
  facet normal 0 0 -1
    outer loop
      vertex 12.0534 4.86989 -1.5
      vertex 13.1976 10.939 -1.5
      vertex 12.216 4.44626 -1.5
    endloop
  endfacet
  facet normal 0 0 -1
    outer loop
      vertex 11.8761 5.28758 -1.5
      vertex 13.1976 10.939 -1.5
      vertex 12.0534 4.86989 -1.5
    endloop
  endfacet
  facet normal 0 0 -1
    outer loop
      vertex 13.1976 10.939 -1.5
      vertex 11.8761 5.28758 -1.5
      vertex 12.9089 10.6832 -1.5
    endloop
  endfacet
  facet normal 0 0 -1
    outer loop
      vertex 11.6843 5.69882 -1.5
      vertex 12.9089 10.6832 -1.5
      vertex 11.8761 5.28758 -1.5
    endloop
  endfacet
  facet normal 0 0 -1
    outer loop
      vertex 11.4783 6.10313 -1.5
      vertex 12.9089 10.6832 -1.5
      vertex 11.6843 5.69882 -1.5
    endloop
  endfacet
  facet normal 0 0 -1
    outer loop
      vertex 12.9089 10.6832 -1.5
      vertex 11.4783 6.10313 -1.5
      vertex 12.5674 10.504 -1.5
    endloop
  endfacet
  facet normal 0 0 -1
    outer loop
      vertex 11.2583 6.5 -1.5
      vertex 12.5674 10.504 -1.5
      vertex 11.4783 6.10313 -1.5
    endloop
  endfacet
  facet normal 0 0 -1
    outer loop
      vertex 11.0246 6.88895 -1.5
      vertex 12.5674 10.504 -1.5
      vertex 11.2583 6.5 -1.5
    endloop
  endfacet
  facet normal 0 0 -1
    outer loop
      vertex 12.5674 10.504 -1.5
      vertex 11.0246 6.88895 -1.5
      vertex 12.1929 10.4117 -1.5
    endloop
  endfacet
  facet normal 0 0 -1
    outer loop
      vertex 10.7775 7.26951 -1.5
      vertex 12.1929 10.4117 -1.5
      vertex 11.0246 6.88895 -1.5
    endloop
  endfacet
  facet normal 0 0 -1
    outer loop
      vertex 10.5172 7.64121 -1.5
      vertex 12.1929 10.4117 -1.5
      vertex 10.7775 7.26951 -1.5
    endloop
  endfacet
  facet normal -0 0 -1
    outer loop
      vertex 12.1929 10.4117 -1.5
      vertex 10.5172 7.64121 -1.5
      vertex 11.8071 10.4117 -1.5
    endloop
  endfacet
  facet normal 0 0 -1
    outer loop
      vertex 10.2441 8.0036 -1.5
      vertex 11.8071 10.4117 -1.5
      vertex 10.5172 7.64121 -1.5
    endloop
  endfacet
  facet normal -0 0 -1
    outer loop
      vertex 11.8071 10.4117 -1.5
      vertex 10.2441 8.0036 -1.5
      vertex 11.4326 10.504 -1.5
    endloop
  endfacet
  facet normal 0 0 -1
    outer loop
      vertex 9.95858 8.35624 -1.5
      vertex 11.4326 10.504 -1.5
      vertex 10.2441 8.0036 -1.5
    endloop
  endfacet
  facet normal 0 0 -1
    outer loop
      vertex 9.66088 8.6987 -1.5
      vertex 11.4326 10.504 -1.5
      vertex 9.95858 8.35624 -1.5
    endloop
  endfacet
  facet normal -0 0 -1
    outer loop
      vertex 11.4326 10.504 -1.5
      vertex 9.66088 8.6987 -1.5
      vertex 11.0911 10.6832 -1.5
    endloop
  endfacet
  facet normal 0 0 -1
    outer loop
      vertex 9.35142 9.03056 -1.5
      vertex 11.0911 10.6832 -1.5
      vertex 9.66088 8.6987 -1.5
    endloop
  endfacet
  facet normal -0 0 -1
    outer loop
      vertex 11.0911 10.6832 -1.5
      vertex 9.35142 9.03056 -1.5
      vertex 10.8024 10.939 -1.5
    endloop
  endfacet
  facet normal -1 0 0
    outer loop
      vertex -21 -21 -1.5
      vertex -21 21 1.5
      vertex -21 21 -1.5
    endloop
  endfacet
  facet normal -1 -0 0
    outer loop
      vertex -21 21 1.5
      vertex -21 -21 -1.5
      vertex -21 -21 1.5
    endloop
  endfacet
  facet normal 0 1 -0
    outer loop
      vertex 21 21 -1.5
      vertex -21 21 1.5
      vertex 21 21 1.5
    endloop
  endfacet
  facet normal 0 1 0
    outer loop
      vertex -21 21 1.5
      vertex 21 21 -1.5
      vertex -21 21 -1.5
    endloop
  endfacet
  facet normal 0 -1 0
    outer loop
      vertex -21 -21 -1.5
      vertex 21 -21 1.5
      vertex -21 -21 1.5
    endloop
  endfacet
  facet normal 0 -1 -0
    outer loop
      vertex 21 -21 1.5
      vertex -21 -21 -1.5
      vertex 21 -21 -1.5
    endloop
  endfacet
  facet normal -0.998624 -0.05245 0
    outer loop
      vertex 12.9921 0.453693 -1.5
      vertex 12.9683 0.906834 1.5
      vertex 12.9683 0.906834 -1.5
    endloop
  endfacet
  facet normal -0.998624 -0.05245 0
    outer loop
      vertex 12.9683 0.906834 1.5
      vertex 12.9921 0.453693 -1.5
      vertex 12.9921 0.453693 1.5
    endloop
  endfacet
  facet normal -0.999848 -0.01741 0
    outer loop
      vertex 13 0 -1.5
      vertex 12.9921 0.453693 1.5
      vertex 12.9921 0.453693 -1.5
    endloop
  endfacet
  facet normal -0.999848 -0.01741 0
    outer loop
      vertex 12.9921 0.453693 1.5
      vertex 13 0 -1.5
      vertex 13 0 1.5
    endloop
  endfacet
  facet normal -0.996204 -0.0870507 0
    outer loop
      vertex 12.9683 0.906834 -1.5
      vertex 12.9288 1.35887 1.5
      vertex 12.9288 1.35887 -1.5
    endloop
  endfacet
  facet normal -0.996204 -0.0870507 0
    outer loop
      vertex 12.9288 1.35887 1.5
      vertex 12.9683 0.906834 -1.5
      vertex 12.9683 0.906834 1.5
    endloop
  endfacet
  facet normal -0.906278 0.422683 0
    outer loop
      vertex 11.6843 -5.69882 -1.5
      vertex 11.8761 -5.28758 1.5
      vertex 11.8761 -5.28758 -1.5
    endloop
  endfacet
  facet normal -0.906278 0.422683 0
    outer loop
      vertex 11.8761 -5.28758 1.5
      vertex 11.6843 -5.69882 -1.5
      vertex 11.6843 -5.69882 1.5
    endloop
  endfacet
  facet normal -0.777191 -0.629264 0
    outer loop
      vertex 10.2441 8.0036 -1.5
      vertex 9.95858 8.35624 1.5
      vertex 9.95858 8.35624 -1.5
    endloop
  endfacet
  facet normal -0.777191 -0.629264 0
    outer loop
      vertex 9.95858 8.35624 1.5
      vertex 10.2441 8.0036 -1.5
      vertex 10.2441 8.0036 1.5
    endloop
  endfacet
  facet normal -0.992546 -0.12187 0
    outer loop
      vertex 12.9288 1.35887 -1.5
      vertex 12.8735 1.80925 1.5
      vertex 12.8735 1.80925 -1.5
    endloop
  endfacet
  facet normal -0.992546 -0.12187 0
    outer loop
      vertex 12.8735 1.80925 1.5
      vertex 12.9288 1.35887 -1.5
      vertex 12.9288 1.35887 1.5
    endloop
  endfacet
  facet normal -0.999848 0.01741 0
    outer loop
      vertex 12.9921 -0.453693 -1.5
      vertex 13 0 1.5
      vertex 13 0 -1.5
    endloop
  endfacet
  facet normal -0.999848 0.01741 0
    outer loop
      vertex 13 0 1.5
      vertex 12.9921 -0.453693 -1.5
      vertex 12.9921 -0.453693 1.5
    endloop
  endfacet
  facet normal -0.891012 0.45398 0
    outer loop
      vertex 11.4783 -6.10313 -1.5
      vertex 11.6843 -5.69882 1.5
      vertex 11.6843 -5.69882 -1.5
    endloop
  endfacet
  facet normal -0.891012 0.45398 0
    outer loop
      vertex 11.6843 -5.69882 1.5
      vertex 11.4783 -6.10313 -1.5
      vertex 11.4783 -6.10313 1.5
    endloop
  endfacet
  facet normal -0.544579 -0.838709 0
    outer loop
      vertex 6.88895 11.0246 -1.5
      vertex 7.26951 10.7775 1.5
      vertex 6.88895 11.0246 1.5
    endloop
  endfacet
  facet normal -0.544579 -0.838709 -0
    outer loop
      vertex 7.26951 10.7775 1.5
      vertex 6.88895 11.0246 -1.5
      vertex 7.26951 10.7775 -1.5
    endloop
  endfacet
  facet normal -0.987683 0.156467 0
    outer loop
      vertex 12.8025 -2.25743 -1.5
      vertex 12.8735 -1.80925 1.5
      vertex 12.8735 -1.80925 -1.5
    endloop
  endfacet
  facet normal -0.987683 0.156467 0
    outer loop
      vertex 12.8735 -1.80925 1.5
      vertex 12.8025 -2.25743 -1.5
      vertex 12.8025 -2.25743 1.5
    endloop
  endfacet
  facet normal 0.996204 0.0870507 0
    outer loop
      vertex -12.9288 -1.35887 1.5
      vertex -12.9683 -0.906834 -1.5
      vertex -12.9683 -0.906834 1.5
    endloop
  endfacet
  facet normal 0.996204 0.0870507 0
    outer loop
      vertex -12.9683 -0.906834 -1.5
      vertex -12.9288 -1.35887 1.5
      vertex -12.9288 -1.35887 -1.5
    endloop
  endfacet
  facet normal 0.874609 -0.484829 0
    outer loop
      vertex -11.4783 6.10313 1.5
      vertex -11.2583 6.5 -1.5
      vertex -11.2583 6.5 1.5
    endloop
  endfacet
  facet normal 0.874609 -0.484829 0
    outer loop
      vertex -11.2583 6.5 -1.5
      vertex -11.4783 6.10313 1.5
      vertex -11.4783 6.10313 -1.5
    endloop
  endfacet
  facet normal 0.933592 -0.358337 0
    outer loop
      vertex -12.216 4.44626 1.5
      vertex -12.0534 4.86989 -1.5
      vertex -12.0534 4.86989 1.5
    endloop
  endfacet
  facet normal 0.933592 -0.358337 0
    outer loop
      vertex -12.0534 4.86989 -1.5
      vertex -12.216 4.44626 1.5
      vertex -12.216 4.44626 -1.5
    endloop
  endfacet
  facet normal -0.484829 0.874609 0
    outer loop
      vertex 6.5 -11.2583 -1.5
      vertex 6.10313 -11.4783 1.5
      vertex 6.5 -11.2583 1.5
    endloop
  endfacet
  facet normal -0.484829 0.874609 0
    outer loop
      vertex 6.10313 -11.4783 1.5
      vertex 6.5 -11.2583 -1.5
      vertex 6.10313 -11.4783 -1.5
    endloop
  endfacet
  facet normal 0.01741 -0.999848 0
    outer loop
      vertex -0.453693 12.9921 -1.5
      vertex 0 13 1.5
      vertex -0.453693 12.9921 1.5
    endloop
  endfacet
  facet normal 0.01741 -0.999848 0
    outer loop
      vertex 0 13 1.5
      vertex -0.453693 12.9921 -1.5
      vertex 0 13 -1.5
    endloop
  endfacet
  facet normal 0.156467 -0.987683 0
    outer loop
      vertex -2.25743 12.8025 -1.5
      vertex -1.80925 12.8735 1.5
      vertex -2.25743 12.8025 1.5
    endloop
  endfacet
  facet normal 0.156467 -0.987683 0
    outer loop
      vertex -1.80925 12.8735 1.5
      vertex -2.25743 12.8025 -1.5
      vertex -1.80925 12.8735 -1.5
    endloop
  endfacet
  facet normal -0.325508 0.945539 0
    outer loop
      vertex 4.44626 -12.216 -1.5
      vertex 4.01722 -12.3637 1.5
      vertex 4.44626 -12.216 1.5
    endloop
  endfacet
  facet normal -0.325508 0.945539 0
    outer loop
      vertex 4.01722 -12.3637 1.5
      vertex 4.44626 -12.216 -1.5
      vertex 4.01722 -12.3637 -1.5
    endloop
  endfacet
  facet normal 0.629264 0.777191 -0
    outer loop
      vertex -8.0036 -10.2441 -1.5
      vertex -8.35624 -9.95858 1.5
      vertex -8.0036 -10.2441 1.5
    endloop
  endfacet
  facet normal 0.629264 0.777191 0
    outer loop
      vertex -8.35624 -9.95858 1.5
      vertex -8.0036 -10.2441 -1.5
      vertex -8.35624 -9.95858 -1.5
    endloop
  endfacet
  facet normal -0.707107 -0.707107 0
    outer loop
      vertex 9.35142 9.03056 -1.5
      vertex 9.03056 9.35142 1.5
      vertex 9.03056 9.35142 -1.5
    endloop
  endfacet
  facet normal -0.707107 -0.707107 0
    outer loop
      vertex 9.03056 9.35142 1.5
      vertex 9.35142 9.03056 -1.5
      vertex 9.35142 9.03056 1.5
    endloop
  endfacet
  facet normal -0.956284 -0.292441 0
    outer loop
      vertex 12.4964 3.58329 -1.5
      vertex 12.3637 4.01722 1.5
      vertex 12.3637 4.01722 -1.5
    endloop
  endfacet
  facet normal -0.956284 -0.292441 0
    outer loop
      vertex 12.3637 4.01722 1.5
      vertex 12.4964 3.58329 -1.5
      vertex 12.4964 3.58329 1.5
    endloop
  endfacet
  facet normal -0.777191 0.629264 0
    outer loop
      vertex 9.95858 -8.35624 -1.5
      vertex 10.2441 -8.0036 1.5
      vertex 10.2441 -8.0036 -1.5
    endloop
  endfacet
  facet normal -0.777191 0.629264 0
    outer loop
      vertex 10.2441 -8.0036 1.5
      vertex 9.95858 -8.35624 -1.5
      vertex 9.95858 -8.35624 1.5
    endloop
  endfacet
  facet normal -0.629264 -0.777191 0
    outer loop
      vertex 8.0036 10.2441 -1.5
      vertex 8.35624 9.95858 1.5
      vertex 8.0036 10.2441 1.5
    endloop
  endfacet
  facet normal -0.629264 -0.777191 -0
    outer loop
      vertex 8.35624 9.95858 1.5
      vertex 8.0036 10.2441 -1.5
      vertex 8.35624 9.95858 -1.5
    endloop
  endfacet
  facet normal 0.544579 0.838709 -0
    outer loop
      vertex -6.88895 -11.0246 -1.5
      vertex -7.26951 -10.7775 1.5
      vertex -6.88895 -11.0246 1.5
    endloop
  endfacet
  facet normal 0.544579 0.838709 0
    outer loop
      vertex -7.26951 -10.7775 1.5
      vertex -6.88895 -11.0246 -1.5
      vertex -7.26951 -10.7775 -1.5
    endloop
  endfacet
  facet normal 0.891012 -0.45398 0
    outer loop
      vertex -11.6843 5.69882 1.5
      vertex -11.4783 6.10313 -1.5
      vertex -11.4783 6.10313 1.5
    endloop
  endfacet
  facet normal 0.891012 -0.45398 0
    outer loop
      vertex -11.4783 6.10313 -1.5
      vertex -11.6843 5.69882 1.5
      vertex -11.6843 5.69882 -1.5
    endloop
  endfacet
  facet normal -0.573625 -0.819118 0
    outer loop
      vertex 7.26951 10.7775 -1.5
      vertex 7.64121 10.5172 1.5
      vertex 7.26951 10.7775 1.5
    endloop
  endfacet
  facet normal -0.573625 -0.819118 -0
    outer loop
      vertex 7.64121 10.5172 1.5
      vertex 7.26951 10.7775 -1.5
      vertex 7.64121 10.5172 -1.5
    endloop
  endfacet
  facet normal 0.681993 0.731359 -0
    outer loop
      vertex -8.6987 -9.66088 -1.5
      vertex -9.03056 -9.35142 1.5
      vertex -8.6987 -9.66088 1.5
    endloop
  endfacet
  facet normal 0.681993 0.731359 0
    outer loop
      vertex -9.03056 -9.35142 1.5
      vertex -8.6987 -9.66088 -1.5
      vertex -9.03056 -9.35142 -1.5
    endloop
  endfacet
  facet normal 0.999848 0.01741 0
    outer loop
      vertex -12.9921 -0.453693 1.5
      vertex -13 0 -1.5
      vertex -13 0 1.5
    endloop
  endfacet
  facet normal 0.999848 0.01741 0
    outer loop
      vertex -13 0 -1.5
      vertex -12.9921 -0.453693 1.5
      vertex -12.9921 -0.453693 -1.5
    endloop
  endfacet
  facet normal -0.987683 -0.156467 0
    outer loop
      vertex 12.8735 1.80925 -1.5
      vertex 12.8025 2.25743 1.5
      vertex 12.8025 2.25743 -1.5
    endloop
  endfacet
  facet normal -0.987683 -0.156467 0
    outer loop
      vertex 12.8025 2.25743 1.5
      vertex 12.8735 1.80925 -1.5
      vertex 12.8735 1.80925 1.5
    endloop
  endfacet
  facet normal -0.838709 -0.544579 0
    outer loop
      vertex 11.0246 6.88895 -1.5
      vertex 10.7775 7.26951 1.5
      vertex 10.7775 7.26951 -1.5
    endloop
  endfacet
  facet normal -0.838709 -0.544579 0
    outer loop
      vertex 10.7775 7.26951 1.5
      vertex 11.0246 6.88895 -1.5
      vertex 11.0246 6.88895 1.5
    endloop
  endfacet
  facet normal -0.981619 -0.19085 0
    outer loop
      vertex 12.8025 2.25743 -1.5
      vertex 12.7159 2.70285 1.5
      vertex 12.7159 2.70285 -1.5
    endloop
  endfacet
  facet normal -0.981619 -0.19085 0
    outer loop
      vertex 12.7159 2.70285 1.5
      vertex 12.8025 2.25743 -1.5
      vertex 12.8025 2.25743 1.5
    endloop
  endfacet
  facet normal -0.707107 0.707107 0
    outer loop
      vertex 9.03056 -9.35142 -1.5
      vertex 9.35142 -9.03056 1.5
      vertex 9.35142 -9.03056 -1.5
    endloop
  endfacet
  facet normal -0.707107 0.707107 0
    outer loop
      vertex 9.35142 -9.03056 1.5
      vertex 9.03056 -9.35142 -1.5
      vertex 9.03056 -9.35142 1.5
    endloop
  endfacet
  facet normal -0.01741 0.999848 0
    outer loop
      vertex 0.453693 -12.9921 -1.5
      vertex 0 -13 1.5
      vertex 0.453693 -12.9921 1.5
    endloop
  endfacet
  facet normal -0.01741 0.999848 0
    outer loop
      vertex 0 -13 1.5
      vertex 0.453693 -12.9921 -1.5
      vertex 0 -13 -1.5
    endloop
  endfacet
  facet normal 0.945539 0.325508 0
    outer loop
      vertex -12.216 -4.44626 1.5
      vertex -12.3637 -4.01722 -1.5
      vertex -12.3637 -4.01722 1.5
    endloop
  endfacet
  facet normal 0.945539 0.325508 0
    outer loop
      vertex -12.3637 -4.01722 -1.5
      vertex -12.216 -4.44626 1.5
      vertex -12.216 -4.44626 -1.5
    endloop
  endfacet
  facet normal 0.920504 0.390733 0
    outer loop
      vertex -11.8761 -5.28758 1.5
      vertex -12.0534 -4.86989 -1.5
      vertex -12.0534 -4.86989 1.5
    endloop
  endfacet
  facet normal 0.920504 0.390733 0
    outer loop
      vertex -12.0534 -4.86989 -1.5
      vertex -11.8761 -5.28758 1.5
      vertex -11.8761 -5.28758 -1.5
    endloop
  endfacet
  facet normal -0.819118 0.573625 0
    outer loop
      vertex 10.5172 -7.64121 -1.5
      vertex 10.7775 -7.26951 1.5
      vertex 10.7775 -7.26951 -1.5
    endloop
  endfacet
  facet normal -0.819118 0.573625 0
    outer loop
      vertex 10.7775 -7.26951 1.5
      vertex 10.5172 -7.64121 -1.5
      vertex 10.5172 -7.64121 1.5
    endloop
  endfacet
  facet normal -0.857172 -0.51503 0
    outer loop
      vertex 11.2583 6.5 -1.5
      vertex 11.0246 6.88895 1.5
      vertex 11.0246 6.88895 -1.5
    endloop
  endfacet
  facet normal -0.857172 -0.51503 0
    outer loop
      vertex 11.0246 6.88895 1.5
      vertex 11.2583 6.5 -1.5
      vertex 11.2583 6.5 1.5
    endloop
  endfacet
  facet normal 0.933592 0.358337 0
    outer loop
      vertex -12.0534 -4.86989 1.5
      vertex -12.216 -4.44626 -1.5
      vertex -12.216 -4.44626 1.5
    endloop
  endfacet
  facet normal 0.933592 0.358337 0
    outer loop
      vertex -12.216 -4.44626 -1.5
      vertex -12.0534 -4.86989 1.5
      vertex -12.0534 -4.86989 -1.5
    endloop
  endfacet
  facet normal 0.629264 -0.777191 0
    outer loop
      vertex -8.35624 9.95858 -1.5
      vertex -8.0036 10.2441 1.5
      vertex -8.35624 9.95858 1.5
    endloop
  endfacet
  facet normal 0.629264 -0.777191 0
    outer loop
      vertex -8.0036 10.2441 1.5
      vertex -8.35624 9.95858 -1.5
      vertex -8.0036 10.2441 -1.5
    endloop
  endfacet
  facet normal 0.874609 0.484829 0
    outer loop
      vertex -11.2583 -6.5 1.5
      vertex -11.4783 -6.10313 -1.5
      vertex -11.4783 -6.10313 1.5
    endloop
  endfacet
  facet normal 0.874609 0.484829 0
    outer loop
      vertex -11.4783 -6.10313 -1.5
      vertex -11.2583 -6.5 1.5
      vertex -11.2583 -6.5 -1.5
    endloop
  endfacet
  facet normal -0.12187 -0.992546 0
    outer loop
      vertex 1.35887 12.9288 -1.5
      vertex 1.80925 12.8735 1.5
      vertex 1.35887 12.9288 1.5
    endloop
  endfacet
  facet normal -0.12187 -0.992546 -0
    outer loop
      vertex 1.80925 12.8735 1.5
      vertex 1.35887 12.9288 -1.5
      vertex 1.80925 12.8735 -1.5
    endloop
  endfacet
  facet normal 0.996204 -0.0870507 0
    outer loop
      vertex -12.9683 0.906834 1.5
      vertex -12.9288 1.35887 -1.5
      vertex -12.9288 1.35887 1.5
    endloop
  endfacet
  facet normal 0.996204 -0.0870507 0
    outer loop
      vertex -12.9288 1.35887 -1.5
      vertex -12.9683 0.906834 1.5
      vertex -12.9683 0.906834 -1.5
    endloop
  endfacet
  facet normal 0.45398 0.891012 -0
    outer loop
      vertex -5.69882 -11.6843 -1.5
      vertex -6.10313 -11.4783 1.5
      vertex -5.69882 -11.6843 1.5
    endloop
  endfacet
  facet normal 0.45398 0.891012 0
    outer loop
      vertex -6.10313 -11.4783 1.5
      vertex -5.69882 -11.6843 -1.5
      vertex -6.10313 -11.4783 -1.5
    endloop
  endfacet
  facet normal -0.601842 -0.798615 0
    outer loop
      vertex 7.64121 10.5172 -1.5
      vertex 8.0036 10.2441 1.5
      vertex 7.64121 10.5172 1.5
    endloop
  endfacet
  facet normal -0.601842 -0.798615 -0
    outer loop
      vertex 8.0036 10.2441 1.5
      vertex 7.64121 10.5172 -1.5
      vertex 8.0036 10.2441 -1.5
    endloop
  endfacet
  facet normal -0.358337 0.933592 0
    outer loop
      vertex 4.86989 -12.0534 -1.5
      vertex 4.44626 -12.216 1.5
      vertex 4.86989 -12.0534 1.5
    endloop
  endfacet
  facet normal -0.358337 0.933592 0
    outer loop
      vertex 4.44626 -12.216 1.5
      vertex 4.86989 -12.0534 -1.5
      vertex 4.44626 -12.216 -1.5
    endloop
  endfacet
  facet normal 0.225006 0.974357 -0
    outer loop
      vertex -2.70285 -12.7159 -1.5
      vertex -3.14498 -12.6138 1.5
      vertex -2.70285 -12.7159 1.5
    endloop
  endfacet
  facet normal 0.225006 0.974357 0
    outer loop
      vertex -3.14498 -12.6138 1.5
      vertex -2.70285 -12.7159 -1.5
      vertex -3.14498 -12.6138 -1.5
    endloop
  endfacet
  facet normal -0.838709 0.544579 0
    outer loop
      vertex 10.7775 -7.26951 -1.5
      vertex 11.0246 -6.88895 1.5
      vertex 11.0246 -6.88895 -1.5
    endloop
  endfacet
  facet normal -0.838709 0.544579 0
    outer loop
      vertex 11.0246 -6.88895 1.5
      vertex 10.7775 -7.26951 -1.5
      vertex 10.7775 -7.26951 1.5
    endloop
  endfacet
  facet normal 0.292441 -0.956284 0
    outer loop
      vertex -4.01722 12.3637 -1.5
      vertex -3.58329 12.4964 1.5
      vertex -4.01722 12.3637 1.5
    endloop
  endfacet
  facet normal 0.292441 -0.956284 0
    outer loop
      vertex -3.58329 12.4964 1.5
      vertex -4.01722 12.3637 -1.5
      vertex -3.58329 12.4964 -1.5
    endloop
  endfacet
  facet normal 0.974357 0.225006 0
    outer loop
      vertex -12.6138 -3.14498 1.5
      vertex -12.7159 -2.70285 -1.5
      vertex -12.7159 -2.70285 1.5
    endloop
  endfacet
  facet normal 0.974357 0.225006 0
    outer loop
      vertex -12.7159 -2.70285 -1.5
      vertex -12.6138 -3.14498 1.5
      vertex -12.6138 -3.14498 -1.5
    endloop
  endfacet
  facet normal -0.920504 0.390733 0
    outer loop
      vertex 11.8761 -5.28758 -1.5
      vertex 12.0534 -4.86989 1.5
      vertex 12.0534 -4.86989 -1.5
    endloop
  endfacet
  facet normal -0.920504 0.390733 0
    outer loop
      vertex 12.0534 -4.86989 1.5
      vertex 11.8761 -5.28758 -1.5
      vertex 11.8761 -5.28758 1.5
    endloop
  endfacet
  facet normal -0.01741 -0.999848 0
    outer loop
      vertex 0 13 -1.5
      vertex 0.453693 12.9921 1.5
      vertex 0 13 1.5
    endloop
  endfacet
  facet normal -0.01741 -0.999848 -0
    outer loop
      vertex 0.453693 12.9921 1.5
      vertex 0 13 -1.5
      vertex 0.453693 12.9921 -1.5
    endloop
  endfacet
  facet normal 0.777191 0.629264 0
    outer loop
      vertex -9.95858 -8.35624 1.5
      vertex -10.2441 -8.0036 -1.5
      vertex -10.2441 -8.0036 1.5
    endloop
  endfacet
  facet normal 0.777191 0.629264 0
    outer loop
      vertex -10.2441 -8.0036 -1.5
      vertex -9.95858 -8.35624 1.5
      vertex -9.95858 -8.35624 -1.5
    endloop
  endfacet
  facet normal 0.981619 0.19085 0
    outer loop
      vertex -12.7159 -2.70285 1.5
      vertex -12.8025 -2.25743 -1.5
      vertex -12.8025 -2.25743 1.5
    endloop
  endfacet
  facet normal 0.981619 0.19085 0
    outer loop
      vertex -12.8025 -2.25743 -1.5
      vertex -12.7159 -2.70285 1.5
      vertex -12.7159 -2.70285 -1.5
    endloop
  endfacet
  facet normal -0.857172 0.51503 0
    outer loop
      vertex 11.0246 -6.88895 -1.5
      vertex 11.2583 -6.5 1.5
      vertex 11.2583 -6.5 -1.5
    endloop
  endfacet
  facet normal -0.857172 0.51503 0
    outer loop
      vertex 11.2583 -6.5 1.5
      vertex 11.0246 -6.88895 -1.5
      vertex 11.0246 -6.88895 1.5
    endloop
  endfacet
  facet normal 0.965951 -0.258727 0
    outer loop
      vertex -12.6138 3.14498 1.5
      vertex -12.4964 3.58329 -1.5
      vertex -12.4964 3.58329 1.5
    endloop
  endfacet
  facet normal 0.965951 -0.258727 0
    outer loop
      vertex -12.4964 3.58329 -1.5
      vertex -12.6138 3.14498 1.5
      vertex -12.6138 3.14498 -1.5
    endloop
  endfacet
  facet normal -0.906278 -0.422683 0
    outer loop
      vertex 11.8761 5.28758 -1.5
      vertex 11.6843 5.69882 1.5
      vertex 11.6843 5.69882 -1.5
    endloop
  endfacet
  facet normal -0.906278 -0.422683 0
    outer loop
      vertex 11.6843 5.69882 1.5
      vertex 11.8761 5.28758 -1.5
      vertex 11.8761 5.28758 1.5
    endloop
  endfacet
  facet normal 0.945539 -0.325508 0
    outer loop
      vertex -12.3637 4.01722 1.5
      vertex -12.216 4.44626 -1.5
      vertex -12.216 4.44626 1.5
    endloop
  endfacet
  facet normal 0.945539 -0.325508 0
    outer loop
      vertex -12.216 4.44626 -1.5
      vertex -12.3637 4.01722 1.5
      vertex -12.3637 4.01722 -1.5
    endloop
  endfacet
  facet normal 0.422683 0.906278 -0
    outer loop
      vertex -5.28758 -11.8761 -1.5
      vertex -5.69882 -11.6843 1.5
      vertex -5.28758 -11.8761 1.5
    endloop
  endfacet
  facet normal 0.422683 0.906278 0
    outer loop
      vertex -5.69882 -11.6843 1.5
      vertex -5.28758 -11.8761 -1.5
      vertex -5.69882 -11.6843 -1.5
    endloop
  endfacet
  facet normal -0.390733 -0.920504 0
    outer loop
      vertex 4.86989 12.0534 -1.5
      vertex 5.28758 11.8761 1.5
      vertex 4.86989 12.0534 1.5
    endloop
  endfacet
  facet normal -0.390733 -0.920504 -0
    outer loop
      vertex 5.28758 11.8761 1.5
      vertex 4.86989 12.0534 -1.5
      vertex 5.28758 11.8761 -1.5
    endloop
  endfacet
  facet normal 0.981619 -0.19085 0
    outer loop
      vertex -12.8025 2.25743 1.5
      vertex -12.7159 2.70285 -1.5
      vertex -12.7159 2.70285 1.5
    endloop
  endfacet
  facet normal 0.981619 -0.19085 0
    outer loop
      vertex -12.7159 2.70285 -1.5
      vertex -12.8025 2.25743 1.5
      vertex -12.8025 2.25743 -1.5
    endloop
  endfacet
  facet normal -0.51503 -0.857172 0
    outer loop
      vertex 6.5 11.2583 -1.5
      vertex 6.88895 11.0246 1.5
      vertex 6.5 11.2583 1.5
    endloop
  endfacet
  facet normal -0.51503 -0.857172 -0
    outer loop
      vertex 6.88895 11.0246 1.5
      vertex 6.5 11.2583 -1.5
      vertex 6.88895 11.0246 -1.5
    endloop
  endfacet
  facet normal 0.707107 0.707107 0
    outer loop
      vertex -9.03056 -9.35142 1.5
      vertex -9.35142 -9.03056 -1.5
      vertex -9.35142 -9.03056 1.5
    endloop
  endfacet
  facet normal 0.707107 0.707107 0
    outer loop
      vertex -9.35142 -9.03056 -1.5
      vertex -9.03056 -9.35142 1.5
      vertex -9.03056 -9.35142 -1.5
    endloop
  endfacet
  facet normal -0.956284 0.292441 0
    outer loop
      vertex 12.3637 -4.01722 -1.5
      vertex 12.4964 -3.58329 1.5
      vertex 12.4964 -3.58329 -1.5
    endloop
  endfacet
  facet normal -0.956284 0.292441 0
    outer loop
      vertex 12.4964 -3.58329 1.5
      vertex 12.3637 -4.01722 -1.5
      vertex 12.3637 -4.01722 1.5
    endloop
  endfacet
  facet normal -0.156467 0.987683 0
    outer loop
      vertex 2.25743 -12.8025 -1.5
      vertex 1.80925 -12.8735 1.5
      vertex 2.25743 -12.8025 1.5
    endloop
  endfacet
  facet normal -0.156467 0.987683 0
    outer loop
      vertex 1.80925 -12.8735 1.5
      vertex 2.25743 -12.8025 -1.5
      vertex 1.80925 -12.8735 -1.5
    endloop
  endfacet
  facet normal -0.422683 -0.906278 0
    outer loop
      vertex 5.28758 11.8761 -1.5
      vertex 5.69882 11.6843 1.5
      vertex 5.28758 11.8761 1.5
    endloop
  endfacet
  facet normal -0.422683 -0.906278 -0
    outer loop
      vertex 5.69882 11.6843 1.5
      vertex 5.28758 11.8761 -1.5
      vertex 5.69882 11.6843 -1.5
    endloop
  endfacet
  facet normal -0.292441 0.956284 0
    outer loop
      vertex 4.01722 -12.3637 -1.5
      vertex 3.58329 -12.4964 1.5
      vertex 4.01722 -12.3637 1.5
    endloop
  endfacet
  facet normal -0.292441 0.956284 0
    outer loop
      vertex 3.58329 -12.4964 1.5
      vertex 4.01722 -12.3637 -1.5
      vertex 3.58329 -12.4964 -1.5
    endloop
  endfacet
  facet normal -0.681993 -0.731359 0
    outer loop
      vertex 8.6987 9.66088 -1.5
      vertex 9.03056 9.35142 1.5
      vertex 8.6987 9.66088 1.5
    endloop
  endfacet
  facet normal -0.681993 -0.731359 -0
    outer loop
      vertex 9.03056 9.35142 1.5
      vertex 8.6987 9.66088 -1.5
      vertex 9.03056 9.35142 -1.5
    endloop
  endfacet
  facet normal 0.484829 0.874609 -0
    outer loop
      vertex -6.10313 -11.4783 -1.5
      vertex -6.5 -11.2583 1.5
      vertex -6.10313 -11.4783 1.5
    endloop
  endfacet
  facet normal 0.484829 0.874609 0
    outer loop
      vertex -6.5 -11.2583 1.5
      vertex -6.10313 -11.4783 -1.5
      vertex -6.5 -11.2583 -1.5
    endloop
  endfacet
  facet normal -0.258727 0.965951 0
    outer loop
      vertex 3.58329 -12.4964 -1.5
      vertex 3.14498 -12.6138 1.5
      vertex 3.58329 -12.4964 1.5
    endloop
  endfacet
  facet normal -0.258727 0.965951 0
    outer loop
      vertex 3.14498 -12.6138 1.5
      vertex 3.58329 -12.4964 -1.5
      vertex 3.14498 -12.6138 -1.5
    endloop
  endfacet
  facet normal -0.258727 -0.965951 0
    outer loop
      vertex 3.14498 12.6138 -1.5
      vertex 3.58329 12.4964 1.5
      vertex 3.14498 12.6138 1.5
    endloop
  endfacet
  facet normal -0.258727 -0.965951 -0
    outer loop
      vertex 3.58329 12.4964 1.5
      vertex 3.14498 12.6138 -1.5
      vertex 3.58329 12.4964 -1.5
    endloop
  endfacet
  facet normal -0.974357 -0.225006 0
    outer loop
      vertex 12.7159 2.70285 -1.5
      vertex 12.6138 3.14498 1.5
      vertex 12.6138 3.14498 -1.5
    endloop
  endfacet
  facet normal -0.974357 -0.225006 0
    outer loop
      vertex 12.6138 3.14498 1.5
      vertex 12.7159 2.70285 -1.5
      vertex 12.7159 2.70285 1.5
    endloop
  endfacet
  facet normal -0.731359 0.681993 0
    outer loop
      vertex 9.35142 -9.03056 -1.5
      vertex 9.66088 -8.6987 1.5
      vertex 9.66088 -8.6987 -1.5
    endloop
  endfacet
  facet normal -0.731359 0.681993 0
    outer loop
      vertex 9.66088 -8.6987 1.5
      vertex 9.35142 -9.03056 -1.5
      vertex 9.35142 -9.03056 1.5
    endloop
  endfacet
  facet normal -0.19085 -0.981619 0
    outer loop
      vertex 2.25743 12.8025 -1.5
      vertex 2.70285 12.7159 1.5
      vertex 2.25743 12.8025 1.5
    endloop
  endfacet
  facet normal -0.19085 -0.981619 -0
    outer loop
      vertex 2.70285 12.7159 1.5
      vertex 2.25743 12.8025 -1.5
      vertex 2.70285 12.7159 -1.5
    endloop
  endfacet
  facet normal 0.656064 -0.754705 0
    outer loop
      vertex -8.6987 9.66088 -1.5
      vertex -8.35624 9.95858 1.5
      vertex -8.6987 9.66088 1.5
    endloop
  endfacet
  facet normal 0.656064 -0.754705 0
    outer loop
      vertex -8.35624 9.95858 1.5
      vertex -8.6987 9.66088 -1.5
      vertex -8.35624 9.95858 -1.5
    endloop
  endfacet
  facet normal -0.754705 0.656064 0
    outer loop
      vertex 9.66088 -8.6987 -1.5
      vertex 9.95858 -8.35624 1.5
      vertex 9.95858 -8.35624 -1.5
    endloop
  endfacet
  facet normal -0.754705 0.656064 0
    outer loop
      vertex 9.95858 -8.35624 1.5
      vertex 9.66088 -8.6987 -1.5
      vertex 9.66088 -8.6987 1.5
    endloop
  endfacet
  facet normal 0.05245 -0.998624 0
    outer loop
      vertex -0.906834 12.9683 -1.5
      vertex -0.453693 12.9921 1.5
      vertex -0.906834 12.9683 1.5
    endloop
  endfacet
  facet normal 0.05245 -0.998624 0
    outer loop
      vertex -0.453693 12.9921 1.5
      vertex -0.906834 12.9683 -1.5
      vertex -0.453693 12.9921 -1.5
    endloop
  endfacet
  facet normal 0.51503 -0.857172 0
    outer loop
      vertex -6.88895 11.0246 -1.5
      vertex -6.5 11.2583 1.5
      vertex -6.88895 11.0246 1.5
    endloop
  endfacet
  facet normal 0.51503 -0.857172 0
    outer loop
      vertex -6.5 11.2583 1.5
      vertex -6.88895 11.0246 -1.5
      vertex -6.5 11.2583 -1.5
    endloop
  endfacet
  facet normal -0.656064 0.754705 0
    outer loop
      vertex 8.6987 -9.66088 -1.5
      vertex 8.35624 -9.95858 1.5
      vertex 8.6987 -9.66088 1.5
    endloop
  endfacet
  facet normal -0.656064 0.754705 0
    outer loop
      vertex 8.35624 -9.95858 1.5
      vertex 8.6987 -9.66088 -1.5
      vertex 8.35624 -9.95858 -1.5
    endloop
  endfacet
  facet normal 0.12187 -0.992546 0
    outer loop
      vertex -1.80925 12.8735 -1.5
      vertex -1.35887 12.9288 1.5
      vertex -1.80925 12.8735 1.5
    endloop
  endfacet
  facet normal 0.12187 -0.992546 0
    outer loop
      vertex -1.35887 12.9288 1.5
      vertex -1.80925 12.8735 -1.5
      vertex -1.35887 12.9288 -1.5
    endloop
  endfacet
  facet normal -0.156467 -0.987683 0
    outer loop
      vertex 1.80925 12.8735 -1.5
      vertex 2.25743 12.8025 1.5
      vertex 1.80925 12.8735 1.5
    endloop
  endfacet
  facet normal -0.156467 -0.987683 -0
    outer loop
      vertex 2.25743 12.8025 1.5
      vertex 1.80925 12.8735 -1.5
      vertex 2.25743 12.8025 -1.5
    endloop
  endfacet
  facet normal -0.45398 0.891012 0
    outer loop
      vertex 6.10313 -11.4783 -1.5
      vertex 5.69882 -11.6843 1.5
      vertex 6.10313 -11.4783 1.5
    endloop
  endfacet
  facet normal -0.45398 0.891012 0
    outer loop
      vertex 5.69882 -11.6843 1.5
      vertex 6.10313 -11.4783 -1.5
      vertex 5.69882 -11.6843 -1.5
    endloop
  endfacet
  facet normal 0.987683 0.156467 0
    outer loop
      vertex -12.8025 -2.25743 1.5
      vertex -12.8735 -1.80925 -1.5
      vertex -12.8735 -1.80925 1.5
    endloop
  endfacet
  facet normal 0.987683 0.156467 0
    outer loop
      vertex -12.8735 -1.80925 -1.5
      vertex -12.8025 -2.25743 1.5
      vertex -12.8025 -2.25743 -1.5
    endloop
  endfacet
  facet normal 0.992546 0.12187 0
    outer loop
      vertex -12.8735 -1.80925 1.5
      vertex -12.9288 -1.35887 -1.5
      vertex -12.9288 -1.35887 1.5
    endloop
  endfacet
  facet normal 0.992546 0.12187 0
    outer loop
      vertex -12.9288 -1.35887 -1.5
      vertex -12.8735 -1.80925 1.5
      vertex -12.8735 -1.80925 -1.5
    endloop
  endfacet
  facet normal 0.19085 -0.981619 0
    outer loop
      vertex -2.70285 12.7159 -1.5
      vertex -2.25743 12.8025 1.5
      vertex -2.70285 12.7159 1.5
    endloop
  endfacet
  facet normal 0.19085 -0.981619 0
    outer loop
      vertex -2.25743 12.8025 1.5
      vertex -2.70285 12.7159 -1.5
      vertex -2.25743 12.8025 -1.5
    endloop
  endfacet
  facet normal 0.51503 0.857172 -0
    outer loop
      vertex -6.5 -11.2583 -1.5
      vertex -6.88895 -11.0246 1.5
      vertex -6.5 -11.2583 1.5
    endloop
  endfacet
  facet normal 0.51503 0.857172 0
    outer loop
      vertex -6.88895 -11.0246 1.5
      vertex -6.5 -11.2583 -1.5
      vertex -6.88895 -11.0246 -1.5
    endloop
  endfacet
  facet normal 0.358337 -0.933592 0
    outer loop
      vertex -4.86989 12.0534 -1.5
      vertex -4.44626 12.216 1.5
      vertex -4.86989 12.0534 1.5
    endloop
  endfacet
  facet normal 0.358337 -0.933592 0
    outer loop
      vertex -4.44626 12.216 1.5
      vertex -4.86989 12.0534 -1.5
      vertex -4.44626 12.216 -1.5
    endloop
  endfacet
  facet normal -0.920504 -0.390733 0
    outer loop
      vertex 12.0534 4.86989 -1.5
      vertex 11.8761 5.28758 1.5
      vertex 11.8761 5.28758 -1.5
    endloop
  endfacet
  facet normal -0.920504 -0.390733 0
    outer loop
      vertex 11.8761 5.28758 1.5
      vertex 12.0534 4.86989 -1.5
      vertex 12.0534 4.86989 1.5
    endloop
  endfacet
  facet normal -0.933592 -0.358337 0
    outer loop
      vertex 12.216 4.44626 -1.5
      vertex 12.0534 4.86989 1.5
      vertex 12.0534 4.86989 -1.5
    endloop
  endfacet
  facet normal -0.933592 -0.358337 0
    outer loop
      vertex 12.0534 4.86989 1.5
      vertex 12.216 4.44626 -1.5
      vertex 12.216 4.44626 1.5
    endloop
  endfacet
  facet normal -0.225006 -0.974357 0
    outer loop
      vertex 2.70285 12.7159 -1.5
      vertex 3.14498 12.6138 1.5
      vertex 2.70285 12.7159 1.5
    endloop
  endfacet
  facet normal -0.225006 -0.974357 -0
    outer loop
      vertex 3.14498 12.6138 1.5
      vertex 2.70285 12.7159 -1.5
      vertex 3.14498 12.6138 -1.5
    endloop
  endfacet
  facet normal -0.731359 -0.681993 0
    outer loop
      vertex 9.66088 8.6987 -1.5
      vertex 9.35142 9.03056 1.5
      vertex 9.35142 9.03056 -1.5
    endloop
  endfacet
  facet normal -0.731359 -0.681993 0
    outer loop
      vertex 9.35142 9.03056 1.5
      vertex 9.66088 8.6987 -1.5
      vertex 9.66088 8.6987 1.5
    endloop
  endfacet
  facet normal 0.998624 0.05245 0
    outer loop
      vertex -12.9683 -0.906834 1.5
      vertex -12.9921 -0.453693 -1.5
      vertex -12.9921 -0.453693 1.5
    endloop
  endfacet
  facet normal 0.998624 0.05245 0
    outer loop
      vertex -12.9921 -0.453693 -1.5
      vertex -12.9683 -0.906834 1.5
      vertex -12.9683 -0.906834 -1.5
    endloop
  endfacet
  facet normal 0.956284 0.292441 0
    outer loop
      vertex -12.3637 -4.01722 1.5
      vertex -12.4964 -3.58329 -1.5
      vertex -12.4964 -3.58329 1.5
    endloop
  endfacet
  facet normal 0.956284 0.292441 0
    outer loop
      vertex -12.4964 -3.58329 -1.5
      vertex -12.3637 -4.01722 1.5
      vertex -12.3637 -4.01722 -1.5
    endloop
  endfacet
  facet normal 0.731359 0.681993 0
    outer loop
      vertex -9.35142 -9.03056 1.5
      vertex -9.66088 -8.6987 -1.5
      vertex -9.66088 -8.6987 1.5
    endloop
  endfacet
  facet normal 0.731359 0.681993 0
    outer loop
      vertex -9.66088 -8.6987 -1.5
      vertex -9.35142 -9.03056 1.5
      vertex -9.35142 -9.03056 -1.5
    endloop
  endfacet
  facet normal 0.707107 -0.707107 0
    outer loop
      vertex -9.35142 9.03056 1.5
      vertex -9.03056 9.35142 -1.5
      vertex -9.03056 9.35142 1.5
    endloop
  endfacet
  facet normal 0.707107 -0.707107 0
    outer loop
      vertex -9.03056 9.35142 -1.5
      vertex -9.35142 9.03056 1.5
      vertex -9.35142 9.03056 -1.5
    endloop
  endfacet
  facet normal -0.891012 -0.45398 0
    outer loop
      vertex 11.6843 5.69882 -1.5
      vertex 11.4783 6.10313 1.5
      vertex 11.4783 6.10313 -1.5
    endloop
  endfacet
  facet normal -0.891012 -0.45398 0
    outer loop
      vertex 11.4783 6.10313 1.5
      vertex 11.6843 5.69882 -1.5
      vertex 11.6843 5.69882 1.5
    endloop
  endfacet
  facet normal 0.12187 0.992546 -0
    outer loop
      vertex -1.35887 -12.9288 -1.5
      vertex -1.80925 -12.8735 1.5
      vertex -1.35887 -12.9288 1.5
    endloop
  endfacet
  facet normal 0.12187 0.992546 0
    outer loop
      vertex -1.80925 -12.8735 1.5
      vertex -1.35887 -12.9288 -1.5
      vertex -1.80925 -12.8735 -1.5
    endloop
  endfacet
  facet normal -0.874609 -0.484829 0
    outer loop
      vertex 11.4783 6.10313 -1.5
      vertex 11.2583 6.5 1.5
      vertex 11.2583 6.5 -1.5
    endloop
  endfacet
  facet normal -0.874609 -0.484829 0
    outer loop
      vertex 11.2583 6.5 1.5
      vertex 11.4783 6.10313 -1.5
      vertex 11.4783 6.10313 1.5
    endloop
  endfacet
  facet normal 0.819118 -0.573625 0
    outer loop
      vertex -10.7775 7.26951 1.5
      vertex -10.5172 7.64121 -1.5
      vertex -10.5172 7.64121 1.5
    endloop
  endfacet
  facet normal 0.819118 -0.573625 0
    outer loop
      vertex -10.5172 7.64121 -1.5
      vertex -10.7775 7.26951 1.5
      vertex -10.7775 7.26951 -1.5
    endloop
  endfacet
  facet normal -0.754705 -0.656064 0
    outer loop
      vertex 9.95858 8.35624 -1.5
      vertex 9.66088 8.6987 1.5
      vertex 9.66088 8.6987 -1.5
    endloop
  endfacet
  facet normal -0.754705 -0.656064 0
    outer loop
      vertex 9.66088 8.6987 1.5
      vertex 9.95858 8.35624 -1.5
      vertex 9.95858 8.35624 1.5
    endloop
  endfacet
  facet normal -0.874609 0.484829 0
    outer loop
      vertex 11.2583 -6.5 -1.5
      vertex 11.4783 -6.10313 1.5
      vertex 11.4783 -6.10313 -1.5
    endloop
  endfacet
  facet normal -0.874609 0.484829 0
    outer loop
      vertex 11.4783 -6.10313 1.5
      vertex 11.2583 -6.5 -1.5
      vertex 11.2583 -6.5 1.5
    endloop
  endfacet
  facet normal -0.974357 0.225006 0
    outer loop
      vertex 12.6138 -3.14498 -1.5
      vertex 12.7159 -2.70285 1.5
      vertex 12.7159 -2.70285 -1.5
    endloop
  endfacet
  facet normal -0.974357 0.225006 0
    outer loop
      vertex 12.7159 -2.70285 1.5
      vertex 12.6138 -3.14498 -1.5
      vertex 12.6138 -3.14498 1.5
    endloop
  endfacet
  facet normal -0.681993 0.731359 0
    outer loop
      vertex 9.03056 -9.35142 -1.5
      vertex 8.6987 -9.66088 1.5
      vertex 9.03056 -9.35142 1.5
    endloop
  endfacet
  facet normal -0.681993 0.731359 0
    outer loop
      vertex 8.6987 -9.66088 1.5
      vertex 9.03056 -9.35142 -1.5
      vertex 8.6987 -9.66088 -1.5
    endloop
  endfacet
  facet normal 0.484829 -0.874609 0
    outer loop
      vertex -6.5 11.2583 -1.5
      vertex -6.10313 11.4783 1.5
      vertex -6.5 11.2583 1.5
    endloop
  endfacet
  facet normal 0.484829 -0.874609 0
    outer loop
      vertex -6.10313 11.4783 1.5
      vertex -6.5 11.2583 -1.5
      vertex -6.10313 11.4783 -1.5
    endloop
  endfacet
  facet normal 0.777191 -0.629264 0
    outer loop
      vertex -10.2441 8.0036 1.5
      vertex -9.95858 8.35624 -1.5
      vertex -9.95858 8.35624 1.5
    endloop
  endfacet
  facet normal 0.777191 -0.629264 0
    outer loop
      vertex -9.95858 8.35624 -1.5
      vertex -10.2441 8.0036 1.5
      vertex -10.2441 8.0036 -1.5
    endloop
  endfacet
  facet normal 0.601842 0.798615 -0
    outer loop
      vertex -7.64121 -10.5172 -1.5
      vertex -8.0036 -10.2441 1.5
      vertex -7.64121 -10.5172 1.5
    endloop
  endfacet
  facet normal 0.601842 0.798615 0
    outer loop
      vertex -8.0036 -10.2441 1.5
      vertex -7.64121 -10.5172 -1.5
      vertex -8.0036 -10.2441 -1.5
    endloop
  endfacet
  facet normal -0.933592 0.358337 0
    outer loop
      vertex 12.0534 -4.86989 -1.5
      vertex 12.216 -4.44626 1.5
      vertex 12.216 -4.44626 -1.5
    endloop
  endfacet
  facet normal -0.933592 0.358337 0
    outer loop
      vertex 12.216 -4.44626 1.5
      vertex 12.0534 -4.86989 -1.5
      vertex 12.0534 -4.86989 1.5
    endloop
  endfacet
  facet normal 0.544579 -0.838709 0
    outer loop
      vertex -7.26951 10.7775 -1.5
      vertex -6.88895 11.0246 1.5
      vertex -7.26951 10.7775 1.5
    endloop
  endfacet
  facet normal 0.544579 -0.838709 0
    outer loop
      vertex -6.88895 11.0246 1.5
      vertex -7.26951 10.7775 -1.5
      vertex -6.88895 11.0246 -1.5
    endloop
  endfacet
  facet normal -0.544579 0.838709 0
    outer loop
      vertex 7.26951 -10.7775 -1.5
      vertex 6.88895 -11.0246 1.5
      vertex 7.26951 -10.7775 1.5
    endloop
  endfacet
  facet normal -0.544579 0.838709 0
    outer loop
      vertex 6.88895 -11.0246 1.5
      vertex 7.26951 -10.7775 -1.5
      vertex 6.88895 -11.0246 -1.5
    endloop
  endfacet
  facet normal -0.798615 -0.601842 0
    outer loop
      vertex 10.5172 7.64121 -1.5
      vertex 10.2441 8.0036 1.5
      vertex 10.2441 8.0036 -1.5
    endloop
  endfacet
  facet normal -0.798615 -0.601842 0
    outer loop
      vertex 10.2441 8.0036 1.5
      vertex 10.5172 7.64121 -1.5
      vertex 10.5172 7.64121 1.5
    endloop
  endfacet
  facet normal -0.19085 0.981619 0
    outer loop
      vertex 2.70285 -12.7159 -1.5
      vertex 2.25743 -12.8025 1.5
      vertex 2.70285 -12.7159 1.5
    endloop
  endfacet
  facet normal -0.19085 0.981619 0
    outer loop
      vertex 2.25743 -12.8025 1.5
      vertex 2.70285 -12.7159 -1.5
      vertex 2.25743 -12.8025 -1.5
    endloop
  endfacet
  facet normal -0.992546 0.12187 0
    outer loop
      vertex 12.8735 -1.80925 -1.5
      vertex 12.9288 -1.35887 1.5
      vertex 12.9288 -1.35887 -1.5
    endloop
  endfacet
  facet normal -0.992546 0.12187 0
    outer loop
      vertex 12.9288 -1.35887 1.5
      vertex 12.8735 -1.80925 -1.5
      vertex 12.8735 -1.80925 1.5
    endloop
  endfacet
  facet normal -0.12187 0.992546 0
    outer loop
      vertex 1.80925 -12.8735 -1.5
      vertex 1.35887 -12.9288 1.5
      vertex 1.80925 -12.8735 1.5
    endloop
  endfacet
  facet normal -0.12187 0.992546 0
    outer loop
      vertex 1.35887 -12.9288 1.5
      vertex 1.80925 -12.8735 -1.5
      vertex 1.35887 -12.9288 -1.5
    endloop
  endfacet
  facet normal 0.390733 0.920504 -0
    outer loop
      vertex -4.86989 -12.0534 -1.5
      vertex -5.28758 -11.8761 1.5
      vertex -4.86989 -12.0534 1.5
    endloop
  endfacet
  facet normal 0.390733 0.920504 0
    outer loop
      vertex -5.28758 -11.8761 1.5
      vertex -4.86989 -12.0534 -1.5
      vertex -5.28758 -11.8761 -1.5
    endloop
  endfacet
  facet normal 0.156467 0.987683 -0
    outer loop
      vertex -1.80925 -12.8735 -1.5
      vertex -2.25743 -12.8025 1.5
      vertex -1.80925 -12.8735 1.5
    endloop
  endfacet
  facet normal 0.156467 0.987683 0
    outer loop
      vertex -2.25743 -12.8025 1.5
      vertex -1.80925 -12.8735 -1.5
      vertex -2.25743 -12.8025 -1.5
    endloop
  endfacet
  facet normal -0.358337 -0.933592 0
    outer loop
      vertex 4.44626 12.216 -1.5
      vertex 4.86989 12.0534 1.5
      vertex 4.44626 12.216 1.5
    endloop
  endfacet
  facet normal -0.358337 -0.933592 -0
    outer loop
      vertex 4.86989 12.0534 1.5
      vertex 4.44626 12.216 -1.5
      vertex 4.86989 12.0534 -1.5
    endloop
  endfacet
  facet normal -0.629264 0.777191 0
    outer loop
      vertex 8.35624 -9.95858 -1.5
      vertex 8.0036 -10.2441 1.5
      vertex 8.35624 -9.95858 1.5
    endloop
  endfacet
  facet normal -0.629264 0.777191 0
    outer loop
      vertex 8.0036 -10.2441 1.5
      vertex 8.35624 -9.95858 -1.5
      vertex 8.0036 -10.2441 -1.5
    endloop
  endfacet
  facet normal -0.945539 0.325508 0
    outer loop
      vertex 12.216 -4.44626 -1.5
      vertex 12.3637 -4.01722 1.5
      vertex 12.3637 -4.01722 -1.5
    endloop
  endfacet
  facet normal -0.945539 0.325508 0
    outer loop
      vertex 12.3637 -4.01722 1.5
      vertex 12.216 -4.44626 -1.5
      vertex 12.216 -4.44626 1.5
    endloop
  endfacet
  facet normal 0.838709 0.544579 0
    outer loop
      vertex -10.7775 -7.26951 1.5
      vertex -11.0246 -6.88895 -1.5
      vertex -11.0246 -6.88895 1.5
    endloop
  endfacet
  facet normal 0.838709 0.544579 0
    outer loop
      vertex -11.0246 -6.88895 -1.5
      vertex -10.7775 -7.26951 1.5
      vertex -10.7775 -7.26951 -1.5
    endloop
  endfacet
  facet normal 0.325508 -0.945539 0
    outer loop
      vertex -4.44626 12.216 -1.5
      vertex -4.01722 12.3637 1.5
      vertex -4.44626 12.216 1.5
    endloop
  endfacet
  facet normal 0.325508 -0.945539 0
    outer loop
      vertex -4.01722 12.3637 1.5
      vertex -4.44626 12.216 -1.5
      vertex -4.01722 12.3637 -1.5
    endloop
  endfacet
  facet normal 0.798615 0.601842 0
    outer loop
      vertex -10.2441 -8.0036 1.5
      vertex -10.5172 -7.64121 -1.5
      vertex -10.5172 -7.64121 1.5
    endloop
  endfacet
  facet normal 0.798615 0.601842 0
    outer loop
      vertex -10.5172 -7.64121 -1.5
      vertex -10.2441 -8.0036 1.5
      vertex -10.2441 -8.0036 -1.5
    endloop
  endfacet
  facet normal 0.681993 -0.731359 0
    outer loop
      vertex -9.03056 9.35142 -1.5
      vertex -8.6987 9.66088 1.5
      vertex -9.03056 9.35142 1.5
    endloop
  endfacet
  facet normal 0.681993 -0.731359 0
    outer loop
      vertex -8.6987 9.66088 1.5
      vertex -9.03056 9.35142 -1.5
      vertex -8.6987 9.66088 -1.5
    endloop
  endfacet
  facet normal -0.484829 -0.874609 0
    outer loop
      vertex 6.10313 11.4783 -1.5
      vertex 6.5 11.2583 1.5
      vertex 6.10313 11.4783 1.5
    endloop
  endfacet
  facet normal -0.484829 -0.874609 -0
    outer loop
      vertex 6.5 11.2583 1.5
      vertex 6.10313 11.4783 -1.5
      vertex 6.5 11.2583 -1.5
    endloop
  endfacet
  facet normal -0.45398 -0.891012 0
    outer loop
      vertex 5.69882 11.6843 -1.5
      vertex 6.10313 11.4783 1.5
      vertex 5.69882 11.6843 1.5
    endloop
  endfacet
  facet normal -0.45398 -0.891012 -0
    outer loop
      vertex 6.10313 11.4783 1.5
      vertex 5.69882 11.6843 -1.5
      vertex 6.10313 11.4783 -1.5
    endloop
  endfacet
  facet normal -0.819118 -0.573625 0
    outer loop
      vertex 10.7775 7.26951 -1.5
      vertex 10.5172 7.64121 1.5
      vertex 10.5172 7.64121 -1.5
    endloop
  endfacet
  facet normal -0.819118 -0.573625 0
    outer loop
      vertex 10.5172 7.64121 1.5
      vertex 10.7775 7.26951 -1.5
      vertex 10.7775 7.26951 1.5
    endloop
  endfacet
  facet normal -0.981619 0.19085 0
    outer loop
      vertex 12.7159 -2.70285 -1.5
      vertex 12.8025 -2.25743 1.5
      vertex 12.8025 -2.25743 -1.5
    endloop
  endfacet
  facet normal -0.981619 0.19085 0
    outer loop
      vertex 12.8025 -2.25743 1.5
      vertex 12.7159 -2.70285 -1.5
      vertex 12.7159 -2.70285 1.5
    endloop
  endfacet
  facet normal -0.965951 -0.258727 0
    outer loop
      vertex 12.6138 3.14498 -1.5
      vertex 12.4964 3.58329 1.5
      vertex 12.4964 3.58329 -1.5
    endloop
  endfacet
  facet normal -0.965951 -0.258727 0
    outer loop
      vertex 12.4964 3.58329 1.5
      vertex 12.6138 3.14498 -1.5
      vertex 12.6138 3.14498 1.5
    endloop
  endfacet
  facet normal -0.05245 -0.998624 0
    outer loop
      vertex 0.453693 12.9921 -1.5
      vertex 0.906834 12.9683 1.5
      vertex 0.453693 12.9921 1.5
    endloop
  endfacet
  facet normal -0.05245 -0.998624 -0
    outer loop
      vertex 0.906834 12.9683 1.5
      vertex 0.453693 12.9921 -1.5
      vertex 0.906834 12.9683 -1.5
    endloop
  endfacet
  facet normal -0.798615 0.601842 0
    outer loop
      vertex 10.2441 -8.0036 -1.5
      vertex 10.5172 -7.64121 1.5
      vertex 10.5172 -7.64121 -1.5
    endloop
  endfacet
  facet normal -0.798615 0.601842 0
    outer loop
      vertex 10.5172 -7.64121 1.5
      vertex 10.2441 -8.0036 -1.5
      vertex 10.2441 -8.0036 1.5
    endloop
  endfacet
  facet normal 0.956284 -0.292441 0
    outer loop
      vertex -12.4964 3.58329 1.5
      vertex -12.3637 4.01722 -1.5
      vertex -12.3637 4.01722 1.5
    endloop
  endfacet
  facet normal 0.956284 -0.292441 0
    outer loop
      vertex -12.3637 4.01722 -1.5
      vertex -12.4964 3.58329 1.5
      vertex -12.4964 3.58329 -1.5
    endloop
  endfacet
  facet normal -0.390733 0.920504 0
    outer loop
      vertex 5.28758 -11.8761 -1.5
      vertex 4.86989 -12.0534 1.5
      vertex 5.28758 -11.8761 1.5
    endloop
  endfacet
  facet normal -0.390733 0.920504 0
    outer loop
      vertex 4.86989 -12.0534 1.5
      vertex 5.28758 -11.8761 -1.5
      vertex 4.86989 -12.0534 -1.5
    endloop
  endfacet
  facet normal 0.01741 0.999848 -0
    outer loop
      vertex 0 -13 -1.5
      vertex -0.453693 -12.9921 1.5
      vertex 0 -13 1.5
    endloop
  endfacet
  facet normal 0.01741 0.999848 0
    outer loop
      vertex -0.453693 -12.9921 1.5
      vertex 0 -13 -1.5
      vertex -0.453693 -12.9921 -1.5
    endloop
  endfacet
  facet normal -0.656064 -0.754705 0
    outer loop
      vertex 8.35624 9.95858 -1.5
      vertex 8.6987 9.66088 1.5
      vertex 8.35624 9.95858 1.5
    endloop
  endfacet
  facet normal -0.656064 -0.754705 -0
    outer loop
      vertex 8.6987 9.66088 1.5
      vertex 8.35624 9.95858 -1.5
      vertex 8.6987 9.66088 -1.5
    endloop
  endfacet
  facet normal -0.0870507 -0.996204 0
    outer loop
      vertex 0.906834 12.9683 -1.5
      vertex 1.35887 12.9288 1.5
      vertex 0.906834 12.9683 1.5
    endloop
  endfacet
  facet normal -0.0870507 -0.996204 -0
    outer loop
      vertex 1.35887 12.9288 1.5
      vertex 0.906834 12.9683 -1.5
      vertex 1.35887 12.9288 -1.5
    endloop
  endfacet
  facet normal 0.225006 -0.974357 0
    outer loop
      vertex -3.14498 12.6138 -1.5
      vertex -2.70285 12.7159 1.5
      vertex -3.14498 12.6138 1.5
    endloop
  endfacet
  facet normal 0.225006 -0.974357 0
    outer loop
      vertex -2.70285 12.7159 1.5
      vertex -3.14498 12.6138 -1.5
      vertex -2.70285 12.7159 -1.5
    endloop
  endfacet
  facet normal -0.945539 -0.325508 0
    outer loop
      vertex 12.3637 4.01722 -1.5
      vertex 12.216 4.44626 1.5
      vertex 12.216 4.44626 -1.5
    endloop
  endfacet
  facet normal -0.945539 -0.325508 0
    outer loop
      vertex 12.216 4.44626 1.5
      vertex 12.3637 4.01722 -1.5
      vertex 12.3637 4.01722 1.5
    endloop
  endfacet
  facet normal -0.996204 0.0870507 0
    outer loop
      vertex 12.9288 -1.35887 -1.5
      vertex 12.9683 -0.906834 1.5
      vertex 12.9683 -0.906834 -1.5
    endloop
  endfacet
  facet normal -0.996204 0.0870507 0
    outer loop
      vertex 12.9683 -0.906834 1.5
      vertex 12.9288 -1.35887 -1.5
      vertex 12.9288 -1.35887 1.5
    endloop
  endfacet
  facet normal 0.754705 -0.656064 0
    outer loop
      vertex -9.95858 8.35624 1.5
      vertex -9.66088 8.6987 -1.5
      vertex -9.66088 8.6987 1.5
    endloop
  endfacet
  facet normal 0.754705 -0.656064 0
    outer loop
      vertex -9.66088 8.6987 -1.5
      vertex -9.95858 8.35624 1.5
      vertex -9.95858 8.35624 -1.5
    endloop
  endfacet
  facet normal 0.656064 0.754705 -0
    outer loop
      vertex -8.35624 -9.95858 -1.5
      vertex -8.6987 -9.66088 1.5
      vertex -8.35624 -9.95858 1.5
    endloop
  endfacet
  facet normal 0.656064 0.754705 0
    outer loop
      vertex -8.6987 -9.66088 1.5
      vertex -8.35624 -9.95858 -1.5
      vertex -8.6987 -9.66088 -1.5
    endloop
  endfacet
  facet normal -0.292441 -0.956284 0
    outer loop
      vertex 3.58329 12.4964 -1.5
      vertex 4.01722 12.3637 1.5
      vertex 3.58329 12.4964 1.5
    endloop
  endfacet
  facet normal -0.292441 -0.956284 -0
    outer loop
      vertex 4.01722 12.3637 1.5
      vertex 3.58329 12.4964 -1.5
      vertex 4.01722 12.3637 -1.5
    endloop
  endfacet
  facet normal 0.999848 -0.01741 0
    outer loop
      vertex -13 0 1.5
      vertex -12.9921 0.453693 -1.5
      vertex -12.9921 0.453693 1.5
    endloop
  endfacet
  facet normal 0.999848 -0.01741 0
    outer loop
      vertex -12.9921 0.453693 -1.5
      vertex -13 0 1.5
      vertex -13 0 -1.5
    endloop
  endfacet
  facet normal 0.987683 -0.156467 0
    outer loop
      vertex -12.8735 1.80925 1.5
      vertex -12.8025 2.25743 -1.5
      vertex -12.8025 2.25743 1.5
    endloop
  endfacet
  facet normal 0.987683 -0.156467 0
    outer loop
      vertex -12.8025 2.25743 -1.5
      vertex -12.8735 1.80925 1.5
      vertex -12.8735 1.80925 -1.5
    endloop
  endfacet
  facet normal 0.992546 -0.12187 0
    outer loop
      vertex -12.9288 1.35887 1.5
      vertex -12.8735 1.80925 -1.5
      vertex -12.8735 1.80925 1.5
    endloop
  endfacet
  facet normal 0.992546 -0.12187 0
    outer loop
      vertex -12.8735 1.80925 -1.5
      vertex -12.9288 1.35887 1.5
      vertex -12.9288 1.35887 -1.5
    endloop
  endfacet
  facet normal 0.965951 0.258727 0
    outer loop
      vertex -12.4964 -3.58329 1.5
      vertex -12.6138 -3.14498 -1.5
      vertex -12.6138 -3.14498 1.5
    endloop
  endfacet
  facet normal 0.965951 0.258727 0
    outer loop
      vertex -12.6138 -3.14498 -1.5
      vertex -12.4964 -3.58329 1.5
      vertex -12.4964 -3.58329 -1.5
    endloop
  endfacet
  facet normal 0.974357 -0.225006 0
    outer loop
      vertex -12.7159 2.70285 1.5
      vertex -12.6138 3.14498 -1.5
      vertex -12.6138 3.14498 1.5
    endloop
  endfacet
  facet normal 0.974357 -0.225006 0
    outer loop
      vertex -12.6138 3.14498 -1.5
      vertex -12.7159 2.70285 1.5
      vertex -12.7159 2.70285 -1.5
    endloop
  endfacet
  facet normal -0.998624 0.05245 0
    outer loop
      vertex 12.9683 -0.906834 -1.5
      vertex 12.9921 -0.453693 1.5
      vertex 12.9921 -0.453693 -1.5
    endloop
  endfacet
  facet normal -0.998624 0.05245 0
    outer loop
      vertex 12.9921 -0.453693 1.5
      vertex 12.9683 -0.906834 -1.5
      vertex 12.9683 -0.906834 1.5
    endloop
  endfacet
  facet normal 0.0870507 -0.996204 0
    outer loop
      vertex -1.35887 12.9288 -1.5
      vertex -0.906834 12.9683 1.5
      vertex -1.35887 12.9288 1.5
    endloop
  endfacet
  facet normal 0.0870507 -0.996204 0
    outer loop
      vertex -0.906834 12.9683 1.5
      vertex -1.35887 12.9288 -1.5
      vertex -0.906834 12.9683 -1.5
    endloop
  endfacet
  facet normal -0.422683 0.906278 0
    outer loop
      vertex 5.69882 -11.6843 -1.5
      vertex 5.28758 -11.8761 1.5
      vertex 5.69882 -11.6843 1.5
    endloop
  endfacet
  facet normal -0.422683 0.906278 0
    outer loop
      vertex 5.28758 -11.8761 1.5
      vertex 5.69882 -11.6843 -1.5
      vertex 5.28758 -11.8761 -1.5
    endloop
  endfacet
  facet normal 0.573625 0.819118 -0
    outer loop
      vertex -7.26951 -10.7775 -1.5
      vertex -7.64121 -10.5172 1.5
      vertex -7.26951 -10.7775 1.5
    endloop
  endfacet
  facet normal 0.573625 0.819118 0
    outer loop
      vertex -7.64121 -10.5172 1.5
      vertex -7.26951 -10.7775 -1.5
      vertex -7.64121 -10.5172 -1.5
    endloop
  endfacet
  facet normal 0.292441 0.956284 -0
    outer loop
      vertex -3.58329 -12.4964 -1.5
      vertex -4.01722 -12.3637 1.5
      vertex -3.58329 -12.4964 1.5
    endloop
  endfacet
  facet normal 0.292441 0.956284 0
    outer loop
      vertex -4.01722 -12.3637 1.5
      vertex -3.58329 -12.4964 -1.5
      vertex -4.01722 -12.3637 -1.5
    endloop
  endfacet
  facet normal 0.754705 0.656064 0
    outer loop
      vertex -9.66088 -8.6987 1.5
      vertex -9.95858 -8.35624 -1.5
      vertex -9.95858 -8.35624 1.5
    endloop
  endfacet
  facet normal 0.754705 0.656064 0
    outer loop
      vertex -9.95858 -8.35624 -1.5
      vertex -9.66088 -8.6987 1.5
      vertex -9.66088 -8.6987 -1.5
    endloop
  endfacet
  facet normal 0.857172 0.51503 0
    outer loop
      vertex -11.0246 -6.88895 1.5
      vertex -11.2583 -6.5 -1.5
      vertex -11.2583 -6.5 1.5
    endloop
  endfacet
  facet normal 0.857172 0.51503 0
    outer loop
      vertex -11.2583 -6.5 -1.5
      vertex -11.0246 -6.88895 1.5
      vertex -11.0246 -6.88895 -1.5
    endloop
  endfacet
  facet normal -0.225006 0.974357 0
    outer loop
      vertex 3.14498 -12.6138 -1.5
      vertex 2.70285 -12.7159 1.5
      vertex 3.14498 -12.6138 1.5
    endloop
  endfacet
  facet normal -0.225006 0.974357 0
    outer loop
      vertex 2.70285 -12.7159 1.5
      vertex 3.14498 -12.6138 -1.5
      vertex 2.70285 -12.7159 -1.5
    endloop
  endfacet
  facet normal 0.0870507 0.996204 -0
    outer loop
      vertex -0.906834 -12.9683 -1.5
      vertex -1.35887 -12.9288 1.5
      vertex -0.906834 -12.9683 1.5
    endloop
  endfacet
  facet normal 0.0870507 0.996204 0
    outer loop
      vertex -1.35887 -12.9288 1.5
      vertex -0.906834 -12.9683 -1.5
      vertex -1.35887 -12.9288 -1.5
    endloop
  endfacet
  facet normal 0.45398 -0.891012 0
    outer loop
      vertex -6.10313 11.4783 -1.5
      vertex -5.69882 11.6843 1.5
      vertex -6.10313 11.4783 1.5
    endloop
  endfacet
  facet normal 0.45398 -0.891012 0
    outer loop
      vertex -5.69882 11.6843 1.5
      vertex -6.10313 11.4783 -1.5
      vertex -5.69882 11.6843 -1.5
    endloop
  endfacet
  facet normal -0.601842 0.798615 0
    outer loop
      vertex 8.0036 -10.2441 -1.5
      vertex 7.64121 -10.5172 1.5
      vertex 8.0036 -10.2441 1.5
    endloop
  endfacet
  facet normal -0.601842 0.798615 0
    outer loop
      vertex 7.64121 -10.5172 1.5
      vertex 8.0036 -10.2441 -1.5
      vertex 7.64121 -10.5172 -1.5
    endloop
  endfacet
  facet normal -0.0870507 0.996204 0
    outer loop
      vertex 1.35887 -12.9288 -1.5
      vertex 0.906834 -12.9683 1.5
      vertex 1.35887 -12.9288 1.5
    endloop
  endfacet
  facet normal -0.0870507 0.996204 0
    outer loop
      vertex 0.906834 -12.9683 1.5
      vertex 1.35887 -12.9288 -1.5
      vertex 0.906834 -12.9683 -1.5
    endloop
  endfacet
  facet normal -0.05245 0.998624 0
    outer loop
      vertex 0.906834 -12.9683 -1.5
      vertex 0.453693 -12.9921 1.5
      vertex 0.906834 -12.9683 1.5
    endloop
  endfacet
  facet normal -0.05245 0.998624 0
    outer loop
      vertex 0.453693 -12.9921 1.5
      vertex 0.906834 -12.9683 -1.5
      vertex 0.453693 -12.9921 -1.5
    endloop
  endfacet
  facet normal 0.390733 -0.920504 0
    outer loop
      vertex -5.28758 11.8761 -1.5
      vertex -4.86989 12.0534 1.5
      vertex -5.28758 11.8761 1.5
    endloop
  endfacet
  facet normal 0.390733 -0.920504 0
    outer loop
      vertex -4.86989 12.0534 1.5
      vertex -5.28758 11.8761 -1.5
      vertex -4.86989 12.0534 -1.5
    endloop
  endfacet
  facet normal -0.965951 0.258727 0
    outer loop
      vertex 12.4964 -3.58329 -1.5
      vertex 12.6138 -3.14498 1.5
      vertex 12.6138 -3.14498 -1.5
    endloop
  endfacet
  facet normal -0.965951 0.258727 0
    outer loop
      vertex 12.6138 -3.14498 1.5
      vertex 12.4964 -3.58329 -1.5
      vertex 12.4964 -3.58329 1.5
    endloop
  endfacet
  facet normal 0.731359 -0.681993 0
    outer loop
      vertex -9.66088 8.6987 1.5
      vertex -9.35142 9.03056 -1.5
      vertex -9.35142 9.03056 1.5
    endloop
  endfacet
  facet normal 0.731359 -0.681993 0
    outer loop
      vertex -9.35142 9.03056 -1.5
      vertex -9.66088 8.6987 1.5
      vertex -9.66088 8.6987 -1.5
    endloop
  endfacet
  facet normal 0.05245 0.998624 -0
    outer loop
      vertex -0.453693 -12.9921 -1.5
      vertex -0.906834 -12.9683 1.5
      vertex -0.453693 -12.9921 1.5
    endloop
  endfacet
  facet normal 0.05245 0.998624 0
    outer loop
      vertex -0.906834 -12.9683 1.5
      vertex -0.453693 -12.9921 -1.5
      vertex -0.906834 -12.9683 -1.5
    endloop
  endfacet
  facet normal 0.19085 0.981619 -0
    outer loop
      vertex -2.25743 -12.8025 -1.5
      vertex -2.70285 -12.7159 1.5
      vertex -2.25743 -12.8025 1.5
    endloop
  endfacet
  facet normal 0.19085 0.981619 0
    outer loop
      vertex -2.70285 -12.7159 1.5
      vertex -2.25743 -12.8025 -1.5
      vertex -2.70285 -12.7159 -1.5
    endloop
  endfacet
  facet normal -0.573625 0.819118 0
    outer loop
      vertex 7.64121 -10.5172 -1.5
      vertex 7.26951 -10.7775 1.5
      vertex 7.64121 -10.5172 1.5
    endloop
  endfacet
  facet normal -0.573625 0.819118 0
    outer loop
      vertex 7.26951 -10.7775 1.5
      vertex 7.64121 -10.5172 -1.5
      vertex 7.26951 -10.7775 -1.5
    endloop
  endfacet
  facet normal 0.325508 0.945539 -0
    outer loop
      vertex -4.01722 -12.3637 -1.5
      vertex -4.44626 -12.216 1.5
      vertex -4.01722 -12.3637 1.5
    endloop
  endfacet
  facet normal 0.325508 0.945539 0
    outer loop
      vertex -4.44626 -12.216 1.5
      vertex -4.01722 -12.3637 -1.5
      vertex -4.44626 -12.216 -1.5
    endloop
  endfacet
  facet normal -0.325508 -0.945539 0
    outer loop
      vertex 4.01722 12.3637 -1.5
      vertex 4.44626 12.216 1.5
      vertex 4.01722 12.3637 1.5
    endloop
  endfacet
  facet normal -0.325508 -0.945539 -0
    outer loop
      vertex 4.44626 12.216 1.5
      vertex 4.01722 12.3637 -1.5
      vertex 4.44626 12.216 -1.5
    endloop
  endfacet
  facet normal 0.819118 0.573625 0
    outer loop
      vertex -10.5172 -7.64121 1.5
      vertex -10.7775 -7.26951 -1.5
      vertex -10.7775 -7.26951 1.5
    endloop
  endfacet
  facet normal 0.819118 0.573625 0
    outer loop
      vertex -10.7775 -7.26951 -1.5
      vertex -10.5172 -7.64121 1.5
      vertex -10.5172 -7.64121 -1.5
    endloop
  endfacet
  facet normal 0.258727 -0.965951 0
    outer loop
      vertex -3.58329 12.4964 -1.5
      vertex -3.14498 12.6138 1.5
      vertex -3.58329 12.4964 1.5
    endloop
  endfacet
  facet normal 0.258727 -0.965951 0
    outer loop
      vertex -3.14498 12.6138 1.5
      vertex -3.58329 12.4964 -1.5
      vertex -3.14498 12.6138 -1.5
    endloop
  endfacet
  facet normal -0.51503 0.857172 0
    outer loop
      vertex 6.88895 -11.0246 -1.5
      vertex 6.5 -11.2583 1.5
      vertex 6.88895 -11.0246 1.5
    endloop
  endfacet
  facet normal -0.51503 0.857172 0
    outer loop
      vertex 6.5 -11.2583 1.5
      vertex 6.88895 -11.0246 -1.5
      vertex 6.5 -11.2583 -1.5
    endloop
  endfacet
  facet normal 0.573625 -0.819118 0
    outer loop
      vertex -7.64121 10.5172 -1.5
      vertex -7.26951 10.7775 1.5
      vertex -7.64121 10.5172 1.5
    endloop
  endfacet
  facet normal 0.573625 -0.819118 0
    outer loop
      vertex -7.26951 10.7775 1.5
      vertex -7.64121 10.5172 -1.5
      vertex -7.26951 10.7775 -1.5
    endloop
  endfacet
  facet normal 0.601842 -0.798615 0
    outer loop
      vertex -8.0036 10.2441 -1.5
      vertex -7.64121 10.5172 1.5
      vertex -8.0036 10.2441 1.5
    endloop
  endfacet
  facet normal 0.601842 -0.798615 0
    outer loop
      vertex -7.64121 10.5172 1.5
      vertex -8.0036 10.2441 -1.5
      vertex -7.64121 10.5172 -1.5
    endloop
  endfacet
  facet normal 0.422683 -0.906278 0
    outer loop
      vertex -5.69882 11.6843 -1.5
      vertex -5.28758 11.8761 1.5
      vertex -5.69882 11.6843 1.5
    endloop
  endfacet
  facet normal 0.422683 -0.906278 0
    outer loop
      vertex -5.28758 11.8761 1.5
      vertex -5.69882 11.6843 -1.5
      vertex -5.28758 11.8761 -1.5
    endloop
  endfacet
  facet normal 0.358337 0.933592 -0
    outer loop
      vertex -4.44626 -12.216 -1.5
      vertex -4.86989 -12.0534 1.5
      vertex -4.44626 -12.216 1.5
    endloop
  endfacet
  facet normal 0.358337 0.933592 0
    outer loop
      vertex -4.86989 -12.0534 1.5
      vertex -4.44626 -12.216 -1.5
      vertex -4.86989 -12.0534 -1.5
    endloop
  endfacet
  facet normal 0.998624 -0.05245 0
    outer loop
      vertex -12.9921 0.453693 1.5
      vertex -12.9683 0.906834 -1.5
      vertex -12.9683 0.906834 1.5
    endloop
  endfacet
  facet normal 0.998624 -0.05245 0
    outer loop
      vertex -12.9683 0.906834 -1.5
      vertex -12.9921 0.453693 1.5
      vertex -12.9921 0.453693 -1.5
    endloop
  endfacet
  facet normal 0.920504 -0.390733 0
    outer loop
      vertex -12.0534 4.86989 1.5
      vertex -11.8761 5.28758 -1.5
      vertex -11.8761 5.28758 1.5
    endloop
  endfacet
  facet normal 0.920504 -0.390733 0
    outer loop
      vertex -11.8761 5.28758 -1.5
      vertex -12.0534 4.86989 1.5
      vertex -12.0534 4.86989 -1.5
    endloop
  endfacet
  facet normal 0.891012 0.45398 0
    outer loop
      vertex -11.4783 -6.10313 1.5
      vertex -11.6843 -5.69882 -1.5
      vertex -11.6843 -5.69882 1.5
    endloop
  endfacet
  facet normal 0.891012 0.45398 0
    outer loop
      vertex -11.6843 -5.69882 -1.5
      vertex -11.4783 -6.10313 1.5
      vertex -11.4783 -6.10313 -1.5
    endloop
  endfacet
  facet normal 0.906278 -0.422683 0
    outer loop
      vertex -11.8761 5.28758 1.5
      vertex -11.6843 5.69882 -1.5
      vertex -11.6843 5.69882 1.5
    endloop
  endfacet
  facet normal 0.906278 -0.422683 0
    outer loop
      vertex -11.6843 5.69882 -1.5
      vertex -11.8761 5.28758 1.5
      vertex -11.8761 5.28758 -1.5
    endloop
  endfacet
  facet normal 0.798615 -0.601842 0
    outer loop
      vertex -10.5172 7.64121 1.5
      vertex -10.2441 8.0036 -1.5
      vertex -10.2441 8.0036 1.5
    endloop
  endfacet
  facet normal 0.798615 -0.601842 0
    outer loop
      vertex -10.2441 8.0036 -1.5
      vertex -10.5172 7.64121 1.5
      vertex -10.5172 7.64121 -1.5
    endloop
  endfacet
  facet normal 0.906278 0.422683 0
    outer loop
      vertex -11.6843 -5.69882 1.5
      vertex -11.8761 -5.28758 -1.5
      vertex -11.8761 -5.28758 1.5
    endloop
  endfacet
  facet normal 0.906278 0.422683 0
    outer loop
      vertex -11.8761 -5.28758 -1.5
      vertex -11.6843 -5.69882 1.5
      vertex -11.6843 -5.69882 -1.5
    endloop
  endfacet
  facet normal 0.258727 0.965951 -0
    outer loop
      vertex -3.14498 -12.6138 -1.5
      vertex -3.58329 -12.4964 1.5
      vertex -3.14498 -12.6138 1.5
    endloop
  endfacet
  facet normal 0.258727 0.965951 0
    outer loop
      vertex -3.58329 -12.4964 1.5
      vertex -3.14498 -12.6138 -1.5
      vertex -3.58329 -12.4964 -1.5
    endloop
  endfacet
  facet normal 0.838709 -0.544579 0
    outer loop
      vertex -11.0246 6.88895 1.5
      vertex -10.7775 7.26951 -1.5
      vertex -10.7775 7.26951 1.5
    endloop
  endfacet
  facet normal 0.838709 -0.544579 0
    outer loop
      vertex -10.7775 7.26951 -1.5
      vertex -11.0246 6.88895 1.5
      vertex -11.0246 6.88895 -1.5
    endloop
  endfacet
  facet normal 0.857172 -0.51503 0
    outer loop
      vertex -11.2583 6.5 1.5
      vertex -11.0246 6.88895 -1.5
      vertex -11.0246 6.88895 1.5
    endloop
  endfacet
  facet normal 0.857172 -0.51503 0
    outer loop
      vertex -11.0246 6.88895 -1.5
      vertex -11.2583 6.5 1.5
      vertex -11.2583 6.5 -1.5
    endloop
  endfacet
endsolid OpenSCAD_Model
