solid OpenSCAD_Model
  facet normal 0.997306 0.027498 0.0679979
    outer loop
      vertex 7.11806 0.334031 1.8
      vertex 6.5 0 11
      vertex 7.12727 0 1.8
    endloop
  endfacet
  facet normal -0.994277 0.0824041 0.0679976
    outer loop
      vertex -7.08401 0.784058 1.8
      vertex -7.11161 0.45104 1.8
      vertex -6.46055 0.715053 11
    endloop
  endfacet
  facet normal 0.770116 0.634269 0.067998
    outer loop
      vertex 5.37472 4.68085 1.8
      vertex 4.90169 4.26889 11
      vertex 5.58716 4.42291 1.8
    endloop
  endfacet
  facet normal 0.323948 0.943628 0.0679979
    outer loop
      vertex 2.1276 6.8023 1.8
      vertex 1.94035 6.20363 11
      vertex 2.44365 6.6938 1.8
    endloop
  endfacet
  facet normal -0.0549526 0.996171 0.0679983
    outer loop
      vertex -0.530038 7.10616 1.8
      vertex -0.536765 6.4778 11
      vertex -0.179103 6.49753 11
    endloop
  endfacet
  facet normal -0.0549768 0.99617 0.0679982
    outer loop
      vertex -0.536765 6.4778 11
      vertex -0.530038 7.10616 1.8
      vertex -0.588565 7.10293 1.8
    endloop
  endfacet
  facet normal -0.890168 0.45053 0.067996
    outer loop
      vertex -6.4456 3.04175 1.8
      vertex -5.71658 3.09366 11
      vertex -6.41913 3.09405 1.8
    endloop
  endfacet
  facet normal -0.890191 0.450485 0.0679981
    outer loop
      vertex -5.71658 3.09366 11
      vertex -6.4456 3.04175 1.8
      vertex -5.87832 2.77405 11
    endloop
  endfacet
  facet normal -0.695701 -0.715106 0.0679964
    outer loop
      vertex -4.82717 -5.2437 1.8
      vertex -4.65909 -4.53243 11
      vertex -4.86918 -5.20283 1.8
    endloop
  endfacet
  facet normal -0.695669 -0.715137 0.0679982
    outer loop
      vertex -4.65909 -4.53243 11
      vertex -4.82717 -5.2437 1.8
      vertex -4.40233 -4.7822 11
    endloop
  endfacet
  facet normal -0.375427 0.924354 0.0679981
    outer loop
      vertex -2.5534 6.65271 1.8
      vertex -2.86299 6.52697 1.8
      vertex -2.61102 5.95253 11
    endloop
  endfacet
  facet normal -0.86402 0.498844 0.0679979
    outer loop
      vertex -6.07186 3.73236 1.8
      vertex -6.23894 3.44297 1.8
      vertex -5.53748 3.40387 11
    endloop
  endfacet
  facet normal -0.0549661 -0.99617 0.0679988
    outer loop
      vertex -0.179103 -6.49753 11
      vertex -0.530038 -7.10616 1.8
      vertex -0.196387 -7.12457 1.8
    endloop
  endfacet
  facet normal 0.890191 -0.450485 0.0679981
    outer loop
      vertex 5.71658 -3.09366 11
      vertex 6.4456 -3.04175 1.8
      vertex 5.87832 -2.77405 11
    endloop
  endfacet
  facet normal 0.890168 -0.45053 0.067996
    outer loop
      vertex 6.4456 -3.04175 1.8
      vertex 5.71658 -3.09366 11
      vertex 6.41913 -3.09405 1.8
    endloop
  endfacet
  facet normal 0.997306 -0.027498 0.0679979
    outer loop
      vertex 7.12727 0 1.8
      vertex 6.5 0 11
      vertex 7.11806 -0.334031 1.8
    endloop
  endfacet
  facet normal 0.522456 0.84995 0.0679983
    outer loop
      vertex 3.61357 6.1417 1.8
      vertex 3.55516 5.44158 11
      vertex 3.89825 5.96671 1.8
    endloop
  endfacet
  facet normal -0.979181 -0.191262 0.0679981
    outer loop
      vertex -6.34268 -1.42143 11
      vertex -7.01883 -1.23064 1.8
      vertex -6.95477 -1.5586 1.8
    endloop
  endfacet
  facet normal 0.474855 -0.877433 0.0679982
    outer loop
      vertex 3.2182 -6.35934 1.8
      vertex 3.25 -5.62916 11
      vertex 2.93497 -5.79965 11
    endloop
  endfacet
  facet normal 0.474879 -0.87742 0.0679971
    outer loop
      vertex 3.25 -5.62916 11
      vertex 3.2182 -6.35934 1.8
      vertex 3.26975 -6.33144 1.8
    endloop
  endfacet
  facet normal 0.803932 0.590821 0.0679985
    outer loop
      vertex 5.12941 3.99238 11
      vertex 5.65913 4.33043 1.8
      vertex 5.62442 4.37766 1.8
    endloop
  endfacet
  facet normal 0.80389 0.590878 0.0679982
    outer loop
      vertex 5.65913 4.33043 1.8
      vertex 5.12941 3.99238 11
      vertex 5.34156 3.70375 11
    endloop
  endfacet
  facet normal -0.890197 -0.450473 0.0679982
    outer loop
      vertex -5.71658 -3.09366 11
      vertex -6.41913 -3.09405 1.8
      vertex -6.26825 -3.39221 1.8
    endloop
  endfacet
  facet normal 0.863994 0.49889 0.0679961
    outer loop
      vertex 5.53748 3.40387 11
      vertex 6.26825 3.39221 1.8
      vertex 6.23894 3.44297 1.8
    endloop
  endfacet
  facet normal 0.864021 0.498843 0.0679983
    outer loop
      vertex 6.26825 3.39221 1.8
      vertex 5.53748 3.40387 11
      vertex 5.71658 3.09366 11
    endloop
  endfacet
  facet normal -0.522456 0.84995 0.0679983
    outer loop
      vertex -3.61357 6.1417 1.8
      vertex -3.89825 5.96671 1.8
      vertex -3.55516 5.44158 11
    endloop
  endfacet
  facet normal 0.86402 0.498844 0.0679979
    outer loop
      vertex 6.07186 3.73236 1.8
      vertex 5.53748 3.40387 11
      vertex 6.23894 3.44297 1.8
    endloop
  endfacet
  facet normal -0.997306 0.027498 0.0679979
    outer loop
      vertex -7.11806 0.334031 1.8
      vertex -7.12727 0 1.8
      vertex -6.5 0 11
    endloop
  endfacet
  facet normal -0.86402 -0.498844 0.0679979
    outer loop
      vertex -5.53748 -3.40387 11
      vertex -6.23894 -3.44297 1.8
      vertex -6.07186 -3.73236 1.8
    endloop
  endfacet
  facet normal 0.425785 -0.902266 0.0679983
    outer loop
      vertex 2.93497 -5.79965 11
      vertex 2.916 -6.50195 1.8
      vertex 3.2182 -6.35934 1.8
    endloop
  endfacet
  facet normal 0.655292 0.752309 0.0679983
    outer loop
      vertex 4.78297 5.2822 1.8
      vertex 4.40233 4.7822 11
      vertex 4.82717 5.2437 1.8
    endloop
  endfacet
  facet normal 0.655238 0.752356 0.0679987
    outer loop
      vertex 4.40233 4.7822 11
      vertex 4.78297 5.2822 1.8
      vertex 4.1322 5.01746 11
    endloop
  endfacet
  facet normal 0.803897 0.590868 0.0679977
    outer loop
      vertex 5.65913 4.33043 1.8
      vertex 5.34156 3.70375 11
      vertex 5.85703 4.06118 1.8
    endloop
  endfacet
  facet normal -0.109753 0.99163 0.0679982
    outer loop
      vertex -0.588565 7.10293 1.8
      vertex -0.920696 7.06617 1.8
      vertex -0.536765 6.4778 11
    endloop
  endfacet
  facet normal 0.695685 0.715122 0.0679972
    outer loop
      vertex 4.86918 5.20283 1.8
      vertex 4.65909 4.53243 11
      vertex 5.1087 4.96982 1.8
    endloop
  endfacet
  facet normal -0.835231 -0.54568 0.0679979
    outer loop
      vertex -6.07186 -3.73236 1.8
      vertex -5.34156 -3.70375 11
      vertex -5.53748 -3.40387 11
    endloop
  endfacet
  facet normal -0.835221 -0.545694 0.0679972
    outer loop
      vertex -5.34156 -3.70375 11
      vertex -6.07186 -3.73236 1.8
      vertex -6.0398 -3.78143 1.8
    endloop
  endfacet
  facet normal 0.522562 0.849886 0.067994
    outer loop
      vertex 3.56364 6.1724 1.8
      vertex 3.55516 5.44158 11
      vertex 3.61357 6.1417 1.8
    endloop
  endfacet
  facet normal 0.522458 0.849949 0.0679989
    outer loop
      vertex 3.55516 5.44158 11
      vertex 3.56364 6.1724 1.8
      vertex 3.25 5.62916 11
    endloop
  endfacet
  facet normal 0.934341 -0.349833 0.0679978
    outer loop
      vertex 6.72054 -2.36912 1.8
      vertex 6.02221 -2.44601 11
      vertex 6.60337 -2.68206 1.8
    endloop
  endfacet
  facet normal 0.979172 0.191307 0.0679965
    outer loop
      vertex 6.34268 1.42143 11
      vertex 7.03007 1.17311 1.8
      vertex 7.01883 1.23064 1.8
    endloop
  endfacet
  facet normal 0.979182 0.191258 0.0679985
    outer loop
      vertex 7.03007 1.17311 1.8
      vertex 6.34268 1.42143 11
      vertex 6.41135 1.06986 11
    endloop
  endfacet
  facet normal 0.109753 0.99163 0.0679982
    outer loop
      vertex 0.588565 7.10293 1.8
      vertex 0.536765 6.4778 11
      vertex 0.920696 7.06617 1.8
    endloop
  endfacet
  facet normal 0.695701 0.715106 0.0679964
    outer loop
      vertex 4.82717 5.2437 1.8
      vertex 4.65909 4.53243 11
      vertex 4.86918 5.20283 1.8
    endloop
  endfacet
  facet normal 0.695669 0.715137 0.0679982
    outer loop
      vertex 4.65909 4.53243 11
      vertex 4.82717 5.2437 1.8
      vertex 4.40233 4.7822 11
    endloop
  endfacet
  facet normal 0.0549526 -0.996171 0.0679983
    outer loop
      vertex 0.530038 -7.10616 1.8
      vertex 0.536765 -6.4778 11
      vertex 0.179103 -6.49753 11
    endloop
  endfacet
  facet normal 0.0549768 -0.99617 0.0679982
    outer loop
      vertex 0.536765 -6.4778 11
      vertex 0.530038 -7.10616 1.8
      vertex 0.588565 -7.10293 1.8
    endloop
  endfacet
  facet normal 0.375456 0.924343 0.067997
    outer loop
      vertex 2.49909 6.67477 1.8
      vertex 2.61102 5.95253 11
      vertex 2.5534 6.65271 1.8
    endloop
  endfacet
  facet normal 0.375419 0.924357 0.0679986
    outer loop
      vertex 2.61102 5.95253 11
      vertex 2.49909 6.67477 1.8
      vertex 2.27914 6.08732 11
    endloop
  endfacet
  facet normal -0.803932 0.590821 0.0679985
    outer loop
      vertex -5.65913 4.33043 1.8
      vertex -5.12941 3.99238 11
      vertex -5.62442 4.37766 1.8
    endloop
  endfacet
  facet normal -0.80389 0.590878 0.0679982
    outer loop
      vertex -5.12941 3.99238 11
      vertex -5.65913 4.33043 1.8
      vertex -5.34156 3.70375 11
    endloop
  endfacet
  facet normal -0.994278 -0.0823814 0.0679982
    outer loop
      vertex -7.11161 -0.45104 1.8
      vertex -6.49013 -0.35807 11
      vertex -7.11645 -0.392625 1.8
    endloop
  endfacet
  facet normal -0.994278 -0.082387 0.0679982
    outer loop
      vertex -6.49013 -0.35807 11
      vertex -7.11161 -0.45104 1.8
      vertex -6.46055 -0.715053 11
    endloop
  endfacet
  facet normal 0.474833 -0.877445 0.0679989
    outer loop
      vertex 3.56364 -6.1724 1.8
      vertex 3.25 -5.62916 11
      vertex 3.26975 -6.33144 1.8
    endloop
  endfacet
  facet normal 0.770116 -0.634269 0.067998
    outer loop
      vertex 5.58716 -4.42291 1.8
      vertex 4.90169 -4.26889 11
      vertex 5.37472 -4.68085 1.8
    endloop
  endfacet
  facet normal -0.734009 0.675727 0.0679972
    outer loop
      vertex -5.1087 4.96982 1.8
      vertex -5.33502 4.72398 1.8
      vertex -4.65909 4.53243 11
    endloop
  endfacet
  facet normal 0.979181 -0.191262 0.0679981
    outer loop
      vertex 7.01883 -1.23064 1.8
      vertex 6.34268 -1.42143 11
      vertex 6.95477 -1.5586 1.8
    endloop
  endfacet
  facet normal -0.425798 0.902259 0.0679981
    outer loop
      vertex -2.86299 6.52697 1.8
      vertex -2.93497 5.79965 11
      vertex -2.61102 5.95253 11
    endloop
  endfacet
  facet normal -0.425844 0.902238 0.067996
    outer loop
      vertex -2.93497 5.79965 11
      vertex -2.86299 6.52697 1.8
      vertex -2.916 6.50195 1.8
    endloop
  endfacet
  facet normal 0.271454 0.960046 0.0679979
    outer loop
      vertex 2.07119 6.81825 1.8
      vertex 1.94035 6.20363 11
      vertex 2.1276 6.8023 1.8
    endloop
  endfacet
  facet normal 0.271476 0.96004 0.0679978
    outer loop
      vertex 1.94035 6.20363 11
      vertex 2.07119 6.81825 1.8
      vertex 1.59566 6.3011 11
    endloop
  endfacet
  facet normal 0.890197 -0.450473 0.0679982
    outer loop
      vertex 6.41913 -3.09405 1.8
      vertex 5.71658 -3.09366 11
      vertex 6.26825 -3.39221 1.8
    endloop
  endfacet
  facet normal -0.164212 -0.984079 0.0679983
    outer loop
      vertex -1.24612 -6.37943 11
      vertex -1.36637 -6.99507 1.8
      vertex -1.03677 -7.05007 1.8
    endloop
  endfacet
  facet normal -0.835229 0.545683 0.0679977
    outer loop
      vertex -5.85703 4.06118 1.8
      vertex -6.0398 3.78143 1.8
      vertex -5.34156 3.70375 11
    endloop
  endfacet
  facet normal 0.655235 0.752359 0.0679985
    outer loop
      vertex 4.53098 5.50166 1.8
      vertex 4.1322 5.01746 11
      vertex 4.78297 5.2822 1.8
    endloop
  endfacet
  facet normal 0.890197 0.450473 0.0679982
    outer loop
      vertex 6.26825 3.39221 1.8
      vertex 5.71658 3.09366 11
      vertex 6.41913 3.09405 1.8
    endloop
  endfacet
  facet normal -0.913663 0.400745 0.0679978
    outer loop
      vertex -6.46915 2.98807 1.8
      vertex -6.60337 2.68206 1.8
      vertex -6.02221 2.44601 11
    endloop
  endfacet
  facet normal 0 -0.997685 0.0679988
    outer loop
      vertex -0.196387 -7.12457 1.8
      vertex 0.179103 -6.49753 11
      vertex -0.179103 -6.49753 11
    endloop
  endfacet
  facet normal 0 -0.997685 0.0679988
    outer loop
      vertex 0.179103 -6.49753 11
      vertex -0.196387 -7.12457 1.8
      vertex 0.196387 -7.12457 1.8
    endloop
  endfacet
  facet normal -0.803897 0.590868 0.0679977
    outer loop
      vertex -5.65913 4.33043 1.8
      vertex -5.85703 4.06118 1.8
      vertex -5.34156 3.70375 11
    endloop
  endfacet
  facet normal -0.61278 0.787323 0.0679985
    outer loop
      vertex -4.26728 5.7069 1.8
      vertex -4.53098 5.50166 1.8
      vertex -4.1322 5.01746 11
    endloop
  endfacet
  facet normal 0 0.997685 0.0679988
    outer loop
      vertex 0.196387 7.12457 1.8
      vertex -0.179103 6.49753 11
      vertex 0.179103 6.49753 11
    endloop
  endfacet
  facet normal 0 0.997685 0.0679988
    outer loop
      vertex -0.179103 6.49753 11
      vertex 0.196387 7.12457 1.8
      vertex -0.196387 7.12457 1.8
    endloop
  endfacet
  facet normal -0.80389 -0.590878 0.0679982
    outer loop
      vertex -5.65913 -4.33043 1.8
      vertex -5.12941 -3.99238 11
      vertex -5.34156 -3.70375 11
    endloop
  endfacet
  facet normal -0.803932 -0.590821 0.0679985
    outer loop
      vertex -5.12941 -3.99238 11
      vertex -5.65913 -4.33043 1.8
      vertex -5.62442 -4.37766 1.8
    endloop
  endfacet
  facet normal 0.218164 0.97354 0.0679983
    outer loop
      vertex 1.36637 6.99507 1.8
      vertex 1.24612 6.37943 11
      vertex 1.69244 6.922 1.8
    endloop
  endfacet
  facet normal -0.425844 -0.902238 0.067996
    outer loop
      vertex -2.86299 -6.52697 1.8
      vertex -2.93497 -5.79965 11
      vertex -2.916 -6.50195 1.8
    endloop
  endfacet
  facet normal -0.425798 -0.902259 0.0679981
    outer loop
      vertex -2.93497 -5.79965 11
      vertex -2.86299 -6.52697 1.8
      vertex -2.61102 -5.95253 11
    endloop
  endfacet
  facet normal -0.979181 0.191262 0.0679981
    outer loop
      vertex -6.95477 1.5586 1.8
      vertex -7.01883 1.23064 1.8
      vertex -6.34268 1.42143 11
    endloop
  endfacet
  facet normal 0.375427 0.924354 0.0679981
    outer loop
      vertex 2.86299 6.52697 1.8
      vertex 2.5534 6.65271 1.8
      vertex 2.61102 5.95253 11
    endloop
  endfacet
  facet normal -0.734029 -0.675705 0.067998
    outer loop
      vertex -5.37472 -4.68085 1.8
      vertex -4.65909 -4.53243 11
      vertex -4.90169 -4.26889 11
    endloop
  endfacet
  facet normal -0.734055 -0.675677 0.0679995
    outer loop
      vertex -4.65909 -4.53243 11
      vertex -5.37472 -4.68085 1.8
      vertex -5.33502 -4.72398 1.8
    endloop
  endfacet
  facet normal 0.164212 0.984079 0.0679983
    outer loop
      vertex 1.36637 6.99507 1.8
      vertex 1.03677 7.05007 1.8
      vertex 1.24612 6.37943 11
    endloop
  endfacet
  facet normal 0.0549661 0.99617 0.0679988
    outer loop
      vertex 0.196387 7.12457 1.8
      vertex 0.179103 6.49753 11
      vertex 0.530038 7.10616 1.8
    endloop
  endfacet
  facet normal 0.913663 -0.400745 0.0679978
    outer loop
      vertex 6.60337 -2.68206 1.8
      vertex 6.02221 -2.44601 11
      vertex 6.46915 -2.98807 1.8
    endloop
  endfacet
  facet normal 0.952188 0.29785 0.0679989
    outer loop
      vertex 6.75859 2.25828 1.8
      vertex 6.25474 1.76867 11
      vertex 6.85835 1.93936 1.8
    endloop
  endfacet
  facet normal 0.425844 0.902238 0.067996
    outer loop
      vertex 2.86299 6.52697 1.8
      vertex 2.93497 5.79965 11
      vertex 2.916 6.50195 1.8
    endloop
  endfacet
  facet normal 0.425798 0.902259 0.0679981
    outer loop
      vertex 2.93497 5.79965 11
      vertex 2.86299 6.52697 1.8
      vertex 2.61102 5.95253 11
    endloop
  endfacet
  facet normal 0.375427 -0.924354 0.0679981
    outer loop
      vertex 2.61102 -5.95253 11
      vertex 2.5534 -6.65271 1.8
      vertex 2.86299 -6.52697 1.8
    endloop
  endfacet
  facet normal 0.864021 -0.498843 0.0679983
    outer loop
      vertex 5.53748 -3.40387 11
      vertex 6.26825 -3.39221 1.8
      vertex 5.71658 -3.09366 11
    endloop
  endfacet
  facet normal 0.863994 -0.49889 0.0679961
    outer loop
      vertex 6.26825 -3.39221 1.8
      vertex 5.53748 -3.40387 11
      vertex 6.23894 -3.44297 1.8
    endloop
  endfacet
  facet normal -0.695685 0.715122 0.0679972
    outer loop
      vertex -4.86918 5.20283 1.8
      vertex -5.1087 4.96982 1.8
      vertex -4.65909 4.53243 11
    endloop
  endfacet
  facet normal -0.568482 0.819881 0.0679983
    outer loop
      vertex -3.89825 5.96671 1.8
      vertex -4.17285 5.77631 1.8
      vertex -3.55516 5.44158 11
    endloop
  endfacet
  facet normal 0.271486 0.960037 0.0679981
    outer loop
      vertex 1.74964 6.90918 1.8
      vertex 1.59566 6.3011 11
      vertex 2.07119 6.81825 1.8
    endloop
  endfacet
  facet normal -0.934341 0.349833 0.0679978
    outer loop
      vertex -6.60337 2.68206 1.8
      vertex -6.72054 2.36912 1.8
      vertex -6.02221 2.44601 11
    endloop
  endfacet
  facet normal 0.770135 -0.634246 0.0679986
    outer loop
      vertex 4.90169 -4.26889 11
      vertex 5.62442 -4.37766 1.8
      vertex 5.12941 -3.99238 11
    endloop
  endfacet
  facet normal 0.770183 -0.634188 0.0680016
    outer loop
      vertex 5.62442 -4.37766 1.8
      vertex 4.90169 -4.26889 11
      vertex 5.58716 -4.42291 1.8
    endloop
  endfacet
  facet normal -0.109753 -0.99163 0.0679982
    outer loop
      vertex -0.536765 -6.4778 11
      vertex -0.920696 -7.06617 1.8
      vertex -0.588565 -7.10293 1.8
    endloop
  endfacet
  facet normal -0.770116 -0.634269 0.067998
    outer loop
      vertex -4.90169 -4.26889 11
      vertex -5.58716 -4.42291 1.8
      vertex -5.37472 -4.68085 1.8
    endloop
  endfacet
  facet normal -0.979172 -0.191307 0.0679985
    outer loop
      vertex -7.01883 -1.23064 1.8
      vertex -6.41135 -1.06986 11
      vertex -7.03007 -1.17311 1.8
    endloop
  endfacet
  facet normal -0.979182 -0.191258 0.0679982
    outer loop
      vertex -6.41135 -1.06986 11
      vertex -7.01883 -1.23064 1.8
      vertex -6.34268 -1.42143 11
    endloop
  endfacet
  facet normal -0.474833 0.877445 0.0679989
    outer loop
      vertex -3.26975 6.33144 1.8
      vertex -3.56364 6.1724 1.8
      vertex -3.25 5.62916 11
    endloop
  endfacet
  facet normal -0.952197 -0.297819 0.0679978
    outer loop
      vertex -6.75859 -2.25828 1.8
      vertex -6.14781 -2.11055 11
      vertex -6.25474 -1.76867 11
    endloop
  endfacet
  facet normal -0.952228 -0.29772 0.0679983
    outer loop
      vertex -6.14781 -2.11055 11
      vertex -6.75859 -2.25828 1.8
      vertex -6.7411 -2.31422 1.8
    endloop
  endfacet
  facet normal -0.164212 0.984079 0.0679983
    outer loop
      vertex -1.03677 7.05007 1.8
      vertex -1.36637 6.99507 1.8
      vertex -1.24612 6.37943 11
    endloop
  endfacet
  facet normal -0.61278 -0.787323 0.0679985
    outer loop
      vertex -4.1322 -5.01746 11
      vertex -4.53098 -5.50166 1.8
      vertex -4.26728 -5.7069 1.8
    endloop
  endfacet
  facet normal 0.218165 -0.97354 0.0679984
    outer loop
      vertex 1.69244 -6.922 1.8
      vertex 1.59566 -6.3011 11
      vertex 1.24612 -6.37943 11
    endloop
  endfacet
  facet normal 0.218194 -0.973534 0.0679982
    outer loop
      vertex 1.59566 -6.3011 11
      vertex 1.69244 -6.922 1.8
      vertex 1.74964 -6.90918 1.8
    endloop
  endfacet
  facet normal -0.934316 0.3499 0.0679953
    outer loop
      vertex -6.7411 2.31422 1.8
      vertex -6.02221 2.44601 11
      vertex -6.72054 2.36912 1.8
    endloop
  endfacet
  facet normal -0.934343 0.349828 0.0679984
    outer loop
      vertex -6.02221 2.44601 11
      vertex -6.7411 2.31422 1.8
      vertex -6.14781 2.11055 11
    endloop
  endfacet
  facet normal -0.695685 -0.715122 0.0679972
    outer loop
      vertex -4.65909 -4.53243 11
      vertex -5.1087 -4.96982 1.8
      vertex -4.86918 -5.20283 1.8
    endloop
  endfacet
  facet normal 0.0549661 -0.99617 0.0679988
    outer loop
      vertex 0.530038 -7.10616 1.8
      vertex 0.179103 -6.49753 11
      vertex 0.196387 -7.12457 1.8
    endloop
  endfacet
  facet normal 0.835221 0.545694 0.0679972
    outer loop
      vertex 5.34156 3.70375 11
      vertex 6.07186 3.73236 1.8
      vertex 6.0398 3.78143 1.8
    endloop
  endfacet
  facet normal 0.835231 0.54568 0.0679979
    outer loop
      vertex 6.07186 3.73236 1.8
      vertex 5.34156 3.70375 11
      vertex 5.53748 3.40387 11
    endloop
  endfacet
  facet normal 0.425798 -0.902259 0.0679981
    outer loop
      vertex 2.86299 -6.52697 1.8
      vertex 2.93497 -5.79965 11
      vertex 2.61102 -5.95253 11
    endloop
  endfacet
  facet normal 0.425844 -0.902238 0.067996
    outer loop
      vertex 2.93497 -5.79965 11
      vertex 2.86299 -6.52697 1.8
      vertex 2.916 -6.50195 1.8
    endloop
  endfacet
  facet normal -0.323948 0.943628 0.0679979
    outer loop
      vertex -2.1276 6.8023 1.8
      vertex -2.44365 6.6938 1.8
      vertex -1.94035 6.20363 11
    endloop
  endfacet
  facet normal 0.61278 0.787323 0.0679985
    outer loop
      vertex 4.26728 5.7069 1.8
      vertex 4.1322 5.01746 11
      vertex 4.53098 5.50166 1.8
    endloop
  endfacet
  facet normal -0.271486 0.960037 0.0679981
    outer loop
      vertex -1.74964 6.90918 1.8
      vertex -2.07119 6.81825 1.8
      vertex -1.59566 6.3011 11
    endloop
  endfacet
  facet normal -0.425785 0.902266 0.0679983
    outer loop
      vertex -2.916 6.50195 1.8
      vertex -3.2182 6.35934 1.8
      vertex -2.93497 5.79965 11
    endloop
  endfacet
  facet normal -0.271486 -0.960037 0.0679981
    outer loop
      vertex -1.59566 -6.3011 11
      vertex -2.07119 -6.81825 1.8
      vertex -1.74964 -6.90918 1.8
    endloop
  endfacet
  facet normal 0.474833 0.877445 0.0679989
    outer loop
      vertex 3.26975 6.33144 1.8
      vertex 3.25 5.62916 11
      vertex 3.56364 6.1724 1.8
    endloop
  endfacet
  facet normal -0.109766 0.991629 0.0679986
    outer loop
      vertex -0.920696 7.06617 1.8
      vertex -0.892797 6.43839 11
      vertex -0.536765 6.4778 11
    endloop
  endfacet
  facet normal -0.109785 0.991627 0.0679985
    outer loop
      vertex -0.892797 6.43839 11
      vertex -0.920696 7.06617 1.8
      vertex -0.978955 7.05972 1.8
    endloop
  endfacet
  facet normal 0.218194 0.973534 0.0679982
    outer loop
      vertex 1.69244 6.922 1.8
      vertex 1.59566 6.3011 11
      vertex 1.74964 6.90918 1.8
    endloop
  endfacet
  facet normal 0.218165 0.97354 0.0679984
    outer loop
      vertex 1.59566 6.3011 11
      vertex 1.69244 6.922 1.8
      vertex 1.24612 6.37943 11
    endloop
  endfacet
  facet normal -0.655235 -0.752359 0.0679985
    outer loop
      vertex -4.1322 -5.01746 11
      vertex -4.78297 -5.2822 1.8
      vertex -4.53098 -5.50166 1.8
    endloop
  endfacet
  facet normal 0.425785 0.902266 0.0679983
    outer loop
      vertex 3.2182 6.35934 1.8
      vertex 2.916 6.50195 1.8
      vertex 2.93497 5.79965 11
    endloop
  endfacet
  facet normal 0.967157 -0.244917 0.0679981
    outer loop
      vertex 6.95477 -1.5586 1.8
      vertex 6.34268 -1.42143 11
      vertex 6.87274 -1.88253 1.8
    endloop
  endfacet
  facet normal 0.967152 -0.244935 0.0679987
    outer loop
      vertex 6.25474 -1.76867 11
      vertex 6.87274 -1.88253 1.8
      vertex 6.34268 -1.42143 11
    endloop
  endfacet
  facet normal 0.967162 -0.244896 0.0679989
    outer loop
      vertex 6.87274 -1.88253 1.8
      vertex 6.25474 -1.76867 11
      vertex 6.85835 -1.93936 1.8
    endloop
  endfacet
  facet normal 0.568482 0.819881 0.0679983
    outer loop
      vertex 3.89825 5.96671 1.8
      vertex 3.55516 5.44158 11
      vertex 4.17285 5.77631 1.8
    endloop
  endfacet
  facet normal 0.323948 -0.943628 0.0679979
    outer loop
      vertex 2.44365 -6.6938 1.8
      vertex 1.94035 -6.20363 11
      vertex 2.1276 -6.8023 1.8
    endloop
  endfacet
  facet normal -0.890197 0.450473 0.0679982
    outer loop
      vertex -6.26825 3.39221 1.8
      vertex -6.41913 3.09405 1.8
      vertex -5.71658 3.09366 11
    endloop
  endfacet
  facet normal -0.863994 0.49889 0.0679961
    outer loop
      vertex -6.26825 3.39221 1.8
      vertex -5.53748 3.40387 11
      vertex -6.23894 3.44297 1.8
    endloop
  endfacet
  facet normal -0.864021 0.498843 0.0679983
    outer loop
      vertex -5.53748 3.40387 11
      vertex -6.26825 3.39221 1.8
      vertex -5.71658 3.09366 11
    endloop
  endfacet
  facet normal 0.522456 -0.84995 0.0679983
    outer loop
      vertex 3.89825 -5.96671 1.8
      vertex 3.55516 -5.44158 11
      vertex 3.61357 -6.1417 1.8
    endloop
  endfacet
  facet normal 0.655235 -0.752359 0.0679985
    outer loop
      vertex 4.78297 -5.2822 1.8
      vertex 4.1322 -5.01746 11
      vertex 4.53098 -5.50166 1.8
    endloop
  endfacet
  facet normal -0.98823 -0.137035 0.0679984
    outer loop
      vertex -7.03812 -1.11505 1.8
      vertex -6.41135 -1.06986 11
      vertex -6.46055 -0.715053 11
    endloop
  endfacet
  facet normal -0.988232 -0.137018 0.0679985
    outer loop
      vertex -6.41135 -1.06986 11
      vertex -7.03812 -1.11505 1.8
      vertex -7.03007 -1.17311 1.8
    endloop
  endfacet
  facet normal 0.979172 -0.191307 0.0679985
    outer loop
      vertex 6.41135 -1.06986 11
      vertex 7.01883 -1.23064 1.8
      vertex 7.03007 -1.17311 1.8
    endloop
  endfacet
  facet normal 0.979182 -0.191258 0.0679982
    outer loop
      vertex 7.01883 -1.23064 1.8
      vertex 6.41135 -1.06986 11
      vertex 6.34268 -1.42143 11
    endloop
  endfacet
  facet normal -0.734055 0.675677 0.0679995
    outer loop
      vertex -5.37472 4.68085 1.8
      vertex -4.65909 4.53243 11
      vertex -5.33502 4.72398 1.8
    endloop
  endfacet
  facet normal -0.734029 0.675705 0.067998
    outer loop
      vertex -4.65909 4.53243 11
      vertex -5.37472 4.68085 1.8
      vertex -4.90169 4.26889 11
    endloop
  endfacet
  facet normal 0.835229 0.545683 0.0679977
    outer loop
      vertex 5.85703 4.06118 1.8
      vertex 5.34156 3.70375 11
      vertex 6.0398 3.78143 1.8
    endloop
  endfacet
  facet normal -0.997307 -0.0274902 0.0679976
    outer loop
      vertex -7.11806 -0.334031 1.8
      vertex -6.49013 -0.35807 11
      vertex -6.5 0 11
    endloop
  endfacet
  facet normal -0.997309 -0.0274033 0.067998
    outer loop
      vertex -6.49013 -0.35807 11
      vertex -7.11806 -0.334031 1.8
      vertex -7.11645 -0.392625 1.8
    endloop
  endfacet
  facet normal 0.913663 0.400745 0.0679978
    outer loop
      vertex 6.46915 2.98807 1.8
      vertex 6.02221 2.44601 11
      vertex 6.60337 2.68206 1.8
    endloop
  endfacet
  facet normal -0.770116 0.634269 0.067998
    outer loop
      vertex -5.37472 4.68085 1.8
      vertex -5.58716 4.42291 1.8
      vertex -4.90169 4.26889 11
    endloop
  endfacet
  facet normal -0.474833 -0.877445 0.0679989
    outer loop
      vertex -3.25 -5.62916 11
      vertex -3.56364 -6.1724 1.8
      vertex -3.26975 -6.33144 1.8
    endloop
  endfacet
  facet normal -0.218165 0.97354 0.0679984
    outer loop
      vertex -1.69244 6.922 1.8
      vertex -1.59566 6.3011 11
      vertex -1.24612 6.37943 11
    endloop
  endfacet
  facet normal -0.218194 0.973534 0.0679982
    outer loop
      vertex -1.59566 6.3011 11
      vertex -1.69244 6.922 1.8
      vertex -1.74964 6.90918 1.8
    endloop
  endfacet
  facet normal 0.612838 0.787278 0.067996
    outer loop
      vertex 4.22102 5.74291 1.8
      vertex 4.1322 5.01746 11
      vertex 4.26728 5.7069 1.8
    endloop
  endfacet
  facet normal 0.61279 0.787315 0.0679985
    outer loop
      vertex 4.1322 5.01746 11
      vertex 4.22102 5.74291 1.8
      vertex 3.84953 5.23747 11
    endloop
  endfacet
  facet normal -0.568486 0.819878 0.0679985
    outer loop
      vertex -4.17285 5.77631 1.8
      vertex -3.84953 5.23747 11
      vertex -3.55516 5.44158 11
    endloop
  endfacet
  facet normal -0.568485 0.819878 0.0679985
    outer loop
      vertex -3.84953 5.23747 11
      vertex -4.17285 5.77631 1.8
      vertex -4.22102 5.74291 1.8
    endloop
  endfacet
  facet normal 0.0549768 0.99617 0.0679982
    outer loop
      vertex 0.530038 7.10616 1.8
      vertex 0.536765 6.4778 11
      vertex 0.588565 7.10293 1.8
    endloop
  endfacet
  facet normal 0.0549526 0.996171 0.0679983
    outer loop
      vertex 0.536765 6.4778 11
      vertex 0.530038 7.10616 1.8
      vertex 0.179103 6.49753 11
    endloop
  endfacet
  facet normal 0.568485 0.819878 0.0679985
    outer loop
      vertex 4.17285 5.77631 1.8
      vertex 3.84953 5.23747 11
      vertex 4.22102 5.74291 1.8
    endloop
  endfacet
  facet normal 0.568486 0.819878 0.0679985
    outer loop
      vertex 3.84953 5.23747 11
      vertex 4.17285 5.77631 1.8
      vertex 3.55516 5.44158 11
    endloop
  endfacet
  facet normal 0.994277 -0.0824041 0.0679976
    outer loop
      vertex 7.11161 -0.45104 1.8
      vertex 6.46055 -0.715053 11
      vertex 7.08401 -0.784058 1.8
    endloop
  endfacet
  facet normal -0.864021 -0.498843 0.0679983
    outer loop
      vertex -6.26825 -3.39221 1.8
      vertex -5.53748 -3.40387 11
      vertex -5.71658 -3.09366 11
    endloop
  endfacet
  facet normal -0.863994 -0.49889 0.0679961
    outer loop
      vertex -5.53748 -3.40387 11
      vertex -6.26825 -3.39221 1.8
      vertex -6.23894 -3.44297 1.8
    endloop
  endfacet
  facet normal 0.988233 -0.137012 0.0679976
    outer loop
      vertex 7.08401 -0.784058 1.8
      vertex 6.46055 -0.715053 11
      vertex 7.03812 -1.11505 1.8
    endloop
  endfacet
  facet normal 0.934341 0.349833 0.0679978
    outer loop
      vertex 6.60337 2.68206 1.8
      vertex 6.02221 2.44601 11
      vertex 6.72054 2.36912 1.8
    endloop
  endfacet
  facet normal 0.109785 0.991627 0.0679985
    outer loop
      vertex 0.920696 7.06617 1.8
      vertex 0.892797 6.43839 11
      vertex 0.978955 7.05972 1.8
    endloop
  endfacet
  facet normal 0.109766 0.991629 0.0679986
    outer loop
      vertex 0.892797 6.43839 11
      vertex 0.920696 7.06617 1.8
      vertex 0.536765 6.4778 11
    endloop
  endfacet
  facet normal 0.988232 0.137018 0.0679985
    outer loop
      vertex 6.41135 1.06986 11
      vertex 7.03812 1.11505 1.8
      vertex 7.03007 1.17311 1.8
    endloop
  endfacet
  facet normal 0.98823 0.137035 0.0679984
    outer loop
      vertex 7.03812 1.11505 1.8
      vertex 6.41135 1.06986 11
      vertex 6.46055 0.715053 11
    endloop
  endfacet
  facet normal -0.568482 -0.819881 0.0679983
    outer loop
      vertex -3.55516 -5.44158 11
      vertex -4.17285 -5.77631 1.8
      vertex -3.89825 -5.96671 1.8
    endloop
  endfacet
  facet normal 0.934316 0.3499 0.0679953
    outer loop
      vertex 6.02221 2.44601 11
      vertex 6.7411 2.31422 1.8
      vertex 6.72054 2.36912 1.8
    endloop
  endfacet
  facet normal 0.934343 0.349828 0.0679984
    outer loop
      vertex 6.7411 2.31422 1.8
      vertex 6.02221 2.44601 11
      vertex 6.14781 2.11055 11
    endloop
  endfacet
  facet normal 0.952228 0.29772 0.0679983
    outer loop
      vertex 6.14781 2.11055 11
      vertex 6.75859 2.25828 1.8
      vertex 6.7411 2.31422 1.8
    endloop
  endfacet
  facet normal 0.952197 0.297819 0.0679978
    outer loop
      vertex 6.75859 2.25828 1.8
      vertex 6.14781 2.11055 11
      vertex 6.25474 1.76867 11
    endloop
  endfacet
  facet normal 0.994278 0.082387 0.0679982
    outer loop
      vertex 6.49013 0.35807 11
      vertex 7.11161 0.45104 1.8
      vertex 6.46055 0.715053 11
    endloop
  endfacet
  facet normal 0.994278 0.0823814 0.0679982
    outer loop
      vertex 7.11161 0.45104 1.8
      vertex 6.49013 0.35807 11
      vertex 7.11645 0.392625 1.8
    endloop
  endfacet
  facet normal -0.934341 -0.349833 0.0679978
    outer loop
      vertex -6.02221 -2.44601 11
      vertex -6.72054 -2.36912 1.8
      vertex -6.60337 -2.68206 1.8
    endloop
  endfacet
  facet normal 0.952188 -0.29785 0.0679989
    outer loop
      vertex 6.85835 -1.93936 1.8
      vertex 6.25474 -1.76867 11
      vertex 6.75859 -2.25828 1.8
    endloop
  endfacet
  facet normal 0.98823 -0.137035 0.0679984
    outer loop
      vertex 6.41135 -1.06986 11
      vertex 7.03812 -1.11505 1.8
      vertex 6.46055 -0.715053 11
    endloop
  endfacet
  facet normal 0.988232 -0.137018 0.0679985
    outer loop
      vertex 7.03812 -1.11505 1.8
      vertex 6.41135 -1.06986 11
      vertex 7.03007 -1.17311 1.8
    endloop
  endfacet
  facet normal -0.835221 0.545694 0.0679972
    outer loop
      vertex -6.07186 3.73236 1.8
      vertex -5.34156 3.70375 11
      vertex -6.0398 3.78143 1.8
    endloop
  endfacet
  facet normal -0.835231 0.54568 0.0679979
    outer loop
      vertex -5.34156 3.70375 11
      vertex -6.07186 3.73236 1.8
      vertex -5.53748 3.40387 11
    endloop
  endfacet
  facet normal 0.803897 -0.590868 0.0679977
    outer loop
      vertex 5.85703 -4.06118 1.8
      vertex 5.34156 -3.70375 11
      vertex 5.65913 -4.33043 1.8
    endloop
  endfacet
  facet normal 0.994278 -0.0823814 0.0679982
    outer loop
      vertex 6.49013 -0.35807 11
      vertex 7.11161 -0.45104 1.8
      vertex 7.11645 -0.392625 1.8
    endloop
  endfacet
  facet normal 0.994278 -0.082387 0.0679982
    outer loop
      vertex 7.11161 -0.45104 1.8
      vertex 6.49013 -0.35807 11
      vertex 6.46055 -0.715053 11
    endloop
  endfacet
  facet normal 0.997307 -0.0274902 0.0679976
    outer loop
      vertex 6.49013 -0.35807 11
      vertex 7.11806 -0.334031 1.8
      vertex 6.5 0 11
    endloop
  endfacet
  facet normal 0.997309 -0.0274033 0.067998
    outer loop
      vertex 7.11806 -0.334031 1.8
      vertex 6.49013 -0.35807 11
      vertex 7.11645 -0.392625 1.8
    endloop
  endfacet
  facet normal 0.967157 0.244917 0.0679981
    outer loop
      vertex 6.87274 1.88253 1.8
      vertex 6.34268 1.42143 11
      vertex 6.95477 1.5586 1.8
    endloop
  endfacet
  facet normal -0.913663 -0.400745 0.0679978
    outer loop
      vertex -6.02221 -2.44601 11
      vertex -6.60337 -2.68206 1.8
      vertex -6.46915 -2.98807 1.8
    endloop
  endfacet
  facet normal -0.770183 0.634188 0.0680016
    outer loop
      vertex -5.62442 4.37766 1.8
      vertex -4.90169 4.26889 11
      vertex -5.58716 4.42291 1.8
    endloop
  endfacet
  facet normal -0.770135 0.634246 0.0679986
    outer loop
      vertex -4.90169 4.26889 11
      vertex -5.62442 4.37766 1.8
      vertex -5.12941 3.99238 11
    endloop
  endfacet
  facet normal -0.803897 -0.590868 0.0679977
    outer loop
      vertex -5.34156 -3.70375 11
      vertex -5.85703 -4.06118 1.8
      vertex -5.65913 -4.33043 1.8
    endloop
  endfacet
  facet normal 0.734009 -0.675727 0.0679972
    outer loop
      vertex 5.33502 -4.72398 1.8
      vertex 4.65909 -4.53243 11
      vertex 5.1087 -4.96982 1.8
    endloop
  endfacet
  facet normal -0.218164 -0.97354 0.0679983
    outer loop
      vertex -1.24612 -6.37943 11
      vertex -1.69244 -6.922 1.8
      vertex -1.36637 -6.99507 1.8
    endloop
  endfacet
  facet normal -0.655235 0.752359 0.0679985
    outer loop
      vertex -4.53098 5.50166 1.8
      vertex -4.78297 5.2822 1.8
      vertex -4.1322 5.01746 11
    endloop
  endfacet
  facet normal -0.61279 0.787315 0.0679985
    outer loop
      vertex -4.22102 5.74291 1.8
      vertex -4.1322 5.01746 11
      vertex -3.84953 5.23747 11
    endloop
  endfacet
  facet normal -0.612838 0.787278 0.067996
    outer loop
      vertex -4.1322 5.01746 11
      vertex -4.22102 5.74291 1.8
      vertex -4.26728 5.7069 1.8
    endloop
  endfacet
  facet normal -0.375456 -0.924343 0.067997
    outer loop
      vertex -2.49909 -6.67477 1.8
      vertex -2.61102 -5.95253 11
      vertex -2.5534 -6.65271 1.8
    endloop
  endfacet
  facet normal -0.375419 -0.924357 0.0679986
    outer loop
      vertex -2.61102 -5.95253 11
      vertex -2.49909 -6.67477 1.8
      vertex -2.27914 -6.08732 11
    endloop
  endfacet
  facet normal -0.91363 0.400819 0.0679982
    outer loop
      vertex -6.46915 2.98807 1.8
      vertex -5.87832 2.77405 11
      vertex -6.4456 3.04175 1.8
    endloop
  endfacet
  facet normal -0.913655 0.400762 0.0679985
    outer loop
      vertex -5.87832 2.77405 11
      vertex -6.46915 2.98807 1.8
      vertex -6.02221 2.44601 11
    endloop
  endfacet
  facet normal -0.375419 0.924357 0.0679986
    outer loop
      vertex -2.49909 6.67477 1.8
      vertex -2.61102 5.95253 11
      vertex -2.27914 6.08732 11
    endloop
  endfacet
  facet normal -0.375456 0.924343 0.067997
    outer loop
      vertex -2.61102 5.95253 11
      vertex -2.49909 6.67477 1.8
      vertex -2.5534 6.65271 1.8
    endloop
  endfacet
  facet normal 0.61278 -0.787323 0.0679985
    outer loop
      vertex 4.53098 -5.50166 1.8
      vertex 4.1322 -5.01746 11
      vertex 4.26728 -5.7069 1.8
    endloop
  endfacet
  facet normal -0.323948 -0.943628 0.0679979
    outer loop
      vertex -1.94035 -6.20363 11
      vertex -2.44365 -6.6938 1.8
      vertex -2.1276 -6.8023 1.8
    endloop
  endfacet
  facet normal -0.271476 0.96004 0.0679978
    outer loop
      vertex -2.07119 6.81825 1.8
      vertex -1.94035 6.20363 11
      vertex -1.59566 6.3011 11
    endloop
  endfacet
  facet normal -0.271454 0.960046 0.0679979
    outer loop
      vertex -1.94035 6.20363 11
      vertex -2.07119 6.81825 1.8
      vertex -2.1276 6.8023 1.8
    endloop
  endfacet
  facet normal -0.997306 -0.027498 0.0679979
    outer loop
      vertex -6.5 0 11
      vertex -7.12727 0 1.8
      vertex -7.11806 -0.334031 1.8
    endloop
  endfacet
  facet normal -0.952228 0.29772 0.0679983
    outer loop
      vertex -6.75859 2.25828 1.8
      vertex -6.14781 2.11055 11
      vertex -6.7411 2.31422 1.8
    endloop
  endfacet
  facet normal -0.952197 0.297819 0.0679978
    outer loop
      vertex -6.14781 2.11055 11
      vertex -6.75859 2.25828 1.8
      vertex -6.25474 1.76867 11
    endloop
  endfacet
  facet normal 0.695685 -0.715122 0.0679972
    outer loop
      vertex 5.1087 -4.96982 1.8
      vertex 4.65909 -4.53243 11
      vertex 4.86918 -5.20283 1.8
    endloop
  endfacet
  facet normal -0.474879 -0.87742 0.0679971
    outer loop
      vertex -3.2182 -6.35934 1.8
      vertex -3.25 -5.62916 11
      vertex -3.26975 -6.33144 1.8
    endloop
  endfacet
  facet normal -0.474855 -0.877433 0.0679982
    outer loop
      vertex -3.25 -5.62916 11
      vertex -3.2182 -6.35934 1.8
      vertex -2.93497 -5.79965 11
    endloop
  endfacet
  facet normal 0.967162 0.244896 0.0679989
    outer loop
      vertex 6.25474 1.76867 11
      vertex 6.87274 1.88253 1.8
      vertex 6.85835 1.93936 1.8
    endloop
  endfacet
  facet normal 0.967152 0.244935 0.0679987
    outer loop
      vertex 6.87274 1.88253 1.8
      vertex 6.25474 1.76867 11
      vertex 6.34268 1.42143 11
    endloop
  endfacet
  facet normal 0.61279 -0.787315 0.0679985
    outer loop
      vertex 4.22102 -5.74291 1.8
      vertex 4.1322 -5.01746 11
      vertex 3.84953 -5.23747 11
    endloop
  endfacet
  facet normal 0.612838 -0.787278 0.067996
    outer loop
      vertex 4.1322 -5.01746 11
      vertex 4.22102 -5.74291 1.8
      vertex 4.26728 -5.7069 1.8
    endloop
  endfacet
  facet normal 0.890168 0.45053 0.067996
    outer loop
      vertex 5.71658 3.09366 11
      vertex 6.4456 3.04175 1.8
      vertex 6.41913 3.09405 1.8
    endloop
  endfacet
  facet normal 0.890191 0.450485 0.0679981
    outer loop
      vertex 6.4456 3.04175 1.8
      vertex 5.71658 3.09366 11
      vertex 5.87832 2.77405 11
    endloop
  endfacet
  facet normal -0.994278 0.0823814 0.0679982
    outer loop
      vertex -6.49013 0.35807 11
      vertex -7.11161 0.45104 1.8
      vertex -7.11645 0.392625 1.8
    endloop
  endfacet
  facet normal -0.994278 0.082387 0.0679982
    outer loop
      vertex -7.11161 0.45104 1.8
      vertex -6.49013 0.35807 11
      vertex -6.46055 0.715053 11
    endloop
  endfacet
  facet normal 0.770183 0.634188 0.0680016
    outer loop
      vertex 4.90169 4.26889 11
      vertex 5.62442 4.37766 1.8
      vertex 5.58716 4.42291 1.8
    endloop
  endfacet
  facet normal 0.770135 0.634246 0.0679986
    outer loop
      vertex 5.62442 4.37766 1.8
      vertex 4.90169 4.26889 11
      vertex 5.12941 3.99238 11
    endloop
  endfacet
  facet normal 0.323909 0.943642 0.0679985
    outer loop
      vertex 2.44365 6.6938 1.8
      vertex 2.27914 6.08732 11
      vertex 2.49909 6.67477 1.8
    endloop
  endfacet
  facet normal 0.323956 0.943625 0.0679982
    outer loop
      vertex 2.27914 6.08732 11
      vertex 2.44365 6.6938 1.8
      vertex 1.94035 6.20363 11
    endloop
  endfacet
  facet normal -0.164216 -0.984078 0.0679982
    outer loop
      vertex -1.03677 -7.05007 1.8
      vertex -0.892797 -6.43839 11
      vertex -1.24612 -6.37943 11
    endloop
  endfacet
  facet normal -0.164253 -0.984072 0.0679984
    outer loop
      vertex -0.892797 -6.43839 11
      vertex -1.03677 -7.05007 1.8
      vertex -0.978955 -7.05972 1.8
    endloop
  endfacet
  facet normal -0.218194 -0.973534 0.0679982
    outer loop
      vertex -1.69244 -6.922 1.8
      vertex -1.59566 -6.3011 11
      vertex -1.74964 -6.90918 1.8
    endloop
  endfacet
  facet normal -0.218165 -0.97354 0.0679984
    outer loop
      vertex -1.59566 -6.3011 11
      vertex -1.69244 -6.922 1.8
      vertex -1.24612 -6.37943 11
    endloop
  endfacet
  facet normal 0.522458 -0.849949 0.0679989
    outer loop
      vertex 3.56364 -6.1724 1.8
      vertex 3.55516 -5.44158 11
      vertex 3.25 -5.62916 11
    endloop
  endfacet
  facet normal 0.522562 -0.849886 0.067994
    outer loop
      vertex 3.55516 -5.44158 11
      vertex 3.56364 -6.1724 1.8
      vertex 3.61357 -6.1417 1.8
    endloop
  endfacet
  facet normal 0.218164 -0.97354 0.0679983
    outer loop
      vertex 1.69244 -6.922 1.8
      vertex 1.24612 -6.37943 11
      vertex 1.36637 -6.99507 1.8
    endloop
  endfacet
  facet normal -0.952188 -0.29785 0.0679989
    outer loop
      vertex -6.25474 -1.76867 11
      vertex -6.85835 -1.93936 1.8
      vertex -6.75859 -2.25828 1.8
    endloop
  endfacet
  facet normal 0.109753 -0.99163 0.0679982
    outer loop
      vertex 0.920696 -7.06617 1.8
      vertex 0.536765 -6.4778 11
      vertex 0.588565 -7.10293 1.8
    endloop
  endfacet
  facet normal -0.770135 -0.634246 0.0679986
    outer loop
      vertex -5.62442 -4.37766 1.8
      vertex -4.90169 -4.26889 11
      vertex -5.12941 -3.99238 11
    endloop
  endfacet
  facet normal -0.770183 -0.634188 0.0680016
    outer loop
      vertex -4.90169 -4.26889 11
      vertex -5.62442 -4.37766 1.8
      vertex -5.58716 -4.42291 1.8
    endloop
  endfacet
  facet normal 0.271486 -0.960037 0.0679981
    outer loop
      vertex 2.07119 -6.81825 1.8
      vertex 1.59566 -6.3011 11
      vertex 1.74964 -6.90918 1.8
    endloop
  endfacet
  facet normal 0.474879 0.87742 0.0679971
    outer loop
      vertex 3.2182 6.35934 1.8
      vertex 3.25 5.62916 11
      vertex 3.26975 6.33144 1.8
    endloop
  endfacet
  facet normal 0.474855 0.877433 0.0679982
    outer loop
      vertex 3.25 5.62916 11
      vertex 3.2182 6.35934 1.8
      vertex 2.93497 5.79965 11
    endloop
  endfacet
  facet normal -0.522456 -0.84995 0.0679983
    outer loop
      vertex -3.55516 -5.44158 11
      vertex -3.89825 -5.96671 1.8
      vertex -3.61357 -6.1417 1.8
    endloop
  endfacet
  facet normal 0.164253 -0.984072 0.0679984
    outer loop
      vertex 1.03677 -7.05007 1.8
      vertex 0.892797 -6.43839 11
      vertex 0.978955 -7.05972 1.8
    endloop
  endfacet
  facet normal 0.164216 -0.984078 0.0679982
    outer loop
      vertex 0.892797 -6.43839 11
      vertex 1.03677 -7.05007 1.8
      vertex 1.24612 -6.37943 11
    endloop
  endfacet
  facet normal -0.568485 -0.819878 0.0679985
    outer loop
      vertex -4.17285 -5.77631 1.8
      vertex -3.84953 -5.23747 11
      vertex -4.22102 -5.74291 1.8
    endloop
  endfacet
  facet normal -0.568486 -0.819878 0.0679985
    outer loop
      vertex -3.84953 -5.23747 11
      vertex -4.17285 -5.77631 1.8
      vertex -3.55516 -5.44158 11
    endloop
  endfacet
  facet normal 0.568482 -0.819881 0.0679983
    outer loop
      vertex 4.17285 -5.77631 1.8
      vertex 3.55516 -5.44158 11
      vertex 3.89825 -5.96671 1.8
    endloop
  endfacet
  facet normal -0.967152 -0.244935 0.0679987
    outer loop
      vertex -6.87274 -1.88253 1.8
      vertex -6.25474 -1.76867 11
      vertex -6.34268 -1.42143 11
    endloop
  endfacet
  facet normal -0.967162 -0.244896 0.0679989
    outer loop
      vertex -6.25474 -1.76867 11
      vertex -6.87274 -1.88253 1.8
      vertex -6.85835 -1.93936 1.8
    endloop
  endfacet
  facet normal 0.913655 -0.400762 0.0679985
    outer loop
      vertex 5.87832 -2.77405 11
      vertex 6.46915 -2.98807 1.8
      vertex 6.02221 -2.44601 11
    endloop
  endfacet
  facet normal 0.91363 -0.400819 0.0679982
    outer loop
      vertex 6.46915 -2.98807 1.8
      vertex 5.87832 -2.77405 11
      vertex 6.4456 -3.04175 1.8
    endloop
  endfacet
  facet normal 0.80389 -0.590878 0.0679982
    outer loop
      vertex 5.12941 -3.99238 11
      vertex 5.65913 -4.33043 1.8
      vertex 5.34156 -3.70375 11
    endloop
  endfacet
  facet normal 0.803932 -0.590821 0.0679985
    outer loop
      vertex 5.65913 -4.33043 1.8
      vertex 5.12941 -3.99238 11
      vertex 5.62442 -4.37766 1.8
    endloop
  endfacet
  facet normal 0.979181 0.191262 0.0679981
    outer loop
      vertex 6.95477 1.5586 1.8
      vertex 6.34268 1.42143 11
      vertex 7.01883 1.23064 1.8
    endloop
  endfacet
  facet normal -0.474855 0.877433 0.0679982
    outer loop
      vertex -3.2182 6.35934 1.8
      vertex -3.25 5.62916 11
      vertex -2.93497 5.79965 11
    endloop
  endfacet
  facet normal -0.474879 0.87742 0.0679971
    outer loop
      vertex -3.25 5.62916 11
      vertex -3.2182 6.35934 1.8
      vertex -3.26975 6.33144 1.8
    endloop
  endfacet
  facet normal -0.695669 0.715137 0.0679982
    outer loop
      vertex -4.82717 5.2437 1.8
      vertex -4.65909 4.53243 11
      vertex -4.40233 4.7822 11
    endloop
  endfacet
  facet normal -0.695701 0.715106 0.0679964
    outer loop
      vertex -4.65909 4.53243 11
      vertex -4.82717 5.2437 1.8
      vertex -4.86918 5.20283 1.8
    endloop
  endfacet
  facet normal 0.91363 0.400819 0.0679982
    outer loop
      vertex 5.87832 2.77405 11
      vertex 6.46915 2.98807 1.8
      vertex 6.4456 3.04175 1.8
    endloop
  endfacet
  facet normal 0.913655 0.400762 0.0679985
    outer loop
      vertex 6.46915 2.98807 1.8
      vertex 5.87832 2.77405 11
      vertex 6.02221 2.44601 11
    endloop
  endfacet
  facet normal 0.988233 0.137012 0.0679976
    outer loop
      vertex 7.03812 1.11505 1.8
      vertex 6.46055 0.715053 11
      vertex 7.08401 0.784058 1.8
    endloop
  endfacet
  facet normal 0.994277 0.0824041 0.0679976
    outer loop
      vertex 7.08401 0.784058 1.8
      vertex 6.46055 0.715053 11
      vertex 7.11161 0.45104 1.8
    endloop
  endfacet
  facet normal -0.997309 0.0274033 0.067998
    outer loop
      vertex -7.11806 0.334031 1.8
      vertex -6.49013 0.35807 11
      vertex -7.11645 0.392625 1.8
    endloop
  endfacet
  facet normal -0.997307 0.0274902 0.0679976
    outer loop
      vertex -6.49013 0.35807 11
      vertex -7.11806 0.334031 1.8
      vertex -6.5 0 11
    endloop
  endfacet
  facet normal 0.997309 0.0274033 0.067998
    outer loop
      vertex 6.49013 0.35807 11
      vertex 7.11806 0.334031 1.8
      vertex 7.11645 0.392625 1.8
    endloop
  endfacet
  facet normal 0.997307 0.0274902 0.0679976
    outer loop
      vertex 7.11806 0.334031 1.8
      vertex 6.49013 0.35807 11
      vertex 6.5 0 11
    endloop
  endfacet
  facet normal 0.734029 -0.675705 0.067998
    outer loop
      vertex 4.65909 -4.53243 11
      vertex 5.37472 -4.68085 1.8
      vertex 4.90169 -4.26889 11
    endloop
  endfacet
  facet normal 0.734055 -0.675677 0.0679995
    outer loop
      vertex 5.37472 -4.68085 1.8
      vertex 4.65909 -4.53243 11
      vertex 5.33502 -4.72398 1.8
    endloop
  endfacet
  facet normal -0.988233 0.137012 0.0679976
    outer loop
      vertex -7.03812 1.11505 1.8
      vertex -7.08401 0.784058 1.8
      vertex -6.46055 0.715053 11
    endloop
  endfacet
  facet normal -0.0549661 0.99617 0.0679988
    outer loop
      vertex -0.196387 7.12457 1.8
      vertex -0.530038 7.10616 1.8
      vertex -0.179103 6.49753 11
    endloop
  endfacet
  facet normal -0.109785 -0.991627 0.0679985
    outer loop
      vertex -0.920696 -7.06617 1.8
      vertex -0.892797 -6.43839 11
      vertex -0.978955 -7.05972 1.8
    endloop
  endfacet
  facet normal -0.109766 -0.991629 0.0679986
    outer loop
      vertex -0.892797 -6.43839 11
      vertex -0.920696 -7.06617 1.8
      vertex -0.536765 -6.4778 11
    endloop
  endfacet
  facet normal -0.655238 0.752356 0.0679987
    outer loop
      vertex -4.78297 5.2822 1.8
      vertex -4.40233 4.7822 11
      vertex -4.1322 5.01746 11
    endloop
  endfacet
  facet normal -0.655292 0.752309 0.0679983
    outer loop
      vertex -4.40233 4.7822 11
      vertex -4.78297 5.2822 1.8
      vertex -4.82717 5.2437 1.8
    endloop
  endfacet
  facet normal -0.323956 0.943625 0.0679982
    outer loop
      vertex -2.44365 6.6938 1.8
      vertex -2.27914 6.08732 11
      vertex -1.94035 6.20363 11
    endloop
  endfacet
  facet normal -0.323909 0.943642 0.0679985
    outer loop
      vertex -2.27914 6.08732 11
      vertex -2.44365 6.6938 1.8
      vertex -2.49909 6.67477 1.8
    endloop
  endfacet
  facet normal -0.522458 0.849949 0.0679989
    outer loop
      vertex -3.56364 6.1724 1.8
      vertex -3.55516 5.44158 11
      vertex -3.25 5.62916 11
    endloop
  endfacet
  facet normal -0.522562 0.849886 0.067994
    outer loop
      vertex -3.55516 5.44158 11
      vertex -3.56364 6.1724 1.8
      vertex -3.61357 6.1417 1.8
    endloop
  endfacet
  facet normal -0.218164 0.97354 0.0679983
    outer loop
      vertex -1.36637 6.99507 1.8
      vertex -1.69244 6.922 1.8
      vertex -1.24612 6.37943 11
    endloop
  endfacet
  facet normal -0.835229 -0.545683 0.0679977
    outer loop
      vertex -5.34156 -3.70375 11
      vertex -6.0398 -3.78143 1.8
      vertex -5.85703 -4.06118 1.8
    endloop
  endfacet
  facet normal -0.994277 -0.0824041 0.0679976
    outer loop
      vertex -6.46055 -0.715053 11
      vertex -7.11161 -0.45104 1.8
      vertex -7.08401 -0.784058 1.8
    endloop
  endfacet
  facet normal 0.323956 -0.943625 0.0679982
    outer loop
      vertex 2.44365 -6.6938 1.8
      vertex 2.27914 -6.08732 11
      vertex 1.94035 -6.20363 11
    endloop
  endfacet
  facet normal 0.323909 -0.943642 0.0679985
    outer loop
      vertex 2.27914 -6.08732 11
      vertex 2.44365 -6.6938 1.8
      vertex 2.49909 -6.67477 1.8
    endloop
  endfacet
  facet normal 0.952197 -0.297819 0.0679978
    outer loop
      vertex 6.14781 -2.11055 11
      vertex 6.75859 -2.25828 1.8
      vertex 6.25474 -1.76867 11
    endloop
  endfacet
  facet normal 0.952228 -0.29772 0.0679983
    outer loop
      vertex 6.75859 -2.25828 1.8
      vertex 6.14781 -2.11055 11
      vertex 6.7411 -2.31422 1.8
    endloop
  endfacet
  facet normal 0.934343 -0.349828 0.0679984
    outer loop
      vertex 6.02221 -2.44601 11
      vertex 6.7411 -2.31422 1.8
      vertex 6.14781 -2.11055 11
    endloop
  endfacet
  facet normal 0.934316 -0.3499 0.0679953
    outer loop
      vertex 6.7411 -2.31422 1.8
      vertex 6.02221 -2.44601 11
      vertex 6.72054 -2.36912 1.8
    endloop
  endfacet
  facet normal 0.835229 -0.545683 0.0679977
    outer loop
      vertex 6.0398 -3.78143 1.8
      vertex 5.34156 -3.70375 11
      vertex 5.85703 -4.06118 1.8
    endloop
  endfacet
  facet normal 0.835231 -0.54568 0.0679979
    outer loop
      vertex 5.34156 -3.70375 11
      vertex 6.07186 -3.73236 1.8
      vertex 5.53748 -3.40387 11
    endloop
  endfacet
  facet normal 0.835221 -0.545694 0.0679972
    outer loop
      vertex 6.07186 -3.73236 1.8
      vertex 5.34156 -3.70375 11
      vertex 6.0398 -3.78143 1.8
    endloop
  endfacet
  facet normal -0.734009 -0.675727 0.0679972
    outer loop
      vertex -4.65909 -4.53243 11
      vertex -5.33502 -4.72398 1.8
      vertex -5.1087 -4.96982 1.8
    endloop
  endfacet
  facet normal -0.979172 0.191307 0.0679965
    outer loop
      vertex -7.03007 1.17311 1.8
      vertex -6.34268 1.42143 11
      vertex -7.01883 1.23064 1.8
    endloop
  endfacet
  facet normal -0.979182 0.191258 0.0679985
    outer loop
      vertex -6.34268 1.42143 11
      vertex -7.03007 1.17311 1.8
      vertex -6.41135 1.06986 11
    endloop
  endfacet
  facet normal -0.988232 0.137018 0.0679985
    outer loop
      vertex -7.03812 1.11505 1.8
      vertex -6.41135 1.06986 11
      vertex -7.03007 1.17311 1.8
    endloop
  endfacet
  facet normal -0.98823 0.137035 0.0679984
    outer loop
      vertex -6.41135 1.06986 11
      vertex -7.03812 1.11505 1.8
      vertex -6.46055 0.715053 11
    endloop
  endfacet
  facet normal -0.375427 -0.924354 0.0679981
    outer loop
      vertex -2.61102 -5.95253 11
      vertex -2.86299 -6.52697 1.8
      vertex -2.5534 -6.65271 1.8
    endloop
  endfacet
  facet normal -0.655292 -0.752309 0.0679983
    outer loop
      vertex -4.78297 -5.2822 1.8
      vertex -4.40233 -4.7822 11
      vertex -4.82717 -5.2437 1.8
    endloop
  endfacet
  facet normal -0.655238 -0.752356 0.0679987
    outer loop
      vertex -4.40233 -4.7822 11
      vertex -4.78297 -5.2822 1.8
      vertex -4.1322 -5.01746 11
    endloop
  endfacet
  facet normal -0.0549768 -0.99617 0.0679982
    outer loop
      vertex -0.530038 -7.10616 1.8
      vertex -0.536765 -6.4778 11
      vertex -0.588565 -7.10293 1.8
    endloop
  endfacet
  facet normal -0.0549526 -0.996171 0.0679983
    outer loop
      vertex -0.536765 -6.4778 11
      vertex -0.530038 -7.10616 1.8
      vertex -0.179103 -6.49753 11
    endloop
  endfacet
  facet normal -0.967162 0.244896 0.0679989
    outer loop
      vertex -6.87274 1.88253 1.8
      vertex -6.25474 1.76867 11
      vertex -6.85835 1.93936 1.8
    endloop
  endfacet
  facet normal -0.967152 0.244935 0.0679987
    outer loop
      vertex -6.25474 1.76867 11
      vertex -6.87274 1.88253 1.8
      vertex -6.34268 1.42143 11
    endloop
  endfacet
  facet normal -0.890191 -0.450485 0.0679981
    outer loop
      vertex -6.4456 -3.04175 1.8
      vertex -5.71658 -3.09366 11
      vertex -5.87832 -2.77405 11
    endloop
  endfacet
  facet normal -0.890168 -0.45053 0.067996
    outer loop
      vertex -5.71658 -3.09366 11
      vertex -6.4456 -3.04175 1.8
      vertex -6.41913 -3.09405 1.8
    endloop
  endfacet
  facet normal -0.913655 -0.400762 0.0679985
    outer loop
      vertex -6.46915 -2.98807 1.8
      vertex -5.87832 -2.77405 11
      vertex -6.02221 -2.44601 11
    endloop
  endfacet
  facet normal -0.91363 -0.400819 0.0679982
    outer loop
      vertex -5.87832 -2.77405 11
      vertex -6.46915 -2.98807 1.8
      vertex -6.4456 -3.04175 1.8
    endloop
  endfacet
  facet normal 0.734009 0.675727 0.0679972
    outer loop
      vertex 5.1087 4.96982 1.8
      vertex 4.65909 4.53243 11
      vertex 5.33502 4.72398 1.8
    endloop
  endfacet
  facet normal -0.271454 -0.960046 0.0679979
    outer loop
      vertex -2.07119 -6.81825 1.8
      vertex -1.94035 -6.20363 11
      vertex -2.1276 -6.8023 1.8
    endloop
  endfacet
  facet normal -0.271476 -0.96004 0.0679978
    outer loop
      vertex -1.94035 -6.20363 11
      vertex -2.07119 -6.81825 1.8
      vertex -1.59566 -6.3011 11
    endloop
  endfacet
  facet normal 0.568486 -0.819878 0.0679985
    outer loop
      vertex 4.17285 -5.77631 1.8
      vertex 3.84953 -5.23747 11
      vertex 3.55516 -5.44158 11
    endloop
  endfacet
  facet normal 0.568485 -0.819878 0.0679985
    outer loop
      vertex 3.84953 -5.23747 11
      vertex 4.17285 -5.77631 1.8
      vertex 4.22102 -5.74291 1.8
    endloop
  endfacet
  facet normal 0.164216 0.984078 0.0679982
    outer loop
      vertex 1.03677 7.05007 1.8
      vertex 0.892797 6.43839 11
      vertex 1.24612 6.37943 11
    endloop
  endfacet
  facet normal 0.164253 0.984072 0.0679984
    outer loop
      vertex 0.892797 6.43839 11
      vertex 1.03677 7.05007 1.8
      vertex 0.978955 7.05972 1.8
    endloop
  endfacet
  facet normal -0.612838 -0.787278 0.067996
    outer loop
      vertex -4.22102 -5.74291 1.8
      vertex -4.1322 -5.01746 11
      vertex -4.26728 -5.7069 1.8
    endloop
  endfacet
  facet normal -0.61279 -0.787315 0.0679985
    outer loop
      vertex -4.1322 -5.01746 11
      vertex -4.22102 -5.74291 1.8
      vertex -3.84953 -5.23747 11
    endloop
  endfacet
  facet normal 0.86402 -0.498844 0.0679979
    outer loop
      vertex 6.23894 -3.44297 1.8
      vertex 5.53748 -3.40387 11
      vertex 6.07186 -3.73236 1.8
    endloop
  endfacet
  facet normal 0 0 -1
    outer loop
      vertex 9.24144 -0.397955 0
      vertex 9.24144 0.397955 0
      vertex 9.25 0 0
    endloop
  endfacet
  facet normal 0 0 -1
    outer loop
      vertex 9.21576 -0.795174 0
      vertex 9.24144 0.397955 0
      vertex 9.24144 -0.397955 0
    endloop
  endfacet
  facet normal 0 0 -1
    outer loop
      vertex 9.21576 -0.795174 0
      vertex 9.21576 0.795174 0
      vertex 9.24144 0.397955 0
    endloop
  endfacet
  facet normal 0 0 -1
    outer loop
      vertex 9.17301 -1.19092 0
      vertex 9.21576 0.795174 0
      vertex 9.21576 -0.795174 0
    endloop
  endfacet
  facet normal 0 0 -1
    outer loop
      vertex 9.17301 -1.19092 0
      vertex 9.17301 1.19092 0
      vertex 9.21576 0.795174 0
    endloop
  endfacet
  facet normal 0 0 -1
    outer loop
      vertex 9.11329 -1.58446 0
      vertex 9.17301 1.19092 0
      vertex 9.17301 -1.19092 0
    endloop
  endfacet
  facet normal 0 0 -1
    outer loop
      vertex 9.11329 -1.58446 0
      vertex 9.11329 1.58446 0
      vertex 9.17301 1.19092 0
    endloop
  endfacet
  facet normal 0 0 -1
    outer loop
      vertex 9.03668 -1.97507 0
      vertex 9.11329 1.58446 0
      vertex 9.11329 -1.58446 0
    endloop
  endfacet
  facet normal 0 0 -1
    outer loop
      vertex 9.03668 -1.97507 0
      vertex 9.03668 1.97507 0
      vertex 9.11329 1.58446 0
    endloop
  endfacet
  facet normal 0 0 -1
    outer loop
      vertex 8.94334 -2.36202 0
      vertex 9.03668 1.97507 0
      vertex 9.03668 -1.97507 0
    endloop
  endfacet
  facet normal 0 0 -1
    outer loop
      vertex 8.94334 -2.36202 0
      vertex 8.94334 2.36202 0
      vertex 9.03668 1.97507 0
    endloop
  endfacet
  facet normal 0 0 -1
    outer loop
      vertex 8.83344 -2.74459 0
      vertex 8.94334 2.36202 0
      vertex 8.94334 -2.36202 0
    endloop
  endfacet
  facet normal 0 0 -1
    outer loop
      vertex 8.83344 -2.74459 0
      vertex 8.83344 2.74459 0
      vertex 8.94334 2.36202 0
    endloop
  endfacet
  facet normal 0 0 -1
    outer loop
      vertex 8.70718 -3.12209 0
      vertex 8.83344 2.74459 0
      vertex 8.83344 -2.74459 0
    endloop
  endfacet
  facet normal 0 0 -1
    outer loop
      vertex 8.70718 -3.12209 0
      vertex 8.70718 3.12209 0
      vertex 8.83344 2.74459 0
    endloop
  endfacet
  facet normal 0 0 -1
    outer loop
      vertex 8.5648 -3.4938 0
      vertex 8.70718 3.12209 0
      vertex 8.70718 -3.12209 0
    endloop
  endfacet
  facet normal 0 0 -1
    outer loop
      vertex 8.5648 -3.4938 0
      vertex 8.5648 3.4938 0
      vertex 8.70718 3.12209 0
    endloop
  endfacet
  facet normal 0 0 -1
    outer loop
      vertex 8.40656 -3.85904 0
      vertex 8.5648 3.4938 0
      vertex 8.5648 -3.4938 0
    endloop
  endfacet
  facet normal 0 0 -1
    outer loop
      vertex 8.40656 -3.85904 0
      vertex 8.40656 3.85904 0
      vertex 8.5648 3.4938 0
    endloop
  endfacet
  facet normal 0 0 -1
    outer loop
      vertex 8.23275 -4.21714 0
      vertex 8.40656 3.85904 0
      vertex 8.40656 -3.85904 0
    endloop
  endfacet
  facet normal 0 0 -1
    outer loop
      vertex 8.23275 -4.21714 0
      vertex 8.23275 4.21714 0
      vertex 8.40656 3.85904 0
    endloop
  endfacet
  facet normal 0 0 -1
    outer loop
      vertex 8.0437 -4.56742 0
      vertex 8.23275 4.21714 0
      vertex 8.23275 -4.21714 0
    endloop
  endfacet
  facet normal 0 0 -1
    outer loop
      vertex 8.0437 -4.56742 0
      vertex 8.0437 4.56742 0
      vertex 8.23275 4.21714 0
    endloop
  endfacet
  facet normal 0 0 -1
    outer loop
      vertex 7.83975 -4.90925 0
      vertex 8.0437 4.56742 0
      vertex 8.0437 -4.56742 0
    endloop
  endfacet
  facet normal 0 0 -1
    outer loop
      vertex 7.83975 -4.90925 0
      vertex 7.83975 4.90925 0
      vertex 8.0437 4.56742 0
    endloop
  endfacet
  facet normal 0 0 -1
    outer loop
      vertex 7.62129 -5.24199 0
      vertex 7.83975 4.90925 0
      vertex 7.83975 -4.90925 0
    endloop
  endfacet
  facet normal 0 0 -1
    outer loop
      vertex 7.62129 -5.24199 0
      vertex 7.62129 5.24199 0
      vertex 7.83975 4.90925 0
    endloop
  endfacet
  facet normal 0 0 -1
    outer loop
      vertex 7.38871 -5.56502 0
      vertex 7.62129 5.24199 0
      vertex 7.62129 -5.24199 0
    endloop
  endfacet
  facet normal 0 0 -1
    outer loop
      vertex 7.38871 -5.56502 0
      vertex 7.38871 5.56502 0
      vertex 7.62129 5.24199 0
    endloop
  endfacet
  facet normal 0 0 -1
    outer loop
      vertex 7.14245 -5.87775 0
      vertex 7.38871 5.56502 0
      vertex 7.38871 -5.56502 0
    endloop
  endfacet
  facet normal 0 0 -1
    outer loop
      vertex 7.14245 -5.87775 0
      vertex 7.14245 5.87775 0
      vertex 7.38871 5.56502 0
    endloop
  endfacet
  facet normal 0 0 -1
    outer loop
      vertex 6.88296 -6.17959 0
      vertex 7.14245 5.87775 0
      vertex 7.14245 -5.87775 0
    endloop
  endfacet
  facet normal 0 0 -1
    outer loop
      vertex 6.88296 -6.17959 0
      vertex 6.88296 6.17959 0
      vertex 7.14245 5.87775 0
    endloop
  endfacet
  facet normal 0 0 -1
    outer loop
      vertex 6.61073 -6.46999 0
      vertex 6.88296 6.17959 0
      vertex 6.88296 -6.17959 0
    endloop
  endfacet
  facet normal 0 0 -1
    outer loop
      vertex 6.61073 -6.46999 0
      vertex 6.61073 6.46999 0
      vertex 6.88296 6.17959 0
    endloop
  endfacet
  facet normal 0 0 -1
    outer loop
      vertex 6.32625 -6.74841 0
      vertex 6.61073 6.46999 0
      vertex 6.61073 -6.46999 0
    endloop
  endfacet
  facet normal 0 0 -1
    outer loop
      vertex 6.32625 -6.74841 0
      vertex 6.32625 6.74841 0
      vertex 6.61073 6.46999 0
    endloop
  endfacet
  facet normal 0 0 -1
    outer loop
      vertex 6.03007 -7.01433 0
      vertex 6.32625 6.74841 0
      vertex 6.32625 -6.74841 0
    endloop
  endfacet
  facet normal 0 0 -1
    outer loop
      vertex 6.03007 -7.01433 0
      vertex 6.03007 7.01433 0
      vertex 6.32625 6.74841 0
    endloop
  endfacet
  facet normal 0 0 -1
    outer loop
      vertex 5.72271 -7.26726 0
      vertex 6.03007 7.01433 0
      vertex 6.03007 -7.01433 0
    endloop
  endfacet
  facet normal 0 0 -1
    outer loop
      vertex 5.72271 -7.26726 0
      vertex 5.72271 7.26726 0
      vertex 6.03007 7.01433 0
    endloop
  endfacet
  facet normal 0 0 -1
    outer loop
      vertex 5.40476 -7.50674 0
      vertex 5.72271 7.26726 0
      vertex 5.72271 -7.26726 0
    endloop
  endfacet
  facet normal 0 0 -1
    outer loop
      vertex 5.40476 -7.50674 0
      vertex 5.40476 7.50674 0
      vertex 5.72271 7.26726 0
    endloop
  endfacet
  facet normal 0 0 -1
    outer loop
      vertex 5.0768 -7.73231 0
      vertex 5.40476 7.50674 0
      vertex 5.40476 -7.50674 0
    endloop
  endfacet
  facet normal 0 0 -1
    outer loop
      vertex 5.0768 -7.73231 0
      vertex 5.0768 7.73231 0
      vertex 5.40476 7.50674 0
    endloop
  endfacet
  facet normal 0 0 -1
    outer loop
      vertex 4.73944 -7.94357 0
      vertex 5.0768 7.73231 0
      vertex 5.0768 -7.73231 0
    endloop
  endfacet
  facet normal 0 0 -1
    outer loop
      vertex 4.73944 -7.94357 0
      vertex 4.73944 7.94357 0
      vertex 5.0768 7.73231 0
    endloop
  endfacet
  facet normal 0 0 -1
    outer loop
      vertex 4.3933 -8.14011 0
      vertex 4.73944 7.94357 0
      vertex 4.73944 -7.94357 0
    endloop
  endfacet
  facet normal 0 0 -1
    outer loop
      vertex 4.3933 -8.14011 0
      vertex 4.3933 8.14011 0
      vertex 4.73944 7.94357 0
    endloop
  endfacet
  facet normal 0 0 -1
    outer loop
      vertex 4.03902 -8.32158 0
      vertex 4.3933 8.14011 0
      vertex 4.3933 -8.14011 0
    endloop
  endfacet
  facet normal 0 0 -1
    outer loop
      vertex 4.03902 -8.32158 0
      vertex 4.03902 8.32158 0
      vertex 4.3933 8.14011 0
    endloop
  endfacet
  facet normal 0 0 -1
    outer loop
      vertex 3.67727 -8.48765 0
      vertex 4.03902 8.32158 0
      vertex 4.03902 -8.32158 0
    endloop
  endfacet
  facet normal 0 0 -1
    outer loop
      vertex 3.67727 -8.48765 0
      vertex 3.67727 8.48765 0
      vertex 4.03902 8.32158 0
    endloop
  endfacet
  facet normal 0 0 -1
    outer loop
      vertex 3.30871 -8.63799 0
      vertex 3.67727 8.48765 0
      vertex 3.67727 -8.48765 0
    endloop
  endfacet
  facet normal 0 0 -1
    outer loop
      vertex 3.30871 -8.63799 0
      vertex 3.30871 8.63799 0
      vertex 3.67727 8.48765 0
    endloop
  endfacet
  facet normal 0 0 -1
    outer loop
      vertex 2.93402 -8.77234 0
      vertex 3.30871 8.63799 0
      vertex 3.30871 -8.63799 0
    endloop
  endfacet
  facet normal 0 0 -1
    outer loop
      vertex 2.93402 -8.77234 0
      vertex 2.93402 8.77234 0
      vertex 3.30871 8.63799 0
    endloop
  endfacet
  facet normal 0 0 -1
    outer loop
      vertex 2.5539 -8.89045 0
      vertex 2.93402 8.77234 0
      vertex 2.93402 -8.77234 0
    endloop
  endfacet
  facet normal 0 0 -1
    outer loop
      vertex 2.5539 -8.89045 0
      vertex 2.5539 8.89045 0
      vertex 2.93402 8.77234 0
    endloop
  endfacet
  facet normal 0 0 -1
    outer loop
      vertex 2.16904 -8.99209 0
      vertex 2.5539 8.89045 0
      vertex 2.5539 -8.89045 0
    endloop
  endfacet
  facet normal 0 0 -1
    outer loop
      vertex 2.16904 -8.99209 0
      vertex 2.16904 8.99209 0
      vertex 2.5539 8.89045 0
    endloop
  endfacet
  facet normal 0 0 -1
    outer loop
      vertex 1.78018 -9.07708 0
      vertex 2.16904 8.99209 0
      vertex 2.16904 -8.99209 0
    endloop
  endfacet
  facet normal 0 0 -1
    outer loop
      vertex 1.78018 -9.07708 0
      vertex 1.78018 9.07708 0
      vertex 2.16904 8.99209 0
    endloop
  endfacet
  facet normal 0 0 -1
    outer loop
      vertex 1.38801 -9.14527 0
      vertex 1.78018 9.07708 0
      vertex 1.78018 -9.07708 0
    endloop
  endfacet
  facet normal 0 0 -1
    outer loop
      vertex 1.38801 -9.14527 0
      vertex 1.38801 9.14527 0
      vertex 1.78018 9.07708 0
    endloop
  endfacet
  facet normal 0 0 -1
    outer loop
      vertex 0.993277 -9.19652 0
      vertex 1.38801 9.14527 0
      vertex 1.38801 -9.14527 0
    endloop
  endfacet
  facet normal 0 0 -1
    outer loop
      vertex 0.993277 -9.19652 0
      vertex 0.993277 9.19652 0
      vertex 1.38801 9.14527 0
    endloop
  endfacet
  facet normal 0 0 -1
    outer loop
      vertex 0.596703 -9.23073 0
      vertex 0.993277 9.19652 0
      vertex 0.993277 -9.19652 0
    endloop
  endfacet
  facet normal 0 0 -1
    outer loop
      vertex 0.596703 -9.23073 0
      vertex 0.596703 9.23073 0
      vertex 0.993277 9.19652 0
    endloop
  endfacet
  facet normal 0 0 -1
    outer loop
      vertex 0.199023 -9.24786 0
      vertex 0.596703 9.23073 0
      vertex 0.596703 -9.23073 0
    endloop
  endfacet
  facet normal 0 0 -1
    outer loop
      vertex 0.199023 -9.24786 0
      vertex 0.199023 9.24786 0
      vertex 0.596703 9.23073 0
    endloop
  endfacet
  facet normal 0 0 -1
    outer loop
      vertex -0.199023 -9.24786 0
      vertex 0.199023 9.24786 0
      vertex 0.199023 -9.24786 0
    endloop
  endfacet
  facet normal 0 0 -1
    outer loop
      vertex -0.199023 -9.24786 0
      vertex -0.199023 9.24786 0
      vertex 0.199023 9.24786 0
    endloop
  endfacet
  facet normal 0 0 -1
    outer loop
      vertex -0.596703 -9.23073 0
      vertex -0.199023 9.24786 0
      vertex -0.199023 -9.24786 0
    endloop
  endfacet
  facet normal 0 0 -1
    outer loop
      vertex -0.596703 -9.23073 0
      vertex -0.596703 9.23073 0
      vertex -0.199023 9.24786 0
    endloop
  endfacet
  facet normal 0 0 -1
    outer loop
      vertex -0.993277 -9.19652 0
      vertex -0.596703 9.23073 0
      vertex -0.596703 -9.23073 0
    endloop
  endfacet
  facet normal 0 0 -1
    outer loop
      vertex -0.993277 -9.19652 0
      vertex -0.993277 9.19652 0
      vertex -0.596703 9.23073 0
    endloop
  endfacet
  facet normal 0 0 -1
    outer loop
      vertex -1.38801 -9.14527 0
      vertex -0.993277 9.19652 0
      vertex -0.993277 -9.19652 0
    endloop
  endfacet
  facet normal 0 0 -1
    outer loop
      vertex -1.38801 -9.14527 0
      vertex -1.38801 9.14527 0
      vertex -0.993277 9.19652 0
    endloop
  endfacet
  facet normal 0 0 -1
    outer loop
      vertex -1.78018 -9.07708 0
      vertex -1.38801 9.14527 0
      vertex -1.38801 -9.14527 0
    endloop
  endfacet
  facet normal 0 0 -1
    outer loop
      vertex -1.78018 -9.07708 0
      vertex -1.78018 9.07708 0
      vertex -1.38801 9.14527 0
    endloop
  endfacet
  facet normal 0 0 -1
    outer loop
      vertex -2.16904 -8.99209 0
      vertex -1.78018 9.07708 0
      vertex -1.78018 -9.07708 0
    endloop
  endfacet
  facet normal 0 0 -1
    outer loop
      vertex -2.16904 -8.99209 0
      vertex -2.16904 8.99209 0
      vertex -1.78018 9.07708 0
    endloop
  endfacet
  facet normal 0 0 -1
    outer loop
      vertex -2.5539 -8.89045 0
      vertex -2.16904 8.99209 0
      vertex -2.16904 -8.99209 0
    endloop
  endfacet
  facet normal 0 0 -1
    outer loop
      vertex -2.5539 -8.89045 0
      vertex -2.5539 8.89045 0
      vertex -2.16904 8.99209 0
    endloop
  endfacet
  facet normal 0 0 -1
    outer loop
      vertex -2.93402 -8.77234 0
      vertex -2.5539 8.89045 0
      vertex -2.5539 -8.89045 0
    endloop
  endfacet
  facet normal 0 0 -1
    outer loop
      vertex -2.93402 -8.77234 0
      vertex -2.93402 8.77234 0
      vertex -2.5539 8.89045 0
    endloop
  endfacet
  facet normal 0 0 -1
    outer loop
      vertex -3.30871 -8.63799 0
      vertex -2.93402 8.77234 0
      vertex -2.93402 -8.77234 0
    endloop
  endfacet
  facet normal 0 0 -1
    outer loop
      vertex -3.30871 -8.63799 0
      vertex -3.30871 8.63799 0
      vertex -2.93402 8.77234 0
    endloop
  endfacet
  facet normal 0 0 -1
    outer loop
      vertex -3.67727 -8.48765 0
      vertex -3.30871 8.63799 0
      vertex -3.30871 -8.63799 0
    endloop
  endfacet
  facet normal 0 0 -1
    outer loop
      vertex -3.67727 -8.48765 0
      vertex -3.67727 8.48765 0
      vertex -3.30871 8.63799 0
    endloop
  endfacet
  facet normal 0 0 -1
    outer loop
      vertex -4.03902 -8.32158 0
      vertex -3.67727 8.48765 0
      vertex -3.67727 -8.48765 0
    endloop
  endfacet
  facet normal 0 0 -1
    outer loop
      vertex -4.03902 -8.32158 0
      vertex -4.03902 8.32158 0
      vertex -3.67727 8.48765 0
    endloop
  endfacet
  facet normal 0 0 -1
    outer loop
      vertex -4.3933 -8.14011 0
      vertex -4.03902 8.32158 0
      vertex -4.03902 -8.32158 0
    endloop
  endfacet
  facet normal 0 0 -1
    outer loop
      vertex -4.3933 -8.14011 0
      vertex -4.3933 8.14011 0
      vertex -4.03902 8.32158 0
    endloop
  endfacet
  facet normal 0 0 -1
    outer loop
      vertex -4.73944 -7.94357 0
      vertex -4.3933 8.14011 0
      vertex -4.3933 -8.14011 0
    endloop
  endfacet
  facet normal 0 0 -1
    outer loop
      vertex -4.73944 -7.94357 0
      vertex -4.73944 7.94357 0
      vertex -4.3933 8.14011 0
    endloop
  endfacet
  facet normal 0 0 -1
    outer loop
      vertex -5.0768 -7.73231 0
      vertex -4.73944 7.94357 0
      vertex -4.73944 -7.94357 0
    endloop
  endfacet
  facet normal 0 0 -1
    outer loop
      vertex -5.0768 -7.73231 0
      vertex -5.0768 7.73231 0
      vertex -4.73944 7.94357 0
    endloop
  endfacet
  facet normal 0 0 -1
    outer loop
      vertex -5.40476 -7.50674 0
      vertex -5.0768 7.73231 0
      vertex -5.0768 -7.73231 0
    endloop
  endfacet
  facet normal 0 0 -1
    outer loop
      vertex -5.40476 -7.50674 0
      vertex -5.40476 7.50674 0
      vertex -5.0768 7.73231 0
    endloop
  endfacet
  facet normal 0 0 -1
    outer loop
      vertex -5.72271 -7.26726 0
      vertex -5.40476 7.50674 0
      vertex -5.40476 -7.50674 0
    endloop
  endfacet
  facet normal 0 0 -1
    outer loop
      vertex -5.72271 -7.26726 0
      vertex -5.72271 7.26726 0
      vertex -5.40476 7.50674 0
    endloop
  endfacet
  facet normal 0 0 -1
    outer loop
      vertex -6.03007 -7.01433 0
      vertex -5.72271 7.26726 0
      vertex -5.72271 -7.26726 0
    endloop
  endfacet
  facet normal 0 0 -1
    outer loop
      vertex -6.03007 -7.01433 0
      vertex -6.03007 7.01433 0
      vertex -5.72271 7.26726 0
    endloop
  endfacet
  facet normal 0 0 -1
    outer loop
      vertex -6.32625 -6.74841 0
      vertex -6.03007 7.01433 0
      vertex -6.03007 -7.01433 0
    endloop
  endfacet
  facet normal 0 0 -1
    outer loop
      vertex -6.32625 -6.74841 0
      vertex -6.32625 6.74841 0
      vertex -6.03007 7.01433 0
    endloop
  endfacet
  facet normal 0 0 -1
    outer loop
      vertex -6.61073 -6.46999 0
      vertex -6.32625 6.74841 0
      vertex -6.32625 -6.74841 0
    endloop
  endfacet
  facet normal 0 0 -1
    outer loop
      vertex -6.61073 -6.46999 0
      vertex -6.61073 6.46999 0
      vertex -6.32625 6.74841 0
    endloop
  endfacet
  facet normal 0 0 -1
    outer loop
      vertex -6.88296 -6.17959 0
      vertex -6.61073 6.46999 0
      vertex -6.61073 -6.46999 0
    endloop
  endfacet
  facet normal 0 0 -1
    outer loop
      vertex -6.88296 -6.17959 0
      vertex -6.88296 6.17959 0
      vertex -6.61073 6.46999 0
    endloop
  endfacet
  facet normal 0 0 -1
    outer loop
      vertex -7.14245 -5.87775 0
      vertex -6.88296 6.17959 0
      vertex -6.88296 -6.17959 0
    endloop
  endfacet
  facet normal 0 0 -1
    outer loop
      vertex -7.14245 -5.87775 0
      vertex -7.14245 5.87775 0
      vertex -6.88296 6.17959 0
    endloop
  endfacet
  facet normal 0 0 -1
    outer loop
      vertex -7.38871 -5.56502 0
      vertex -7.14245 5.87775 0
      vertex -7.14245 -5.87775 0
    endloop
  endfacet
  facet normal 0 0 -1
    outer loop
      vertex -7.38871 -5.56502 0
      vertex -7.38871 5.56502 0
      vertex -7.14245 5.87775 0
    endloop
  endfacet
  facet normal 0 0 -1
    outer loop
      vertex -7.62129 -5.24199 0
      vertex -7.38871 5.56502 0
      vertex -7.38871 -5.56502 0
    endloop
  endfacet
  facet normal 0 0 -1
    outer loop
      vertex -7.62129 -5.24199 0
      vertex -7.62129 5.24199 0
      vertex -7.38871 5.56502 0
    endloop
  endfacet
  facet normal 0 0 -1
    outer loop
      vertex -7.83975 -4.90925 0
      vertex -7.62129 5.24199 0
      vertex -7.62129 -5.24199 0
    endloop
  endfacet
  facet normal 0 0 -1
    outer loop
      vertex -7.83975 -4.90925 0
      vertex -7.83975 4.90925 0
      vertex -7.62129 5.24199 0
    endloop
  endfacet
  facet normal 0 0 -1
    outer loop
      vertex -8.0437 -4.56742 0
      vertex -7.83975 4.90925 0
      vertex -7.83975 -4.90925 0
    endloop
  endfacet
  facet normal 0 0 -1
    outer loop
      vertex -8.0437 -4.56742 0
      vertex -8.0437 4.56742 0
      vertex -7.83975 4.90925 0
    endloop
  endfacet
  facet normal 0 0 -1
    outer loop
      vertex -8.23275 -4.21714 0
      vertex -8.0437 4.56742 0
      vertex -8.0437 -4.56742 0
    endloop
  endfacet
  facet normal 0 0 -1
    outer loop
      vertex -8.23275 -4.21714 0
      vertex -8.23275 4.21714 0
      vertex -8.0437 4.56742 0
    endloop
  endfacet
  facet normal 0 0 -1
    outer loop
      vertex -8.40656 -3.85904 0
      vertex -8.23275 4.21714 0
      vertex -8.23275 -4.21714 0
    endloop
  endfacet
  facet normal 0 0 -1
    outer loop
      vertex -8.40656 -3.85904 0
      vertex -8.40656 3.85904 0
      vertex -8.23275 4.21714 0
    endloop
  endfacet
  facet normal 0 0 -1
    outer loop
      vertex -8.5648 -3.4938 0
      vertex -8.40656 3.85904 0
      vertex -8.40656 -3.85904 0
    endloop
  endfacet
  facet normal 0 0 -1
    outer loop
      vertex -8.5648 -3.4938 0
      vertex -8.5648 3.4938 0
      vertex -8.40656 3.85904 0
    endloop
  endfacet
  facet normal 0 0 -1
    outer loop
      vertex -8.70718 -3.12209 0
      vertex -8.5648 3.4938 0
      vertex -8.5648 -3.4938 0
    endloop
  endfacet
  facet normal 0 0 -1
    outer loop
      vertex -8.70718 -3.12209 0
      vertex -8.70718 3.12209 0
      vertex -8.5648 3.4938 0
    endloop
  endfacet
  facet normal 0 0 -1
    outer loop
      vertex -8.83344 -2.74459 0
      vertex -8.70718 3.12209 0
      vertex -8.70718 -3.12209 0
    endloop
  endfacet
  facet normal 0 0 -1
    outer loop
      vertex -8.83344 -2.74459 0
      vertex -8.83344 2.74459 0
      vertex -8.70718 3.12209 0
    endloop
  endfacet
  facet normal 0 0 -1
    outer loop
      vertex -8.94334 -2.36202 0
      vertex -8.83344 2.74459 0
      vertex -8.83344 -2.74459 0
    endloop
  endfacet
  facet normal 0 0 -1
    outer loop
      vertex -8.94334 -2.36202 0
      vertex -8.94334 2.36202 0
      vertex -8.83344 2.74459 0
    endloop
  endfacet
  facet normal 0 0 -1
    outer loop
      vertex -9.03668 -1.97507 0
      vertex -8.94334 2.36202 0
      vertex -8.94334 -2.36202 0
    endloop
  endfacet
  facet normal 0 0 -1
    outer loop
      vertex -9.03668 -1.97507 0
      vertex -9.03668 1.97507 0
      vertex -8.94334 2.36202 0
    endloop
  endfacet
  facet normal 0 0 -1
    outer loop
      vertex -9.11329 -1.58446 0
      vertex -9.03668 1.97507 0
      vertex -9.03668 -1.97507 0
    endloop
  endfacet
  facet normal 0 0 -1
    outer loop
      vertex -9.11329 -1.58446 0
      vertex -9.11329 1.58446 0
      vertex -9.03668 1.97507 0
    endloop
  endfacet
  facet normal 0 0 -1
    outer loop
      vertex -9.17301 -1.19092 0
      vertex -9.11329 1.58446 0
      vertex -9.11329 -1.58446 0
    endloop
  endfacet
  facet normal 0 0 -1
    outer loop
      vertex -9.17301 -1.19092 0
      vertex -9.17301 1.19092 0
      vertex -9.11329 1.58446 0
    endloop
  endfacet
  facet normal 0 0 -1
    outer loop
      vertex -9.21576 -0.795174 0
      vertex -9.17301 1.19092 0
      vertex -9.17301 -1.19092 0
    endloop
  endfacet
  facet normal 0 0 -1
    outer loop
      vertex -9.21576 -0.795174 0
      vertex -9.21576 0.795174 0
      vertex -9.17301 1.19092 0
    endloop
  endfacet
  facet normal 0 0 -1
    outer loop
      vertex -9.24144 -0.397955 0
      vertex -9.21576 0.795174 0
      vertex -9.21576 -0.795174 0
    endloop
  endfacet
  facet normal 0 0 -1
    outer loop
      vertex -9.24144 -0.397955 0
      vertex -9.24144 0.397955 0
      vertex -9.21576 0.795174 0
    endloop
  endfacet
  facet normal 0 -0 -1
    outer loop
      vertex -9.24144 0.397955 0
      vertex -9.24144 -0.397955 0
      vertex -9.25 0 0
    endloop
  endfacet
  facet normal 0.164212 -0.984079 0.0679983
    outer loop
      vertex 1.24612 -6.37943 11
      vertex 1.03677 -7.05007 1.8
      vertex 1.36637 -6.99507 1.8
    endloop
  endfacet
  facet normal 0.109766 -0.991629 0.0679986
    outer loop
      vertex 0.920696 -7.06617 1.8
      vertex 0.892797 -6.43839 11
      vertex 0.536765 -6.4778 11
    endloop
  endfacet
  facet normal 0.109785 -0.991627 0.0679985
    outer loop
      vertex 0.892797 -6.43839 11
      vertex 0.920696 -7.06617 1.8
      vertex 0.978955 -7.05972 1.8
    endloop
  endfacet
  facet normal 0.734055 0.675677 0.0679995
    outer loop
      vertex 4.65909 4.53243 11
      vertex 5.37472 4.68085 1.8
      vertex 5.33502 4.72398 1.8
    endloop
  endfacet
  facet normal 0.734029 0.675705 0.067998
    outer loop
      vertex 5.37472 4.68085 1.8
      vertex 4.65909 4.53243 11
      vertex 4.90169 4.26889 11
    endloop
  endfacet
  facet normal -0.522562 -0.849886 0.067994
    outer loop
      vertex -3.56364 -6.1724 1.8
      vertex -3.55516 -5.44158 11
      vertex -3.61357 -6.1417 1.8
    endloop
  endfacet
  facet normal -0.522458 -0.849949 0.0679989
    outer loop
      vertex -3.55516 -5.44158 11
      vertex -3.56364 -6.1724 1.8
      vertex -3.25 -5.62916 11
    endloop
  endfacet
  facet normal 0.655238 -0.752356 0.0679987
    outer loop
      vertex 4.78297 -5.2822 1.8
      vertex 4.40233 -4.7822 11
      vertex 4.1322 -5.01746 11
    endloop
  endfacet
  facet normal 0.655292 -0.752309 0.0679983
    outer loop
      vertex 4.40233 -4.7822 11
      vertex 4.78297 -5.2822 1.8
      vertex 4.82717 -5.2437 1.8
    endloop
  endfacet
  facet normal -0.425785 -0.902266 0.0679983
    outer loop
      vertex -2.93497 -5.79965 11
      vertex -3.2182 -6.35934 1.8
      vertex -2.916 -6.50195 1.8
    endloop
  endfacet
  facet normal 0.695669 -0.715137 0.0679982
    outer loop
      vertex 4.82717 -5.2437 1.8
      vertex 4.65909 -4.53243 11
      vertex 4.40233 -4.7822 11
    endloop
  endfacet
  facet normal 0.695701 -0.715106 0.0679964
    outer loop
      vertex 4.65909 -4.53243 11
      vertex 4.82717 -5.2437 1.8
      vertex 4.86918 -5.20283 1.8
    endloop
  endfacet
  facet normal -0.952188 0.29785 0.0679989
    outer loop
      vertex -6.75859 2.25828 1.8
      vertex -6.85835 1.93936 1.8
      vertex -6.25474 1.76867 11
    endloop
  endfacet
  facet normal -0.967157 0.244917 0.0679981
    outer loop
      vertex -6.87274 1.88253 1.8
      vertex -6.95477 1.5586 1.8
      vertex -6.34268 1.42143 11
    endloop
  endfacet
  facet normal -0.934316 -0.3499 0.0679953
    outer loop
      vertex -6.02221 -2.44601 11
      vertex -6.7411 -2.31422 1.8
      vertex -6.72054 -2.36912 1.8
    endloop
  endfacet
  facet normal -0.934343 -0.349828 0.0679984
    outer loop
      vertex -6.7411 -2.31422 1.8
      vertex -6.02221 -2.44601 11
      vertex -6.14781 -2.11055 11
    endloop
  endfacet
  facet normal -0.988233 -0.137012 0.0679976
    outer loop
      vertex -6.46055 -0.715053 11
      vertex -7.08401 -0.784058 1.8
      vertex -7.03812 -1.11505 1.8
    endloop
  endfacet
  facet normal 0.271476 -0.96004 0.0679978
    outer loop
      vertex 2.07119 -6.81825 1.8
      vertex 1.94035 -6.20363 11
      vertex 1.59566 -6.3011 11
    endloop
  endfacet
  facet normal 0.271454 -0.960046 0.0679979
    outer loop
      vertex 1.94035 -6.20363 11
      vertex 2.07119 -6.81825 1.8
      vertex 2.1276 -6.8023 1.8
    endloop
  endfacet
  facet normal -0.164253 0.984072 0.0679984
    outer loop
      vertex -1.03677 7.05007 1.8
      vertex -0.892797 6.43839 11
      vertex -0.978955 7.05972 1.8
    endloop
  endfacet
  facet normal -0.164216 0.984078 0.0679982
    outer loop
      vertex -0.892797 6.43839 11
      vertex -1.03677 7.05007 1.8
      vertex -1.24612 6.37943 11
    endloop
  endfacet
  facet normal -0.323909 -0.943642 0.0679985
    outer loop
      vertex -2.44365 -6.6938 1.8
      vertex -2.27914 -6.08732 11
      vertex -2.49909 -6.67477 1.8
    endloop
  endfacet
  facet normal -0.323956 -0.943625 0.0679982
    outer loop
      vertex -2.27914 -6.08732 11
      vertex -2.44365 -6.6938 1.8
      vertex -1.94035 -6.20363 11
    endloop
  endfacet
  facet normal 0.375419 -0.924357 0.0679986
    outer loop
      vertex 2.49909 -6.67477 1.8
      vertex 2.61102 -5.95253 11
      vertex 2.27914 -6.08732 11
    endloop
  endfacet
  facet normal 0.375456 -0.924343 0.067997
    outer loop
      vertex 2.61102 -5.95253 11
      vertex 2.49909 -6.67477 1.8
      vertex 2.5534 -6.65271 1.8
    endloop
  endfacet
  facet normal -0.967157 -0.244917 0.0679981
    outer loop
      vertex -6.34268 -1.42143 11
      vertex -6.95477 -1.5586 1.8
      vertex -6.87274 -1.88253 1.8
    endloop
  endfacet
  facet normal 0 0 1
    outer loop
      vertex 6.49013 0.35807 11
      vertex 6.49013 -0.35807 11
      vertex 6.5 0 11
    endloop
  endfacet
  facet normal 0 0 1
    outer loop
      vertex 6.46055 0.715053 11
      vertex 6.49013 -0.35807 11
      vertex 6.49013 0.35807 11
    endloop
  endfacet
  facet normal 0 0 1
    outer loop
      vertex 6.46055 0.715053 11
      vertex 6.46055 -0.715053 11
      vertex 6.49013 -0.35807 11
    endloop
  endfacet
  facet normal 0 0 1
    outer loop
      vertex 6.41135 1.06986 11
      vertex 6.46055 -0.715053 11
      vertex 6.46055 0.715053 11
    endloop
  endfacet
  facet normal 0 0 1
    outer loop
      vertex 6.41135 1.06986 11
      vertex 6.41135 -1.06986 11
      vertex 6.46055 -0.715053 11
    endloop
  endfacet
  facet normal 0 0 1
    outer loop
      vertex 6.34268 1.42143 11
      vertex 6.41135 -1.06986 11
      vertex 6.41135 1.06986 11
    endloop
  endfacet
  facet normal 0 0 1
    outer loop
      vertex 6.34268 1.42143 11
      vertex 6.34268 -1.42143 11
      vertex 6.41135 -1.06986 11
    endloop
  endfacet
  facet normal 0 0 1
    outer loop
      vertex 6.25474 1.76867 11
      vertex 6.34268 -1.42143 11
      vertex 6.34268 1.42143 11
    endloop
  endfacet
  facet normal 0 0 1
    outer loop
      vertex 6.25474 1.76867 11
      vertex 6.25474 -1.76867 11
      vertex 6.34268 -1.42143 11
    endloop
  endfacet
  facet normal 0 0 1
    outer loop
      vertex 6.14781 2.11055 11
      vertex 6.25474 -1.76867 11
      vertex 6.25474 1.76867 11
    endloop
  endfacet
  facet normal 0 0 1
    outer loop
      vertex 6.14781 2.11055 11
      vertex 6.14781 -2.11055 11
      vertex 6.25474 -1.76867 11
    endloop
  endfacet
  facet normal 0 0 1
    outer loop
      vertex 6.02221 2.44601 11
      vertex 6.14781 -2.11055 11
      vertex 6.14781 2.11055 11
    endloop
  endfacet
  facet normal 0 0 1
    outer loop
      vertex 6.02221 2.44601 11
      vertex 6.02221 -2.44601 11
      vertex 6.14781 -2.11055 11
    endloop
  endfacet
  facet normal 0 0 1
    outer loop
      vertex 5.87832 2.77405 11
      vertex 6.02221 -2.44601 11
      vertex 6.02221 2.44601 11
    endloop
  endfacet
  facet normal 0 0 1
    outer loop
      vertex 5.87832 2.77405 11
      vertex 5.87832 -2.77405 11
      vertex 6.02221 -2.44601 11
    endloop
  endfacet
  facet normal 0 0 1
    outer loop
      vertex 5.71658 3.09366 11
      vertex 5.87832 -2.77405 11
      vertex 5.87832 2.77405 11
    endloop
  endfacet
  facet normal 0 0 1
    outer loop
      vertex 5.71658 3.09366 11
      vertex 5.71658 -3.09366 11
      vertex 5.87832 -2.77405 11
    endloop
  endfacet
  facet normal 0 0 1
    outer loop
      vertex 5.53748 3.40387 11
      vertex 5.71658 -3.09366 11
      vertex 5.71658 3.09366 11
    endloop
  endfacet
  facet normal 0 0 1
    outer loop
      vertex 5.53748 3.40387 11
      vertex 5.53748 -3.40387 11
      vertex 5.71658 -3.09366 11
    endloop
  endfacet
  facet normal 0 0 1
    outer loop
      vertex 5.34156 3.70375 11
      vertex 5.53748 -3.40387 11
      vertex 5.53748 3.40387 11
    endloop
  endfacet
  facet normal 0 0 1
    outer loop
      vertex 5.34156 3.70375 11
      vertex 5.34156 -3.70375 11
      vertex 5.53748 -3.40387 11
    endloop
  endfacet
  facet normal 0 0 1
    outer loop
      vertex 5.12941 3.99238 11
      vertex 5.34156 -3.70375 11
      vertex 5.34156 3.70375 11
    endloop
  endfacet
  facet normal 0 0 1
    outer loop
      vertex 5.12941 3.99238 11
      vertex 5.12941 -3.99238 11
      vertex 5.34156 -3.70375 11
    endloop
  endfacet
  facet normal 0 0 1
    outer loop
      vertex 4.90169 4.26889 11
      vertex 5.12941 -3.99238 11
      vertex 5.12941 3.99238 11
    endloop
  endfacet
  facet normal 0 0 1
    outer loop
      vertex 4.90169 4.26889 11
      vertex 4.90169 -4.26889 11
      vertex 5.12941 -3.99238 11
    endloop
  endfacet
  facet normal 0 0 1
    outer loop
      vertex 4.65909 4.53243 11
      vertex 4.90169 -4.26889 11
      vertex 4.90169 4.26889 11
    endloop
  endfacet
  facet normal 0 0 1
    outer loop
      vertex 4.65909 4.53243 11
      vertex 4.65909 -4.53243 11
      vertex 4.90169 -4.26889 11
    endloop
  endfacet
  facet normal 0 0 1
    outer loop
      vertex 4.40233 4.7822 11
      vertex 4.65909 -4.53243 11
      vertex 4.65909 4.53243 11
    endloop
  endfacet
  facet normal 0 0 1
    outer loop
      vertex 4.40233 4.7822 11
      vertex 4.40233 -4.7822 11
      vertex 4.65909 -4.53243 11
    endloop
  endfacet
  facet normal 0 0 1
    outer loop
      vertex 4.1322 5.01746 11
      vertex 4.40233 -4.7822 11
      vertex 4.40233 4.7822 11
    endloop
  endfacet
  facet normal 0 0 1
    outer loop
      vertex 4.1322 5.01746 11
      vertex 4.1322 -5.01746 11
      vertex 4.40233 -4.7822 11
    endloop
  endfacet
  facet normal 0 0 1
    outer loop
      vertex 3.84953 5.23747 11
      vertex 4.1322 -5.01746 11
      vertex 4.1322 5.01746 11
    endloop
  endfacet
  facet normal 0 0 1
    outer loop
      vertex 3.84953 5.23747 11
      vertex 3.84953 -5.23747 11
      vertex 4.1322 -5.01746 11
    endloop
  endfacet
  facet normal 0 0 1
    outer loop
      vertex 3.55516 5.44158 11
      vertex 3.84953 -5.23747 11
      vertex 3.84953 5.23747 11
    endloop
  endfacet
  facet normal 0 0 1
    outer loop
      vertex 3.55516 5.44158 11
      vertex 3.55516 -5.44158 11
      vertex 3.84953 -5.23747 11
    endloop
  endfacet
  facet normal 0 0 1
    outer loop
      vertex 3.25 5.62916 11
      vertex 3.55516 -5.44158 11
      vertex 3.55516 5.44158 11
    endloop
  endfacet
  facet normal 0 0 1
    outer loop
      vertex 3.25 5.62916 11
      vertex 3.25 -5.62916 11
      vertex 3.55516 -5.44158 11
    endloop
  endfacet
  facet normal 0 0 1
    outer loop
      vertex 2.93497 5.79965 11
      vertex 3.25 -5.62916 11
      vertex 3.25 5.62916 11
    endloop
  endfacet
  facet normal 0 0 1
    outer loop
      vertex 2.93497 5.79965 11
      vertex 2.93497 -5.79965 11
      vertex 3.25 -5.62916 11
    endloop
  endfacet
  facet normal 0 0 1
    outer loop
      vertex 2.61102 5.95253 11
      vertex 2.93497 -5.79965 11
      vertex 2.93497 5.79965 11
    endloop
  endfacet
  facet normal 0 0 1
    outer loop
      vertex 2.61102 5.95253 11
      vertex 2.61102 -5.95253 11
      vertex 2.93497 -5.79965 11
    endloop
  endfacet
  facet normal 0 0 1
    outer loop
      vertex 2.27914 6.08732 11
      vertex 2.61102 -5.95253 11
      vertex 2.61102 5.95253 11
    endloop
  endfacet
  facet normal 0 0 1
    outer loop
      vertex 2.27914 6.08732 11
      vertex 2.27914 -6.08732 11
      vertex 2.61102 -5.95253 11
    endloop
  endfacet
  facet normal 0 0 1
    outer loop
      vertex 1.94035 6.20363 11
      vertex 2.27914 -6.08732 11
      vertex 2.27914 6.08732 11
    endloop
  endfacet
  facet normal 0 0 1
    outer loop
      vertex 1.94035 6.20363 11
      vertex 1.94035 -6.20363 11
      vertex 2.27914 -6.08732 11
    endloop
  endfacet
  facet normal 0 0 1
    outer loop
      vertex 1.59566 6.3011 11
      vertex 1.94035 -6.20363 11
      vertex 1.94035 6.20363 11
    endloop
  endfacet
  facet normal 0 0 1
    outer loop
      vertex 1.59566 6.3011 11
      vertex 1.59566 -6.3011 11
      vertex 1.94035 -6.20363 11
    endloop
  endfacet
  facet normal 0 0 1
    outer loop
      vertex 1.24612 6.37943 11
      vertex 1.59566 -6.3011 11
      vertex 1.59566 6.3011 11
    endloop
  endfacet
  facet normal 0 0 1
    outer loop
      vertex 1.24612 6.37943 11
      vertex 1.24612 -6.37943 11
      vertex 1.59566 -6.3011 11
    endloop
  endfacet
  facet normal 0 0 1
    outer loop
      vertex 0.892797 6.43839 11
      vertex 1.24612 -6.37943 11
      vertex 1.24612 6.37943 11
    endloop
  endfacet
  facet normal 0 0 1
    outer loop
      vertex 0.892797 6.43839 11
      vertex 0.892797 -6.43839 11
      vertex 1.24612 -6.37943 11
    endloop
  endfacet
  facet normal 0 0 1
    outer loop
      vertex 0.536765 6.4778 11
      vertex 0.892797 -6.43839 11
      vertex 0.892797 6.43839 11
    endloop
  endfacet
  facet normal 0 0 1
    outer loop
      vertex 0.536765 6.4778 11
      vertex 0.536765 -6.4778 11
      vertex 0.892797 -6.43839 11
    endloop
  endfacet
  facet normal 0 0 1
    outer loop
      vertex 0.179103 6.49753 11
      vertex 0.536765 -6.4778 11
      vertex 0.536765 6.4778 11
    endloop
  endfacet
  facet normal 0 0 1
    outer loop
      vertex 0.179103 6.49753 11
      vertex 0.179103 -6.49753 11
      vertex 0.536765 -6.4778 11
    endloop
  endfacet
  facet normal -0 0 1
    outer loop
      vertex -0.179103 6.49753 11
      vertex 0.179103 -6.49753 11
      vertex 0.179103 6.49753 11
    endloop
  endfacet
  facet normal 0 0 1
    outer loop
      vertex -0.179103 6.49753 11
      vertex -0.179103 -6.49753 11
      vertex 0.179103 -6.49753 11
    endloop
  endfacet
  facet normal -0 0 1
    outer loop
      vertex -0.536765 6.4778 11
      vertex -0.179103 -6.49753 11
      vertex -0.179103 6.49753 11
    endloop
  endfacet
  facet normal 0 0 1
    outer loop
      vertex -0.536765 6.4778 11
      vertex -0.536765 -6.4778 11
      vertex -0.179103 -6.49753 11
    endloop
  endfacet
  facet normal -0 0 1
    outer loop
      vertex -0.892797 6.43839 11
      vertex -0.536765 -6.4778 11
      vertex -0.536765 6.4778 11
    endloop
  endfacet
  facet normal 0 0 1
    outer loop
      vertex -0.892797 6.43839 11
      vertex -0.892797 -6.43839 11
      vertex -0.536765 -6.4778 11
    endloop
  endfacet
  facet normal -0 0 1
    outer loop
      vertex -1.24612 6.37943 11
      vertex -0.892797 -6.43839 11
      vertex -0.892797 6.43839 11
    endloop
  endfacet
  facet normal 0 0 1
    outer loop
      vertex -1.24612 6.37943 11
      vertex -1.24612 -6.37943 11
      vertex -0.892797 -6.43839 11
    endloop
  endfacet
  facet normal -0 0 1
    outer loop
      vertex -1.59566 6.3011 11
      vertex -1.24612 -6.37943 11
      vertex -1.24612 6.37943 11
    endloop
  endfacet
  facet normal 0 0 1
    outer loop
      vertex -1.59566 6.3011 11
      vertex -1.59566 -6.3011 11
      vertex -1.24612 -6.37943 11
    endloop
  endfacet
  facet normal -0 0 1
    outer loop
      vertex -1.94035 6.20363 11
      vertex -1.59566 -6.3011 11
      vertex -1.59566 6.3011 11
    endloop
  endfacet
  facet normal 0 0 1
    outer loop
      vertex -1.94035 6.20363 11
      vertex -1.94035 -6.20363 11
      vertex -1.59566 -6.3011 11
    endloop
  endfacet
  facet normal -0 0 1
    outer loop
      vertex -2.27914 6.08732 11
      vertex -1.94035 -6.20363 11
      vertex -1.94035 6.20363 11
    endloop
  endfacet
  facet normal 0 0 1
    outer loop
      vertex -2.27914 6.08732 11
      vertex -2.27914 -6.08732 11
      vertex -1.94035 -6.20363 11
    endloop
  endfacet
  facet normal -0 0 1
    outer loop
      vertex -2.61102 5.95253 11
      vertex -2.27914 -6.08732 11
      vertex -2.27914 6.08732 11
    endloop
  endfacet
  facet normal 0 0 1
    outer loop
      vertex -2.61102 5.95253 11
      vertex -2.61102 -5.95253 11
      vertex -2.27914 -6.08732 11
    endloop
  endfacet
  facet normal -0 0 1
    outer loop
      vertex -2.93497 5.79965 11
      vertex -2.61102 -5.95253 11
      vertex -2.61102 5.95253 11
    endloop
  endfacet
  facet normal 0 0 1
    outer loop
      vertex -2.93497 5.79965 11
      vertex -2.93497 -5.79965 11
      vertex -2.61102 -5.95253 11
    endloop
  endfacet
  facet normal -0 0 1
    outer loop
      vertex -3.25 5.62916 11
      vertex -2.93497 -5.79965 11
      vertex -2.93497 5.79965 11
    endloop
  endfacet
  facet normal 0 0 1
    outer loop
      vertex -3.25 5.62916 11
      vertex -3.25 -5.62916 11
      vertex -2.93497 -5.79965 11
    endloop
  endfacet
  facet normal -0 0 1
    outer loop
      vertex -3.55516 5.44158 11
      vertex -3.25 -5.62916 11
      vertex -3.25 5.62916 11
    endloop
  endfacet
  facet normal 0 0 1
    outer loop
      vertex -3.55516 5.44158 11
      vertex -3.55516 -5.44158 11
      vertex -3.25 -5.62916 11
    endloop
  endfacet
  facet normal -0 0 1
    outer loop
      vertex -3.84953 5.23747 11
      vertex -3.55516 -5.44158 11
      vertex -3.55516 5.44158 11
    endloop
  endfacet
  facet normal 0 0 1
    outer loop
      vertex -3.84953 5.23747 11
      vertex -3.84953 -5.23747 11
      vertex -3.55516 -5.44158 11
    endloop
  endfacet
  facet normal -0 0 1
    outer loop
      vertex -4.1322 5.01746 11
      vertex -3.84953 -5.23747 11
      vertex -3.84953 5.23747 11
    endloop
  endfacet
  facet normal 0 0 1
    outer loop
      vertex -4.1322 5.01746 11
      vertex -4.1322 -5.01746 11
      vertex -3.84953 -5.23747 11
    endloop
  endfacet
  facet normal -0 0 1
    outer loop
      vertex -4.40233 4.7822 11
      vertex -4.1322 -5.01746 11
      vertex -4.1322 5.01746 11
    endloop
  endfacet
  facet normal 0 0 1
    outer loop
      vertex -4.40233 4.7822 11
      vertex -4.40233 -4.7822 11
      vertex -4.1322 -5.01746 11
    endloop
  endfacet
  facet normal -0 0 1
    outer loop
      vertex -4.65909 4.53243 11
      vertex -4.40233 -4.7822 11
      vertex -4.40233 4.7822 11
    endloop
  endfacet
  facet normal 0 0 1
    outer loop
      vertex -4.65909 4.53243 11
      vertex -4.65909 -4.53243 11
      vertex -4.40233 -4.7822 11
    endloop
  endfacet
  facet normal -0 0 1
    outer loop
      vertex -4.90169 4.26889 11
      vertex -4.65909 -4.53243 11
      vertex -4.65909 4.53243 11
    endloop
  endfacet
  facet normal 0 0 1
    outer loop
      vertex -4.90169 4.26889 11
      vertex -4.90169 -4.26889 11
      vertex -4.65909 -4.53243 11
    endloop
  endfacet
  facet normal -0 0 1
    outer loop
      vertex -5.12941 3.99238 11
      vertex -4.90169 -4.26889 11
      vertex -4.90169 4.26889 11
    endloop
  endfacet
  facet normal 0 0 1
    outer loop
      vertex -5.12941 3.99238 11
      vertex -5.12941 -3.99238 11
      vertex -4.90169 -4.26889 11
    endloop
  endfacet
  facet normal -0 0 1
    outer loop
      vertex -5.34156 3.70375 11
      vertex -5.12941 -3.99238 11
      vertex -5.12941 3.99238 11
    endloop
  endfacet
  facet normal 0 0 1
    outer loop
      vertex -5.34156 3.70375 11
      vertex -5.34156 -3.70375 11
      vertex -5.12941 -3.99238 11
    endloop
  endfacet
  facet normal -0 0 1
    outer loop
      vertex -5.53748 3.40387 11
      vertex -5.34156 -3.70375 11
      vertex -5.34156 3.70375 11
    endloop
  endfacet
  facet normal 0 0 1
    outer loop
      vertex -5.53748 3.40387 11
      vertex -5.53748 -3.40387 11
      vertex -5.34156 -3.70375 11
    endloop
  endfacet
  facet normal -0 0 1
    outer loop
      vertex -5.71658 3.09366 11
      vertex -5.53748 -3.40387 11
      vertex -5.53748 3.40387 11
    endloop
  endfacet
  facet normal 0 0 1
    outer loop
      vertex -5.71658 3.09366 11
      vertex -5.71658 -3.09366 11
      vertex -5.53748 -3.40387 11
    endloop
  endfacet
  facet normal -0 0 1
    outer loop
      vertex -5.87832 2.77405 11
      vertex -5.71658 -3.09366 11
      vertex -5.71658 3.09366 11
    endloop
  endfacet
  facet normal 0 0 1
    outer loop
      vertex -5.87832 2.77405 11
      vertex -5.87832 -2.77405 11
      vertex -5.71658 -3.09366 11
    endloop
  endfacet
  facet normal -0 0 1
    outer loop
      vertex -6.02221 2.44601 11
      vertex -5.87832 -2.77405 11
      vertex -5.87832 2.77405 11
    endloop
  endfacet
  facet normal 0 0 1
    outer loop
      vertex -6.02221 2.44601 11
      vertex -6.02221 -2.44601 11
      vertex -5.87832 -2.77405 11
    endloop
  endfacet
  facet normal -0 0 1
    outer loop
      vertex -6.14781 2.11055 11
      vertex -6.02221 -2.44601 11
      vertex -6.02221 2.44601 11
    endloop
  endfacet
  facet normal 0 0 1
    outer loop
      vertex -6.14781 2.11055 11
      vertex -6.14781 -2.11055 11
      vertex -6.02221 -2.44601 11
    endloop
  endfacet
  facet normal -0 0 1
    outer loop
      vertex -6.25474 1.76867 11
      vertex -6.14781 -2.11055 11
      vertex -6.14781 2.11055 11
    endloop
  endfacet
  facet normal 0 0 1
    outer loop
      vertex -6.25474 1.76867 11
      vertex -6.25474 -1.76867 11
      vertex -6.14781 -2.11055 11
    endloop
  endfacet
  facet normal -0 0 1
    outer loop
      vertex -6.34268 1.42143 11
      vertex -6.25474 -1.76867 11
      vertex -6.25474 1.76867 11
    endloop
  endfacet
  facet normal 0 0 1
    outer loop
      vertex -6.34268 1.42143 11
      vertex -6.34268 -1.42143 11
      vertex -6.25474 -1.76867 11
    endloop
  endfacet
  facet normal -0 0 1
    outer loop
      vertex -6.41135 1.06986 11
      vertex -6.34268 -1.42143 11
      vertex -6.34268 1.42143 11
    endloop
  endfacet
  facet normal 0 0 1
    outer loop
      vertex -6.41135 1.06986 11
      vertex -6.41135 -1.06986 11
      vertex -6.34268 -1.42143 11
    endloop
  endfacet
  facet normal -0 0 1
    outer loop
      vertex -6.46055 0.715053 11
      vertex -6.41135 -1.06986 11
      vertex -6.41135 1.06986 11
    endloop
  endfacet
  facet normal 0 0 1
    outer loop
      vertex -6.46055 0.715053 11
      vertex -6.46055 -0.715053 11
      vertex -6.41135 -1.06986 11
    endloop
  endfacet
  facet normal -0 0 1
    outer loop
      vertex -6.49013 0.35807 11
      vertex -6.46055 -0.715053 11
      vertex -6.46055 0.715053 11
    endloop
  endfacet
  facet normal 0 0 1
    outer loop
      vertex -6.49013 0.35807 11
      vertex -6.49013 -0.35807 11
      vertex -6.46055 -0.715053 11
    endloop
  endfacet
  facet normal 0 -0 1
    outer loop
      vertex -6.49013 -0.35807 11
      vertex -6.49013 0.35807 11
      vertex -6.5 0 11
    endloop
  endfacet
  facet normal 0.296724 -0.954963 0
    outer loop
      vertex 2.5539 -8.89045 0
      vertex 2.93402 -8.77234 1.8
      vertex 2.5539 -8.89045 1.8
    endloop
  endfacet
  facet normal 0.296724 -0.954963 0
    outer loop
      vertex 2.93402 -8.77234 1.8
      vertex 2.5539 -8.89045 0
      vertex 2.93402 -8.77234 0
    endloop
  endfacet
  facet normal 0.997917 0.0645148 0
    outer loop
      vertex 9.24144 0.397955 1.8
      vertex 9.21576 0.795174 0
      vertex 9.21576 0.795174 1.8
    endloop
  endfacet
  facet normal 0.997917 0.0645148 0
    outer loop
      vertex 9.21576 0.795174 0
      vertex 9.24144 0.397955 1.8
      vertex 9.24144 0.397955 0
    endloop
  endfacet
  facet normal 0.999769 0.021505 0
    outer loop
      vertex 9.25 0 1.8
      vertex 9.24144 0.397955 0
      vertex 9.24144 0.397955 1.8
    endloop
  endfacet
  facet normal 0.999769 0.021505 0
    outer loop
      vertex 9.24144 0.397955 0
      vertex 9.25 0 1.8
      vertex 9.25 0 0
    endloop
  endfacet
  facet normal 0.994216 0.107399 0
    outer loop
      vertex 9.21576 0.795174 1.8
      vertex 9.17301 1.19092 0
      vertex 9.17301 1.19092 1.8
    endloop
  endfacet
  facet normal 0.994216 0.107399 0
    outer loop
      vertex 9.17301 1.19092 0
      vertex 9.21576 0.795174 1.8
      vertex 9.21576 0.795174 0
    endloop
  endfacet
  facet normal 0.0430349 0.999074 -0
    outer loop
      vertex 0.596703 9.23073 0
      vertex 0.199023 9.24786 1.8
      vertex 0.596703 9.23073 1.8
    endloop
  endfacet
  facet normal 0.0430349 0.999074 0
    outer loop
      vertex 0.199023 9.24786 1.8
      vertex 0.596703 9.23073 0
      vertex 0.199023 9.24786 0
    endloop
  endfacet
  facet normal 0.917584 0.397543 0
    outer loop
      vertex 8.5648 3.4938 1.8
      vertex 8.40656 3.85904 0
      vertex 8.40656 3.85904 1.8
    endloop
  endfacet
  facet normal 0.917584 0.397543 0
    outer loop
      vertex 8.40656 3.85904 0
      vertex 8.5648 3.4938 1.8
      vertex 8.5648 3.4938 0
    endloop
  endfacet
  facet normal -0.858763 0.512374 0
    outer loop
      vertex -8.0437 4.56742 0
      vertex -7.83975 4.90925 1.8
      vertex -7.83975 4.90925 0
    endloop
  endfacet
  facet normal -0.858763 0.512374 0
    outer loop
      vertex -7.83975 4.90925 1.8
      vertex -8.0437 4.56742 0
      vertex -8.0437 4.56742 1.8
    endloop
  endfacet
  facet normal -0.994216 -0.107399 0
    outer loop
      vertex -9.17301 -1.19092 0
      vertex -9.21576 -0.795174 1.8
      vertex -9.21576 -0.795174 0
    endloop
  endfacet
  facet normal -0.994216 -0.107399 0
    outer loop
      vertex -9.21576 -0.795174 1.8
      vertex -9.17301 -1.19092 0
      vertex -9.17301 -1.19092 1.8
    endloop
  endfacet
  facet normal -0.296724 -0.954963 0
    outer loop
      vertex -2.93402 -8.77234 0
      vertex -2.5539 -8.89045 1.8
      vertex -2.93402 -8.77234 1.8
    endloop
  endfacet
  facet normal -0.296724 -0.954963 -0
    outer loop
      vertex -2.5539 -8.89045 1.8
      vertex -2.93402 -8.77234 0
      vertex -2.5539 -8.89045 0
    endloop
  endfacet
  facet normal -0.948361 -0.317192 0
    outer loop
      vertex -8.70718 -3.12209 0
      vertex -8.83344 -2.74459 1.8
      vertex -8.83344 -2.74459 0
    endloop
  endfacet
  facet normal -0.948361 -0.317192 0
    outer loop
      vertex -8.83344 -2.74459 1.8
      vertex -8.70718 -3.12209 0
      vertex -8.70718 -3.12209 1.8
    endloop
  endfacet
  facet normal 0.601635 0.798771 -0
    outer loop
      vertex 5.72271 7.26726 0
      vertex 5.40476 7.50674 1.8
      vertex 5.72271 7.26726 1.8
    endloop
  endfacet
  facet normal 0.601635 0.798771 0
    outer loop
      vertex 5.40476 7.50674 1.8
      vertex 5.72271 7.26726 0
      vertex 5.40476 7.50674 0
    endloop
  endfacet
  facet normal -0.530739 -0.847535 0
    outer loop
      vertex -5.0768 -7.73231 0
      vertex -4.73944 -7.94357 1.8
      vertex -5.0768 -7.73231 1.8
    endloop
  endfacet
  facet normal -0.530739 -0.847535 -0
    outer loop
      vertex -4.73944 -7.94357 1.8
      vertex -5.0768 -7.73231 0
      vertex -4.73944 -7.94357 0
    endloop
  endfacet
  facet normal -0.171308 0.985217 0
    outer loop
      vertex -1.38801 9.14527 0
      vertex -1.78018 9.07708 1.8
      vertex -1.38801 9.14527 1.8
    endloop
  endfacet
  facet normal -0.171308 0.985217 0
    outer loop
      vertex -1.78018 9.07708 1.8
      vertex -1.38801 9.14527 0
      vertex -1.78018 9.07708 0
    endloop
  endfacet
  facet normal 0.880012 0.474952 0
    outer loop
      vertex 8.23275 4.21714 1.8
      vertex 8.0437 4.56742 0
      vertex 8.0437 4.56742 1.8
    endloop
  endfacet
  facet normal 0.880012 0.474952 0
    outer loop
      vertex 8.0437 4.56742 0
      vertex 8.23275 4.21714 1.8
      vertex 8.23275 4.21714 0
    endloop
  endfacet
  facet normal -0.997917 -0.0645148 0
    outer loop
      vertex -9.21576 -0.795174 0
      vertex -9.24144 -0.397955 1.8
      vertex -9.24144 -0.397955 0
    endloop
  endfacet
  facet normal -0.997917 -0.0645148 0
    outer loop
      vertex -9.24144 -0.397955 1.8
      vertex -9.21576 -0.795174 0
      vertex -9.21576 -0.795174 1.8
    endloop
  endfacet
  facet normal -0.988681 0.150033 0
    outer loop
      vertex -9.17301 1.19092 0
      vertex -9.11329 1.58446 1.8
      vertex -9.11329 1.58446 0
    endloop
  endfacet
  facet normal -0.988681 0.150033 0
    outer loop
      vertex -9.11329 1.58446 1.8
      vertex -9.17301 1.19092 0
      vertex -9.17301 1.19092 1.8
    endloop
  endfacet
  facet normal -0.668073 -0.744096 0
    outer loop
      vertex -6.32625 -6.74841 0
      vertex -6.03007 -7.01433 1.8
      vertex -6.32625 -6.74841 1.8
    endloop
  endfacet
  facet normal -0.668073 -0.744096 -0
    outer loop
      vertex -6.03007 -7.01433 1.8
      vertex -6.32625 -6.74841 0
      vertex -6.03007 -7.01433 0
    endloop
  endfacet
  facet normal 0 1 -0
    outer loop
      vertex 0.199023 9.24786 0
      vertex -0.199023 9.24786 1.8
      vertex 0.199023 9.24786 1.8
    endloop
  endfacet
  facet normal 0 1 0
    outer loop
      vertex -0.199023 9.24786 1.8
      vertex 0.199023 9.24786 0
      vertex -0.199023 9.24786 0
    endloop
  endfacet
  facet normal -0.0430349 0.999074 0
    outer loop
      vertex -0.199023 9.24786 0
      vertex -0.596703 9.23073 1.8
      vertex -0.199023 9.24786 1.8
    endloop
  endfacet
  facet normal -0.0430349 0.999074 0
    outer loop
      vertex -0.596703 9.23073 1.8
      vertex -0.199023 9.24786 0
      vertex -0.596703 9.23073 0
    endloop
  endfacet
  facet normal 0.811536 0.584302 0
    outer loop
      vertex 7.62129 5.24199 1.8
      vertex 7.38871 5.56502 0
      vertex 7.38871 5.56502 1.8
    endloop
  endfacet
  facet normal 0.811536 0.584302 0
    outer loop
      vertex 7.38871 5.56502 0
      vertex 7.62129 5.24199 1.8
      vertex 7.62129 5.24199 0
    endloop
  endfacet
  facet normal -0.493762 -0.869597 0
    outer loop
      vertex -4.73944 -7.94357 0
      vertex -4.3933 -8.14011 1.8
      vertex -4.73944 -7.94357 1.8
    endloop
  endfacet
  facet normal -0.493762 -0.869597 -0
    outer loop
      vertex -4.3933 -8.14011 1.8
      vertex -4.73944 -7.94357 0
      vertex -4.3933 -8.14011 0
    endloop
  endfacet
  facet normal 0.999769 -0.021505 0
    outer loop
      vertex 9.24144 -0.397955 1.8
      vertex 9.25 0 0
      vertex 9.25 0 1.8
    endloop
  endfacet
  facet normal 0.999769 -0.021505 0
    outer loop
      vertex 9.25 0 0
      vertex 9.24144 -0.397955 1.8
      vertex 9.24144 -0.397955 0
    endloop
  endfacet
  facet normal 0.128754 -0.991677 0
    outer loop
      vertex 0.993277 -9.19652 0
      vertex 1.38801 -9.14527 1.8
      vertex 0.993277 -9.19652 1.8
    endloop
  endfacet
  facet normal 0.128754 -0.991677 0
    outer loop
      vertex 1.38801 -9.14527 1.8
      vertex 0.993277 -9.19652 0
      vertex 1.38801 -9.14527 0
    endloop
  endfacet
  facet normal -0.213522 0.976938 0
    outer loop
      vertex -1.78018 9.07708 0
      vertex -2.16904 8.99209 1.8
      vertex -1.78018 9.07708 1.8
    endloop
  endfacet
  facet normal -0.213522 0.976938 0
    outer loop
      vertex -2.16904 8.99209 1.8
      vertex -1.78018 9.07708 0
      vertex -2.16904 8.99209 0
    endloop
  endfacet
  facet normal -0.601635 -0.798771 0
    outer loop
      vertex -5.72271 -7.26726 0
      vertex -5.40476 -7.50674 1.8
      vertex -5.72271 -7.26726 1.8
    endloop
  endfacet
  facet normal -0.601635 -0.798771 -0
    outer loop
      vertex -5.40476 -7.50674 1.8
      vertex -5.72271 -7.26726 0
      vertex -5.40476 -7.50674 0
    endloop
  endfacet
  facet normal 0.171308 0.985217 -0
    outer loop
      vertex 1.78018 9.07708 0
      vertex 1.38801 9.14527 1.8
      vertex 1.78018 9.07708 1.8
    endloop
  endfacet
  facet normal 0.171308 0.985217 0
    outer loop
      vertex 1.38801 9.14527 1.8
      vertex 1.78018 9.07708 0
      vertex 1.38801 9.14527 0
    endloop
  endfacet
  facet normal 0.811536 -0.584302 0
    outer loop
      vertex 7.38871 -5.56502 1.8
      vertex 7.62129 -5.24199 0
      vertex 7.62129 -5.24199 1.8
    endloop
  endfacet
  facet normal 0.811536 -0.584302 0
    outer loop
      vertex 7.62129 -5.24199 0
      vertex 7.38871 -5.56502 1.8
      vertex 7.38871 -5.56502 0
    endloop
  endfacet
  facet normal -0.255341 0.966851 0
    outer loop
      vertex -2.16904 8.99209 0
      vertex -2.5539 8.89045 1.8
      vertex -2.16904 8.99209 1.8
    endloop
  endfacet
  facet normal -0.255341 0.966851 0
    outer loop
      vertex -2.5539 8.89045 1.8
      vertex -2.16904 8.99209 0
      vertex -2.5539 8.89045 0
    endloop
  endfacet
  facet normal -0.972118 0.234494 0
    outer loop
      vertex -9.03668 1.97507 0
      vertex -8.94334 2.36202 1.8
      vertex -8.94334 2.36202 0
    endloop
  endfacet
  facet normal -0.972118 0.234494 0
    outer loop
      vertex -8.94334 2.36202 1.8
      vertex -9.03668 1.97507 0
      vertex -9.03668 1.97507 1.8
    endloop
  endfacet
  facet normal 0.948361 0.317192 0
    outer loop
      vertex 8.83344 2.74459 1.8
      vertex 8.70718 3.12209 0
      vertex 8.70718 3.12209 1.8
    endloop
  endfacet
  facet normal 0.948361 0.317192 0
    outer loop
      vertex 8.70718 3.12209 0
      vertex 8.83344 2.74459 1.8
      vertex 8.83344 2.74459 0
    endloop
  endfacet
  facet normal -0.981304 -0.192462 0
    outer loop
      vertex -9.03668 -1.97507 0
      vertex -9.11329 -1.58446 1.8
      vertex -9.11329 -1.58446 0
    endloop
  endfacet
  facet normal -0.981304 -0.192462 0
    outer loop
      vertex -9.11329 -1.58446 1.8
      vertex -9.03668 -1.97507 0
      vertex -9.03668 -1.97507 1.8
    endloop
  endfacet
  facet normal 0.566695 -0.823928 0
    outer loop
      vertex 5.0768 -7.73231 0
      vertex 5.40476 -7.50674 1.8
      vertex 5.0768 -7.73231 1.8
    endloop
  endfacet
  facet normal 0.566695 -0.823928 0
    outer loop
      vertex 5.40476 -7.50674 1.8
      vertex 5.0768 -7.73231 0
      vertex 5.40476 -7.50674 0
    endloop
  endfacet
  facet normal -0.296724 0.954963 0
    outer loop
      vertex -2.5539 8.89045 0
      vertex -2.93402 8.77234 1.8
      vertex -2.5539 8.89045 1.8
    endloop
  endfacet
  facet normal -0.296724 0.954963 0
    outer loop
      vertex -2.93402 8.77234 1.8
      vertex -2.5539 8.89045 0
      vertex -2.93402 8.77234 0
    endloop
  endfacet
  facet normal -0.601635 0.798771 0
    outer loop
      vertex -5.40476 7.50674 0
      vertex -5.72271 7.26726 1.8
      vertex -5.40476 7.50674 1.8
    endloop
  endfacet
  facet normal -0.601635 0.798771 0
    outer loop
      vertex -5.72271 7.26726 1.8
      vertex -5.40476 7.50674 0
      vertex -5.72271 7.26726 0
    endloop
  endfacet
  facet normal 0.933837 -0.357698 0
    outer loop
      vertex 8.5648 -3.4938 1.8
      vertex 8.70718 -3.12209 0
      vertex 8.70718 -3.12209 1.8
    endloop
  endfacet
  facet normal 0.933837 -0.357698 0
    outer loop
      vertex 8.70718 -3.12209 0
      vertex 8.5648 -3.4938 1.8
      vertex 8.5648 -3.4938 0
    endloop
  endfacet
  facet normal -0.377697 0.925929 0
    outer loop
      vertex -3.30871 8.63799 0
      vertex -3.67727 8.48765 1.8
      vertex -3.30871 8.63799 1.8
    endloop
  endfacet
  facet normal -0.377697 0.925929 0
    outer loop
      vertex -3.67727 8.48765 1.8
      vertex -3.30871 8.63799 0
      vertex -3.67727 8.48765 0
    endloop
  endfacet
  facet normal -0.213522 -0.976938 0
    outer loop
      vertex -2.16904 -8.99209 0
      vertex -1.78018 -9.07708 1.8
      vertex -2.16904 -8.99209 1.8
    endloop
  endfacet
  facet normal -0.213522 -0.976938 -0
    outer loop
      vertex -1.78018 -9.07708 1.8
      vertex -2.16904 -8.99209 0
      vertex -1.78018 -9.07708 0
    endloop
  endfacet
  facet normal 0.417211 0.90881 -0
    outer loop
      vertex 4.03902 8.32158 0
      vertex 3.67727 8.48765 1.8
      vertex 4.03902 8.32158 1.8
    endloop
  endfacet
  facet normal 0.417211 0.90881 0
    outer loop
      vertex 3.67727 8.48765 1.8
      vertex 4.03902 8.32158 0
      vertex 3.67727 8.48765 0
    endloop
  endfacet
  facet normal 0.493762 0.869597 -0
    outer loop
      vertex 4.73944 7.94357 0
      vertex 4.3933 8.14011 1.8
      vertex 4.73944 7.94357 1.8
    endloop
  endfacet
  facet normal 0.493762 0.869597 0
    outer loop
      vertex 4.3933 8.14011 1.8
      vertex 4.73944 7.94357 0
      vertex 4.3933 8.14011 0
    endloop
  endfacet
  facet normal 0.858763 0.512374 0
    outer loop
      vertex 8.0437 4.56742 1.8
      vertex 7.83975 4.90925 0
      vertex 7.83975 4.90925 1.8
    endloop
  endfacet
  facet normal 0.858763 0.512374 0
    outer loop
      vertex 7.83975 4.90925 0
      vertex 8.0437 4.56742 1.8
      vertex 8.0437 4.56742 0
    endloop
  endfacet
  facet normal 0.296724 0.954963 -0
    outer loop
      vertex 2.93402 8.77234 0
      vertex 2.5539 8.89045 1.8
      vertex 2.93402 8.77234 1.8
    endloop
  endfacet
  facet normal 0.296724 0.954963 0
    outer loop
      vertex 2.5539 8.89045 1.8
      vertex 2.93402 8.77234 0
      vertex 2.5539 8.89045 0
    endloop
  endfacet
  facet normal 0.337522 -0.941318 0
    outer loop
      vertex 2.93402 -8.77234 0
      vertex 3.30871 -8.63799 1.8
      vertex 2.93402 -8.77234 1.8
    endloop
  endfacet
  facet normal 0.337522 -0.941318 0
    outer loop
      vertex 3.30871 -8.63799 1.8
      vertex 2.93402 -8.77234 0
      vertex 3.30871 -8.63799 0
    endloop
  endfacet
  facet normal 0.981304 -0.192462 0
    outer loop
      vertex 9.03668 -1.97507 1.8
      vertex 9.11329 -1.58446 0
      vertex 9.11329 -1.58446 1.8
    endloop
  endfacet
  facet normal 0.981304 -0.192462 0
    outer loop
      vertex 9.11329 -1.58446 0
      vertex 9.03668 -1.97507 1.8
      vertex 9.03668 -1.97507 0
    endloop
  endfacet
  facet normal 0.994216 -0.107399 0
    outer loop
      vertex 9.17301 -1.19092 1.8
      vertex 9.21576 -0.795174 0
      vertex 9.21576 -0.795174 1.8
    endloop
  endfacet
  facet normal 0.994216 -0.107399 0
    outer loop
      vertex 9.21576 -0.795174 0
      vertex 9.17301 -1.19092 1.8
      vertex 9.17301 -1.19092 0
    endloop
  endfacet
  facet normal 0.635423 0.772164 -0
    outer loop
      vertex 6.03007 7.01433 0
      vertex 5.72271 7.26726 1.8
      vertex 6.03007 7.01433 1.8
    endloop
  endfacet
  facet normal 0.635423 0.772164 0
    outer loop
      vertex 5.72271 7.26726 1.8
      vertex 6.03007 7.01433 0
      vertex 5.72271 7.26726 0
    endloop
  endfacet
  facet normal 0.668073 -0.744096 0
    outer loop
      vertex 6.03007 -7.01433 0
      vertex 6.32625 -6.74841 1.8
      vertex 6.03007 -7.01433 1.8
    endloop
  endfacet
  facet normal 0.668073 -0.744096 0
    outer loop
      vertex 6.32625 -6.74841 1.8
      vertex 6.03007 -7.01433 0
      vertex 6.32625 -6.74841 0
    endloop
  endfacet
  facet normal 0.880012 -0.474952 0
    outer loop
      vertex 8.0437 -4.56742 1.8
      vertex 8.23275 -4.21714 0
      vertex 8.23275 -4.21714 1.8
    endloop
  endfacet
  facet normal 0.880012 -0.474952 0
    outer loop
      vertex 8.23275 -4.21714 0
      vertex 8.0437 -4.56742 1.8
      vertex 8.0437 -4.56742 0
    endloop
  endfacet
  facet normal -0.811536 -0.584302 0
    outer loop
      vertex -7.38871 -5.56502 0
      vertex -7.62129 -5.24199 1.8
      vertex -7.62129 -5.24199 0
    endloop
  endfacet
  facet normal -0.811536 -0.584302 0
    outer loop
      vertex -7.62129 -5.24199 1.8
      vertex -7.38871 -5.56502 0
      vertex -7.38871 -5.56502 1.8
    endloop
  endfacet
  facet normal -0.972118 -0.234494 0
    outer loop
      vertex -8.94334 -2.36202 0
      vertex -9.03668 -1.97507 1.8
      vertex -9.03668 -1.97507 0
    endloop
  endfacet
  facet normal -0.972118 -0.234494 0
    outer loop
      vertex -9.03668 -1.97507 1.8
      vertex -8.94334 -2.36202 0
      vertex -8.94334 -2.36202 1.8
    endloop
  endfacet
  facet normal 0.566695 0.823928 -0
    outer loop
      vertex 5.40476 7.50674 0
      vertex 5.0768 7.73231 1.8
      vertex 5.40476 7.50674 1.8
    endloop
  endfacet
  facet normal 0.566695 0.823928 0
    outer loop
      vertex 5.0768 7.73231 1.8
      vertex 5.40476 7.50674 0
      vertex 5.0768 7.73231 0
    endloop
  endfacet
  facet normal -0.999769 -0.021505 0
    outer loop
      vertex -9.24144 -0.397955 0
      vertex -9.25 0 1.8
      vertex -9.25 0 0
    endloop
  endfacet
  facet normal -0.999769 -0.021505 0
    outer loop
      vertex -9.25 0 1.8
      vertex -9.24144 -0.397955 0
      vertex -9.24144 -0.397955 1.8
    endloop
  endfacet
  facet normal 0.455895 0.890034 -0
    outer loop
      vertex 4.3933 8.14011 0
      vertex 4.03902 8.32158 1.8
      vertex 4.3933 8.14011 1.8
    endloop
  endfacet
  facet normal 0.455895 0.890034 0
    outer loop
      vertex 4.03902 8.32158 1.8
      vertex 4.3933 8.14011 0
      vertex 4.03902 8.32158 0
    endloop
  endfacet
  facet normal 0.785654 -0.618666 0
    outer loop
      vertex 7.14245 -5.87775 1.8
      vertex 7.38871 -5.56502 0
      vertex 7.38871 -5.56502 1.8
    endloop
  endfacet
  facet normal 0.785654 -0.618666 0
    outer loop
      vertex 7.38871 -5.56502 0
      vertex 7.14245 -5.87775 1.8
      vertex 7.14245 -5.87775 0
    endloop
  endfacet
  facet normal 0.785654 0.618666 0
    outer loop
      vertex 7.38871 5.56502 1.8
      vertex 7.14245 5.87775 0
      vertex 7.14245 5.87775 1.8
    endloop
  endfacet
  facet normal 0.785654 0.618666 0
    outer loop
      vertex 7.14245 5.87775 0
      vertex 7.38871 5.56502 1.8
      vertex 7.38871 5.56502 0
    endloop
  endfacet
  facet normal 0.729562 0.683914 0
    outer loop
      vertex 6.88296 6.17959 1.8
      vertex 6.61073 6.46999 0
      vertex 6.61073 6.46999 1.8
    endloop
  endfacet
  facet normal 0.729562 0.683914 0
    outer loop
      vertex 6.61073 6.46999 0
      vertex 6.88296 6.17959 1.8
      vertex 6.88296 6.17959 0
    endloop
  endfacet
  facet normal 0.171308 -0.985217 0
    outer loop
      vertex 1.38801 -9.14527 0
      vertex 1.78018 -9.07708 1.8
      vertex 1.38801 -9.14527 1.8
    endloop
  endfacet
  facet normal 0.171308 -0.985217 0
    outer loop
      vertex 1.78018 -9.07708 1.8
      vertex 1.38801 -9.14527 0
      vertex 1.78018 -9.07708 0
    endloop
  endfacet
  facet normal -0.835933 0.548831 0
    outer loop
      vertex -7.83975 4.90925 0
      vertex -7.62129 5.24199 1.8
      vertex -7.62129 5.24199 0
    endloop
  endfacet
  facet normal -0.835933 0.548831 0
    outer loop
      vertex -7.62129 5.24199 1.8
      vertex -7.83975 4.90925 0
      vertex -7.83975 4.90925 1.8
    endloop
  endfacet
  facet normal -0.7583 -0.651906 0
    outer loop
      vertex -6.88296 -6.17959 0
      vertex -7.14245 -5.87775 1.8
      vertex -7.14245 -5.87775 0
    endloop
  endfacet
  facet normal -0.7583 -0.651906 0
    outer loop
      vertex -7.14245 -5.87775 1.8
      vertex -6.88296 -6.17959 0
      vertex -6.88296 -6.17959 1.8
    endloop
  endfacet
  facet normal -0.988681 -0.150033 0
    outer loop
      vertex -9.11329 -1.58446 0
      vertex -9.17301 -1.19092 1.8
      vertex -9.17301 -1.19092 0
    endloop
  endfacet
  facet normal -0.988681 -0.150033 0
    outer loop
      vertex -9.17301 -1.19092 1.8
      vertex -9.11329 -1.58446 0
      vertex -9.11329 -1.58446 1.8
    endloop
  endfacet
  facet normal 0.988681 0.150033 0
    outer loop
      vertex 9.17301 1.19092 1.8
      vertex 9.11329 1.58446 0
      vertex 9.11329 1.58446 1.8
    endloop
  endfacet
  facet normal 0.988681 0.150033 0
    outer loop
      vertex 9.11329 1.58446 0
      vertex 9.17301 1.19092 1.8
      vertex 9.17301 1.19092 0
    endloop
  endfacet
  facet normal 0.417211 -0.90881 0
    outer loop
      vertex 3.67727 -8.48765 0
      vertex 4.03902 -8.32158 1.8
      vertex 3.67727 -8.48765 1.8
    endloop
  endfacet
  facet normal 0.417211 -0.90881 0
    outer loop
      vertex 4.03902 -8.32158 1.8
      vertex 3.67727 -8.48765 0
      vertex 4.03902 -8.32158 0
    endloop
  endfacet
  facet normal -0.128754 0.991677 0
    outer loop
      vertex -0.993277 9.19652 0
      vertex -1.38801 9.14527 1.8
      vertex -0.993277 9.19652 1.8
    endloop
  endfacet
  facet normal -0.128754 0.991677 0
    outer loop
      vertex -1.38801 9.14527 1.8
      vertex -0.993277 9.19652 0
      vertex -1.38801 9.14527 0
    endloop
  endfacet
  facet normal -0.811536 0.584302 0
    outer loop
      vertex -7.62129 5.24199 0
      vertex -7.38871 5.56502 1.8
      vertex -7.38871 5.56502 0
    endloop
  endfacet
  facet normal -0.811536 0.584302 0
    outer loop
      vertex -7.38871 5.56502 1.8
      vertex -7.62129 5.24199 0
      vertex -7.62129 5.24199 1.8
    endloop
  endfacet
  facet normal -0.948361 0.317192 0
    outer loop
      vertex -8.83344 2.74459 0
      vertex -8.70718 3.12209 1.8
      vertex -8.70718 3.12209 0
    endloop
  endfacet
  facet normal -0.948361 0.317192 0
    outer loop
      vertex -8.70718 3.12209 1.8
      vertex -8.83344 2.74459 0
      vertex -8.83344 2.74459 1.8
    endloop
  endfacet
  facet normal -0.981304 0.192462 0
    outer loop
      vertex -9.11329 1.58446 0
      vertex -9.03668 1.97507 1.8
      vertex -9.03668 1.97507 0
    endloop
  endfacet
  facet normal -0.981304 0.192462 0
    outer loop
      vertex -9.03668 1.97507 1.8
      vertex -9.11329 1.58446 0
      vertex -9.11329 1.58446 1.8
    endloop
  endfacet
  facet normal -0.455895 0.890034 0
    outer loop
      vertex -4.03902 8.32158 0
      vertex -4.3933 8.14011 1.8
      vertex -4.03902 8.32158 1.8
    endloop
  endfacet
  facet normal -0.455895 0.890034 0
    outer loop
      vertex -4.3933 8.14011 1.8
      vertex -4.03902 8.32158 0
      vertex -4.3933 8.14011 0
    endloop
  endfacet
  facet normal -0.377697 -0.925929 0
    outer loop
      vertex -3.67727 -8.48765 0
      vertex -3.30871 -8.63799 1.8
      vertex -3.67727 -8.48765 1.8
    endloop
  endfacet
  facet normal -0.377697 -0.925929 -0
    outer loop
      vertex -3.30871 -8.63799 1.8
      vertex -3.67727 -8.48765 0
      vertex -3.30871 -8.63799 0
    endloop
  endfacet
  facet normal 0.255341 0.966851 -0
    outer loop
      vertex 2.5539 8.89045 0
      vertex 2.16904 8.99209 1.8
      vertex 2.5539 8.89045 1.8
    endloop
  endfacet
  facet normal 0.255341 0.966851 0
    outer loop
      vertex 2.16904 8.99209 1.8
      vertex 2.5539 8.89045 0
      vertex 2.16904 8.99209 0
    endloop
  endfacet
  facet normal 0.377697 0.925929 -0
    outer loop
      vertex 3.67727 8.48765 0
      vertex 3.30871 8.63799 1.8
      vertex 3.67727 8.48765 1.8
    endloop
  endfacet
  facet normal 0.377697 0.925929 0
    outer loop
      vertex 3.30871 8.63799 1.8
      vertex 3.67727 8.48765 0
      vertex 3.30871 8.63799 0
    endloop
  endfacet
  facet normal 0.668073 0.744096 -0
    outer loop
      vertex 6.32625 6.74841 0
      vertex 6.03007 7.01433 1.8
      vertex 6.32625 6.74841 1.8
    endloop
  endfacet
  facet normal 0.668073 0.744096 0
    outer loop
      vertex 6.03007 7.01433 1.8
      vertex 6.32625 6.74841 0
      vertex 6.03007 7.01433 0
    endloop
  endfacet
  facet normal 0.835933 -0.548831 0
    outer loop
      vertex 7.62129 -5.24199 1.8
      vertex 7.83975 -4.90925 0
      vertex 7.83975 -4.90925 1.8
    endloop
  endfacet
  facet normal 0.835933 -0.548831 0
    outer loop
      vertex 7.83975 -4.90925 0
      vertex 7.62129 -5.24199 1.8
      vertex 7.62129 -5.24199 0
    endloop
  endfacet
  facet normal -0.880012 -0.474952 0
    outer loop
      vertex -8.0437 -4.56742 0
      vertex -8.23275 -4.21714 1.8
      vertex -8.23275 -4.21714 0
    endloop
  endfacet
  facet normal -0.880012 -0.474952 0
    outer loop
      vertex -8.23275 -4.21714 1.8
      vertex -8.0437 -4.56742 0
      vertex -8.0437 -4.56742 1.8
    endloop
  endfacet
  facet normal -0.635423 0.772164 0
    outer loop
      vertex -5.72271 7.26726 0
      vertex -6.03007 7.01433 1.8
      vertex -5.72271 7.26726 1.8
    endloop
  endfacet
  facet normal -0.635423 0.772164 0
    outer loop
      vertex -6.03007 7.01433 1.8
      vertex -5.72271 7.26726 0
      vertex -6.03007 7.01433 0
    endloop
  endfacet
  facet normal -0.699454 0.714678 0
    outer loop
      vertex -6.32625 6.74841 0
      vertex -6.61073 6.46999 1.8
      vertex -6.32625 6.74841 1.8
    endloop
  endfacet
  facet normal -0.699454 0.714678 0
    outer loop
      vertex -6.61073 6.46999 1.8
      vertex -6.32625 6.74841 0
      vertex -6.61073 6.46999 0
    endloop
  endfacet
  facet normal -0.899631 0.436651 0
    outer loop
      vertex -8.40656 3.85904 0
      vertex -8.23275 4.21714 1.8
      vertex -8.23275 4.21714 0
    endloop
  endfacet
  facet normal -0.899631 0.436651 0
    outer loop
      vertex -8.23275 4.21714 1.8
      vertex -8.40656 3.85904 0
      vertex -8.40656 3.85904 1.8
    endloop
  endfacet
  facet normal 0.213522 0.976938 -0
    outer loop
      vertex 2.16904 8.99209 0
      vertex 1.78018 9.07708 1.8
      vertex 2.16904 8.99209 1.8
    endloop
  endfacet
  facet normal 0.213522 0.976938 0
    outer loop
      vertex 1.78018 9.07708 1.8
      vertex 2.16904 8.99209 0
      vertex 1.78018 9.07708 0
    endloop
  endfacet
  facet normal 0.933837 0.357698 0
    outer loop
      vertex 8.70718 3.12209 1.8
      vertex 8.5648 3.4938 0
      vertex 8.5648 3.4938 1.8
    endloop
  endfacet
  facet normal 0.933837 0.357698 0
    outer loop
      vertex 8.5648 3.4938 0
      vertex 8.70718 3.12209 1.8
      vertex 8.70718 3.12209 0
    endloop
  endfacet
  facet normal 0.948361 -0.317192 0
    outer loop
      vertex 8.70718 -3.12209 1.8
      vertex 8.83344 -2.74459 0
      vertex 8.83344 -2.74459 1.8
    endloop
  endfacet
  facet normal 0.948361 -0.317192 0
    outer loop
      vertex 8.83344 -2.74459 0
      vertex 8.70718 -3.12209 1.8
      vertex 8.70718 -3.12209 0
    endloop
  endfacet
  facet normal 0.858763 -0.512374 0
    outer loop
      vertex 7.83975 -4.90925 1.8
      vertex 8.0437 -4.56742 0
      vertex 8.0437 -4.56742 1.8
    endloop
  endfacet
  facet normal 0.858763 -0.512374 0
    outer loop
      vertex 8.0437 -4.56742 0
      vertex 7.83975 -4.90925 1.8
      vertex 7.83975 -4.90925 0
    endloop
  endfacet
  facet normal 0.899631 0.436651 0
    outer loop
      vertex 8.40656 3.85904 1.8
      vertex 8.23275 4.21714 0
      vertex 8.23275 4.21714 1.8
    endloop
  endfacet
  facet normal 0.899631 0.436651 0
    outer loop
      vertex 8.23275 4.21714 0
      vertex 8.40656 3.85904 1.8
      vertex 8.40656 3.85904 0
    endloop
  endfacet
  facet normal 0.601635 -0.798771 0
    outer loop
      vertex 5.40476 -7.50674 0
      vertex 5.72271 -7.26726 1.8
      vertex 5.40476 -7.50674 1.8
    endloop
  endfacet
  facet normal 0.601635 -0.798771 0
    outer loop
      vertex 5.72271 -7.26726 1.8
      vertex 5.40476 -7.50674 0
      vertex 5.72271 -7.26726 0
    endloop
  endfacet
  facet normal 0.530739 0.847535 -0
    outer loop
      vertex 5.0768 7.73231 0
      vertex 4.73944 7.94357 1.8
      vertex 5.0768 7.73231 1.8
    endloop
  endfacet
  facet normal 0.530739 0.847535 0
    outer loop
      vertex 4.73944 7.94357 1.8
      vertex 5.0768 7.73231 0
      vertex 4.73944 7.94357 0
    endloop
  endfacet
  facet normal 0.961129 0.276101 0
    outer loop
      vertex 8.94334 2.36202 1.8
      vertex 8.83344 2.74459 0
      vertex 8.83344 2.74459 1.8
    endloop
  endfacet
  facet normal 0.961129 0.276101 0
    outer loop
      vertex 8.83344 2.74459 0
      vertex 8.94334 2.36202 1.8
      vertex 8.94334 2.36202 0
    endloop
  endfacet
  facet normal -0.455895 -0.890034 0
    outer loop
      vertex -4.3933 -8.14011 0
      vertex -4.03902 -8.32158 1.8
      vertex -4.3933 -8.14011 1.8
    endloop
  endfacet
  facet normal -0.455895 -0.890034 -0
    outer loop
      vertex -4.03902 -8.32158 1.8
      vertex -4.3933 -8.14011 0
      vertex -4.03902 -8.32158 0
    endloop
  endfacet
  facet normal -0.785654 0.618666 0
    outer loop
      vertex -7.38871 5.56502 0
      vertex -7.14245 5.87775 1.8
      vertex -7.14245 5.87775 0
    endloop
  endfacet
  facet normal -0.785654 0.618666 0
    outer loop
      vertex -7.14245 5.87775 1.8
      vertex -7.38871 5.56502 0
      vertex -7.38871 5.56502 1.8
    endloop
  endfacet
  facet normal -0.337522 0.941318 0
    outer loop
      vertex -2.93402 8.77234 0
      vertex -3.30871 8.63799 1.8
      vertex -2.93402 8.77234 1.8
    endloop
  endfacet
  facet normal -0.337522 0.941318 0
    outer loop
      vertex -3.30871 8.63799 1.8
      vertex -2.93402 8.77234 0
      vertex -3.30871 8.63799 0
    endloop
  endfacet
  facet normal -0.635423 -0.772164 0
    outer loop
      vertex -6.03007 -7.01433 0
      vertex -5.72271 -7.26726 1.8
      vertex -6.03007 -7.01433 1.8
    endloop
  endfacet
  facet normal -0.635423 -0.772164 -0
    outer loop
      vertex -5.72271 -7.26726 1.8
      vertex -6.03007 -7.01433 0
      vertex -5.72271 -7.26726 0
    endloop
  endfacet
  facet normal 0.377697 -0.925929 0
    outer loop
      vertex 3.30871 -8.63799 0
      vertex 3.67727 -8.48765 1.8
      vertex 3.30871 -8.63799 1.8
    endloop
  endfacet
  facet normal 0.377697 -0.925929 0
    outer loop
      vertex 3.67727 -8.48765 1.8
      vertex 3.30871 -8.63799 0
      vertex 3.67727 -8.48765 0
    endloop
  endfacet
  facet normal -0.0859447 0.9963 0
    outer loop
      vertex -0.596703 9.23073 0
      vertex -0.993277 9.19652 1.8
      vertex -0.596703 9.23073 1.8
    endloop
  endfacet
  facet normal -0.0859447 0.9963 0
    outer loop
      vertex -0.993277 9.19652 1.8
      vertex -0.596703 9.23073 0
      vertex -0.993277 9.19652 0
    endloop
  endfacet
  facet normal 0.988681 -0.150033 0
    outer loop
      vertex 9.11329 -1.58446 1.8
      vertex 9.17301 -1.19092 0
      vertex 9.17301 -1.19092 1.8
    endloop
  endfacet
  facet normal 0.988681 -0.150033 0
    outer loop
      vertex 9.17301 -1.19092 0
      vertex 9.11329 -1.58446 1.8
      vertex 9.11329 -1.58446 0
    endloop
  endfacet
  facet normal -0.899631 -0.436651 0
    outer loop
      vertex -8.23275 -4.21714 0
      vertex -8.40656 -3.85904 1.8
      vertex -8.40656 -3.85904 0
    endloop
  endfacet
  facet normal -0.899631 -0.436651 0
    outer loop
      vertex -8.40656 -3.85904 1.8
      vertex -8.23275 -4.21714 0
      vertex -8.23275 -4.21714 1.8
    endloop
  endfacet
  facet normal 0.0430349 -0.999074 0
    outer loop
      vertex 0.199023 -9.24786 0
      vertex 0.596703 -9.23073 1.8
      vertex 0.199023 -9.24786 1.8
    endloop
  endfacet
  facet normal 0.0430349 -0.999074 0
    outer loop
      vertex 0.596703 -9.23073 1.8
      vertex 0.199023 -9.24786 0
      vertex 0.596703 -9.23073 0
    endloop
  endfacet
  facet normal 0.997917 -0.0645148 0
    outer loop
      vertex 9.21576 -0.795174 1.8
      vertex 9.24144 -0.397955 0
      vertex 9.24144 -0.397955 1.8
    endloop
  endfacet
  facet normal 0.997917 -0.0645148 0
    outer loop
      vertex 9.24144 -0.397955 0
      vertex 9.21576 -0.795174 1.8
      vertex 9.21576 -0.795174 0
    endloop
  endfacet
  facet normal -0.668073 0.744096 0
    outer loop
      vertex -6.03007 7.01433 0
      vertex -6.32625 6.74841 1.8
      vertex -6.03007 7.01433 1.8
    endloop
  endfacet
  facet normal -0.668073 0.744096 0
    outer loop
      vertex -6.32625 6.74841 1.8
      vertex -6.03007 7.01433 0
      vertex -6.32625 6.74841 0
    endloop
  endfacet
  facet normal -0.0859447 -0.9963 0
    outer loop
      vertex -0.993277 -9.19652 0
      vertex -0.596703 -9.23073 1.8
      vertex -0.993277 -9.19652 1.8
    endloop
  endfacet
  facet normal -0.0859447 -0.9963 -0
    outer loop
      vertex -0.596703 -9.23073 1.8
      vertex -0.993277 -9.19652 0
      vertex -0.596703 -9.23073 0
    endloop
  endfacet
  facet normal 0.493762 -0.869597 0
    outer loop
      vertex 4.3933 -8.14011 0
      vertex 4.73944 -7.94357 1.8
      vertex 4.3933 -8.14011 1.8
    endloop
  endfacet
  facet normal 0.493762 -0.869597 0
    outer loop
      vertex 4.73944 -7.94357 1.8
      vertex 4.3933 -8.14011 0
      vertex 4.73944 -7.94357 0
    endloop
  endfacet
  facet normal -0.917584 0.397543 0
    outer loop
      vertex -8.5648 3.4938 0
      vertex -8.40656 3.85904 1.8
      vertex -8.40656 3.85904 0
    endloop
  endfacet
  facet normal -0.917584 0.397543 0
    outer loop
      vertex -8.40656 3.85904 1.8
      vertex -8.5648 3.4938 0
      vertex -8.5648 3.4938 1.8
    endloop
  endfacet
  facet normal -0.961129 0.276101 0
    outer loop
      vertex -8.94334 2.36202 0
      vertex -8.83344 2.74459 1.8
      vertex -8.83344 2.74459 0
    endloop
  endfacet
  facet normal -0.961129 0.276101 0
    outer loop
      vertex -8.83344 2.74459 1.8
      vertex -8.94334 2.36202 0
      vertex -8.94334 2.36202 1.8
    endloop
  endfacet
  facet normal 0.635423 -0.772164 0
    outer loop
      vertex 5.72271 -7.26726 0
      vertex 6.03007 -7.01433 1.8
      vertex 5.72271 -7.26726 1.8
    endloop
  endfacet
  facet normal 0.635423 -0.772164 0
    outer loop
      vertex 6.03007 -7.01433 1.8
      vertex 5.72271 -7.26726 0
      vertex 6.03007 -7.01433 0
    endloop
  endfacet
  facet normal 0.255341 -0.966851 0
    outer loop
      vertex 2.16904 -8.99209 0
      vertex 2.5539 -8.89045 1.8
      vertex 2.16904 -8.99209 1.8
    endloop
  endfacet
  facet normal 0.255341 -0.966851 0
    outer loop
      vertex 2.5539 -8.89045 1.8
      vertex 2.16904 -8.99209 0
      vertex 2.5539 -8.89045 0
    endloop
  endfacet
  facet normal 0.455895 -0.890034 0
    outer loop
      vertex 4.03902 -8.32158 0
      vertex 4.3933 -8.14011 1.8
      vertex 4.03902 -8.32158 1.8
    endloop
  endfacet
  facet normal 0.455895 -0.890034 0
    outer loop
      vertex 4.3933 -8.14011 1.8
      vertex 4.03902 -8.32158 0
      vertex 4.3933 -8.14011 0
    endloop
  endfacet
  facet normal 0 0 1
    outer loop
      vertex 7.12727 0 1.8
      vertex 9.25 0 1.8
      vertex 9.24144 0.397955 1.8
    endloop
  endfacet
  facet normal -0 0 1
    outer loop
      vertex 7.11161 0.45104 1.8
      vertex 9.24144 0.397955 1.8
      vertex 9.21576 0.795174 1.8
    endloop
  endfacet
  facet normal 0 0 1
    outer loop
      vertex 9.25 0 1.8
      vertex 7.12727 0 1.8
      vertex 9.24144 -0.397955 1.8
    endloop
  endfacet
  facet normal 0 0 1
    outer loop
      vertex 7.08401 0.784058 1.8
      vertex 9.21576 0.795174 1.8
      vertex 9.17301 1.19092 1.8
    endloop
  endfacet
  facet normal -0 0 1
    outer loop
      vertex 7.11806 -0.334031 1.8
      vertex 9.24144 -0.397955 1.8
      vertex 7.12727 0 1.8
    endloop
  endfacet
  facet normal 0 0 1
    outer loop
      vertex 7.03812 1.11505 1.8
      vertex 9.17301 1.19092 1.8
      vertex 9.11329 1.58446 1.8
    endloop
  endfacet
  facet normal -0 0 1
    outer loop
      vertex 7.11645 -0.392625 1.8
      vertex 9.24144 -0.397955 1.8
      vertex 7.11806 -0.334031 1.8
    endloop
  endfacet
  facet normal 0 0 1
    outer loop
      vertex 7.01883 1.23064 1.8
      vertex 9.11329 1.58446 1.8
      vertex 9.03668 1.97507 1.8
    endloop
  endfacet
  facet normal 0 0 1
    outer loop
      vertex 7.11161 -0.45104 1.8
      vertex 9.24144 -0.397955 1.8
      vertex 7.11645 -0.392625 1.8
    endloop
  endfacet
  facet normal 0 0 1
    outer loop
      vertex 6.95477 1.5586 1.8
      vertex 9.03668 1.97507 1.8
      vertex 8.94334 2.36202 1.8
    endloop
  endfacet
  facet normal 0 0 1
    outer loop
      vertex 9.24144 -0.397955 1.8
      vertex 7.11161 -0.45104 1.8
      vertex 9.21576 -0.795174 1.8
    endloop
  endfacet
  facet normal 0 0 1
    outer loop
      vertex 6.85835 1.93936 1.8
      vertex 8.94334 2.36202 1.8
      vertex 8.83344 2.74459 1.8
    endloop
  endfacet
  facet normal -0 0 1
    outer loop
      vertex 7.08401 -0.784058 1.8
      vertex 9.21576 -0.795174 1.8
      vertex 7.11161 -0.45104 1.8
    endloop
  endfacet
  facet normal 0 0 1
    outer loop
      vertex 6.75859 2.25828 1.8
      vertex 8.83344 2.74459 1.8
      vertex 8.70718 3.12209 1.8
    endloop
  endfacet
  facet normal 0 0 1
    outer loop
      vertex 9.21576 -0.795174 1.8
      vertex 7.08401 -0.784058 1.8
      vertex 9.17301 -1.19092 1.8
    endloop
  endfacet
  facet normal 0 0 1
    outer loop
      vertex 6.60337 2.68206 1.8
      vertex 8.70718 3.12209 1.8
      vertex 8.5648 3.4938 1.8
    endloop
  endfacet
  facet normal -0 0 1
    outer loop
      vertex 7.03812 -1.11505 1.8
      vertex 9.17301 -1.19092 1.8
      vertex 7.08401 -0.784058 1.8
    endloop
  endfacet
  facet normal 0 0 1
    outer loop
      vertex 6.60337 2.68206 1.8
      vertex 8.5648 3.4938 1.8
      vertex 8.40656 3.85904 1.8
    endloop
  endfacet
  facet normal 0 0 1
    outer loop
      vertex 9.17301 -1.19092 1.8
      vertex 7.03812 -1.11505 1.8
      vertex 9.11329 -1.58446 1.8
    endloop
  endfacet
  facet normal 0 0 1
    outer loop
      vertex 6.41913 3.09405 1.8
      vertex 8.40656 3.85904 1.8
      vertex 8.23275 4.21714 1.8
    endloop
  endfacet
  facet normal -0 0 1
    outer loop
      vertex 7.03007 -1.17311 1.8
      vertex 9.11329 -1.58446 1.8
      vertex 7.03812 -1.11505 1.8
    endloop
  endfacet
  facet normal 0 0 1
    outer loop
      vertex 6.26825 3.39221 1.8
      vertex 8.23275 4.21714 1.8
      vertex 8.0437 4.56742 1.8
    endloop
  endfacet
  facet normal -0 0 1
    outer loop
      vertex 7.01883 -1.23064 1.8
      vertex 9.11329 -1.58446 1.8
      vertex 7.03007 -1.17311 1.8
    endloop
  endfacet
  facet normal 0 0 1
    outer loop
      vertex 6.07186 3.73236 1.8
      vertex 8.0437 4.56742 1.8
      vertex 7.83975 4.90925 1.8
    endloop
  endfacet
  facet normal 0 0 1
    outer loop
      vertex 9.11329 -1.58446 1.8
      vertex 7.01883 -1.23064 1.8
      vertex 9.03668 -1.97507 1.8
    endloop
  endfacet
  facet normal 0 0 1
    outer loop
      vertex 6.0398 3.78143 1.8
      vertex 7.83975 4.90925 1.8
      vertex 7.62129 5.24199 1.8
    endloop
  endfacet
  facet normal -0 0 1
    outer loop
      vertex 6.95477 -1.5586 1.8
      vertex 9.03668 -1.97507 1.8
      vertex 7.01883 -1.23064 1.8
    endloop
  endfacet
  facet normal 0 0 1
    outer loop
      vertex 5.85703 4.06118 1.8
      vertex 7.62129 5.24199 1.8
      vertex 7.38871 5.56502 1.8
    endloop
  endfacet
  facet normal 0 0 1
    outer loop
      vertex 9.03668 -1.97507 1.8
      vertex 6.95477 -1.5586 1.8
      vertex 8.94334 -2.36202 1.8
    endloop
  endfacet
  facet normal 0 0 1
    outer loop
      vertex 5.62442 4.37766 1.8
      vertex 7.38871 5.56502 1.8
      vertex 7.14245 5.87775 1.8
    endloop
  endfacet
  facet normal -0 0 1
    outer loop
      vertex 6.87274 -1.88253 1.8
      vertex 8.94334 -2.36202 1.8
      vertex 6.95477 -1.5586 1.8
    endloop
  endfacet
  facet normal -0 0 1
    outer loop
      vertex 6.85835 -1.93936 1.8
      vertex 8.94334 -2.36202 1.8
      vertex 6.87274 -1.88253 1.8
    endloop
  endfacet
  facet normal 0 0 1
    outer loop
      vertex 9.24144 0.397955 1.8
      vertex 7.11806 0.334031 1.8
      vertex 7.12727 0 1.8
    endloop
  endfacet
  facet normal 0 0 1
    outer loop
      vertex 9.24144 0.397955 1.8
      vertex 7.11645 0.392625 1.8
      vertex 7.11806 0.334031 1.8
    endloop
  endfacet
  facet normal 0 0 1
    outer loop
      vertex 9.24144 0.397955 1.8
      vertex 7.11161 0.45104 1.8
      vertex 7.11645 0.392625 1.8
    endloop
  endfacet
  facet normal 0 0 1
    outer loop
      vertex 9.21576 0.795174 1.8
      vertex 7.08401 0.784058 1.8
      vertex 7.11161 0.45104 1.8
    endloop
  endfacet
  facet normal 0 0 1
    outer loop
      vertex 9.17301 1.19092 1.8
      vertex 7.03812 1.11505 1.8
      vertex 7.08401 0.784058 1.8
    endloop
  endfacet
  facet normal 0 0 1
    outer loop
      vertex 9.11329 1.58446 1.8
      vertex 7.03007 1.17311 1.8
      vertex 7.03812 1.11505 1.8
    endloop
  endfacet
  facet normal 0 0 1
    outer loop
      vertex 9.11329 1.58446 1.8
      vertex 7.01883 1.23064 1.8
      vertex 7.03007 1.17311 1.8
    endloop
  endfacet
  facet normal 0 0 1
    outer loop
      vertex 9.03668 1.97507 1.8
      vertex 6.95477 1.5586 1.8
      vertex 7.01883 1.23064 1.8
    endloop
  endfacet
  facet normal 0 0 1
    outer loop
      vertex 5.37472 4.68085 1.8
      vertex 7.14245 5.87775 1.8
      vertex 6.88296 6.17959 1.8
    endloop
  endfacet
  facet normal 0 0 1
    outer loop
      vertex 8.94334 2.36202 1.8
      vertex 6.87274 1.88253 1.8
      vertex 6.95477 1.5586 1.8
    endloop
  endfacet
  facet normal 0 0 1
    outer loop
      vertex 8.94334 2.36202 1.8
      vertex 6.85835 1.93936 1.8
      vertex 6.87274 1.88253 1.8
    endloop
  endfacet
  facet normal 0 0 1
    outer loop
      vertex 8.83344 2.74459 1.8
      vertex 6.75859 2.25828 1.8
      vertex 6.85835 1.93936 1.8
    endloop
  endfacet
  facet normal 0 0 1
    outer loop
      vertex 8.70718 3.12209 1.8
      vertex 6.7411 2.31422 1.8
      vertex 6.75859 2.25828 1.8
    endloop
  endfacet
  facet normal 0 0 1
    outer loop
      vertex 8.70718 3.12209 1.8
      vertex 6.72054 2.36912 1.8
      vertex 6.7411 2.31422 1.8
    endloop
  endfacet
  facet normal 0 0 1
    outer loop
      vertex 5.1087 4.96982 1.8
      vertex 6.88296 6.17959 1.8
      vertex 6.61073 6.46999 1.8
    endloop
  endfacet
  facet normal 0 0 1
    outer loop
      vertex 8.70718 3.12209 1.8
      vertex 6.60337 2.68206 1.8
      vertex 6.72054 2.36912 1.8
    endloop
  endfacet
  facet normal 0 0 1
    outer loop
      vertex 8.40656 3.85904 1.8
      vertex 6.46915 2.98807 1.8
      vertex 6.60337 2.68206 1.8
    endloop
  endfacet
  facet normal 0 0 1
    outer loop
      vertex 8.40656 3.85904 1.8
      vertex 6.4456 3.04175 1.8
      vertex 6.46915 2.98807 1.8
    endloop
  endfacet
  facet normal 0 0 1
    outer loop
      vertex 8.40656 3.85904 1.8
      vertex 6.41913 3.09405 1.8
      vertex 6.4456 3.04175 1.8
    endloop
  endfacet
  facet normal 0 0 1
    outer loop
      vertex 5.1087 4.96982 1.8
      vertex 6.61073 6.46999 1.8
      vertex 6.32625 6.74841 1.8
    endloop
  endfacet
  facet normal 0 0 1
    outer loop
      vertex 8.23275 4.21714 1.8
      vertex 6.26825 3.39221 1.8
      vertex 6.41913 3.09405 1.8
    endloop
  endfacet
  facet normal 0 0 1
    outer loop
      vertex 8.0437 4.56742 1.8
      vertex 6.23894 3.44297 1.8
      vertex 6.26825 3.39221 1.8
    endloop
  endfacet
  facet normal 0 0 1
    outer loop
      vertex 8.0437 4.56742 1.8
      vertex 6.07186 3.73236 1.8
      vertex 6.23894 3.44297 1.8
    endloop
  endfacet
  facet normal 0 0 1
    outer loop
      vertex 7.83975 4.90925 1.8
      vertex 6.0398 3.78143 1.8
      vertex 6.07186 3.73236 1.8
    endloop
  endfacet
  facet normal 0 0 1
    outer loop
      vertex 4.78297 5.2822 1.8
      vertex 6.32625 6.74841 1.8
      vertex 6.03007 7.01433 1.8
    endloop
  endfacet
  facet normal 0 0 1
    outer loop
      vertex 7.62129 5.24199 1.8
      vertex 5.85703 4.06118 1.8
      vertex 6.0398 3.78143 1.8
    endloop
  endfacet
  facet normal 0 0 1
    outer loop
      vertex 4.53098 5.50166 1.8
      vertex 6.03007 7.01433 1.8
      vertex 5.72271 7.26726 1.8
    endloop
  endfacet
  facet normal 0 0 1
    outer loop
      vertex 7.38871 5.56502 1.8
      vertex 5.65913 4.33043 1.8
      vertex 5.85703 4.06118 1.8
    endloop
  endfacet
  facet normal 0 0 1
    outer loop
      vertex 7.38871 5.56502 1.8
      vertex 5.62442 4.37766 1.8
      vertex 5.65913 4.33043 1.8
    endloop
  endfacet
  facet normal 0 0 1
    outer loop
      vertex 7.14245 5.87775 1.8
      vertex 5.58716 4.42291 1.8
      vertex 5.62442 4.37766 1.8
    endloop
  endfacet
  facet normal 0 0 1
    outer loop
      vertex 4.26728 5.7069 1.8
      vertex 5.72271 7.26726 1.8
      vertex 5.40476 7.50674 1.8
    endloop
  endfacet
  facet normal 0 0 1
    outer loop
      vertex 7.14245 5.87775 1.8
      vertex 5.37472 4.68085 1.8
      vertex 5.58716 4.42291 1.8
    endloop
  endfacet
  facet normal 0 0 1
    outer loop
      vertex 6.88296 6.17959 1.8
      vertex 5.33502 4.72398 1.8
      vertex 5.37472 4.68085 1.8
    endloop
  endfacet
  facet normal 0 0 1
    outer loop
      vertex 6.88296 6.17959 1.8
      vertex 5.1087 4.96982 1.8
      vertex 5.33502 4.72398 1.8
    endloop
  endfacet
  facet normal 0 0 1
    outer loop
      vertex 4.17285 5.77631 1.8
      vertex 5.40476 7.50674 1.8
      vertex 5.0768 7.73231 1.8
    endloop
  endfacet
  facet normal 0 0 1
    outer loop
      vertex 6.32625 6.74841 1.8
      vertex 4.86918 5.20283 1.8
      vertex 5.1087 4.96982 1.8
    endloop
  endfacet
  facet normal 0 0 1
    outer loop
      vertex 6.32625 6.74841 1.8
      vertex 4.82717 5.2437 1.8
      vertex 4.86918 5.20283 1.8
    endloop
  endfacet
  facet normal 0 0 1
    outer loop
      vertex 6.32625 6.74841 1.8
      vertex 4.78297 5.2822 1.8
      vertex 4.82717 5.2437 1.8
    endloop
  endfacet
  facet normal 0 0 1
    outer loop
      vertex 3.89825 5.96671 1.8
      vertex 5.0768 7.73231 1.8
      vertex 4.73944 7.94357 1.8
    endloop
  endfacet
  facet normal 0 0 1
    outer loop
      vertex 6.03007 7.01433 1.8
      vertex 4.53098 5.50166 1.8
      vertex 4.78297 5.2822 1.8
    endloop
  endfacet
  facet normal 0 0 1
    outer loop
      vertex 3.56364 6.1724 1.8
      vertex 4.73944 7.94357 1.8
      vertex 4.3933 8.14011 1.8
    endloop
  endfacet
  facet normal 0 0 1
    outer loop
      vertex 5.72271 7.26726 1.8
      vertex 4.26728 5.7069 1.8
      vertex 4.53098 5.50166 1.8
    endloop
  endfacet
  facet normal 0 0 1
    outer loop
      vertex 5.40476 7.50674 1.8
      vertex 4.22102 5.74291 1.8
      vertex 4.26728 5.7069 1.8
    endloop
  endfacet
  facet normal 0 0 1
    outer loop
      vertex 5.40476 7.50674 1.8
      vertex 4.17285 5.77631 1.8
      vertex 4.22102 5.74291 1.8
    endloop
  endfacet
  facet normal 0 0 1
    outer loop
      vertex 3.2182 6.35934 1.8
      vertex 4.3933 8.14011 1.8
      vertex 4.03902 8.32158 1.8
    endloop
  endfacet
  facet normal 0 0 1
    outer loop
      vertex 5.0768 7.73231 1.8
      vertex 3.89825 5.96671 1.8
      vertex 4.17285 5.77631 1.8
    endloop
  endfacet
  facet normal 0 0 1
    outer loop
      vertex 2.916 6.50195 1.8
      vertex 4.03902 8.32158 1.8
      vertex 3.67727 8.48765 1.8
    endloop
  endfacet
  facet normal 0 0 1
    outer loop
      vertex 4.73944 7.94357 1.8
      vertex 3.61357 6.1417 1.8
      vertex 3.89825 5.96671 1.8
    endloop
  endfacet
  facet normal 0 0 1
    outer loop
      vertex 4.73944 7.94357 1.8
      vertex 3.56364 6.1724 1.8
      vertex 3.61357 6.1417 1.8
    endloop
  endfacet
  facet normal 0 0 1
    outer loop
      vertex 2.5534 6.65271 1.8
      vertex 3.67727 8.48765 1.8
      vertex 3.30871 8.63799 1.8
    endloop
  endfacet
  facet normal 0 0 1
    outer loop
      vertex 4.3933 8.14011 1.8
      vertex 3.26975 6.33144 1.8
      vertex 3.56364 6.1724 1.8
    endloop
  endfacet
  facet normal 0 0 1
    outer loop
      vertex 4.3933 8.14011 1.8
      vertex 3.2182 6.35934 1.8
      vertex 3.26975 6.33144 1.8
    endloop
  endfacet
  facet normal 0 0 1
    outer loop
      vertex 2.44365 6.6938 1.8
      vertex 3.30871 8.63799 1.8
      vertex 2.93402 8.77234 1.8
    endloop
  endfacet
  facet normal 0 0 1
    outer loop
      vertex 4.03902 8.32158 1.8
      vertex 2.916 6.50195 1.8
      vertex 3.2182 6.35934 1.8
    endloop
  endfacet
  facet normal 0 0 1
    outer loop
      vertex 3.67727 8.48765 1.8
      vertex 2.86299 6.52697 1.8
      vertex 2.916 6.50195 1.8
    endloop
  endfacet
  facet normal 0 0 1
    outer loop
      vertex 2.1276 6.8023 1.8
      vertex 2.93402 8.77234 1.8
      vertex 2.5539 8.89045 1.8
    endloop
  endfacet
  facet normal 0 0 1
    outer loop
      vertex 3.67727 8.48765 1.8
      vertex 2.5534 6.65271 1.8
      vertex 2.86299 6.52697 1.8
    endloop
  endfacet
  facet normal 0 0 1
    outer loop
      vertex 3.30871 8.63799 1.8
      vertex 2.49909 6.67477 1.8
      vertex 2.5534 6.65271 1.8
    endloop
  endfacet
  facet normal 0 0 1
    outer loop
      vertex 3.30871 8.63799 1.8
      vertex 2.44365 6.6938 1.8
      vertex 2.49909 6.67477 1.8
    endloop
  endfacet
  facet normal 0 0 1
    outer loop
      vertex 1.74964 6.90918 1.8
      vertex 2.5539 8.89045 1.8
      vertex 2.16904 8.99209 1.8
    endloop
  endfacet
  facet normal 0 0 1
    outer loop
      vertex 2.93402 8.77234 1.8
      vertex 2.1276 6.8023 1.8
      vertex 2.44365 6.6938 1.8
    endloop
  endfacet
  facet normal 0 0 1
    outer loop
      vertex 2.5539 8.89045 1.8
      vertex 2.07119 6.81825 1.8
      vertex 2.1276 6.8023 1.8
    endloop
  endfacet
  facet normal 0 0 1
    outer loop
      vertex 1.36637 6.99507 1.8
      vertex 2.16904 8.99209 1.8
      vertex 1.78018 9.07708 1.8
    endloop
  endfacet
  facet normal 0 0 1
    outer loop
      vertex 2.5539 8.89045 1.8
      vertex 1.74964 6.90918 1.8
      vertex 2.07119 6.81825 1.8
    endloop
  endfacet
  facet normal 0 0 1
    outer loop
      vertex 2.16904 8.99209 1.8
      vertex 1.69244 6.922 1.8
      vertex 1.74964 6.90918 1.8
    endloop
  endfacet
  facet normal 0 0 1
    outer loop
      vertex 1.36637 6.99507 1.8
      vertex 1.78018 9.07708 1.8
      vertex 1.38801 9.14527 1.8
    endloop
  endfacet
  facet normal 0 0 1
    outer loop
      vertex 2.16904 8.99209 1.8
      vertex 1.36637 6.99507 1.8
      vertex 1.69244 6.922 1.8
    endloop
  endfacet
  facet normal 0 0 1
    outer loop
      vertex 1.38801 9.14527 1.8
      vertex 1.03677 7.05007 1.8
      vertex 1.36637 6.99507 1.8
    endloop
  endfacet
  facet normal 0 0 1
    outer loop
      vertex 0.920696 7.06617 1.8
      vertex 1.38801 9.14527 1.8
      vertex 0.993277 9.19652 1.8
    endloop
  endfacet
  facet normal 0 0 1
    outer loop
      vertex 1.38801 9.14527 1.8
      vertex 0.978955 7.05972 1.8
      vertex 1.03677 7.05007 1.8
    endloop
  endfacet
  facet normal 0 0 1
    outer loop
      vertex 1.38801 9.14527 1.8
      vertex 0.920696 7.06617 1.8
      vertex 0.978955 7.05972 1.8
    endloop
  endfacet
  facet normal 0 0 1
    outer loop
      vertex 0.588565 7.10293 1.8
      vertex 0.993277 9.19652 1.8
      vertex 0.596703 9.23073 1.8
    endloop
  endfacet
  facet normal 0 0 1
    outer loop
      vertex 0.993277 9.19652 1.8
      vertex 0.588565 7.10293 1.8
      vertex 0.920696 7.06617 1.8
    endloop
  endfacet
  facet normal 0 0 1
    outer loop
      vertex 0.596703 9.23073 1.8
      vertex 0.530038 7.10616 1.8
      vertex 0.588565 7.10293 1.8
    endloop
  endfacet
  facet normal 0 0 1
    outer loop
      vertex 0.196387 7.12457 1.8
      vertex 0.596703 9.23073 1.8
      vertex 0.199023 9.24786 1.8
    endloop
  endfacet
  facet normal 0 0 1
    outer loop
      vertex 0.596703 9.23073 1.8
      vertex 0.196387 7.12457 1.8
      vertex 0.530038 7.10616 1.8
    endloop
  endfacet
  facet normal 0 0 1
    outer loop
      vertex 0.199023 9.24786 1.8
      vertex -0.196387 7.12457 1.8
      vertex 0.196387 7.12457 1.8
    endloop
  endfacet
  facet normal -0 0 1
    outer loop
      vertex -0.199023 9.24786 1.8
      vertex -0.196387 7.12457 1.8
      vertex 0.199023 9.24786 1.8
    endloop
  endfacet
  facet normal -0 0 1
    outer loop
      vertex -0.596703 9.23073 1.8
      vertex -0.196387 7.12457 1.8
      vertex -0.199023 9.24786 1.8
    endloop
  endfacet
  facet normal 0 0 1
    outer loop
      vertex -0.196387 7.12457 1.8
      vertex -0.596703 9.23073 1.8
      vertex -0.530038 7.10616 1.8
    endloop
  endfacet
  facet normal 0 0 1
    outer loop
      vertex -0.530038 7.10616 1.8
      vertex -0.596703 9.23073 1.8
      vertex -0.588565 7.10293 1.8
    endloop
  endfacet
  facet normal -0 0 1
    outer loop
      vertex -0.993277 9.19652 1.8
      vertex -0.588565 7.10293 1.8
      vertex -0.596703 9.23073 1.8
    endloop
  endfacet
  facet normal 0 0 1
    outer loop
      vertex -0.588565 7.10293 1.8
      vertex -0.993277 9.19652 1.8
      vertex -0.920696 7.06617 1.8
    endloop
  endfacet
  facet normal -0 0 1
    outer loop
      vertex -1.38801 9.14527 1.8
      vertex -0.920696 7.06617 1.8
      vertex -0.993277 9.19652 1.8
    endloop
  endfacet
  facet normal 0 0 1
    outer loop
      vertex -0.920696 7.06617 1.8
      vertex -1.38801 9.14527 1.8
      vertex -0.978955 7.05972 1.8
    endloop
  endfacet
  facet normal 0 0 1
    outer loop
      vertex -0.978955 7.05972 1.8
      vertex -1.38801 9.14527 1.8
      vertex -1.03677 7.05007 1.8
    endloop
  endfacet
  facet normal 0 0 1
    outer loop
      vertex -1.03677 7.05007 1.8
      vertex -1.38801 9.14527 1.8
      vertex -1.36637 6.99507 1.8
    endloop
  endfacet
  facet normal -0 0 1
    outer loop
      vertex -1.78018 9.07708 1.8
      vertex -1.36637 6.99507 1.8
      vertex -1.38801 9.14527 1.8
    endloop
  endfacet
  facet normal -0 0 1
    outer loop
      vertex -2.16904 8.99209 1.8
      vertex -1.36637 6.99507 1.8
      vertex -1.78018 9.07708 1.8
    endloop
  endfacet
  facet normal 0 0 1
    outer loop
      vertex -1.36637 6.99507 1.8
      vertex -2.16904 8.99209 1.8
      vertex -1.69244 6.922 1.8
    endloop
  endfacet
  facet normal 0 0 1
    outer loop
      vertex -1.69244 6.922 1.8
      vertex -2.16904 8.99209 1.8
      vertex -1.74964 6.90918 1.8
    endloop
  endfacet
  facet normal -0 0 1
    outer loop
      vertex -2.5539 8.89045 1.8
      vertex -1.74964 6.90918 1.8
      vertex -2.16904 8.99209 1.8
    endloop
  endfacet
  facet normal 0 0 1
    outer loop
      vertex -1.74964 6.90918 1.8
      vertex -2.5539 8.89045 1.8
      vertex -2.07119 6.81825 1.8
    endloop
  endfacet
  facet normal 0 0 1
    outer loop
      vertex -2.07119 6.81825 1.8
      vertex -2.5539 8.89045 1.8
      vertex -2.1276 6.8023 1.8
    endloop
  endfacet
  facet normal -0 0 1
    outer loop
      vertex -2.93402 8.77234 1.8
      vertex -2.1276 6.8023 1.8
      vertex -2.5539 8.89045 1.8
    endloop
  endfacet
  facet normal 0 0 1
    outer loop
      vertex -2.1276 6.8023 1.8
      vertex -2.93402 8.77234 1.8
      vertex -2.44365 6.6938 1.8
    endloop
  endfacet
  facet normal -0 0 1
    outer loop
      vertex -3.30871 8.63799 1.8
      vertex -2.44365 6.6938 1.8
      vertex -2.93402 8.77234 1.8
    endloop
  endfacet
  facet normal 0 0 1
    outer loop
      vertex -2.44365 6.6938 1.8
      vertex -3.30871 8.63799 1.8
      vertex -2.49909 6.67477 1.8
    endloop
  endfacet
  facet normal 0 0 1
    outer loop
      vertex -2.49909 6.67477 1.8
      vertex -3.30871 8.63799 1.8
      vertex -2.5534 6.65271 1.8
    endloop
  endfacet
  facet normal -0 0 1
    outer loop
      vertex -3.67727 8.48765 1.8
      vertex -2.5534 6.65271 1.8
      vertex -3.30871 8.63799 1.8
    endloop
  endfacet
  facet normal 0 0 1
    outer loop
      vertex -2.5534 6.65271 1.8
      vertex -3.67727 8.48765 1.8
      vertex -2.86299 6.52697 1.8
    endloop
  endfacet
  facet normal 0 0 1
    outer loop
      vertex -2.86299 6.52697 1.8
      vertex -3.67727 8.48765 1.8
      vertex -2.916 6.50195 1.8
    endloop
  endfacet
  facet normal -0 0 1
    outer loop
      vertex -4.03902 8.32158 1.8
      vertex -2.916 6.50195 1.8
      vertex -3.67727 8.48765 1.8
    endloop
  endfacet
  facet normal 0 0 1
    outer loop
      vertex -2.916 6.50195 1.8
      vertex -4.03902 8.32158 1.8
      vertex -3.2182 6.35934 1.8
    endloop
  endfacet
  facet normal -0 0 1
    outer loop
      vertex -4.3933 8.14011 1.8
      vertex -3.2182 6.35934 1.8
      vertex -4.03902 8.32158 1.8
    endloop
  endfacet
  facet normal 0 0 1
    outer loop
      vertex -3.2182 6.35934 1.8
      vertex -4.3933 8.14011 1.8
      vertex -3.26975 6.33144 1.8
    endloop
  endfacet
  facet normal 0 0 1
    outer loop
      vertex -3.26975 6.33144 1.8
      vertex -4.3933 8.14011 1.8
      vertex -3.56364 6.1724 1.8
    endloop
  endfacet
  facet normal -0 0 1
    outer loop
      vertex -4.73944 7.94357 1.8
      vertex -3.56364 6.1724 1.8
      vertex -4.3933 8.14011 1.8
    endloop
  endfacet
  facet normal 0 0 1
    outer loop
      vertex -3.56364 6.1724 1.8
      vertex -4.73944 7.94357 1.8
      vertex -3.61357 6.1417 1.8
    endloop
  endfacet
  facet normal 0 0 1
    outer loop
      vertex -3.61357 6.1417 1.8
      vertex -4.73944 7.94357 1.8
      vertex -3.89825 5.96671 1.8
    endloop
  endfacet
  facet normal -0 0 1
    outer loop
      vertex -5.0768 7.73231 1.8
      vertex -3.89825 5.96671 1.8
      vertex -4.73944 7.94357 1.8
    endloop
  endfacet
  facet normal 0 0 1
    outer loop
      vertex -3.89825 5.96671 1.8
      vertex -5.0768 7.73231 1.8
      vertex -4.17285 5.77631 1.8
    endloop
  endfacet
  facet normal -0 0 1
    outer loop
      vertex -5.40476 7.50674 1.8
      vertex -4.17285 5.77631 1.8
      vertex -5.0768 7.73231 1.8
    endloop
  endfacet
  facet normal 0 0 1
    outer loop
      vertex -4.17285 5.77631 1.8
      vertex -5.40476 7.50674 1.8
      vertex -4.22102 5.74291 1.8
    endloop
  endfacet
  facet normal 0 0 1
    outer loop
      vertex -4.22102 5.74291 1.8
      vertex -5.40476 7.50674 1.8
      vertex -4.26728 5.7069 1.8
    endloop
  endfacet
  facet normal -0 0 1
    outer loop
      vertex -5.72271 7.26726 1.8
      vertex -4.26728 5.7069 1.8
      vertex -5.40476 7.50674 1.8
    endloop
  endfacet
  facet normal 0 0 1
    outer loop
      vertex -4.26728 5.7069 1.8
      vertex -5.72271 7.26726 1.8
      vertex -4.53098 5.50166 1.8
    endloop
  endfacet
  facet normal -0 0 1
    outer loop
      vertex -6.03007 7.01433 1.8
      vertex -4.53098 5.50166 1.8
      vertex -5.72271 7.26726 1.8
    endloop
  endfacet
  facet normal 0 0 1
    outer loop
      vertex -4.53098 5.50166 1.8
      vertex -6.03007 7.01433 1.8
      vertex -4.78297 5.2822 1.8
    endloop
  endfacet
  facet normal -0 0 1
    outer loop
      vertex -6.32625 6.74841 1.8
      vertex -4.78297 5.2822 1.8
      vertex -6.03007 7.01433 1.8
    endloop
  endfacet
  facet normal 0 0 1
    outer loop
      vertex -4.78297 5.2822 1.8
      vertex -6.32625 6.74841 1.8
      vertex -4.82717 5.2437 1.8
    endloop
  endfacet
  facet normal 0 0 1
    outer loop
      vertex -4.82717 5.2437 1.8
      vertex -6.32625 6.74841 1.8
      vertex -4.86918 5.20283 1.8
    endloop
  endfacet
  facet normal 0 0 1
    outer loop
      vertex -4.86918 5.20283 1.8
      vertex -6.32625 6.74841 1.8
      vertex -5.1087 4.96982 1.8
    endloop
  endfacet
  facet normal -0 0 1
    outer loop
      vertex -6.61073 6.46999 1.8
      vertex -5.1087 4.96982 1.8
      vertex -6.32625 6.74841 1.8
    endloop
  endfacet
  facet normal -0 0 1
    outer loop
      vertex -6.88296 6.17959 1.8
      vertex -5.1087 4.96982 1.8
      vertex -6.61073 6.46999 1.8
    endloop
  endfacet
  facet normal 0 0 1
    outer loop
      vertex -5.1087 4.96982 1.8
      vertex -6.88296 6.17959 1.8
      vertex -5.33502 4.72398 1.8
    endloop
  endfacet
  facet normal 0 0 1
    outer loop
      vertex -5.33502 4.72398 1.8
      vertex -6.88296 6.17959 1.8
      vertex -5.37472 4.68085 1.8
    endloop
  endfacet
  facet normal -0 0 1
    outer loop
      vertex -7.14245 5.87775 1.8
      vertex -5.37472 4.68085 1.8
      vertex -6.88296 6.17959 1.8
    endloop
  endfacet
  facet normal 0 0 1
    outer loop
      vertex -5.37472 4.68085 1.8
      vertex -7.14245 5.87775 1.8
      vertex -5.58716 4.42291 1.8
    endloop
  endfacet
  facet normal 0 0 1
    outer loop
      vertex -5.58716 4.42291 1.8
      vertex -7.14245 5.87775 1.8
      vertex -5.62442 4.37766 1.8
    endloop
  endfacet
  facet normal -0 0 1
    outer loop
      vertex -7.38871 5.56502 1.8
      vertex -5.62442 4.37766 1.8
      vertex -7.14245 5.87775 1.8
    endloop
  endfacet
  facet normal 0 0 1
    outer loop
      vertex -5.62442 4.37766 1.8
      vertex -7.38871 5.56502 1.8
      vertex -5.65913 4.33043 1.8
    endloop
  endfacet
  facet normal 0 0 1
    outer loop
      vertex -5.65913 4.33043 1.8
      vertex -7.38871 5.56502 1.8
      vertex -5.85703 4.06118 1.8
    endloop
  endfacet
  facet normal -0 0 1
    outer loop
      vertex -7.62129 5.24199 1.8
      vertex -5.85703 4.06118 1.8
      vertex -7.38871 5.56502 1.8
    endloop
  endfacet
  facet normal 0 0 1
    outer loop
      vertex -5.85703 4.06118 1.8
      vertex -7.62129 5.24199 1.8
      vertex -6.0398 3.78143 1.8
    endloop
  endfacet
  facet normal -0 0 1
    outer loop
      vertex -7.83975 4.90925 1.8
      vertex -6.0398 3.78143 1.8
      vertex -7.62129 5.24199 1.8
    endloop
  endfacet
  facet normal 0 0 1
    outer loop
      vertex -6.0398 3.78143 1.8
      vertex -7.83975 4.90925 1.8
      vertex -6.07186 3.73236 1.8
    endloop
  endfacet
  facet normal -0 0 1
    outer loop
      vertex -8.0437 4.56742 1.8
      vertex -6.07186 3.73236 1.8
      vertex -7.83975 4.90925 1.8
    endloop
  endfacet
  facet normal 0 0 1
    outer loop
      vertex -6.07186 3.73236 1.8
      vertex -8.0437 4.56742 1.8
      vertex -6.23894 3.44297 1.8
    endloop
  endfacet
  facet normal 0 0 1
    outer loop
      vertex -6.23894 3.44297 1.8
      vertex -8.0437 4.56742 1.8
      vertex -6.26825 3.39221 1.8
    endloop
  endfacet
  facet normal -0 0 1
    outer loop
      vertex -8.23275 4.21714 1.8
      vertex -6.26825 3.39221 1.8
      vertex -8.0437 4.56742 1.8
    endloop
  endfacet
  facet normal 0 0 1
    outer loop
      vertex -6.26825 3.39221 1.8
      vertex -8.23275 4.21714 1.8
      vertex -6.41913 3.09405 1.8
    endloop
  endfacet
  facet normal -0 0 1
    outer loop
      vertex -8.40656 3.85904 1.8
      vertex -6.41913 3.09405 1.8
      vertex -8.23275 4.21714 1.8
    endloop
  endfacet
  facet normal 0 0 1
    outer loop
      vertex -6.41913 3.09405 1.8
      vertex -8.40656 3.85904 1.8
      vertex -6.4456 3.04175 1.8
    endloop
  endfacet
  facet normal 0 0 1
    outer loop
      vertex -6.4456 3.04175 1.8
      vertex -8.40656 3.85904 1.8
      vertex -6.46915 2.98807 1.8
    endloop
  endfacet
  facet normal 0 0 1
    outer loop
      vertex -6.46915 2.98807 1.8
      vertex -8.40656 3.85904 1.8
      vertex -6.60337 2.68206 1.8
    endloop
  endfacet
  facet normal -0 0 1
    outer loop
      vertex -8.5648 3.4938 1.8
      vertex -6.60337 2.68206 1.8
      vertex -8.40656 3.85904 1.8
    endloop
  endfacet
  facet normal -0 0 1
    outer loop
      vertex -8.70718 3.12209 1.8
      vertex -6.60337 2.68206 1.8
      vertex -8.5648 3.4938 1.8
    endloop
  endfacet
  facet normal 0 0 1
    outer loop
      vertex -6.60337 2.68206 1.8
      vertex -8.70718 3.12209 1.8
      vertex -6.72054 2.36912 1.8
    endloop
  endfacet
  facet normal 0 0 1
    outer loop
      vertex -6.72054 2.36912 1.8
      vertex -8.70718 3.12209 1.8
      vertex -6.7411 2.31422 1.8
    endloop
  endfacet
  facet normal 0 0 1
    outer loop
      vertex -6.7411 2.31422 1.8
      vertex -8.70718 3.12209 1.8
      vertex -6.75859 2.25828 1.8
    endloop
  endfacet
  facet normal 0 0 1
    outer loop
      vertex -9.24144 0.397955 1.8
      vertex -7.11806 0.334031 1.8
      vertex -7.11645 0.392625 1.8
    endloop
  endfacet
  facet normal 0 0 1
    outer loop
      vertex -6.75859 2.25828 1.8
      vertex -8.83344 2.74459 1.8
      vertex -6.85835 1.93936 1.8
    endloop
  endfacet
  facet normal -0 0 1
    outer loop
      vertex -8.83344 2.74459 1.8
      vertex -6.75859 2.25828 1.8
      vertex -8.70718 3.12209 1.8
    endloop
  endfacet
  facet normal 0 0 1
    outer loop
      vertex 8.94334 -2.36202 1.8
      vertex 6.85835 -1.93936 1.8
      vertex 8.83344 -2.74459 1.8
    endloop
  endfacet
  facet normal -0 0 1
    outer loop
      vertex 6.75859 -2.25828 1.8
      vertex 8.83344 -2.74459 1.8
      vertex 6.85835 -1.93936 1.8
    endloop
  endfacet
  facet normal 0 0 1
    outer loop
      vertex 8.83344 -2.74459 1.8
      vertex 6.75859 -2.25828 1.8
      vertex 8.70718 -3.12209 1.8
    endloop
  endfacet
  facet normal -0 0 1
    outer loop
      vertex 6.7411 -2.31422 1.8
      vertex 8.70718 -3.12209 1.8
      vertex 6.75859 -2.25828 1.8
    endloop
  endfacet
  facet normal -0 0 1
    outer loop
      vertex 6.72054 -2.36912 1.8
      vertex 8.70718 -3.12209 1.8
      vertex 6.7411 -2.31422 1.8
    endloop
  endfacet
  facet normal -0 0 1
    outer loop
      vertex 6.60337 -2.68206 1.8
      vertex 8.70718 -3.12209 1.8
      vertex 6.72054 -2.36912 1.8
    endloop
  endfacet
  facet normal 0 0 1
    outer loop
      vertex 8.70718 -3.12209 1.8
      vertex 6.60337 -2.68206 1.8
      vertex 8.5648 -3.4938 1.8
    endloop
  endfacet
  facet normal 0 0 1
    outer loop
      vertex 8.5648 -3.4938 1.8
      vertex 6.60337 -2.68206 1.8
      vertex 8.40656 -3.85904 1.8
    endloop
  endfacet
  facet normal -0 0 1
    outer loop
      vertex 6.46915 -2.98807 1.8
      vertex 8.40656 -3.85904 1.8
      vertex 6.60337 -2.68206 1.8
    endloop
  endfacet
  facet normal -0 0 1
    outer loop
      vertex 6.4456 -3.04175 1.8
      vertex 8.40656 -3.85904 1.8
      vertex 6.46915 -2.98807 1.8
    endloop
  endfacet
  facet normal -0 0 1
    outer loop
      vertex 6.41913 -3.09405 1.8
      vertex 8.40656 -3.85904 1.8
      vertex 6.4456 -3.04175 1.8
    endloop
  endfacet
  facet normal 0 0 1
    outer loop
      vertex 8.40656 -3.85904 1.8
      vertex 6.41913 -3.09405 1.8
      vertex 8.23275 -4.21714 1.8
    endloop
  endfacet
  facet normal -0 0 1
    outer loop
      vertex 6.26825 -3.39221 1.8
      vertex 8.23275 -4.21714 1.8
      vertex 6.41913 -3.09405 1.8
    endloop
  endfacet
  facet normal 0 0 1
    outer loop
      vertex 8.23275 -4.21714 1.8
      vertex 6.26825 -3.39221 1.8
      vertex 8.0437 -4.56742 1.8
    endloop
  endfacet
  facet normal -0 0 1
    outer loop
      vertex 6.23894 -3.44297 1.8
      vertex 8.0437 -4.56742 1.8
      vertex 6.26825 -3.39221 1.8
    endloop
  endfacet
  facet normal -0 0 1
    outer loop
      vertex 6.07186 -3.73236 1.8
      vertex 8.0437 -4.56742 1.8
      vertex 6.23894 -3.44297 1.8
    endloop
  endfacet
  facet normal 0 0 1
    outer loop
      vertex 8.0437 -4.56742 1.8
      vertex 6.07186 -3.73236 1.8
      vertex 7.83975 -4.90925 1.8
    endloop
  endfacet
  facet normal -0 0 1
    outer loop
      vertex 6.0398 -3.78143 1.8
      vertex 7.83975 -4.90925 1.8
      vertex 6.07186 -3.73236 1.8
    endloop
  endfacet
  facet normal 0 0 1
    outer loop
      vertex 7.83975 -4.90925 1.8
      vertex 6.0398 -3.78143 1.8
      vertex 7.62129 -5.24199 1.8
    endloop
  endfacet
  facet normal -0 0 1
    outer loop
      vertex 5.85703 -4.06118 1.8
      vertex 7.62129 -5.24199 1.8
      vertex 6.0398 -3.78143 1.8
    endloop
  endfacet
  facet normal 0 0 1
    outer loop
      vertex 7.62129 -5.24199 1.8
      vertex 5.85703 -4.06118 1.8
      vertex 7.38871 -5.56502 1.8
    endloop
  endfacet
  facet normal -0 0 1
    outer loop
      vertex 5.65913 -4.33043 1.8
      vertex 7.38871 -5.56502 1.8
      vertex 5.85703 -4.06118 1.8
    endloop
  endfacet
  facet normal -0 0 1
    outer loop
      vertex 5.62442 -4.37766 1.8
      vertex 7.38871 -5.56502 1.8
      vertex 5.65913 -4.33043 1.8
    endloop
  endfacet
  facet normal 0 0 1
    outer loop
      vertex 7.38871 -5.56502 1.8
      vertex 5.62442 -4.37766 1.8
      vertex 7.14245 -5.87775 1.8
    endloop
  endfacet
  facet normal -0 0 1
    outer loop
      vertex 5.58716 -4.42291 1.8
      vertex 7.14245 -5.87775 1.8
      vertex 5.62442 -4.37766 1.8
    endloop
  endfacet
  facet normal -0 0 1
    outer loop
      vertex 5.37472 -4.68085 1.8
      vertex 7.14245 -5.87775 1.8
      vertex 5.58716 -4.42291 1.8
    endloop
  endfacet
  facet normal 0 0 1
    outer loop
      vertex 7.14245 -5.87775 1.8
      vertex 5.37472 -4.68085 1.8
      vertex 6.88296 -6.17959 1.8
    endloop
  endfacet
  facet normal -0 0 1
    outer loop
      vertex 5.33502 -4.72398 1.8
      vertex 6.88296 -6.17959 1.8
      vertex 5.37472 -4.68085 1.8
    endloop
  endfacet
  facet normal -0 0 1
    outer loop
      vertex 5.1087 -4.96982 1.8
      vertex 6.88296 -6.17959 1.8
      vertex 5.33502 -4.72398 1.8
    endloop
  endfacet
  facet normal 0 0 1
    outer loop
      vertex 6.88296 -6.17959 1.8
      vertex 5.1087 -4.96982 1.8
      vertex 6.61073 -6.46999 1.8
    endloop
  endfacet
  facet normal 0 0 1
    outer loop
      vertex 6.61073 -6.46999 1.8
      vertex 5.1087 -4.96982 1.8
      vertex 6.32625 -6.74841 1.8
    endloop
  endfacet
  facet normal -0 0 1
    outer loop
      vertex 4.86918 -5.20283 1.8
      vertex 6.32625 -6.74841 1.8
      vertex 5.1087 -4.96982 1.8
    endloop
  endfacet
  facet normal -0 0 1
    outer loop
      vertex 4.82717 -5.2437 1.8
      vertex 6.32625 -6.74841 1.8
      vertex 4.86918 -5.20283 1.8
    endloop
  endfacet
  facet normal -0 0 1
    outer loop
      vertex 4.78297 -5.2822 1.8
      vertex 6.32625 -6.74841 1.8
      vertex 4.82717 -5.2437 1.8
    endloop
  endfacet
  facet normal 0 0 1
    outer loop
      vertex 6.32625 -6.74841 1.8
      vertex 4.78297 -5.2822 1.8
      vertex 6.03007 -7.01433 1.8
    endloop
  endfacet
  facet normal -0 0 1
    outer loop
      vertex 4.53098 -5.50166 1.8
      vertex 6.03007 -7.01433 1.8
      vertex 4.78297 -5.2822 1.8
    endloop
  endfacet
  facet normal 0 0 1
    outer loop
      vertex 6.03007 -7.01433 1.8
      vertex 4.53098 -5.50166 1.8
      vertex 5.72271 -7.26726 1.8
    endloop
  endfacet
  facet normal -0 0 1
    outer loop
      vertex 4.26728 -5.7069 1.8
      vertex 5.72271 -7.26726 1.8
      vertex 4.53098 -5.50166 1.8
    endloop
  endfacet
  facet normal 0 0 1
    outer loop
      vertex 5.72271 -7.26726 1.8
      vertex 4.26728 -5.7069 1.8
      vertex 5.40476 -7.50674 1.8
    endloop
  endfacet
  facet normal -0 0 1
    outer loop
      vertex 4.22102 -5.74291 1.8
      vertex 5.40476 -7.50674 1.8
      vertex 4.26728 -5.7069 1.8
    endloop
  endfacet
  facet normal -0 0 1
    outer loop
      vertex 4.17285 -5.77631 1.8
      vertex 5.40476 -7.50674 1.8
      vertex 4.22102 -5.74291 1.8
    endloop
  endfacet
  facet normal 0 0 1
    outer loop
      vertex 5.40476 -7.50674 1.8
      vertex 4.17285 -5.77631 1.8
      vertex 5.0768 -7.73231 1.8
    endloop
  endfacet
  facet normal -0 0 1
    outer loop
      vertex 3.89825 -5.96671 1.8
      vertex 5.0768 -7.73231 1.8
      vertex 4.17285 -5.77631 1.8
    endloop
  endfacet
  facet normal 0 0 1
    outer loop
      vertex 5.0768 -7.73231 1.8
      vertex 3.89825 -5.96671 1.8
      vertex 4.73944 -7.94357 1.8
    endloop
  endfacet
  facet normal -0 0 1
    outer loop
      vertex 3.61357 -6.1417 1.8
      vertex 4.73944 -7.94357 1.8
      vertex 3.89825 -5.96671 1.8
    endloop
  endfacet
  facet normal -0 0 1
    outer loop
      vertex 3.56364 -6.1724 1.8
      vertex 4.73944 -7.94357 1.8
      vertex 3.61357 -6.1417 1.8
    endloop
  endfacet
  facet normal 0 0 1
    outer loop
      vertex 4.73944 -7.94357 1.8
      vertex 3.56364 -6.1724 1.8
      vertex 4.3933 -8.14011 1.8
    endloop
  endfacet
  facet normal -0 0 1
    outer loop
      vertex 3.26975 -6.33144 1.8
      vertex 4.3933 -8.14011 1.8
      vertex 3.56364 -6.1724 1.8
    endloop
  endfacet
  facet normal -0 0 1
    outer loop
      vertex 3.2182 -6.35934 1.8
      vertex 4.3933 -8.14011 1.8
      vertex 3.26975 -6.33144 1.8
    endloop
  endfacet
  facet normal 0 0 1
    outer loop
      vertex 4.3933 -8.14011 1.8
      vertex 3.2182 -6.35934 1.8
      vertex 4.03902 -8.32158 1.8
    endloop
  endfacet
  facet normal -0 0 1
    outer loop
      vertex 2.916 -6.50195 1.8
      vertex 4.03902 -8.32158 1.8
      vertex 3.2182 -6.35934 1.8
    endloop
  endfacet
  facet normal 0 0 1
    outer loop
      vertex 4.03902 -8.32158 1.8
      vertex 2.916 -6.50195 1.8
      vertex 3.67727 -8.48765 1.8
    endloop
  endfacet
  facet normal -0 0 1
    outer loop
      vertex 2.86299 -6.52697 1.8
      vertex 3.67727 -8.48765 1.8
      vertex 2.916 -6.50195 1.8
    endloop
  endfacet
  facet normal -0 0 1
    outer loop
      vertex 2.5534 -6.65271 1.8
      vertex 3.67727 -8.48765 1.8
      vertex 2.86299 -6.52697 1.8
    endloop
  endfacet
  facet normal 0 0 1
    outer loop
      vertex 3.67727 -8.48765 1.8
      vertex 2.5534 -6.65271 1.8
      vertex 3.30871 -8.63799 1.8
    endloop
  endfacet
  facet normal -0 0 1
    outer loop
      vertex 2.49909 -6.67477 1.8
      vertex 3.30871 -8.63799 1.8
      vertex 2.5534 -6.65271 1.8
    endloop
  endfacet
  facet normal -0 0 1
    outer loop
      vertex 2.44365 -6.6938 1.8
      vertex 3.30871 -8.63799 1.8
      vertex 2.49909 -6.67477 1.8
    endloop
  endfacet
  facet normal 0 0 1
    outer loop
      vertex 3.30871 -8.63799 1.8
      vertex 2.44365 -6.6938 1.8
      vertex 2.93402 -8.77234 1.8
    endloop
  endfacet
  facet normal -0 0 1
    outer loop
      vertex 2.1276 -6.8023 1.8
      vertex 2.93402 -8.77234 1.8
      vertex 2.44365 -6.6938 1.8
    endloop
  endfacet
  facet normal 0 0 1
    outer loop
      vertex 2.93402 -8.77234 1.8
      vertex 2.1276 -6.8023 1.8
      vertex 2.5539 -8.89045 1.8
    endloop
  endfacet
  facet normal -0 0 1
    outer loop
      vertex 2.07119 -6.81825 1.8
      vertex 2.5539 -8.89045 1.8
      vertex 2.1276 -6.8023 1.8
    endloop
  endfacet
  facet normal -0 0 1
    outer loop
      vertex 1.74964 -6.90918 1.8
      vertex 2.5539 -8.89045 1.8
      vertex 2.07119 -6.81825 1.8
    endloop
  endfacet
  facet normal 0 0 1
    outer loop
      vertex 2.5539 -8.89045 1.8
      vertex 1.74964 -6.90918 1.8
      vertex 2.16904 -8.99209 1.8
    endloop
  endfacet
  facet normal -0 0 1
    outer loop
      vertex 1.69244 -6.922 1.8
      vertex 2.16904 -8.99209 1.8
      vertex 1.74964 -6.90918 1.8
    endloop
  endfacet
  facet normal -0 0 1
    outer loop
      vertex 1.36637 -6.99507 1.8
      vertex 2.16904 -8.99209 1.8
      vertex 1.69244 -6.922 1.8
    endloop
  endfacet
  facet normal 0 0 1
    outer loop
      vertex 2.16904 -8.99209 1.8
      vertex 1.36637 -6.99507 1.8
      vertex 1.78018 -9.07708 1.8
    endloop
  endfacet
  facet normal 0 0 1
    outer loop
      vertex 1.78018 -9.07708 1.8
      vertex 1.36637 -6.99507 1.8
      vertex 1.38801 -9.14527 1.8
    endloop
  endfacet
  facet normal -0 0 1
    outer loop
      vertex 1.03677 -7.05007 1.8
      vertex 1.38801 -9.14527 1.8
      vertex 1.36637 -6.99507 1.8
    endloop
  endfacet
  facet normal -0 0 1
    outer loop
      vertex 0.978955 -7.05972 1.8
      vertex 1.38801 -9.14527 1.8
      vertex 1.03677 -7.05007 1.8
    endloop
  endfacet
  facet normal -0 0 1
    outer loop
      vertex 0.920696 -7.06617 1.8
      vertex 1.38801 -9.14527 1.8
      vertex 0.978955 -7.05972 1.8
    endloop
  endfacet
  facet normal 0 0 1
    outer loop
      vertex 1.38801 -9.14527 1.8
      vertex 0.920696 -7.06617 1.8
      vertex 0.993277 -9.19652 1.8
    endloop
  endfacet
  facet normal -0 0 1
    outer loop
      vertex 0.588565 -7.10293 1.8
      vertex 0.993277 -9.19652 1.8
      vertex 0.920696 -7.06617 1.8
    endloop
  endfacet
  facet normal 0 0 1
    outer loop
      vertex 0.993277 -9.19652 1.8
      vertex 0.588565 -7.10293 1.8
      vertex 0.596703 -9.23073 1.8
    endloop
  endfacet
  facet normal -0 0 1
    outer loop
      vertex 0.530038 -7.10616 1.8
      vertex 0.596703 -9.23073 1.8
      vertex 0.588565 -7.10293 1.8
    endloop
  endfacet
  facet normal -0 0 1
    outer loop
      vertex 0.196387 -7.12457 1.8
      vertex 0.596703 -9.23073 1.8
      vertex 0.530038 -7.10616 1.8
    endloop
  endfacet
  facet normal 0 0 1
    outer loop
      vertex 0.596703 -9.23073 1.8
      vertex 0.196387 -7.12457 1.8
      vertex 0.199023 -9.24786 1.8
    endloop
  endfacet
  facet normal -0 0 1
    outer loop
      vertex -0.196387 -7.12457 1.8
      vertex 0.199023 -9.24786 1.8
      vertex 0.196387 -7.12457 1.8
    endloop
  endfacet
  facet normal 0 0 1
    outer loop
      vertex -0.196387 -7.12457 1.8
      vertex -0.199023 -9.24786 1.8
      vertex 0.199023 -9.24786 1.8
    endloop
  endfacet
  facet normal 0 0 1
    outer loop
      vertex -0.596703 -9.23073 1.8
      vertex -0.196387 -7.12457 1.8
      vertex -0.530038 -7.10616 1.8
    endloop
  endfacet
  facet normal 0 0 1
    outer loop
      vertex -0.596703 -9.23073 1.8
      vertex -0.530038 -7.10616 1.8
      vertex -0.588565 -7.10293 1.8
    endloop
  endfacet
  facet normal 0 0 1
    outer loop
      vertex -0.196387 -7.12457 1.8
      vertex -0.596703 -9.23073 1.8
      vertex -0.199023 -9.24786 1.8
    endloop
  endfacet
  facet normal 0 0 1
    outer loop
      vertex -0.993277 -9.19652 1.8
      vertex -0.588565 -7.10293 1.8
      vertex -0.920696 -7.06617 1.8
    endloop
  endfacet
  facet normal 0 0 1
    outer loop
      vertex -1.38801 -9.14527 1.8
      vertex -0.920696 -7.06617 1.8
      vertex -0.978955 -7.05972 1.8
    endloop
  endfacet
  facet normal 0 0 1
    outer loop
      vertex -0.588565 -7.10293 1.8
      vertex -0.993277 -9.19652 1.8
      vertex -0.596703 -9.23073 1.8
    endloop
  endfacet
  facet normal 0 0 1
    outer loop
      vertex -1.38801 -9.14527 1.8
      vertex -0.978955 -7.05972 1.8
      vertex -1.03677 -7.05007 1.8
    endloop
  endfacet
  facet normal 0 0 1
    outer loop
      vertex -1.38801 -9.14527 1.8
      vertex -1.03677 -7.05007 1.8
      vertex -1.36637 -6.99507 1.8
    endloop
  endfacet
  facet normal 0 0 1
    outer loop
      vertex -0.920696 -7.06617 1.8
      vertex -1.38801 -9.14527 1.8
      vertex -0.993277 -9.19652 1.8
    endloop
  endfacet
  facet normal 0 0 1
    outer loop
      vertex -2.16904 -8.99209 1.8
      vertex -1.36637 -6.99507 1.8
      vertex -1.69244 -6.922 1.8
    endloop
  endfacet
  facet normal 0 0 1
    outer loop
      vertex -2.16904 -8.99209 1.8
      vertex -1.69244 -6.922 1.8
      vertex -1.74964 -6.90918 1.8
    endloop
  endfacet
  facet normal 0 0 1
    outer loop
      vertex -1.36637 -6.99507 1.8
      vertex -1.78018 -9.07708 1.8
      vertex -1.38801 -9.14527 1.8
    endloop
  endfacet
  facet normal 0 0 1
    outer loop
      vertex -2.5539 -8.89045 1.8
      vertex -1.74964 -6.90918 1.8
      vertex -2.07119 -6.81825 1.8
    endloop
  endfacet
  facet normal 0 0 1
    outer loop
      vertex -2.5539 -8.89045 1.8
      vertex -2.07119 -6.81825 1.8
      vertex -2.1276 -6.8023 1.8
    endloop
  endfacet
  facet normal 0 0 1
    outer loop
      vertex -1.36637 -6.99507 1.8
      vertex -2.16904 -8.99209 1.8
      vertex -1.78018 -9.07708 1.8
    endloop
  endfacet
  facet normal 0 0 1
    outer loop
      vertex -2.93402 -8.77234 1.8
      vertex -2.1276 -6.8023 1.8
      vertex -2.44365 -6.6938 1.8
    endloop
  endfacet
  facet normal 0 0 1
    outer loop
      vertex -3.30871 -8.63799 1.8
      vertex -2.44365 -6.6938 1.8
      vertex -2.49909 -6.67477 1.8
    endloop
  endfacet
  facet normal 0 0 1
    outer loop
      vertex -3.30871 -8.63799 1.8
      vertex -2.49909 -6.67477 1.8
      vertex -2.5534 -6.65271 1.8
    endloop
  endfacet
  facet normal 0 0 1
    outer loop
      vertex -1.74964 -6.90918 1.8
      vertex -2.5539 -8.89045 1.8
      vertex -2.16904 -8.99209 1.8
    endloop
  endfacet
  facet normal 0 0 1
    outer loop
      vertex -3.67727 -8.48765 1.8
      vertex -2.5534 -6.65271 1.8
      vertex -2.86299 -6.52697 1.8
    endloop
  endfacet
  facet normal 0 0 1
    outer loop
      vertex -3.67727 -8.48765 1.8
      vertex -2.86299 -6.52697 1.8
      vertex -2.916 -6.50195 1.8
    endloop
  endfacet
  facet normal 0 0 1
    outer loop
      vertex -2.1276 -6.8023 1.8
      vertex -2.93402 -8.77234 1.8
      vertex -2.5539 -8.89045 1.8
    endloop
  endfacet
  facet normal 0 0 1
    outer loop
      vertex -4.03902 -8.32158 1.8
      vertex -2.916 -6.50195 1.8
      vertex -3.2182 -6.35934 1.8
    endloop
  endfacet
  facet normal 0 0 1
    outer loop
      vertex -4.3933 -8.14011 1.8
      vertex -3.2182 -6.35934 1.8
      vertex -3.26975 -6.33144 1.8
    endloop
  endfacet
  facet normal 0 0 1
    outer loop
      vertex -2.44365 -6.6938 1.8
      vertex -3.30871 -8.63799 1.8
      vertex -2.93402 -8.77234 1.8
    endloop
  endfacet
  facet normal 0 0 1
    outer loop
      vertex -4.3933 -8.14011 1.8
      vertex -3.26975 -6.33144 1.8
      vertex -3.56364 -6.1724 1.8
    endloop
  endfacet
  facet normal 0 0 1
    outer loop
      vertex -4.73944 -7.94357 1.8
      vertex -3.56364 -6.1724 1.8
      vertex -3.61357 -6.1417 1.8
    endloop
  endfacet
  facet normal 0 0 1
    outer loop
      vertex -2.5534 -6.65271 1.8
      vertex -3.67727 -8.48765 1.8
      vertex -3.30871 -8.63799 1.8
    endloop
  endfacet
  facet normal 0 0 1
    outer loop
      vertex -4.73944 -7.94357 1.8
      vertex -3.61357 -6.1417 1.8
      vertex -3.89825 -5.96671 1.8
    endloop
  endfacet
  facet normal 0 0 1
    outer loop
      vertex -2.916 -6.50195 1.8
      vertex -4.03902 -8.32158 1.8
      vertex -3.67727 -8.48765 1.8
    endloop
  endfacet
  facet normal 0 0 1
    outer loop
      vertex -5.0768 -7.73231 1.8
      vertex -3.89825 -5.96671 1.8
      vertex -4.17285 -5.77631 1.8
    endloop
  endfacet
  facet normal 0 0 1
    outer loop
      vertex -5.40476 -7.50674 1.8
      vertex -4.17285 -5.77631 1.8
      vertex -4.22102 -5.74291 1.8
    endloop
  endfacet
  facet normal 0 0 1
    outer loop
      vertex -5.40476 -7.50674 1.8
      vertex -4.22102 -5.74291 1.8
      vertex -4.26728 -5.7069 1.8
    endloop
  endfacet
  facet normal 0 0 1
    outer loop
      vertex -3.2182 -6.35934 1.8
      vertex -4.3933 -8.14011 1.8
      vertex -4.03902 -8.32158 1.8
    endloop
  endfacet
  facet normal 0 0 1
    outer loop
      vertex -5.72271 -7.26726 1.8
      vertex -4.26728 -5.7069 1.8
      vertex -4.53098 -5.50166 1.8
    endloop
  endfacet
  facet normal 0 0 1
    outer loop
      vertex -3.56364 -6.1724 1.8
      vertex -4.73944 -7.94357 1.8
      vertex -4.3933 -8.14011 1.8
    endloop
  endfacet
  facet normal 0 0 1
    outer loop
      vertex -6.03007 -7.01433 1.8
      vertex -4.53098 -5.50166 1.8
      vertex -4.78297 -5.2822 1.8
    endloop
  endfacet
  facet normal 0 0 1
    outer loop
      vertex -6.32625 -6.74841 1.8
      vertex -4.78297 -5.2822 1.8
      vertex -4.82717 -5.2437 1.8
    endloop
  endfacet
  facet normal 0 0 1
    outer loop
      vertex -6.32625 -6.74841 1.8
      vertex -4.82717 -5.2437 1.8
      vertex -4.86918 -5.20283 1.8
    endloop
  endfacet
  facet normal 0 0 1
    outer loop
      vertex -3.89825 -5.96671 1.8
      vertex -5.0768 -7.73231 1.8
      vertex -4.73944 -7.94357 1.8
    endloop
  endfacet
  facet normal 0 0 1
    outer loop
      vertex -6.32625 -6.74841 1.8
      vertex -4.86918 -5.20283 1.8
      vertex -5.1087 -4.96982 1.8
    endloop
  endfacet
  facet normal 0 0 1
    outer loop
      vertex -6.88296 -6.17959 1.8
      vertex -5.1087 -4.96982 1.8
      vertex -5.33502 -4.72398 1.8
    endloop
  endfacet
  facet normal 0 0 1
    outer loop
      vertex -6.88296 -6.17959 1.8
      vertex -5.33502 -4.72398 1.8
      vertex -5.37472 -4.68085 1.8
    endloop
  endfacet
  facet normal 0 0 1
    outer loop
      vertex -4.17285 -5.77631 1.8
      vertex -5.40476 -7.50674 1.8
      vertex -5.0768 -7.73231 1.8
    endloop
  endfacet
  facet normal 0 0 1
    outer loop
      vertex -7.14245 -5.87775 1.8
      vertex -5.37472 -4.68085 1.8
      vertex -5.58716 -4.42291 1.8
    endloop
  endfacet
  facet normal 0 0 1
    outer loop
      vertex -7.14245 -5.87775 1.8
      vertex -5.58716 -4.42291 1.8
      vertex -5.62442 -4.37766 1.8
    endloop
  endfacet
  facet normal 0 0 1
    outer loop
      vertex -7.38871 -5.56502 1.8
      vertex -5.62442 -4.37766 1.8
      vertex -5.65913 -4.33043 1.8
    endloop
  endfacet
  facet normal 0 0 1
    outer loop
      vertex -4.26728 -5.7069 1.8
      vertex -5.72271 -7.26726 1.8
      vertex -5.40476 -7.50674 1.8
    endloop
  endfacet
  facet normal 0 0 1
    outer loop
      vertex -7.38871 -5.56502 1.8
      vertex -5.65913 -4.33043 1.8
      vertex -5.85703 -4.06118 1.8
    endloop
  endfacet
  facet normal 0 0 1
    outer loop
      vertex -4.53098 -5.50166 1.8
      vertex -6.03007 -7.01433 1.8
      vertex -5.72271 -7.26726 1.8
    endloop
  endfacet
  facet normal 0 0 1
    outer loop
      vertex -7.62129 -5.24199 1.8
      vertex -5.85703 -4.06118 1.8
      vertex -6.0398 -3.78143 1.8
    endloop
  endfacet
  facet normal 0 0 1
    outer loop
      vertex -7.83975 -4.90925 1.8
      vertex -6.0398 -3.78143 1.8
      vertex -6.07186 -3.73236 1.8
    endloop
  endfacet
  facet normal 0 0 1
    outer loop
      vertex -8.0437 -4.56742 1.8
      vertex -6.07186 -3.73236 1.8
      vertex -6.23894 -3.44297 1.8
    endloop
  endfacet
  facet normal 0 0 1
    outer loop
      vertex -8.0437 -4.56742 1.8
      vertex -6.23894 -3.44297 1.8
      vertex -6.26825 -3.39221 1.8
    endloop
  endfacet
  facet normal 0 0 1
    outer loop
      vertex -4.78297 -5.2822 1.8
      vertex -6.32625 -6.74841 1.8
      vertex -6.03007 -7.01433 1.8
    endloop
  endfacet
  facet normal 0 0 1
    outer loop
      vertex -8.23275 -4.21714 1.8
      vertex -6.26825 -3.39221 1.8
      vertex -6.41913 -3.09405 1.8
    endloop
  endfacet
  facet normal 0 0 1
    outer loop
      vertex -8.40656 -3.85904 1.8
      vertex -6.41913 -3.09405 1.8
      vertex -6.4456 -3.04175 1.8
    endloop
  endfacet
  facet normal 0 0 1
    outer loop
      vertex -8.40656 -3.85904 1.8
      vertex -6.4456 -3.04175 1.8
      vertex -6.46915 -2.98807 1.8
    endloop
  endfacet
  facet normal 0 0 1
    outer loop
      vertex -8.40656 -3.85904 1.8
      vertex -6.46915 -2.98807 1.8
      vertex -6.60337 -2.68206 1.8
    endloop
  endfacet
  facet normal 0 0 1
    outer loop
      vertex -5.1087 -4.96982 1.8
      vertex -6.61073 -6.46999 1.8
      vertex -6.32625 -6.74841 1.8
    endloop
  endfacet
  facet normal 0 0 1
    outer loop
      vertex -8.70718 -3.12209 1.8
      vertex -6.60337 -2.68206 1.8
      vertex -6.72054 -2.36912 1.8
    endloop
  endfacet
  facet normal 0 0 1
    outer loop
      vertex -8.70718 -3.12209 1.8
      vertex -6.72054 -2.36912 1.8
      vertex -6.7411 -2.31422 1.8
    endloop
  endfacet
  facet normal 0 0 1
    outer loop
      vertex -8.70718 -3.12209 1.8
      vertex -6.7411 -2.31422 1.8
      vertex -6.75859 -2.25828 1.8
    endloop
  endfacet
  facet normal 0 0 1
    outer loop
      vertex -8.83344 -2.74459 1.8
      vertex -6.75859 -2.25828 1.8
      vertex -6.85835 -1.93936 1.8
    endloop
  endfacet
  facet normal 0 0 1
    outer loop
      vertex -8.94334 -2.36202 1.8
      vertex -6.85835 -1.93936 1.8
      vertex -6.87274 -1.88253 1.8
    endloop
  endfacet
  facet normal 0 0 1
    outer loop
      vertex -5.1087 -4.96982 1.8
      vertex -6.88296 -6.17959 1.8
      vertex -6.61073 -6.46999 1.8
    endloop
  endfacet
  facet normal 0 0 1
    outer loop
      vertex -8.94334 -2.36202 1.8
      vertex -6.87274 -1.88253 1.8
      vertex -6.95477 -1.5586 1.8
    endloop
  endfacet
  facet normal 0 0 1
    outer loop
      vertex -9.03668 -1.97507 1.8
      vertex -6.95477 -1.5586 1.8
      vertex -7.01883 -1.23064 1.8
    endloop
  endfacet
  facet normal 0 0 1
    outer loop
      vertex -9.11329 -1.58446 1.8
      vertex -7.01883 -1.23064 1.8
      vertex -7.03007 -1.17311 1.8
    endloop
  endfacet
  facet normal 0 0 1
    outer loop
      vertex -9.11329 -1.58446 1.8
      vertex -7.03007 -1.17311 1.8
      vertex -7.03812 -1.11505 1.8
    endloop
  endfacet
  facet normal 0 0 1
    outer loop
      vertex -9.17301 -1.19092 1.8
      vertex -7.03812 -1.11505 1.8
      vertex -7.08401 -0.784058 1.8
    endloop
  endfacet
  facet normal 0 0 1
    outer loop
      vertex -9.21576 -0.795174 1.8
      vertex -7.08401 -0.784058 1.8
      vertex -7.11161 -0.45104 1.8
    endloop
  endfacet
  facet normal -0 0 1
    outer loop
      vertex -9.24144 -0.397955 1.8
      vertex -7.11161 -0.45104 1.8
      vertex -7.11645 -0.392625 1.8
    endloop
  endfacet
  facet normal 0 0 1
    outer loop
      vertex -9.24144 -0.397955 1.8
      vertex -7.11806 -0.334031 1.8
      vertex -7.12727 0 1.8
    endloop
  endfacet
  facet normal 0 0 1
    outer loop
      vertex -5.37472 -4.68085 1.8
      vertex -7.14245 -5.87775 1.8
      vertex -6.88296 -6.17959 1.8
    endloop
  endfacet
  facet normal 0 0 1
    outer loop
      vertex -7.11806 -0.334031 1.8
      vertex -9.24144 -0.397955 1.8
      vertex -7.11645 -0.392625 1.8
    endloop
  endfacet
  facet normal -0 0 1
    outer loop
      vertex -8.94334 2.36202 1.8
      vertex -6.85835 1.93936 1.8
      vertex -8.83344 2.74459 1.8
    endloop
  endfacet
  facet normal 0 0 1
    outer loop
      vertex -6.85835 1.93936 1.8
      vertex -8.94334 2.36202 1.8
      vertex -6.87274 1.88253 1.8
    endloop
  endfacet
  facet normal 0 0 1
    outer loop
      vertex -5.62442 -4.37766 1.8
      vertex -7.38871 -5.56502 1.8
      vertex -7.14245 -5.87775 1.8
    endloop
  endfacet
  facet normal 0 0 1
    outer loop
      vertex -6.87274 1.88253 1.8
      vertex -8.94334 2.36202 1.8
      vertex -6.95477 1.5586 1.8
    endloop
  endfacet
  facet normal 0 0 1
    outer loop
      vertex -5.85703 -4.06118 1.8
      vertex -7.62129 -5.24199 1.8
      vertex -7.38871 -5.56502 1.8
    endloop
  endfacet
  facet normal -0 0 1
    outer loop
      vertex -9.03668 1.97507 1.8
      vertex -6.95477 1.5586 1.8
      vertex -8.94334 2.36202 1.8
    endloop
  endfacet
  facet normal 0 0 1
    outer loop
      vertex -6.0398 -3.78143 1.8
      vertex -7.83975 -4.90925 1.8
      vertex -7.62129 -5.24199 1.8
    endloop
  endfacet
  facet normal 0 0 1
    outer loop
      vertex -6.95477 1.5586 1.8
      vertex -9.03668 1.97507 1.8
      vertex -7.01883 1.23064 1.8
    endloop
  endfacet
  facet normal 0 0 1
    outer loop
      vertex -6.07186 -3.73236 1.8
      vertex -8.0437 -4.56742 1.8
      vertex -7.83975 -4.90925 1.8
    endloop
  endfacet
  facet normal -0 0 1
    outer loop
      vertex -9.11329 1.58446 1.8
      vertex -7.01883 1.23064 1.8
      vertex -9.03668 1.97507 1.8
    endloop
  endfacet
  facet normal 0 0 1
    outer loop
      vertex -6.26825 -3.39221 1.8
      vertex -8.23275 -4.21714 1.8
      vertex -8.0437 -4.56742 1.8
    endloop
  endfacet
  facet normal 0 0 1
    outer loop
      vertex -7.01883 1.23064 1.8
      vertex -9.11329 1.58446 1.8
      vertex -7.03007 1.17311 1.8
    endloop
  endfacet
  facet normal 0 0 1
    outer loop
      vertex -6.41913 -3.09405 1.8
      vertex -8.40656 -3.85904 1.8
      vertex -8.23275 -4.21714 1.8
    endloop
  endfacet
  facet normal 0 0 1
    outer loop
      vertex -7.03007 1.17311 1.8
      vertex -9.11329 1.58446 1.8
      vertex -7.03812 1.11505 1.8
    endloop
  endfacet
  facet normal 0 0 1
    outer loop
      vertex -6.60337 -2.68206 1.8
      vertex -8.5648 -3.4938 1.8
      vertex -8.40656 -3.85904 1.8
    endloop
  endfacet
  facet normal -0 0 1
    outer loop
      vertex -9.17301 1.19092 1.8
      vertex -7.03812 1.11505 1.8
      vertex -9.11329 1.58446 1.8
    endloop
  endfacet
  facet normal 0 0 1
    outer loop
      vertex -6.60337 -2.68206 1.8
      vertex -8.70718 -3.12209 1.8
      vertex -8.5648 -3.4938 1.8
    endloop
  endfacet
  facet normal 0 0 1
    outer loop
      vertex -7.03812 1.11505 1.8
      vertex -9.17301 1.19092 1.8
      vertex -7.08401 0.784058 1.8
    endloop
  endfacet
  facet normal 0 0 1
    outer loop
      vertex -6.75859 -2.25828 1.8
      vertex -8.83344 -2.74459 1.8
      vertex -8.70718 -3.12209 1.8
    endloop
  endfacet
  facet normal -0 0 1
    outer loop
      vertex -9.21576 0.795174 1.8
      vertex -7.08401 0.784058 1.8
      vertex -9.17301 1.19092 1.8
    endloop
  endfacet
  facet normal 0 0 1
    outer loop
      vertex -6.85835 -1.93936 1.8
      vertex -8.94334 -2.36202 1.8
      vertex -8.83344 -2.74459 1.8
    endloop
  endfacet
  facet normal 0 0 1
    outer loop
      vertex -7.08401 0.784058 1.8
      vertex -9.21576 0.795174 1.8
      vertex -7.11161 0.45104 1.8
    endloop
  endfacet
  facet normal 0 0 1
    outer loop
      vertex -6.95477 -1.5586 1.8
      vertex -9.03668 -1.97507 1.8
      vertex -8.94334 -2.36202 1.8
    endloop
  endfacet
  facet normal 0 0 1
    outer loop
      vertex -9.24144 0.397955 1.8
      vertex -7.11161 0.45104 1.8
      vertex -9.21576 0.795174 1.8
    endloop
  endfacet
  facet normal 0 0 1
    outer loop
      vertex -7.01883 -1.23064 1.8
      vertex -9.11329 -1.58446 1.8
      vertex -9.03668 -1.97507 1.8
    endloop
  endfacet
  facet normal 0 0 1
    outer loop
      vertex -7.11161 0.45104 1.8
      vertex -9.24144 0.397955 1.8
      vertex -7.11645 0.392625 1.8
    endloop
  endfacet
  facet normal 0 0 1
    outer loop
      vertex -7.03812 -1.11505 1.8
      vertex -9.17301 -1.19092 1.8
      vertex -9.11329 -1.58446 1.8
    endloop
  endfacet
  facet normal 0 0 1
    outer loop
      vertex -7.11806 0.334031 1.8
      vertex -9.24144 0.397955 1.8
      vertex -7.12727 0 1.8
    endloop
  endfacet
  facet normal 0 0 1
    outer loop
      vertex -7.08401 -0.784058 1.8
      vertex -9.21576 -0.795174 1.8
      vertex -9.17301 -1.19092 1.8
    endloop
  endfacet
  facet normal 0 0 1
    outer loop
      vertex -9.25 0 1.8
      vertex -7.12727 0 1.8
      vertex -9.24144 0.397955 1.8
    endloop
  endfacet
  facet normal 0 0 1
    outer loop
      vertex -7.11161 -0.45104 1.8
      vertex -9.24144 -0.397955 1.8
      vertex -9.21576 -0.795174 1.8
    endloop
  endfacet
  facet normal 0 0 1
    outer loop
      vertex -7.12727 0 1.8
      vertex -9.25 0 1.8
      vertex -9.24144 -0.397955 1.8
    endloop
  endfacet
  facet normal 0.961129 -0.276101 0
    outer loop
      vertex 8.83344 -2.74459 1.8
      vertex 8.94334 -2.36202 0
      vertex 8.94334 -2.36202 1.8
    endloop
  endfacet
  facet normal 0.961129 -0.276101 0
    outer loop
      vertex 8.94334 -2.36202 0
      vertex 8.83344 -2.74459 1.8
      vertex 8.83344 -2.74459 0
    endloop
  endfacet
  facet normal 0.729562 -0.683914 0
    outer loop
      vertex 6.61073 -6.46999 1.8
      vertex 6.88296 -6.17959 0
      vertex 6.88296 -6.17959 1.8
    endloop
  endfacet
  facet normal 0.729562 -0.683914 0
    outer loop
      vertex 6.88296 -6.17959 0
      vertex 6.61073 -6.46999 1.8
      vertex 6.61073 -6.46999 0
    endloop
  endfacet
  facet normal -0.337522 -0.941318 0
    outer loop
      vertex -3.30871 -8.63799 0
      vertex -2.93402 -8.77234 1.8
      vertex -3.30871 -8.63799 1.8
    endloop
  endfacet
  facet normal -0.337522 -0.941318 -0
    outer loop
      vertex -2.93402 -8.77234 1.8
      vertex -3.30871 -8.63799 0
      vertex -2.93402 -8.77234 0
    endloop
  endfacet
  facet normal -0.493762 0.869597 0
    outer loop
      vertex -4.3933 8.14011 0
      vertex -4.73944 7.94357 1.8
      vertex -4.3933 8.14011 1.8
    endloop
  endfacet
  facet normal -0.493762 0.869597 0
    outer loop
      vertex -4.73944 7.94357 1.8
      vertex -4.3933 8.14011 0
      vertex -4.73944 7.94357 0
    endloop
  endfacet
  facet normal -0.858763 -0.512374 0
    outer loop
      vertex -7.83975 -4.90925 0
      vertex -8.0437 -4.56742 1.8
      vertex -8.0437 -4.56742 0
    endloop
  endfacet
  facet normal -0.858763 -0.512374 0
    outer loop
      vertex -8.0437 -4.56742 1.8
      vertex -7.83975 -4.90925 0
      vertex -7.83975 -4.90925 1.8
    endloop
  endfacet
  facet normal -0.835933 -0.548831 0
    outer loop
      vertex -7.62129 -5.24199 0
      vertex -7.83975 -4.90925 1.8
      vertex -7.83975 -4.90925 0
    endloop
  endfacet
  facet normal -0.835933 -0.548831 0
    outer loop
      vertex -7.83975 -4.90925 1.8
      vertex -7.62129 -5.24199 0
      vertex -7.62129 -5.24199 1.8
    endloop
  endfacet
  facet normal 0 -1 0
    outer loop
      vertex -0.199023 -9.24786 0
      vertex 0.199023 -9.24786 1.8
      vertex -0.199023 -9.24786 1.8
    endloop
  endfacet
  facet normal 0 -1 -0
    outer loop
      vertex 0.199023 -9.24786 1.8
      vertex -0.199023 -9.24786 0
      vertex 0.199023 -9.24786 0
    endloop
  endfacet
  facet normal 0.337522 0.941318 -0
    outer loop
      vertex 3.30871 8.63799 0
      vertex 2.93402 8.77234 1.8
      vertex 3.30871 8.63799 1.8
    endloop
  endfacet
  facet normal 0.337522 0.941318 0
    outer loop
      vertex 2.93402 8.77234 1.8
      vertex 3.30871 8.63799 0
      vertex 2.93402 8.77234 0
    endloop
  endfacet
  facet normal -0.933837 -0.357698 0
    outer loop
      vertex -8.5648 -3.4938 0
      vertex -8.70718 -3.12209 1.8
      vertex -8.70718 -3.12209 0
    endloop
  endfacet
  facet normal -0.933837 -0.357698 0
    outer loop
      vertex -8.70718 -3.12209 1.8
      vertex -8.5648 -3.4938 0
      vertex -8.5648 -3.4938 1.8
    endloop
  endfacet
  facet normal 0.0859447 -0.9963 0
    outer loop
      vertex 0.596703 -9.23073 0
      vertex 0.993277 -9.19652 1.8
      vertex 0.596703 -9.23073 1.8
    endloop
  endfacet
  facet normal 0.0859447 -0.9963 0
    outer loop
      vertex 0.993277 -9.19652 1.8
      vertex 0.596703 -9.23073 0
      vertex 0.993277 -9.19652 0
    endloop
  endfacet
  facet normal -0.417211 -0.90881 0
    outer loop
      vertex -4.03902 -8.32158 0
      vertex -3.67727 -8.48765 1.8
      vertex -4.03902 -8.32158 1.8
    endloop
  endfacet
  facet normal -0.417211 -0.90881 -0
    outer loop
      vertex -3.67727 -8.48765 1.8
      vertex -4.03902 -8.32158 0
      vertex -3.67727 -8.48765 0
    endloop
  endfacet
  facet normal 0.972118 0.234494 0
    outer loop
      vertex 9.03668 1.97507 1.8
      vertex 8.94334 2.36202 0
      vertex 8.94334 2.36202 1.8
    endloop
  endfacet
  facet normal 0.972118 0.234494 0
    outer loop
      vertex 8.94334 2.36202 0
      vertex 9.03668 1.97507 1.8
      vertex 9.03668 1.97507 0
    endloop
  endfacet
  facet normal 0.7583 0.651906 0
    outer loop
      vertex 7.14245 5.87775 1.8
      vertex 6.88296 6.17959 0
      vertex 6.88296 6.17959 1.8
    endloop
  endfacet
  facet normal 0.7583 0.651906 0
    outer loop
      vertex 6.88296 6.17959 0
      vertex 7.14245 5.87775 1.8
      vertex 7.14245 5.87775 0
    endloop
  endfacet
  facet normal -0.729562 -0.683914 0
    outer loop
      vertex -6.61073 -6.46999 0
      vertex -6.88296 -6.17959 1.8
      vertex -6.88296 -6.17959 0
    endloop
  endfacet
  facet normal -0.729562 -0.683914 0
    outer loop
      vertex -6.88296 -6.17959 1.8
      vertex -6.61073 -6.46999 0
      vertex -6.61073 -6.46999 1.8
    endloop
  endfacet
  facet normal 0.128754 0.991677 -0
    outer loop
      vertex 1.38801 9.14527 0
      vertex 0.993277 9.19652 1.8
      vertex 1.38801 9.14527 1.8
    endloop
  endfacet
  facet normal 0.128754 0.991677 0
    outer loop
      vertex 0.993277 9.19652 1.8
      vertex 1.38801 9.14527 0
      vertex 0.993277 9.19652 0
    endloop
  endfacet
  facet normal 0.699454 0.714678 -0
    outer loop
      vertex 6.61073 6.46999 0
      vertex 6.32625 6.74841 1.8
      vertex 6.61073 6.46999 1.8
    endloop
  endfacet
  facet normal 0.699454 0.714678 0
    outer loop
      vertex 6.32625 6.74841 1.8
      vertex 6.61073 6.46999 0
      vertex 6.32625 6.74841 0
    endloop
  endfacet
  facet normal -0.997917 0.0645148 0
    outer loop
      vertex -9.24144 0.397955 0
      vertex -9.21576 0.795174 1.8
      vertex -9.21576 0.795174 0
    endloop
  endfacet
  facet normal -0.997917 0.0645148 0
    outer loop
      vertex -9.21576 0.795174 1.8
      vertex -9.24144 0.397955 0
      vertex -9.24144 0.397955 1.8
    endloop
  endfacet
  facet normal -0.933837 0.357698 0
    outer loop
      vertex -8.70718 3.12209 0
      vertex -8.5648 3.4938 1.8
      vertex -8.5648 3.4938 0
    endloop
  endfacet
  facet normal -0.933837 0.357698 0
    outer loop
      vertex -8.5648 3.4938 1.8
      vertex -8.70718 3.12209 0
      vertex -8.70718 3.12209 1.8
    endloop
  endfacet
  facet normal 0.213522 -0.976938 0
    outer loop
      vertex 1.78018 -9.07708 0
      vertex 2.16904 -8.99209 1.8
      vertex 1.78018 -9.07708 1.8
    endloop
  endfacet
  facet normal 0.213522 -0.976938 0
    outer loop
      vertex 2.16904 -8.99209 1.8
      vertex 1.78018 -9.07708 0
      vertex 2.16904 -8.99209 0
    endloop
  endfacet
  facet normal 0.981304 0.192462 0
    outer loop
      vertex 9.11329 1.58446 1.8
      vertex 9.03668 1.97507 0
      vertex 9.03668 1.97507 1.8
    endloop
  endfacet
  facet normal 0.981304 0.192462 0
    outer loop
      vertex 9.03668 1.97507 0
      vertex 9.11329 1.58446 1.8
      vertex 9.11329 1.58446 0
    endloop
  endfacet
  facet normal -0.0430349 -0.999074 0
    outer loop
      vertex -0.596703 -9.23073 0
      vertex -0.199023 -9.24786 1.8
      vertex -0.596703 -9.23073 1.8
    endloop
  endfacet
  facet normal -0.0430349 -0.999074 -0
    outer loop
      vertex -0.199023 -9.24786 1.8
      vertex -0.596703 -9.23073 0
      vertex -0.199023 -9.24786 0
    endloop
  endfacet
  facet normal 0.0859447 0.9963 -0
    outer loop
      vertex 0.993277 9.19652 0
      vertex 0.596703 9.23073 1.8
      vertex 0.993277 9.19652 1.8
    endloop
  endfacet
  facet normal 0.0859447 0.9963 0
    outer loop
      vertex 0.596703 9.23073 1.8
      vertex 0.993277 9.19652 0
      vertex 0.596703 9.23073 0
    endloop
  endfacet
  facet normal -0.999769 0.021505 0
    outer loop
      vertex -9.25 0 0
      vertex -9.24144 0.397955 1.8
      vertex -9.24144 0.397955 0
    endloop
  endfacet
  facet normal -0.999769 0.021505 0
    outer loop
      vertex -9.24144 0.397955 1.8
      vertex -9.25 0 0
      vertex -9.25 0 1.8
    endloop
  endfacet
  facet normal -0.171308 -0.985217 0
    outer loop
      vertex -1.78018 -9.07708 0
      vertex -1.38801 -9.14527 1.8
      vertex -1.78018 -9.07708 1.8
    endloop
  endfacet
  facet normal -0.171308 -0.985217 -0
    outer loop
      vertex -1.38801 -9.14527 1.8
      vertex -1.78018 -9.07708 0
      vertex -1.38801 -9.14527 0
    endloop
  endfacet
  facet normal 0.530739 -0.847535 0
    outer loop
      vertex 4.73944 -7.94357 0
      vertex 5.0768 -7.73231 1.8
      vertex 4.73944 -7.94357 1.8
    endloop
  endfacet
  facet normal 0.530739 -0.847535 0
    outer loop
      vertex 5.0768 -7.73231 1.8
      vertex 4.73944 -7.94357 0
      vertex 5.0768 -7.73231 0
    endloop
  endfacet
  facet normal -0.699454 -0.714678 0
    outer loop
      vertex -6.61073 -6.46999 0
      vertex -6.32625 -6.74841 1.8
      vertex -6.61073 -6.46999 1.8
    endloop
  endfacet
  facet normal -0.699454 -0.714678 -0
    outer loop
      vertex -6.32625 -6.74841 1.8
      vertex -6.61073 -6.46999 0
      vertex -6.32625 -6.74841 0
    endloop
  endfacet
  facet normal -0.994216 0.107399 0
    outer loop
      vertex -9.21576 0.795174 0
      vertex -9.17301 1.19092 1.8
      vertex -9.17301 1.19092 0
    endloop
  endfacet
  facet normal -0.994216 0.107399 0
    outer loop
      vertex -9.17301 1.19092 1.8
      vertex -9.21576 0.795174 0
      vertex -9.21576 0.795174 1.8
    endloop
  endfacet
  facet normal -0.917584 -0.397543 0
    outer loop
      vertex -8.40656 -3.85904 0
      vertex -8.5648 -3.4938 1.8
      vertex -8.5648 -3.4938 0
    endloop
  endfacet
  facet normal -0.917584 -0.397543 0
    outer loop
      vertex -8.5648 -3.4938 1.8
      vertex -8.40656 -3.85904 0
      vertex -8.40656 -3.85904 1.8
    endloop
  endfacet
  facet normal 0.7583 -0.651906 0
    outer loop
      vertex 6.88296 -6.17959 1.8
      vertex 7.14245 -5.87775 0
      vertex 7.14245 -5.87775 1.8
    endloop
  endfacet
  facet normal 0.7583 -0.651906 0
    outer loop
      vertex 7.14245 -5.87775 0
      vertex 6.88296 -6.17959 1.8
      vertex 6.88296 -6.17959 0
    endloop
  endfacet
  facet normal -0.566695 -0.823928 0
    outer loop
      vertex -5.40476 -7.50674 0
      vertex -5.0768 -7.73231 1.8
      vertex -5.40476 -7.50674 1.8
    endloop
  endfacet
  facet normal -0.566695 -0.823928 -0
    outer loop
      vertex -5.0768 -7.73231 1.8
      vertex -5.40476 -7.50674 0
      vertex -5.0768 -7.73231 0
    endloop
  endfacet
  facet normal 0.917584 -0.397543 0
    outer loop
      vertex 8.40656 -3.85904 1.8
      vertex 8.5648 -3.4938 0
      vertex 8.5648 -3.4938 1.8
    endloop
  endfacet
  facet normal 0.917584 -0.397543 0
    outer loop
      vertex 8.5648 -3.4938 0
      vertex 8.40656 -3.85904 1.8
      vertex 8.40656 -3.85904 0
    endloop
  endfacet
  facet normal 0.899631 -0.436651 0
    outer loop
      vertex 8.23275 -4.21714 1.8
      vertex 8.40656 -3.85904 0
      vertex 8.40656 -3.85904 1.8
    endloop
  endfacet
  facet normal 0.899631 -0.436651 0
    outer loop
      vertex 8.40656 -3.85904 0
      vertex 8.23275 -4.21714 1.8
      vertex 8.23275 -4.21714 0
    endloop
  endfacet
  facet normal 0.972118 -0.234494 0
    outer loop
      vertex 8.94334 -2.36202 1.8
      vertex 9.03668 -1.97507 0
      vertex 9.03668 -1.97507 1.8
    endloop
  endfacet
  facet normal 0.972118 -0.234494 0
    outer loop
      vertex 9.03668 -1.97507 0
      vertex 8.94334 -2.36202 1.8
      vertex 8.94334 -2.36202 0
    endloop
  endfacet
  facet normal -0.7583 0.651906 0
    outer loop
      vertex -7.14245 5.87775 0
      vertex -6.88296 6.17959 1.8
      vertex -6.88296 6.17959 0
    endloop
  endfacet
  facet normal -0.7583 0.651906 0
    outer loop
      vertex -6.88296 6.17959 1.8
      vertex -7.14245 5.87775 0
      vertex -7.14245 5.87775 1.8
    endloop
  endfacet
  facet normal -0.729562 0.683914 0
    outer loop
      vertex -6.88296 6.17959 0
      vertex -6.61073 6.46999 1.8
      vertex -6.61073 6.46999 0
    endloop
  endfacet
  facet normal -0.729562 0.683914 0
    outer loop
      vertex -6.61073 6.46999 1.8
      vertex -6.88296 6.17959 0
      vertex -6.88296 6.17959 1.8
    endloop
  endfacet
  facet normal -0.128754 -0.991677 0
    outer loop
      vertex -1.38801 -9.14527 0
      vertex -0.993277 -9.19652 1.8
      vertex -1.38801 -9.14527 1.8
    endloop
  endfacet
  facet normal -0.128754 -0.991677 -0
    outer loop
      vertex -0.993277 -9.19652 1.8
      vertex -1.38801 -9.14527 0
      vertex -0.993277 -9.19652 0
    endloop
  endfacet
  facet normal 0.835933 0.548831 0
    outer loop
      vertex 7.83975 4.90925 1.8
      vertex 7.62129 5.24199 0
      vertex 7.62129 5.24199 1.8
    endloop
  endfacet
  facet normal 0.835933 0.548831 0
    outer loop
      vertex 7.62129 5.24199 0
      vertex 7.83975 4.90925 1.8
      vertex 7.83975 4.90925 0
    endloop
  endfacet
  facet normal 0.699454 -0.714678 0
    outer loop
      vertex 6.32625 -6.74841 0
      vertex 6.61073 -6.46999 1.8
      vertex 6.32625 -6.74841 1.8
    endloop
  endfacet
  facet normal 0.699454 -0.714678 0
    outer loop
      vertex 6.61073 -6.46999 1.8
      vertex 6.32625 -6.74841 0
      vertex 6.61073 -6.46999 0
    endloop
  endfacet
  facet normal -0.961129 -0.276101 0
    outer loop
      vertex -8.83344 -2.74459 0
      vertex -8.94334 -2.36202 1.8
      vertex -8.94334 -2.36202 0
    endloop
  endfacet
  facet normal -0.961129 -0.276101 0
    outer loop
      vertex -8.94334 -2.36202 1.8
      vertex -8.83344 -2.74459 0
      vertex -8.83344 -2.74459 1.8
    endloop
  endfacet
  facet normal -0.255341 -0.966851 0
    outer loop
      vertex -2.5539 -8.89045 0
      vertex -2.16904 -8.99209 1.8
      vertex -2.5539 -8.89045 1.8
    endloop
  endfacet
  facet normal -0.255341 -0.966851 -0
    outer loop
      vertex -2.16904 -8.99209 1.8
      vertex -2.5539 -8.89045 0
      vertex -2.16904 -8.99209 0
    endloop
  endfacet
  facet normal -0.566695 0.823928 0
    outer loop
      vertex -5.0768 7.73231 0
      vertex -5.40476 7.50674 1.8
      vertex -5.0768 7.73231 1.8
    endloop
  endfacet
  facet normal -0.566695 0.823928 0
    outer loop
      vertex -5.40476 7.50674 1.8
      vertex -5.0768 7.73231 0
      vertex -5.40476 7.50674 0
    endloop
  endfacet
  facet normal -0.530739 0.847535 0
    outer loop
      vertex -4.73944 7.94357 0
      vertex -5.0768 7.73231 1.8
      vertex -4.73944 7.94357 1.8
    endloop
  endfacet
  facet normal -0.530739 0.847535 0
    outer loop
      vertex -5.0768 7.73231 1.8
      vertex -4.73944 7.94357 0
      vertex -5.0768 7.73231 0
    endloop
  endfacet
  facet normal -0.417211 0.90881 0
    outer loop
      vertex -3.67727 8.48765 0
      vertex -4.03902 8.32158 1.8
      vertex -3.67727 8.48765 1.8
    endloop
  endfacet
  facet normal -0.417211 0.90881 0
    outer loop
      vertex -4.03902 8.32158 1.8
      vertex -3.67727 8.48765 0
      vertex -4.03902 8.32158 0
    endloop
  endfacet
  facet normal -0.785654 -0.618666 0
    outer loop
      vertex -7.14245 -5.87775 0
      vertex -7.38871 -5.56502 1.8
      vertex -7.38871 -5.56502 0
    endloop
  endfacet
  facet normal -0.785654 -0.618666 0
    outer loop
      vertex -7.38871 -5.56502 1.8
      vertex -7.14245 -5.87775 0
      vertex -7.14245 -5.87775 1.8
    endloop
  endfacet
  facet normal -0.880012 0.474952 0
    outer loop
      vertex -8.23275 4.21714 0
      vertex -8.0437 4.56742 1.8
      vertex -8.0437 4.56742 0
    endloop
  endfacet
  facet normal -0.880012 0.474952 0
    outer loop
      vertex -8.0437 4.56742 1.8
      vertex -8.23275 4.21714 0
      vertex -8.23275 4.21714 1.8
    endloop
  endfacet
endsolid OpenSCAD_Model
